applicant_id,age,emp_length_years,annual_income,credit_score,dti,revol_bal,total_credit_lines,open_credit_lines,public_derogatory,inquiries_last_6m,loan_amount,interest_rate,loan_status,home_ownership_MORTGAGE,home_ownership_OTHER,home_ownership_OWN,home_ownership_RENT,verification_status_Not Verified,verification_status_Source Verified,verification_status_Verified,loan_intent_BUSINESS,loan_intent_DEBT_CONSOLIDATION,loan_intent_EDUCATION,loan_intent_HOME_IMPROVEMENT,loan_intent_MEDICAL,loan_intent_PERSONAL,term_months_36,term_months_60
LN-10000,59,3.9,112000.0,642,21.16,15468.35,15,9,0,0,34300.0,15.55,0,False,False,False,True,False,False,True,False,False,False,False,False,True,False,True
LN-10001,49,21.0,22300.0,666,12.65,805.05,16,11,0,0,10000.0,14.38,0,True,False,False,False,True,False,False,False,True,False,False,False,False,True,False
LN-10002,35,6.4,123100.0,587,16.77,8903.64,14,6,0,2,10500.0,15.32,1,False,False,False,True,False,False,True,True,False,False,False,False,False,True,False
LN-10003,63,2.6,47100.0,700,14.83,28735.35,18,12,2,0,12000.0,14.51,0,True,False,False,False,False,True,False,False,False,False,False,True,False,False,True
LN-10004,28,5.5,28800.0,616,16.72,6094.92,14,11,0,1,13000.0,17.27,1,False,False,True,False,False,True,False,False,False,False,False,False,True,True,False
LN-10005,41,2.2,47300.0,737,30.72,2636.68,22,15,0,0,3200.0,14.73,1,False,False,False,True,True,False,False,True,False,False,False,False,False,True,False
LN-10006,59,1.2,36400.0,649,37.2,1252.08,15,10,0,0,16400.0,16.9,1,True,False,False,False,False,False,True,False,True,False,False,False,False,True,False
LN-10007,39,4.1,69000.0,675,21.65,23515.43,12,6,0,0,2700.0,14.4,0,False,False,False,True,True,False,False,True,False,False,False,False,False,True,False
LN-10008,43,11.9,37900.0,680,13.55,3274.41,14,6,0,1,3100.0,14.13,0,True,False,False,False,True,False,False,False,False,False,False,False,True,True,False
LN-10009,31,11.9,18900.0,692,28.1,36444.7325,14,3,0,0,1000.0,14.12,1,False,False,False,True,False,True,False,False,True,False,False,False,False,True,False
LN-10010,31,1.9,48000.0,682,24.18,3417.4,12,6,1,0,1000.0,15.12,1,False,False,False,True,False,False,True,False,False,False,False,True,False,False,True
LN-10011,44,3.4,25700.0,659,43.26,7870.01,20,13,0,0,7800.0,16.58,1,False,False,False,True,True,False,False,False,False,False,False,False,True,True,False
LN-10012,56,1.1,60600.0,697,21.23,7349.74,13,8,1,2,2800.0,14.37,0,True,False,False,False,True,False,False,False,False,False,False,True,False,True,False
LN-10013,60,3.0,28200.0,703,15.07,768.19,18,12,0,2,3300.0,16.13,0,False,False,False,True,True,False,False,False,True,False,False,False,False,False,True
LN-10014,44,17.9,41400.0,642,17.15,9107.33,20,14,0,0,18600.0,17.09,1,False,False,False,True,False,False,True,False,False,False,False,True,False,True,False
LN-10015,23,4.7,59900.0,701,9.46,13400.37,9,5,0,0,27000.0,13.64,1,True,False,False,False,True,False,False,False,False,False,True,False,False,False,True
LN-10016,42,7.3,48200.0,740,13.3,16263.86,22,9,0,1,5400.0,11.11,0,True,False,False,False,False,True,False,False,False,False,False,False,True,True,False
LN-10017,22,5.7,62200.0,715,4.2,8872.6,15,7,0,2,5900.0,11.28,0,True,False,False,False,False,True,False,True,False,False,False,False,False,True,False
LN-10018,44,4.0,78800.0,727,14.71,20093.17,18,8,0,0,4800.0,11.84,0,False,False,False,True,True,False,False,False,True,False,False,False,False,False,True
LN-10019,64,0.2,28700.0,689,28.44,16736.64,19,10,0,1,12900.0,16.8,1,True,False,False,False,False,False,True,False,False,False,False,False,True,False,True
LN-10020,50,2.7,52300.0,633,44.05500000000001,2587.68,18,10,0,2,1400.0,16.43,1,True,False,False,False,True,False,False,False,True,False,False,False,False,True,False
LN-10021,58,5.1,15000.0,640,12.85,6161.98,20,8,0,0,6800.0,12.54,1,False,False,False,True,False,True,False,False,False,False,False,False,True,True,False
LN-10022,22,5.1,62100.0,696,22.58,1845.95,12,6,0,0,2900.0,15.11,1,True,False,False,False,True,False,False,False,True,False,False,False,False,True,False
LN-10023,41,3.0,45900.0,727,15.06,1718.46,25,14,0,0,19900.0,14.46,0,False,False,False,True,False,False,True,False,True,False,False,False,False,False,True
LN-10024,53,12.8,31500.0,819,12.7,14942.85,11,7,0,4,14000.0,8.785000000000002,0,False,False,True,False,False,True,False,False,True,False,False,False,False,True,False
LN-10025,32,0.8,64500.0,729,7.96,9072.0,10,8,0,1,6900.0,12.37,1,False,False,False,True,True,False,False,True,False,False,False,False,False,True,False
LN-10026,42,3.1,103300.0,621,35.24,11024.02,18,8,0,0,1400.0,17.06,1,True,False,False,False,False,False,True,False,False,False,False,True,False,False,True
LN-10027,64,5.3,41700.0,642,5.36,15809.47,19,13,0,0,18800.0,15.47,1,False,False,False,True,False,False,True,False,False,True,False,False,False,False,True
LN-10028,45,5.4,32200.0,794,20.41,3896.05,20,11,0,1,1100.0,12.36,0,False,False,True,False,True,False,False,False,True,False,False,False,False,False,True
LN-10029,47,4.7,59300.0,669,6.33,6157.18,20,10,1,0,4500.0,14.63,0,False,False,False,True,False,False,True,False,True,False,False,False,False,True,False
LN-10030,62,1.4,26000.0,682,11.29,11201.34,17,8,0,0,4100.0,14.25,1,False,False,True,False,True,False,False,False,True,False,False,False,False,True,False
LN-10031,48,0.8,37700.0,632,34.21,1219.46,16,12,0,1,12100.0,15.94,1,False,False,True,False,False,False,True,False,True,False,False,False,False,False,True
LN-10032,36,4.5,106100.0,758,7.78,21481.02,11,10,0,0,10100.0,11.43,0,False,False,False,True,False,False,True,False,True,False,False,False,False,True,False
LN-10033,35,4.1,56100.0,705,19.3,5049.07,18,9,0,0,4600.0,17.3,1,True,False,False,False,True,False,False,False,True,False,False,False,False,False,True
LN-10034,67,0.9,19300.0,641,30.78,12901.78,24,13,0,1,7900.0,17.12,1,False,True,False,False,False,True,False,False,False,False,False,False,True,True,False
LN-10035,64,5.5,20200.0,630,20.04,36444.7325,24,15,0,1,8000.0,14.48,1,False,False,False,True,False,True,False,False,True,False,False,False,False,True,False
LN-10036,23,2.7,59200.0,695,20.59,7740.57,14,4,0,1,11900.0,13.26,1,False,False,False,True,False,True,False,False,False,False,False,True,False,True,False
LN-10037,57,5.0,87100.0,682,19.87,2905.6,22,10,0,2,32000.0,13.85,1,True,False,False,False,True,False,False,False,False,False,True,False,False,True,False
LN-10038,27,8.2,22300.0,722,6.33,2926.79,20,11,1,0,2100.0,9.3,0,False,False,False,True,False,False,True,False,False,False,True,False,False,True,False
LN-10039,41,0.8,69400.0,707,27.29,747.31,13,6,0,0,11400.0,14.38,0,False,False,False,True,False,True,False,False,False,False,False,False,True,True,False
LN-10040,29,0.1,112600.0,667,30.3,17484.84,21,14,0,0,1000.0,15.36,1,False,False,False,True,False,False,True,False,False,False,False,False,True,True,False
LN-10041,59,6.8,142987.5,653,18.6,4168.02,18,6,0,0,16800.0,14.93,0,False,False,False,True,False,True,False,False,False,False,False,False,True,True,False
LN-10042,38,4.2,65000.0,672,16.86,2275.43,18,4,0,3,14300.0,15.4,1,False,False,False,True,False,False,True,False,True,False,False,False,False,False,True
LN-10043,24,5.4,71600.0,652,6.09,15008.41,17,9,0,0,16600.0,13.46,0,False,False,False,True,False,False,True,False,False,False,False,False,True,True,False
LN-10044,45,8.2,16800.0,673,9.62,4437.76,16,8,0,0,7600.0,14.96,1,False,False,True,False,False,True,False,False,False,False,True,False,False,True,False
LN-10045,34,7.3,142987.5,681,19.63,11009.57,19,9,0,0,2900.0,14.7,0,True,False,False,False,False,False,True,False,False,False,False,False,True,True,False
LN-10046,29,14.6,39500.0,635,4.43,6491.84,24,12,0,0,8300.0,15.09,0,False,False,False,True,False,False,True,False,True,False,False,False,False,False,True
LN-10047,46,3.5,32400.0,712,9.01,4880.34,19,11,3,0,1000.0,13.17,0,True,False,False,False,False,True,False,False,False,True,False,False,False,True,False
LN-10048,22,3.0,47100.0,661,12.99,8066.72,16,9,0,0,6700.0,15.01,0,True,False,False,False,False,True,False,False,False,False,True,False,False,True,False
LN-10049,40,2.3,124400.0,638,7.19,4518.92,20,12,0,0,25500.0,14.71,0,False,False,True,False,True,False,False,False,True,False,False,False,False,False,True
LN-10050,48,0.8,142987.5,662,9.19,24534.91,17,10,3,0,5800.0,14.04,1,False,False,False,True,False,True,False,False,True,False,False,False,False,True,False
LN-10051,67,3.8,58000.0,692,20.54,910.14,16,9,2,1,12500.0,14.99,1,False,False,False,True,False,False,True,False,True,False,False,False,False,False,True
LN-10052,27,1.5,93800.0,684,14.92,367.41,26,16,0,2,4200.0,13.3,0,False,False,True,False,False,True,False,False,True,False,False,False,False,True,False
LN-10053,64,11.4,55500.0,701,23.72,6258.45,18,8,0,0,2000.0,12.54,0,False,False,True,False,False,False,True,False,True,False,False,False,False,True,False
LN-10054,28,3.9,30600.0,725,12.59,2277.14,15,9,0,2,10300.0,11.77,1,True,False,False,False,True,False,False,True,False,False,False,False,False,True,False
LN-10055,67,4.0,122100.0,745,14.78,16338.12,17,9,0,0,1000.0,13.56,0,True,False,False,False,True,False,False,False,True,False,False,False,False,True,False
LN-10056,55,2.0,38500.0,694,18.35,5232.96,17,11,0,0,17300.0,13.18,1,False,False,False,True,False,True,False,False,True,False,False,False,False,True,False
LN-10057,34,3.0,126100.0,627,9.54,3636.6,20,11,0,1,21000.0,16.48,0,True,False,False,False,False,True,False,False,False,False,False,False,True,True,False
LN-10058,37,0.1,110700.0,667,21.25,5343.85,23,11,0,4,34300.0,15.01,0,False,False,False,True,False,False,True,False,False,False,False,False,True,True,False
LN-10059,56,2.5,75900.0,630,8.03,2973.6,17,10,0,0,34200.0,16.38,0,False,False,False,True,False,True,False,False,True,False,False,False,False,False,True
LN-10060,60,0.4,142987.5,765,10.25,4274.14,14,7,1,1,18300.0,9.57,0,True,False,False,False,True,False,False,False,True,False,False,False,False,True,False
LN-10061,24,4.2,142987.5,779,11.46,10071.55,20,10,0,1,21000.0,12.09,0,False,False,False,True,False,False,True,True,False,False,False,False,False,True,False
LN-10062,22,9.6,49200.0,713,10.68,23944.08,25,14,3,1,10500.0,15.21,0,True,False,False,False,False,False,True,False,False,True,False,False,False,True,False
LN-10063,26,9.7,34700.0,723,16.51,5561.0,13,8,0,0,3500.0,12.05,0,False,False,True,False,False,True,False,False,False,False,False,True,False,True,False
LN-10064,62,4.8,19400.0,693,10.7,4639.81,22,15,0,1,8700.0,14.94,1,False,False,False,True,False,True,False,False,False,False,False,False,True,True,False
LN-10065,24,1.1,142987.5,698,14.11,18267.56,24,13,0,0,4400.0,12.97,0,False,False,True,False,False,False,True,False,False,False,False,True,False,False,True
LN-10066,49,8.9,42500.0,600,29.22,272.18,10,5,0,0,14700.0,18.77,1,False,True,False,False,True,False,False,True,False,False,False,False,False,False,True
LN-10067,38,9.8,101100.0,676,30.65,4315.75,20,11,0,1,18400.0,15.11,1,True,False,False,False,False,False,True,False,False,False,False,True,False,False,True
LN-10068,46,1.0,36000.0,636,2.0,7221.5,19,12,1,1,11600.0,14.96,0,False,False,False,True,False,False,True,False,False,False,False,True,False,True,False
LN-10069,64,6.0,126300.0,694,20.53,11015.36,19,12,0,3,15200.0,13.89,1,False,False,False,True,False,True,False,False,True,False,False,False,False,True,False
LN-10070,54,1.5,36900.0,677,3.68,2036.11,20,13,1,0,4900.0,13.27,1,False,False,False,True,False,False,True,False,True,False,False,False,False,True,False
LN-10071,30,7.3,28100.0,777,21.34,6805.67,21,15,0,0,12600.0,13.12,1,False,False,False,True,False,True,False,False,True,False,False,False,False,True,False
LN-10072,56,25.0,48300.0,726,26.6,10024.84,18,10,0,0,21700.0,15.09,0,False,False,False,True,False,False,True,False,True,False,False,False,False,True,False
LN-10073,34,0.1,40400.0,694,11.83,8566.33,22,14,0,0,9300.0,13.23,0,False,False,True,False,False,False,True,False,True,False,False,False,False,True,False
LN-10074,51,10.2,75200.0,667,31.12,10255.32,22,11,0,0,1800.0,18.17,1,False,False,False,True,False,False,True,False,False,False,False,False,True,False,True
LN-10075,35,4.4,52700.0,764,9.74,13030.66,22,8,0,1,13500.0,12.41,0,True,False,False,False,True,False,False,False,False,False,True,False,False,True,False
LN-10076,28,16.3,76500.0,679,28.38,5724.29,20,14,0,0,5800.0,16.57,1,False,False,False,True,False,True,False,False,True,False,False,False,False,True,False
LN-10077,34,2.8,46200.0,697,26.21,789.01,14,5,0,1,7600.0,14.67,1,True,False,False,False,True,False,False,False,False,False,False,True,False,True,False
LN-10078,43,8.5,37600.0,682,5.82,685.91,15,7,0,0,2300.0,13.74,0,False,False,True,False,False,False,True,False,False,False,True,False,False,True,False
LN-10079,60,0.3,39300.0,660,12.47,23483.68,13,5,0,1,13800.0,14.24,0,False,False,False,True,False,True,False,False,False,False,True,False,False,True,False
LN-10080,41,1.8,142987.5,682,5.1,13576.82,18,12,1,2,21700.0,16.08,0,False,False,False,True,False,True,False,False,True,False,False,False,False,True,False
LN-10081,36,0.3,61300.0,582,7.32,17336.48,15,6,0,0,20400.0,17.14,0,True,False,False,False,True,False,False,False,True,False,False,False,False,True,False
LN-10082,65,16.7,18200.0,603,31.69,31707.93,16,5,0,0,8200.0,17.84,1,True,False,False,False,True,False,False,False,True,False,False,False,False,True,False
LN-10083,38,7.6,40700.0,697,21.27,16661.69,21,9,0,1,3300.0,14.7,0,True,False,False,False,True,False,False,False,False,True,False,False,False,True,False
LN-10084,67,8.6,57100.0,758,10.62,14143.61,21,10,0,2,25700.0,11.62,0,False,False,False,True,False,False,True,False,True,False,False,False,False,True,False
LN-10085,44,12.5,142987.5,697,3.85,12796.94,22,15,0,0,18500.0,16.18,0,False,False,False,True,False,True,False,False,False,False,False,False,True,False,True
LN-10086,46,0.4,95400.0,644,4.9,3590.15,21,13,1,0,17200.0,14.46,0,False,False,True,False,False,True,False,False,True,False,False,False,False,True,False
LN-10087,45,2.2,32600.0,608,14.25,36444.7325,14,5,0,5,14700.0,17.3,1,False,False,True,False,True,False,False,False,True,False,False,False,False,True,False
LN-10088,65,0.3,142987.5,719,32.6,9371.79,12,8,0,1,10800.0,14.16,0,True,False,False,False,False,False,True,True,False,False,False,False,False,True,False
LN-10089,61,1.1,53300.0,652,24.52,3013.48,21,12,0,1,6700.0,14.77,0,True,False,False,False,False,False,True,False,False,False,False,False,True,False,True
LN-10090,49,1.2,107500.0,712,14.59,2826.03,24,17,3,0,34300.0,14.08,1,True,False,False,False,False,True,False,False,True,False,False,False,False,False,True
LN-10091,35,2.8,28700.0,699,14.61,20266.05,17,9,0,1,2300.0,14.52,0,False,False,False,True,False,False,True,False,False,False,False,False,True,True,False
LN-10092,65,1.4,15000.0,704,18.51,3455.52,21,11,1,5,2700.0,14.82,1,False,False,False,True,False,False,True,False,False,False,False,True,False,False,True
LN-10093,21,0.5,25000.0,682,29.45,507.71,10,3,0,1,1000.0,13.84,1,False,False,False,True,True,False,False,True,False,False,False,False,False,True,False
LN-10094,45,0.8,15000.0,699,8.39,6712.05,21,9,0,0,6800.0,15.91,1,True,False,False,False,False,True,False,False,True,False,False,False,False,False,True
LN-10095,27,0.7,142987.5,674,18.31,20402.23,24,13,0,4,31400.0,13.17,1,False,False,False,True,True,False,False,False,True,False,False,False,False,True,False
LN-10096,29,16.3,61000.0,648,7.06,6422.23,17,9,0,1,2900.0,13.6,0,False,False,False,True,True,False,False,False,False,False,False,False,True,True,False
LN-10097,44,6.4,32600.0,632,17.48,19528.02,10,6,0,0,1000.0,14.52,1,True,False,False,False,False,False,True,False,True,False,False,False,False,True,False
LN-10098,21,15.5,69500.0,561,14.47,21068.21,19,13,0,1,3900.0,16.66,1,True,False,False,False,False,True,False,False,False,False,True,False,False,True,False
LN-10099,64,2.6,60100.0,671,5.25,23398.42,18,8,0,0,27000.0,14.7,0,True,False,False,False,False,False,True,False,False,False,False,False,True,False,True
LN-10100,28,1.5,76200.0,756,18.51,10667.02,16,9,0,1,1000.0,13.72,0,False,False,True,False,True,False,False,True,False,False,False,False,False,False,True
LN-10101,44,7.2,105400.0,717,11.49,14426.52,13,8,0,2,1500.0,12.97,0,False,False,False,True,False,True,False,False,False,False,False,False,True,False,True
LN-10102,31,1.8,46200.0,691,12.44,3643.45,23,16,0,1,1000.0,14.26,0,True,False,False,False,False,True,False,False,True,False,False,False,False,True,False
LN-10103,37,1.6,33400.0,643,9.0,1260.3,23,12,0,0,15000.0,15.77,1,True,False,False,False,False,False,True,False,False,False,False,True,False,True,False
LN-10104,28,1.2,85400.0,730,17.23,9131.47,13,8,0,3,2000.0,12.32,0,True,False,False,False,False,True,False,False,True,False,False,False,False,True,False
LN-10105,55,0.6,84200.0,674,16.54,127.66,20,12,0,3,32300.0,13.64,1,False,False,False,True,False,False,True,True,False,False,False,False,False,False,True
LN-10106,55,1.3,57300.0,759,23.83,7522.42,15,6,3,0,9000.0,14.14,0,False,False,False,True,False,False,True,False,False,False,False,False,True,True,False
LN-10107,53,2.0,142987.5,631,19.71,1292.27,16,11,0,0,7000.0,15.28,0,False,False,True,False,True,False,False,True,False,False,False,False,False,True,False
LN-10108,25,5.0,42600.0,643,9.06,1377.13,20,11,0,5,7800.0,12.2,1,True,False,False,False,True,False,False,False,False,False,False,True,False,True,False
LN-10109,62,0.3,33000.0,638,24.56,24555.18,23,11,0,0,7600.0,15.78,1,False,False,True,False,False,False,True,False,False,False,False,True,False,True,False
LN-10110,59,1.1,68200.0,606,27.97,12277.1,17,7,0,0,5900.0,18.25,1,True,False,False,False,False,True,False,False,True,False,False,False,False,True,False
LN-10111,61,7.5,37400.0,633,9.89,12435.57,21,9,0,0,16800.0,16.12,0,True,False,False,False,True,False,False,False,False,False,True,False,False,True,False
LN-10112,48,0.7,71100.0,685,13.0,6219.78,11,4,0,0,9900.0,13.46,0,True,False,False,False,False,False,True,False,True,False,False,False,False,False,True
LN-10113,27,1.9,34300.0,644,11.31,6397.97,14,10,0,0,15400.0,12.78,1,True,False,False,False,True,False,False,False,False,False,False,True,False,True,False
LN-10114,29,9.0,43500.0,487,16.13,4333.49,19,7,0,1,10200.0,20.585,1,False,False,False,True,False,False,True,False,True,False,False,False,False,True,False
LN-10115,28,0.8,142987.5,734,9.35,6837.54,21,17,0,0,23900.0,12.58,0,True,False,False,False,False,True,False,False,True,False,False,False,False,True,False
LN-10116,32,0.4,43300.0,596,23.57,10615.33,14,9,0,1,19100.0,18.86,1,True,False,False,False,False,True,False,True,False,False,False,False,False,True,False
LN-10117,54,3.0,34900.0,709,8.03,2478.23,16,12,0,0,7200.0,13.86,0,False,False,False,True,False,True,False,False,True,False,False,False,False,True,False
LN-10118,53,1.6,103100.0,682,12.29,3640.59,16,6,0,0,21800.0,14.04,0,False,False,False,True,True,False,False,True,False,False,False,False,False,True,False
LN-10119,43,3.7,30400.0,786,19.32,8192.52,28,16,1,2,2400.0,9.99,1,False,False,False,True,False,False,True,False,True,False,False,False,False,True,False
LN-10120,44,3.0,37000.0,730,16.13,5829.31,21,13,0,1,3200.0,12.05,0,False,False,True,False,False,False,True,False,True,False,False,False,False,True,False
LN-10121,57,0.7,74400.0,655,16.61,20543.4,15,10,0,2,13500.0,15.78,0,False,False,False,True,False,True,False,False,True,False,False,False,False,False,True
LN-10122,55,3.9,90800.0,645,7.44,20690.58,13,9,0,0,17400.0,13.56,0,True,False,False,False,True,False,False,False,False,False,False,False,True,True,False
LN-10123,64,3.2,106000.0,755,14.55,4913.53,23,12,0,0,14500.0,14.0,0,False,False,False,True,False,False,True,False,True,False,False,False,False,False,True
LN-10124,60,0.7,35900.0,606,27.28,7191.41,16,12,0,0,10000.0,18.72,0,False,False,False,True,True,False,False,False,False,False,True,False,False,True,False
LN-10125,42,4.4,75200.0,690,22.88,36444.7325,19,10,0,2,2100.0,13.78,1,True,False,False,False,False,True,False,False,True,False,False,False,False,False,True
LN-10126,47,1.4,41900.0,673,13.14,21086.63,19,9,0,0,6500.0,13.83,0,False,False,False,True,False,False,True,False,False,False,False,False,True,True,False
LN-10127,55,3.0,38800.0,663,15.96,2914.96,12,6,0,4,13000.0,18.24,1,True,False,False,False,True,False,False,True,False,False,False,False,False,False,True
LN-10128,21,0.4,105000.0,698,17.8,3945.87,16,7,0,2,3600.0,15.18,0,True,False,False,False,False,False,True,False,True,False,False,False,False,True,False
LN-10129,55,2.8,40000.0,689,31.34,1046.06,22,14,0,0,14200.0,15.39,1,True,False,False,False,False,True,False,True,False,False,False,False,False,True,False
LN-10130,57,1.6,63100.0,703,11.84,13591.86,17,12,0,2,3700.0,14.47,0,False,False,False,True,False,False,True,True,False,False,False,False,False,True,False
LN-10131,67,7.8,59000.0,687,22.67,4573.29,19,9,0,0,1400.0,16.51,0,False,False,True,False,False,False,True,False,True,False,False,False,False,True,False
LN-10132,34,0.3,30100.0,701,16.11,9229.85,13,5,1,0,5500.0,14.67,1,True,False,False,False,False,True,False,False,True,False,False,False,False,False,True
LN-10133,23,2.4,92200.0,685,27.24,17539.58,19,10,0,1,4500.0,13.33,1,False,False,True,False,False,True,False,False,False,False,False,False,True,True,False
LN-10134,21,2.8,73700.0,647,28.81,21697.23,24,11,1,0,23300.0,18.33,1,True,False,False,False,False,True,False,False,True,False,False,False,False,False,True
LN-10135,25,5.8,18200.0,680,16.72,4722.99,17,10,0,0,8200.0,15.37,0,True,False,False,False,False,True,False,False,False,False,True,False,False,True,False
LN-10136,46,3.8,63100.0,644,10.67,3249.85,24,15,0,0,1000.0,14.74,0,False,False,True,False,False,False,True,True,False,False,False,False,False,False,True
LN-10137,34,5.0,35400.0,641,26.79,22648.92,17,9,0,1,15900.0,16.64,1,False,False,True,False,False,True,False,False,False,False,False,True,False,True,False
LN-10138,59,3.0,99100.0,663,15.75,5761.05,16,10,0,0,4400.0,13.8,0,False,False,False,True,True,False,False,False,False,False,False,False,True,True,False
LN-10139,47,8.9,24500.0,674,6.46,20711.54,16,9,0,1,11000.0,11.68,0,False,False,False,True,True,False,False,False,True,False,False,False,False,True,False
LN-10140,29,1.7,44500.0,682,5.35,1946.88,16,11,0,0,10900.0,13.57,0,False,False,False,True,False,False,True,False,True,False,False,False,False,True,False
LN-10141,35,3.5,66100.0,726,15.8,29152.67,7,5,0,1,29700.0,15.47,0,False,False,False,True,False,False,True,False,False,False,False,False,True,False,True
LN-10142,35,8.2,55800.0,655,2.07,7919.47,15,6,0,0,4100.0,14.29,0,False,False,False,True,True,False,False,False,False,False,False,True,False,True,False
LN-10143,46,20.5,82400.0,690,11.44,2237.88,16,11,0,2,2200.0,14.75,0,False,False,False,True,False,True,False,False,False,False,False,False,True,False,True
LN-10144,62,9.9,23500.0,686,27.85,9190.37,21,13,1,5,4200.0,13.38,1,True,False,False,False,False,True,False,False,True,False,False,False,False,True,False
LN-10145,33,2.1,134400.0,650,30.74,24484.13,18,4,0,3,12000.0,18.11,1,False,False,False,True,True,False,False,False,True,False,False,False,False,False,True
LN-10146,52,1.0,72300.0,684,27.86,5918.29,19,10,0,0,3400.0,15.38,0,True,False,False,False,False,False,True,False,False,False,False,True,False,False,True
LN-10147,59,3.0,114400.0,730,15.99,2353.08,27,14,0,0,5800.0,11.69,0,False,False,False,True,False,True,False,False,True,False,False,False,False,True,False
LN-10148,52,6.1,87600.0,689,9.01,10312.01,7,3,0,0,15000.0,15.43,0,False,False,False,True,True,False,False,False,True,False,False,False,False,False,True
LN-10149,24,3.1,53800.0,691,29.5,21583.02,12,7,1,2,1700.0,14.49,0,False,False,False,True,False,True,False,False,False,False,False,True,False,False,True
LN-10150,50,3.0,26700.0,645,17.43,1552.48,16,10,0,0,12000.0,16.2,1,False,False,False,True,False,False,True,False,True,False,False,False,False,False,True
LN-10151,57,8.2,39700.0,778,6.3,507.48,20,11,0,1,10600.0,8.93,0,True,False,False,False,False,False,True,True,False,False,False,False,False,True,False
LN-10152,43,2.0,129900.0,648,16.53,695.28,18,8,0,1,9300.0,15.93,1,False,False,True,False,False,False,True,False,False,False,False,False,True,False,True
LN-10153,59,8.8,116100.0,597,26.95,3144.0,16,7,0,0,6300.0,15.12,1,False,False,False,True,True,False,False,False,False,True,False,False,False,True,False
LN-10154,65,2.4,38500.0,723,3.32,87.95,19,12,0,1,3900.0,12.48,0,True,False,False,False,False,False,True,False,False,False,False,True,False,True,False
LN-10155,35,1.8,15000.0,674,14.23,6717.52,11,7,0,0,6800.0,14.74,1,True,False,False,False,False,False,True,False,False,False,False,True,False,True,False
LN-10156,63,2.7,48200.0,665,32.82,14357.99,23,14,1,0,9300.0,18.66,1,False,False,True,False,True,False,False,False,True,False,False,False,False,True,False
LN-10157,49,6.5,46200.0,653,15.93,14873.47,14,7,1,0,1000.0,16.37,0,True,False,False,False,False,False,True,False,False,False,False,False,True,False,True
LN-10158,56,0.6,47200.0,774,7.48,12150.7,12,8,0,0,21200.0,9.45,0,True,False,False,False,False,False,True,False,False,False,False,False,True,True,False
LN-10159,33,1.0,72500.0,698,25.28,4215.13,25,11,0,0,24100.0,16.58,0,True,False,False,False,False,False,True,False,True,False,False,False,False,False,True
LN-10160,52,13.6,87700.0,707,21.51,15978.84,17,5,0,1,8300.0,14.96,0,True,False,False,False,False,False,True,False,False,False,False,False,True,True,False
LN-10161,27,0.9,93400.0,688,17.44,10310.07,15,7,0,4,5700.0,15.65,0,False,False,False,True,False,True,False,False,False,False,False,False,True,True,False
LN-10162,42,3.8,69200.0,694,7.66,23694.86,19,6,0,1,9700.0,10.75,1,False,False,False,True,True,False,False,False,False,False,False,False,True,True,False
LN-10163,48,3.9,20100.0,750,18.83,7801.18,20,12,0,0,3500.0,11.37,0,False,False,True,False,True,False,False,False,True,False,False,False,False,True,False
LN-10164,22,3.0,44900.0,667,22.68,2383.57,19,9,0,0,1000.0,14.08,1,True,False,False,False,False,True,False,True,False,False,False,False,False,True,False
LN-10165,62,4.7,142987.5,607,6.27,12082.89,15,7,0,1,6100.0,18.61,0,True,False,False,False,False,True,False,False,False,False,False,False,True,False,True
LN-10166,65,1.2,66600.0,723,18.4,1961.3,21,13,1,2,1000.0,14.0,1,True,False,False,False,False,True,False,False,False,False,True,False,False,True,False
LN-10167,26,3.6,66300.0,705,13.42,36444.7325,11,7,0,0,1000.0,14.57,1,False,False,False,True,False,False,True,False,True,False,False,False,False,True,False
LN-10168,48,2.1,66000.0,685,4.66,14579.81,22,12,0,0,1000.0,11.85,0,True,False,False,False,False,False,True,False,True,False,False,False,False,True,False
LN-10169,48,4.9,68100.0,704,13.83,16942.89,15,7,0,0,29700.0,13.44,0,True,False,False,False,True,False,False,False,True,False,False,False,False,True,False
LN-10170,64,0.7,15000.0,661,12.05,13645.81,21,9,0,3,2200.0,13.56,1,False,False,False,True,False,False,True,False,True,False,False,False,False,False,True
LN-10171,64,3.8,47500.0,681,14.72,1231.83,14,7,0,1,4100.0,12.76,0,True,False,False,False,False,False,True,False,False,False,False,False,True,True,False
LN-10172,40,0.9,53100.0,673,11.12,7512.59,21,10,0,2,9400.0,15.2,0,True,False,False,False,False,True,False,False,False,False,False,False,True,False,True
LN-10173,50,1.5,109600.0,650,5.31,12646.49,15,9,0,0,10500.0,14.59,0,False,False,False,True,False,True,False,False,False,False,False,False,True,True,False
LN-10174,31,1.1,55600.0,739,31.82,3126.34,26,13,3,0,1800.0,14.07,0,True,False,False,False,False,False,True,True,False,False,False,False,False,True,False
LN-10175,48,0.9,21900.0,609,44.05500000000001,13654.55,15,8,0,1,9900.0,19.73,1,False,False,False,True,False,False,True,False,True,False,False,False,False,False,True
LN-10176,45,7.9,68600.0,798,12.32,20569.95,20,13,0,1,3700.0,10.66,0,True,False,False,False,False,False,True,False,True,False,False,False,False,True,False
LN-10177,59,1.5,34800.0,724,15.78,3857.84,14,5,0,3,15700.0,12.8,0,False,False,False,True,False,True,False,False,False,False,True,False,False,True,False
LN-10178,53,11.8,27700.0,591,44.05500000000001,2671.77,26,14,1,1,4200.0,20.585,1,True,False,False,False,False,False,True,False,True,False,False,False,False,True,False
LN-10179,21,15.8,34200.0,669,7.57,25763.4,17,8,0,0,1000.0,13.39,0,False,False,True,False,False,True,False,False,False,False,False,False,True,True,False
LN-10180,47,3.8,73000.0,672,10.69,62.5,20,11,0,1,32800.0,12.85,0,False,False,False,True,False,True,False,False,True,False,False,False,False,False,True
LN-10181,33,0.7,108300.0,700,20.17,3544.49,17,6,0,1,9300.0,14.65,0,False,False,True,False,True,False,False,False,False,False,False,False,True,True,False
LN-10182,61,2.1,70700.0,631,17.95,6265.28,26,17,2,2,29500.0,16.35,1,False,True,False,False,False,False,True,False,False,False,False,False,True,True,False
LN-10183,23,7.2,76700.0,682,27.07,13386.41,14,7,0,4,18600.0,13.97,1,False,False,False,True,False,False,True,False,True,False,False,False,False,True,False
LN-10184,59,2.1,70300.0,674,21.84,36444.7325,19,15,0,0,2800.0,15.49,0,False,False,False,True,False,True,False,True,False,False,False,False,False,False,True
LN-10185,26,0.4,57300.0,643,34.28,5560.02,16,11,0,1,25800.0,18.1,1,False,False,True,False,True,False,False,False,True,False,False,False,False,False,True
LN-10186,28,3.7,79500.0,636,19.16,35666.23,18,11,0,0,1000.0,15.43,0,False,False,True,False,False,False,True,False,False,True,False,False,False,True,False
LN-10187,47,8.4,15000.0,726,6.41,5483.14,15,8,0,0,6800.0,11.65,0,False,False,False,True,False,True,False,False,True,False,False,False,False,False,True
LN-10188,29,7.2,57600.0,595,12.4,14270.16,19,8,2,0,4100.0,16.41,0,False,False,False,True,False,False,True,False,False,False,True,False,False,True,False
LN-10189,57,0.9,30500.0,704,25.29,2169.16,19,11,0,2,6300.0,16.26,0,False,False,False,True,False,False,True,False,True,False,False,False,False,False,True
LN-10190,53,5.0,102700.0,720,3.06,7403.3,23,12,1,3,19800.0,11.47,0,False,True,False,False,False,True,False,True,False,False,False,False,False,True,False
LN-10191,62,1.1,50000.0,669,13.91,24600.79,28,12,0,0,16100.0,15.66,1,False,False,False,True,False,False,True,False,False,False,False,True,False,False,True
LN-10192,64,3.0,55100.0,683,18.62,4627.85,13,6,0,2,8100.0,14.12,1,True,False,False,False,True,False,False,False,True,False,False,False,False,True,False
LN-10193,44,9.3,23700.0,738,18.79,1333.9,16,12,2,0,1000.0,11.11,0,True,False,False,False,False,True,False,False,False,True,False,False,False,True,False
LN-10194,35,1.3,94800.0,645,9.99,8875.66,17,11,0,0,1000.0,14.73,0,False,False,False,True,False,True,False,False,True,False,False,False,False,True,False
LN-10195,52,1.4,76500.0,650,11.98,6947.86,17,13,0,1,17000.0,14.32,0,True,False,False,False,False,True,False,False,True,False,False,False,False,True,False
LN-10196,52,0.0,73600.0,655,17.55,3129.2,23,16,0,1,33100.0,16.05,1,False,False,False,True,False,True,False,False,False,False,False,True,False,True,False
LN-10197,44,9.2,34600.0,738,24.64,28324.51,22,13,0,0,15600.0,14.54,1,True,False,False,False,False,False,True,False,True,False,False,False,False,True,False
LN-10198,61,7.1,35400.0,745,6.62,11046.2,20,10,0,3,1800.0,13.45,0,False,False,False,True,True,False,False,True,False,False,False,False,False,False,True
LN-10199,32,4.4,61300.0,610,16.2,5117.33,25,15,0,1,1800.0,16.59,1,True,False,False,False,True,False,False,False,False,False,False,False,True,False,True
LN-10200,59,6.2,37000.0,730,30.4,36444.7325,12,7,0,3,13200.0,13.38,1,True,False,False,False,False,False,True,False,True,False,False,False,False,False,True
LN-10201,22,0.7,68800.0,721,15.48,1775.96,16,9,0,2,15000.0,12.05,1,False,False,False,True,False,False,True,False,False,False,True,False,False,False,True
LN-10202,23,2.8,16500.0,758,20.56,22602.67,18,9,0,3,7400.0,12.29,0,False,False,False,True,False,False,True,False,True,False,False,False,False,True,False
LN-10203,57,1.9,41400.0,699,33.91,3146.12,15,6,0,0,18600.0,14.19,0,False,False,False,True,False,True,False,False,True,False,False,False,False,True,False
LN-10204,37,0.4,142987.5,678,17.39,3285.46,15,4,0,5,3700.0,14.06,1,False,False,False,True,False,True,False,False,True,False,False,False,False,False,True
LN-10205,22,3.0,69000.0,737,33.32,8273.74,16,8,0,2,2600.0,16.14,1,True,False,False,False,True,False,False,True,False,False,False,False,False,True,False
LN-10206,22,11.4,59400.0,715,12.51,13014.45,25,14,0,0,26700.0,14.4,0,True,False,False,False,True,False,False,False,True,False,False,False,False,False,True
LN-10207,48,0.2,142987.5,792,28.45,14072.14,16,8,0,3,17900.0,12.04,1,True,False,False,False,False,True,False,False,False,False,False,False,True,True,False
LN-10208,43,1.6,15000.0,728,18.56,268.51,20,10,0,2,6800.0,13.23,0,True,False,False,False,False,True,False,False,True,False,False,False,False,True,False
LN-10209,57,1.0,34600.0,688,18.86,4056.9,21,11,0,1,5700.0,16.14,1,True,False,False,False,False,True,False,False,True,False,False,False,False,True,False
LN-10210,52,1.2,43400.0,621,20.64,12967.06,14,7,0,0,13800.0,16.28,0,True,False,False,False,False,True,False,False,True,False,False,False,False,True,False
LN-10211,53,10.8,86900.0,651,18.63,26458.4,21,12,0,0,18200.0,16.1,0,False,False,False,True,False,True,False,True,False,False,False,False,False,True,False
LN-10212,21,2.8,87700.0,608,19.06,13299.98,18,4,0,1,12800.0,17.85,0,False,False,False,True,False,True,False,False,True,False,False,False,False,True,False
LN-10213,39,2.8,33600.0,669,40.24,3709.01,13,10,0,0,15100.0,18.74,1,False,False,False,True,False,True,False,False,True,False,False,False,False,True,False
LN-10214,22,6.4,93800.0,726,21.15,8505.78,24,14,0,0,12500.0,13.16,0,True,False,False,False,False,True,False,False,True,False,False,False,False,True,False
LN-10215,64,0.8,43400.0,680,28.74,12515.06,17,10,1,0,19500.0,16.72,1,False,False,False,True,False,True,False,False,True,False,False,False,False,True,False
LN-10216,46,3.0,105500.0,731,9.82,1745.02,18,8,0,2,9500.0,9.9,0,False,False,False,True,False,True,False,False,True,False,False,False,False,True,False
LN-10217,52,2.5,30700.0,697,5.43,9447.04,19,12,0,0,1000.0,15.37,0,False,False,False,True,False,True,False,False,True,False,False,False,False,True,False
LN-10218,26,4.1,50600.0,660,5.79,7656.32,8,5,0,1,2500.0,14.55,0,True,False,False,False,False,True,False,False,True,False,False,False,False,True,False
LN-10219,52,25.0,41400.0,684,6.99,4925.39,19,9,3,2,18600.0,14.28,1,False,False,False,True,False,True,False,True,False,False,False,False,False,True,False
LN-10220,24,6.6,96800.0,704,33.77,11723.25,14,7,1,0,8900.0,13.33,1,False,False,False,True,False,True,False,False,False,False,False,False,True,True,False
LN-10221,31,2.3,40600.0,687,5.62,12134.35,24,13,3,0,1800.0,11.55,0,False,False,False,True,False,False,True,False,False,True,False,False,False,True,False
LN-10222,37,7.9,52900.0,688,14.64,36444.7325,20,11,0,0,2400.0,13.08,0,False,False,False,True,False,False,True,False,True,False,False,False,False,True,False
LN-10223,58,0.8,71600.0,642,44.05500000000001,6709.8,17,8,0,4,1000.0,17.86,0,True,False,False,False,False,True,False,False,True,False,False,False,False,True,False
LN-10224,44,3.0,73100.0,658,23.42,9092.67,23,12,1,0,3600.0,15.21,1,False,False,False,True,False,True,False,False,False,False,False,False,True,True,False
LN-10225,25,1.0,88200.0,793,11.41,2056.62,13,5,1,1,34300.0,9.74,0,False,False,False,True,True,False,False,False,True,False,False,False,False,True,False
LN-10226,54,1.9,60800.0,741,9.37,9538.5,15,7,0,2,5600.0,11.5,0,True,False,False,False,False,False,True,True,False,False,False,False,False,True,False
LN-10227,26,3.2,43000.0,606,12.78,441.04,30,19,0,0,4000.0,13.53,1,False,False,False,True,False,True,False,False,False,False,False,False,True,True,False
LN-10228,42,4.3,44700.0,562,19.19,1948.5,10,5,1,1,15400.0,18.76,1,False,False,False,True,False,False,True,False,False,False,True,False,False,True,False
LN-10229,31,10.9,54900.0,684,13.18,2253.99,11,9,1,0,15700.0,13.66,1,False,False,True,False,False,False,True,True,False,False,False,False,False,True,False
LN-10230,36,3.2,62100.0,725,23.43,12016.93,21,12,0,0,27900.0,15.52,1,False,False,False,True,True,False,False,False,True,False,False,False,False,False,True
LN-10231,53,3.1,50000.0,654,39.29,10052.38,18,10,0,0,18300.0,16.34,1,False,False,False,True,False,False,True,False,False,False,False,False,True,True,False
LN-10232,29,0.2,54800.0,731,10.33,19196.05,15,6,0,0,1600.0,12.69,0,False,False,False,True,False,True,False,False,False,True,False,False,False,False,True
LN-10233,26,0.2,23500.0,683,40.38,7492.4,10,7,0,0,10600.0,17.26,1,True,False,False,False,False,True,False,False,False,False,False,False,True,False,True
LN-10234,36,3.6,78200.0,672,17.77,7729.0,21,11,0,0,19400.0,16.44,0,True,False,False,False,False,True,False,False,False,False,False,False,True,False,True
LN-10235,49,2.6,59900.0,718,12.94,2114.49,24,15,0,2,4200.0,14.14,1,True,False,False,False,True,False,False,True,False,False,False,False,False,True,False
LN-10236,23,8.2,94000.0,653,9.28,16290.22,18,6,0,0,4200.0,14.5,1,True,False,False,False,False,True,False,False,True,False,False,False,False,True,False
LN-10237,40,0.8,54200.0,666,21.73,43.92,17,9,0,1,24400.0,15.64,1,False,False,False,True,False,False,True,False,True,False,False,False,False,True,False
LN-10238,56,0.1,20800.0,714,10.77,6638.35,15,7,0,0,3000.0,12.75,0,False,False,False,True,True,False,False,False,True,False,False,False,False,True,False
LN-10239,39,2.7,44500.0,678,22.92,2503.86,26,13,0,0,3600.0,14.48,0,True,False,False,False,True,False,False,False,True,False,False,False,False,True,False
LN-10240,46,1.2,48500.0,775,16.15,17688.92,16,10,0,1,6200.0,9.89,0,False,False,True,False,False,False,True,False,False,False,False,False,True,False,True
LN-10241,23,0.2,81500.0,715,12.14,13427.91,14,5,0,1,15900.0,13.04,0,False,False,False,True,False,False,True,True,False,False,False,False,False,True,False
LN-10242,39,5.8,17400.0,711,15.98,14721.52,16,8,0,0,7800.0,13.13,0,True,False,False,False,False,False,True,False,True,False,False,False,False,False,True
LN-10243,40,0.5,55400.0,678,21.31,1930.17,15,8,0,1,5200.0,16.75,1,False,False,False,True,False,False,True,True,False,False,False,False,False,False,True
LN-10244,52,4.2,71900.0,724,14.8,13260.9,14,8,0,0,4400.0,11.67,0,False,False,False,True,True,False,False,False,False,True,False,False,False,True,False
LN-10245,27,1.5,37700.0,664,10.78,14088.84,16,6,0,0,1900.0,13.63,0,False,False,False,True,False,True,False,False,True,False,False,False,False,True,False
LN-10246,61,0.9,56400.0,694,9.83,31.69,26,18,0,1,11100.0,13.29,0,False,False,False,True,False,False,True,True,False,False,False,False,False,False,True
LN-10247,53,2.1,38400.0,634,24.22,4585.69,19,11,0,0,4500.0,16.99,1,True,False,False,False,True,False,False,False,False,False,False,False,True,True,False
LN-10248,60,7.3,36300.0,732,7.6,1096.02,11,4,1,0,5600.0,11.52,1,True,False,False,False,False,True,False,False,False,False,False,False,True,True,False
LN-10249,59,2.2,43300.0,695,10.2,13725.61,17,13,0,1,1000.0,13.96,1,False,False,False,True,False,False,True,False,False,False,False,False,True,True,False
LN-10250,38,6.3,36600.0,779,5.41,2860.74,20,10,0,0,10600.0,8.785000000000002,0,False,False,False,True,True,False,False,False,True,False,False,False,False,True,False
LN-10251,60,0.6,78900.0,800,15.5,3689.06,16,9,0,1,16700.0,13.73,0,True,False,False,False,True,False,False,False,False,False,False,False,True,False,True
LN-10252,21,6.7,36200.0,718,8.4,978.8,18,12,0,0,16300.0,11.18,0,False,False,False,True,True,False,False,False,True,False,False,False,False,True,False
LN-10253,31,1.2,33000.0,683,14.72,7935.29,16,8,0,2,3100.0,14.94,1,True,False,False,False,False,True,False,False,True,False,False,False,False,True,False
LN-10254,48,5.1,142987.5,633,15.03,403.09,23,10,0,0,34300.0,16.25,1,False,False,False,True,True,False,False,False,False,False,False,True,False,True,False
LN-10255,45,3.8,91900.0,725,15.58,22417.9,19,11,0,0,6300.0,13.6,0,True,False,False,False,False,False,True,False,True,False,False,False,False,True,False
LN-10256,43,11.9,19500.0,691,11.44,320.64,20,13,0,1,8800.0,13.52,1,False,False,False,True,False,True,False,False,True,False,False,False,False,False,True
LN-10257,51,3.0,35600.0,707,24.12,763.46,21,13,2,0,16000.0,13.6,1,False,False,False,True,True,False,False,False,False,True,False,False,False,True,False
LN-10258,50,0.3,61900.0,766,13.19,12273.38,21,7,0,3,27900.0,11.72,0,False,False,False,True,False,False,True,False,False,False,False,True,False,True,False
LN-10259,62,0.1,64700.0,639,10.34,29857.37,11,8,0,2,5500.0,15.08,0,False,False,False,True,True,False,False,False,False,False,False,True,False,True,False
LN-10260,55,7.9,23900.0,634,5.8,26720.96,22,14,0,0,4200.0,13.78,0,False,False,False,True,False,True,False,True,False,False,False,False,False,True,False
LN-10261,27,3.3,102500.0,668,26.37,1048.03,23,7,0,0,8100.0,17.12,0,True,False,False,False,False,False,True,False,True,False,False,False,False,False,True
LN-10262,36,6.7,85300.0,721,11.14,4083.66,17,7,2,0,11300.0,15.26,0,False,False,False,True,True,False,False,False,True,False,False,False,False,True,False
LN-10263,46,1.2,70600.0,708,23.11,8833.58,23,11,2,2,16400.0,13.39,1,False,False,False,True,False,False,True,False,True,False,False,False,False,True,False
LN-10264,22,1.9,114300.0,635,12.8,323.81,12,8,0,0,16500.0,15.99,0,True,False,False,False,False,True,False,False,True,False,False,False,False,True,False
LN-10265,21,0.1,69500.0,718,41.54,9025.66,18,11,0,0,1700.0,15.32,1,True,False,False,False,False,False,True,False,False,False,False,False,True,True,False
LN-10266,32,14.7,69300.0,620,40.72,7125.39,20,13,1,0,13200.0,17.67,0,False,False,True,False,True,False,False,False,False,False,False,True,False,True,False
LN-10267,25,5.0,127600.0,638,19.17,10652.76,12,6,0,0,2600.0,16.79,0,True,False,False,False,False,False,True,False,False,False,True,False,False,True,False
LN-10268,57,12.2,99300.0,674,19.31,30356.07,16,9,0,0,17400.0,16.63,0,True,False,False,False,False,False,True,False,False,False,False,False,True,False,True
LN-10269,52,3.0,34100.0,652,18.13,3852.7,23,17,0,3,15300.0,14.63,1,True,False,False,False,False,False,True,False,False,False,False,False,True,True,False
LN-10270,29,4.3,76700.0,724,13.1,12229.74,22,13,0,2,20600.0,14.3,1,False,False,True,False,True,False,False,False,False,False,False,False,True,True,False
LN-10271,61,5.1,37600.0,694,25.18,6741.9,18,8,1,2,16600.0,15.52,1,True,False,False,False,False,True,False,True,False,False,False,False,False,False,True
LN-10272,55,1.7,71500.0,768,15.69,6853.89,21,10,2,2,1100.0,12.67,0,False,False,False,True,True,False,False,False,False,False,False,False,True,True,False
LN-10273,39,8.5,70400.0,668,7.7,12504.68,15,8,1,0,2900.0,15.35,0,False,False,False,True,False,True,False,False,True,False,False,False,False,False,True
LN-10274,36,13.2,25300.0,674,13.77,36273.89,18,13,0,4,6100.0,15.28,1,False,False,False,True,False,True,False,False,False,False,False,False,True,False,True
LN-10275,23,9.7,50700.0,741,7.93,23856.05,24,10,0,0,22800.0,11.61,0,True,False,False,False,False,False,True,False,True,False,False,False,False,True,False
LN-10276,40,3.0,62700.0,675,7.54,12243.91,15,8,2,0,5600.0,14.51,1,True,False,False,False,False,True,False,False,True,False,False,False,False,True,False
LN-10277,44,1.5,42600.0,755,9.78,7428.46,17,9,0,0,19200.0,10.0,1,True,False,False,False,False,False,True,False,True,False,False,False,False,True,False
LN-10278,53,1.5,64400.0,707,37.66,6619.61,19,7,0,1,1500.0,15.53,1,False,False,False,True,True,False,False,False,True,False,False,False,False,True,False
LN-10279,44,14.9,84400.0,562,20.57,18565.05,11,10,0,0,15200.0,19.93,0,True,False,False,False,True,False,False,False,False,False,True,False,False,True,False
LN-10280,31,0.0,53300.0,739,13.8,2954.19,13,7,0,1,21100.0,12.77,0,True,False,False,False,False,True,False,False,True,False,False,False,False,True,False
LN-10281,28,5.7,61300.0,726,13.03,10631.07,18,8,1,0,11000.0,11.41,0,False,False,False,True,False,False,True,False,False,True,False,False,False,False,True
LN-10282,56,5.5,115900.0,728,16.75,8437.25,18,13,0,1,20400.0,11.08,1,True,False,False,False,True,False,False,False,False,False,True,False,False,True,False
LN-10283,58,4.4,70300.0,584,11.19,12575.72,21,12,0,1,18000.0,17.93,1,False,False,False,True,False,False,True,False,True,False,False,False,False,False,True
LN-10284,60,20.8,60500.0,647,21.25,2490.51,22,7,0,3,9100.0,14.75,1,False,False,True,False,False,False,True,False,True,False,False,False,False,True,False
LN-10285,40,1.7,32000.0,651,17.5,14279.15,18,12,0,2,14400.0,17.34,1,True,False,False,False,False,False,True,False,True,False,False,False,False,False,True
LN-10286,55,1.9,78400.0,638,20.01,11834.12,22,12,0,1,5900.0,15.32,0,True,False,False,False,False,True,False,False,False,False,False,False,True,True,False
LN-10287,45,0.4,65000.0,767,13.26,2383.55,13,6,0,5,7800.0,11.88,0,True,False,False,False,True,False,False,False,True,False,False,False,False,True,False
LN-10288,55,2.6,109800.0,679,44.05500000000001,7165.79,19,11,3,1,10900.0,20.01,1,False,False,True,False,False,False,True,True,False,False,False,False,False,False,True
LN-10289,45,1.4,55600.0,678,7.87,13621.55,25,14,1,1,2000.0,13.66,0,True,False,False,False,False,False,True,False,False,False,False,False,True,True,False
LN-10290,49,1.9,20000.0,708,21.47,27825.09,17,12,0,0,9000.0,12.55,1,False,False,False,True,False,True,False,True,False,False,False,False,False,True,False
LN-10291,38,8.1,21300.0,708,11.62,1562.67,22,14,0,0,5500.0,13.45,1,True,False,False,False,True,False,False,False,False,False,False,False,True,True,False
LN-10292,66,12.3,81200.0,513,17.42,105.33,27,12,1,0,4200.0,20.585,0,False,False,False,True,False,False,True,False,True,False,False,False,False,False,True
LN-10293,38,0.9,39600.0,648,18.76,2166.1,23,10,0,1,12000.0,16.76,1,False,False,False,True,False,False,True,True,False,False,False,False,False,False,True
LN-10294,22,2.1,68900.0,609,40.73,36444.7325,22,13,0,0,5600.0,20.11,1,True,False,False,False,True,False,False,False,False,False,False,False,True,True,False
LN-10295,55,11.9,57700.0,700,18.96,17551.38,22,13,1,0,26000.0,12.39,0,True,False,False,False,True,False,False,False,True,False,False,False,False,True,False
LN-10296,36,0.3,49400.0,666,13.62,11434.49,17,10,0,0,7400.0,16.68,0,False,False,False,True,True,False,False,False,True,False,False,False,False,False,True
LN-10297,61,0.4,51400.0,681,2.0,1712.78,21,12,0,0,7500.0,12.34,0,False,False,False,True,True,False,False,False,False,False,False,False,True,True,False
LN-10298,56,0.8,33700.0,576,10.83,6455.19,14,7,0,0,15200.0,19.79,1,False,False,False,True,False,False,True,False,True,False,False,False,False,False,True
LN-10299,53,4.1,53700.0,665,44.05500000000001,15073.26,15,12,0,1,5800.0,16.11,1,False,False,False,True,False,False,True,False,True,False,False,False,False,False,True
LN-10300,24,3.0,39300.0,736,22.61,27147.01,16,6,1,0,2000.0,15.63,0,False,False,False,True,False,False,True,False,True,False,False,False,False,True,False
LN-10301,53,15.5,44100.0,750,24.64,5771.77,18,11,0,0,19800.0,12.35,0,True,False,False,False,False,False,True,True,False,False,False,False,False,True,False
LN-10302,34,2.7,45300.0,716,4.18,36444.7325,18,7,1,0,20400.0,11.67,0,False,False,False,True,True,False,False,False,False,True,False,False,False,False,True
LN-10303,41,3.1,47800.0,613,11.34,1806.2,23,13,0,0,3600.0,18.08,1,True,False,False,False,True,False,False,False,False,False,False,False,True,False,True
LN-10304,40,1.3,90000.0,743,21.48,5871.43,24,11,2,0,29900.0,14.26,1,False,False,False,True,False,True,False,False,False,False,False,False,True,False,True
LN-10305,28,2.9,50400.0,716,6.02,24991.52,21,9,0,0,9600.0,12.81,0,False,True,False,False,False,False,True,True,False,False,False,False,False,True,False
LN-10306,27,4.9,95100.0,674,17.0,12594.97,15,9,0,0,1000.0,15.61,0,False,False,False,True,True,False,False,False,False,False,False,True,False,True,False
LN-10307,23,6.3,126200.0,579,32.65,19986.99,22,11,0,0,11100.0,18.83,1,False,False,False,True,True,False,False,False,True,False,False,False,False,True,False
LN-10308,37,6.3,86700.0,728,8.88,28605.43,18,9,0,0,26400.0,12.76,0,False,False,False,True,False,False,True,False,True,False,False,False,False,False,True
LN-10309,53,3.9,72700.0,650,10.21,8494.66,25,14,0,1,7100.0,13.33,0,True,False,False,False,True,False,False,False,True,False,False,False,False,True,False
LN-10310,32,10.6,64800.0,697,28.71,3210.59,17,10,0,0,11200.0,14.56,0,True,False,False,False,False,False,True,False,True,False,False,False,False,True,False
LN-10311,42,7.7,87200.0,683,11.37,14198.55,15,9,0,1,2100.0,13.14,0,False,False,False,True,False,False,True,False,True,False,False,False,False,True,False
LN-10312,42,6.4,56900.0,757,9.56,9947.04,18,11,0,1,25600.0,11.23,0,False,False,False,True,False,True,False,False,False,False,False,True,False,True,False
LN-10313,66,0.3,93100.0,674,34.82,17775.13,15,8,0,0,1600.0,16.05,0,False,False,False,True,False,True,False,False,False,False,False,False,True,True,False
LN-10314,50,0.0,75900.0,679,15.68,8602.24,19,14,0,0,1400.0,17.31,0,True,False,False,False,False,False,True,True,False,False,False,False,False,False,True
LN-10315,58,1.1,44400.0,759,8.81,19999.17,26,10,0,1,20000.0,11.22,0,True,False,False,False,False,False,True,True,False,False,False,False,False,False,True
LN-10316,58,4.9,88700.0,647,29.74,27875.59,19,10,0,0,28900.0,17.21,1,False,False,False,True,True,False,False,False,False,False,True,False,False,False,True
LN-10317,65,2.4,57000.0,721,7.82,16615.53,14,8,0,0,12000.0,11.73,0,False,False,False,True,False,True,False,False,False,False,True,False,False,True,False
LN-10318,28,2.3,51100.0,670,16.39,16334.78,14,11,1,1,1600.0,12.89,0,False,False,False,True,True,False,False,False,True,False,False,False,False,True,False
LN-10319,47,9.7,41700.0,630,18.33,10617.19,20,10,0,1,11100.0,19.5,0,False,False,False,True,False,False,True,False,True,False,False,False,False,True,False
LN-10320,47,10.2,59400.0,680,10.88,7655.77,20,16,0,0,26700.0,12.69,0,True,False,False,False,False,False,True,False,True,False,False,False,False,True,False
LN-10321,54,10.8,93700.0,715,23.9,36444.7325,20,10,0,3,13300.0,14.18,1,False,False,False,True,False,False,True,True,False,False,False,False,False,True,False
LN-10322,41,1.7,88300.0,748,9.39,12431.45,25,17,0,1,3100.0,14.56,0,False,False,False,True,False,False,True,False,False,False,False,False,True,False,True
LN-10323,50,5.3,65800.0,754,24.82,22017.75,17,9,0,0,29600.0,12.07,1,False,False,False,True,False,False,True,False,False,False,False,False,True,False,True
LN-10324,53,1.4,75300.0,665,14.5,8448.29,19,11,0,1,28100.0,15.63,0,False,False,True,False,False,False,True,False,False,False,True,False,False,True,False
LN-10325,48,1.0,109000.0,631,8.46,9712.34,20,10,0,4,11100.0,13.34,0,True,False,False,False,False,True,False,False,False,False,False,False,True,True,False
LN-10326,67,0.9,49900.0,664,16.63,13048.12,13,9,0,1,22500.0,13.82,1,False,False,False,True,False,False,True,False,True,False,False,False,False,True,False
LN-10327,53,1.9,29300.0,621,19.54,15647.83,17,12,0,3,1000.0,18.06,1,False,False,False,True,True,False,False,False,False,False,True,False,False,False,True
LN-10328,25,2.5,110800.0,669,4.16,7138.22,21,13,0,0,8700.0,14.3,0,False,False,False,True,False,False,True,False,True,False,False,False,False,False,True
LN-10329,39,8.0,40500.0,663,32.84,5286.55,12,7,0,0,2700.0,17.86,1,True,False,False,False,False,True,False,False,True,False,False,False,False,True,False
LN-10330,24,0.6,37100.0,716,15.26,3284.09,27,17,0,0,16700.0,14.16,0,False,False,False,True,False,False,True,False,False,False,True,False,False,False,True
LN-10331,55,6.0,20200.0,570,12.36,6612.39,13,10,0,1,9100.0,18.07,1,True,False,False,False,False,True,False,False,True,False,False,False,False,True,False
LN-10332,37,3.4,74200.0,643,18.78,2847.49,26,15,0,0,33400.0,14.8,1,True,False,False,False,False,False,True,False,True,False,False,False,False,True,False
LN-10333,64,1.5,22200.0,644,16.25,6469.91,17,8,1,0,9800.0,14.15,1,False,False,True,False,True,False,False,False,True,False,False,False,False,True,False
LN-10334,48,3.1,35900.0,739,11.81,24920.65,26,14,2,0,10000.0,10.61,0,False,False,False,True,True,False,False,False,False,True,False,False,False,True,False
LN-10335,50,1.6,74900.0,624,19.06,36444.7325,13,4,1,1,33400.0,15.13,1,True,False,False,False,False,True,False,False,False,False,False,False,True,True,False
LN-10336,49,4.1,80600.0,691,24.84,10327.49,11,6,0,2,17900.0,13.74,1,True,False,False,False,False,False,True,False,True,False,False,False,False,True,False
LN-10337,66,2.6,37900.0,674,12.87,1893.96,14,9,0,0,1100.0,15.55,0,False,False,False,True,False,True,False,False,True,False,False,False,False,True,False
LN-10338,26,0.8,50300.0,732,2.39,6694.08,16,8,0,0,1900.0,11.95,0,False,False,False,True,True,False,False,False,True,False,False,False,False,True,False
LN-10339,55,3.0,33500.0,710,23.0,11057.95,27,15,1,0,15100.0,12.29,0,False,False,False,True,False,False,True,False,True,False,False,False,False,True,False
LN-10340,61,3.6,40100.0,686,15.13,5559.13,16,8,0,0,6400.0,13.46,0,False,False,False,True,False,True,False,False,True,False,False,False,False,True,False
LN-10341,57,10.5,62700.0,652,8.53,2755.32,19,7,0,1,2900.0,14.48,1,False,False,False,True,True,False,False,False,False,False,True,False,False,True,False
LN-10342,44,1.9,41100.0,587,19.9,3086.99,22,12,0,2,18500.0,20.585,1,True,False,False,False,True,False,False,False,False,False,False,False,True,True,False
LN-10343,49,5.9,47400.0,692,8.52,7707.83,23,13,0,2,21300.0,14.25,0,False,False,False,True,True,False,False,False,False,False,False,False,True,False,True
LN-10344,66,4.8,24200.0,707,22.57,2926.72,13,6,1,0,3200.0,14.43,1,False,False,True,False,True,False,False,False,False,False,False,False,True,True,False
LN-10345,51,12.1,101000.0,601,7.64,3444.55,16,7,0,0,4100.0,14.89,0,False,False,False,True,True,False,False,False,True,False,False,False,False,True,False
LN-10346,55,7.7,71700.0,618,11.37,24770.78,24,13,0,0,32200.0,16.7,0,False,False,True,False,False,True,False,False,False,False,False,False,True,True,False
LN-10347,53,3.8,83800.0,693,4.96,18118.39,21,15,0,0,1000.0,14.58,0,False,False,False,True,False,True,False,False,True,False,False,False,False,True,False
LN-10348,41,4.8,110200.0,697,11.09,682.82,20,6,0,0,33400.0,13.1,0,True,False,False,False,True,False,False,False,False,True,False,False,False,True,False
LN-10349,52,10.3,34400.0,630,12.37,4631.07,22,13,0,0,1000.0,16.27,0,False,False,False,True,False,True,False,False,False,False,False,False,True,True,False
LN-10350,43,2.3,44500.0,651,15.2,9109.73,18,11,0,0,1400.0,15.77,0,False,False,False,True,True,False,False,False,True,False,False,False,False,True,False
LN-10351,53,1.8,19100.0,588,13.15,750.28,21,7,1,1,8600.0,18.02,1,True,False,False,False,False,False,True,False,True,False,False,False,False,False,True
LN-10352,23,0.0,142987.5,749,7.83,13792.73,10,4,0,1,4000.0,12.91,0,False,False,False,True,False,False,True,False,True,False,False,False,False,True,False
LN-10353,38,7.9,49900.0,615,14.87,5822.77,24,14,0,0,3600.0,15.25,1,True,False,False,False,False,False,True,True,False,False,False,False,False,True,False
LN-10354,45,7.3,95900.0,707,11.26,6073.61,18,11,1,2,26000.0,11.93,0,True,False,False,False,False,False,True,False,False,False,False,False,True,True,False
LN-10355,62,0.5,27400.0,678,16.9,3699.96,24,12,0,0,10900.0,14.36,1,True,False,False,False,False,False,True,False,False,False,False,True,False,True,False
LN-10356,51,3.9,93700.0,744,9.31,4876.31,17,10,0,0,6000.0,11.19,0,True,False,False,False,False,True,False,False,False,False,False,True,False,True,False
LN-10357,23,2.8,142987.5,640,10.81,23739.08,17,11,0,1,17500.0,11.59,0,True,False,False,False,False,False,True,False,True,False,False,False,False,True,False
LN-10358,60,0.6,52400.0,683,19.09,18648.21,15,4,0,0,23200.0,13.49,1,False,False,False,True,True,False,False,False,False,True,False,False,False,True,False
LN-10359,66,17.7,31100.0,595,13.5,32943.77,22,12,0,1,14000.0,14.18,1,True,False,False,False,False,True,False,False,True,False,False,False,False,True,False
LN-10360,44,1.1,50200.0,583,5.57,14407.64,25,12,0,2,1800.0,16.1,0,False,False,True,False,False,False,True,True,False,False,False,False,False,True,False
LN-10361,52,0.3,15900.0,710,34.06,10349.35,22,11,0,0,7200.0,16.56,1,False,False,False,True,False,False,True,False,True,False,False,False,False,False,True
LN-10362,67,4.1,53100.0,591,23.73,3601.21,14,6,0,1,15900.0,17.75,0,False,False,False,True,False,True,False,False,False,False,False,False,True,True,False
LN-10363,42,6.0,85100.0,669,23.27,13190.14,15,6,0,0,1700.0,15.31,0,True,False,False,False,True,False,False,False,False,False,False,False,True,True,False
LN-10364,43,0.1,53100.0,731,4.91,28393.72,22,12,0,0,13200.0,12.51,0,False,False,False,True,True,False,False,False,True,False,False,False,False,False,True
LN-10365,22,4.8,46300.0,717,3.56,860.09,15,7,0,0,1000.0,13.29,0,False,False,False,True,True,False,False,False,False,False,True,False,False,False,True
LN-10366,47,3.4,72400.0,647,26.4,7023.79,22,10,0,1,5900.0,19.5,0,False,False,False,True,True,False,False,False,False,False,False,False,True,True,False
LN-10367,62,0.5,75500.0,601,7.78,1941.21,20,7,2,0,2600.0,16.67,1,True,False,False,False,False,True,False,False,False,True,False,False,False,False,True
LN-10368,22,0.9,21700.0,705,17.18,19967.77,13,6,0,0,9800.0,13.5,1,False,False,False,True,True,False,False,False,False,False,True,False,False,True,False
LN-10369,46,3.8,56900.0,747,11.06,11426.07,15,6,0,0,3000.0,11.64,0,True,False,False,False,True,False,False,False,True,False,False,False,False,False,True
LN-10370,37,1.6,142987.5,647,3.8,25408.15,11,8,0,0,21800.0,12.02,0,True,False,False,False,True,False,False,False,True,False,False,False,False,True,False
LN-10371,60,12.5,26000.0,640,9.87,782.15,20,14,0,0,1800.0,16.33,1,False,False,False,True,False,False,True,False,True,False,False,False,False,False,True
LN-10372,53,7.7,51700.0,654,18.95,28339.19,23,15,1,1,19900.0,16.65,1,True,False,False,False,True,False,False,False,False,False,False,True,False,True,False
LN-10373,29,18.5,142987.5,709,13.97,834.73,15,10,0,4,1500.0,15.91,0,False,True,False,False,False,True,False,False,False,False,False,False,True,True,False
LN-10374,63,1.4,99400.0,741,37.74,4069.49,20,14,0,0,8200.0,14.78,0,True,False,False,False,True,False,False,False,True,False,False,False,False,False,True
LN-10375,59,15.7,40800.0,618,22.19,2037.59,25,17,0,1,16800.0,17.39,1,True,False,False,False,False,False,True,False,False,False,False,False,True,False,True
LN-10376,49,3.0,60700.0,605,19.69,1885.26,14,3,0,2,2500.0,18.04,1,False,False,False,True,False,True,False,False,False,True,False,False,False,True,False
LN-10377,62,1.9,54100.0,797,17.13,2260.12,19,12,0,0,19500.0,12.62,0,True,False,False,False,False,False,True,False,False,False,False,False,True,True,False
LN-10378,46,0.2,35900.0,671,8.49,7852.15,14,8,1,0,16200.0,12.42,0,False,False,False,True,False,False,True,True,False,False,False,False,False,True,False
LN-10379,55,0.2,52000.0,693,8.65,18409.87,28,13,0,4,6500.0,15.01,0,False,False,False,True,False,False,True,False,True,False,False,False,False,False,True
LN-10380,45,5.3,46400.0,645,15.4,27426.05,16,11,0,3,1000.0,17.49,0,False,False,False,True,True,False,False,True,False,False,False,False,False,True,False
LN-10381,44,2.8,57600.0,704,9.92,10040.81,16,10,1,0,9100.0,12.67,0,False,False,False,True,False,False,True,False,False,True,False,False,False,True,False
LN-10382,33,1.2,35900.0,728,34.17,2060.16,11,8,0,1,16200.0,13.75,1,True,False,False,False,False,False,True,False,True,False,False,False,False,False,True
LN-10383,27,4.3,26800.0,695,21.99,990.03,19,14,0,1,12100.0,15.16,1,False,False,False,True,False,False,True,False,True,False,False,False,False,True,False
LN-10384,56,1.3,53000.0,767,28.19,8177.7,19,7,0,1,17000.0,11.8,1,True,False,False,False,False,True,False,True,False,False,False,False,False,False,True
LN-10385,65,3.0,139200.0,664,2.48,17397.47,23,10,0,2,22000.0,16.08,0,True,False,False,False,False,False,True,False,False,False,True,False,False,False,True
LN-10386,40,2.0,56700.0,667,19.47,11616.1,22,9,0,1,25500.0,17.3,1,True,False,False,False,False,False,True,True,False,False,False,False,False,True,False
LN-10387,21,7.8,45100.0,692,5.52,10489.74,6,2,0,1,1900.0,12.4,0,False,False,False,True,False,True,False,False,False,False,False,True,False,True,False
LN-10388,28,7.7,82000.0,703,30.97,592.24,12,8,1,2,12500.0,16.67,1,True,False,False,False,False,True,False,False,True,False,False,False,False,True,False
LN-10389,66,2.9,49700.0,691,21.16,6363.07,17,8,0,0,22400.0,15.04,0,False,False,False,True,False,False,True,False,True,False,False,False,False,True,False
LN-10390,36,1.9,142987.5,616,22.85,9592.33,19,9,0,1,20900.0,18.48,1,False,False,False,True,False,False,True,True,False,False,False,False,False,True,False
LN-10391,34,2.0,54100.0,696,23.48,10944.34,14,5,0,1,4000.0,13.53,1,False,True,False,False,False,False,True,False,False,False,False,False,True,True,False
LN-10392,32,7.4,79600.0,661,10.7,57.84,21,13,0,3,29100.0,16.15,1,False,False,False,True,True,False,False,False,True,False,False,False,False,False,True
LN-10393,43,1.8,35800.0,651,40.07,2671.05,17,10,0,5,4900.0,17.36,1,False,False,False,True,False,True,False,False,True,False,False,False,False,True,False
LN-10394,35,1.1,71400.0,682,21.87,35897.54,19,12,0,1,7400.0,13.68,0,False,False,True,False,False,True,False,False,False,False,True,False,False,True,False
LN-10395,48,0.4,63000.0,632,17.34,8527.03,19,12,0,0,2900.0,15.44,0,False,False,False,True,False,False,True,False,False,False,True,False,False,True,False
LN-10396,54,2.8,52500.0,623,11.45,14594.25,22,11,0,1,23600.0,16.37,0,True,False,False,False,False,True,False,False,False,False,False,False,True,True,False
LN-10397,22,3.0,41100.0,549,14.54,4421.27,21,14,0,1,1400.0,17.95,1,False,False,False,True,False,False,True,False,True,False,False,False,False,False,True
LN-10398,52,8.3,38100.0,767,30.13,10564.48,24,13,1,1,17100.0,11.12,1,False,False,False,True,False,False,True,False,False,False,False,True,False,True,False
LN-10399,43,1.1,63300.0,708,12.98,5289.39,11,5,0,0,5600.0,11.55,0,False,False,False,True,False,True,False,False,True,False,False,False,False,True,False
LN-10400,42,2.2,76600.0,674,10.44,4228.08,18,12,0,0,17400.0,13.04,0,False,False,False,True,False,True,False,False,False,False,False,False,True,True,False
LN-10401,45,7.4,50500.0,647,20.49,6360.06,20,12,0,0,1900.0,15.98,0,False,False,False,True,False,False,True,False,True,False,False,False,False,True,False
LN-10402,42,7.8,63400.0,536,15.26,7390.41,15,5,0,0,9400.0,19.16,0,True,False,False,False,False,True,False,False,True,False,False,False,False,False,True
LN-10403,42,2.2,53100.0,644,10.61,4826.31,13,6,0,1,1000.0,17.47,1,True,False,False,False,True,False,False,True,False,False,False,False,False,False,True
LN-10404,62,2.8,57200.0,716,26.92,3580.7,17,8,0,3,25700.0,12.21,0,False,False,True,False,False,True,False,False,False,False,False,False,True,True,False
LN-10405,26,1.6,48500.0,727,8.05,11732.26,18,8,0,3,8300.0,13.7,1,False,False,False,True,False,True,False,False,True,False,False,False,False,False,True
LN-10406,35,12.1,54700.0,712,13.22,5750.61,18,14,1,1,19000.0,12.53,0,True,False,False,False,True,False,False,False,False,False,False,False,True,True,False
LN-10407,63,0.6,142987.5,688,8.93,2705.14,16,14,0,2,31500.0,13.27,0,True,False,False,False,True,False,False,False,True,False,False,False,False,True,False
LN-10408,57,12.2,64300.0,745,39.58,17044.06,13,9,0,1,1000.0,15.85,1,False,False,True,False,False,True,False,False,True,False,False,False,False,False,True
LN-10409,53,5.2,77300.0,664,21.58,15437.02,19,10,2,0,10000.0,12.02,0,False,False,False,True,True,False,False,False,True,False,False,False,False,True,False
LN-10410,28,3.4,68900.0,734,18.73,26144.87,20,11,0,0,2900.0,11.15,0,True,False,False,False,False,False,True,True,False,False,False,False,False,False,True
LN-10411,64,0.1,46900.0,661,9.2,9716.68,19,13,0,1,1000.0,15.21,1,True,False,False,False,False,True,False,False,False,False,False,False,True,False,True
LN-10412,64,2.9,110400.0,636,39.58,3932.67,12,9,0,0,13600.0,18.25,1,False,False,False,True,False,False,True,False,True,False,False,False,False,False,True
LN-10413,25,2.4,46200.0,630,5.8,23915.44,21,9,0,1,1700.0,13.29,0,False,False,True,False,False,False,True,False,True,False,False,False,False,True,False
LN-10414,59,0.8,96800.0,627,13.1,3947.07,18,10,0,1,9500.0,18.09,0,False,False,False,True,False,True,False,False,False,False,True,False,False,True,False
LN-10415,24,4.8,45100.0,713,14.29,12791.44,14,3,0,2,3100.0,12.64,1,True,False,False,False,False,False,True,False,True,False,False,False,False,False,True
LN-10416,26,16.0,32000.0,643,5.89,2534.48,15,10,0,1,3100.0,13.96,0,False,False,True,False,False,True,False,False,False,True,False,False,False,True,False
LN-10417,65,3.0,66200.0,628,16.29,11904.29,16,8,0,2,10400.0,17.29,1,True,False,False,False,False,True,False,False,False,False,True,False,False,True,False
LN-10418,52,5.6,29500.0,716,10.14,22055.44,28,13,0,2,11300.0,11.79,1,False,False,False,True,False,True,False,False,False,True,False,False,False,True,False
LN-10419,50,0.3,72700.0,696,32.8,9316.89,19,8,2,5,1000.0,14.01,1,False,False,False,True,False,False,True,False,False,False,True,False,False,True,False
LN-10420,67,2.4,28100.0,728,6.78,7638.65,13,8,0,2,9700.0,13.41,0,False,False,True,False,False,False,True,False,False,False,False,True,False,False,True
LN-10421,55,0.6,45500.0,706,22.81,36444.7325,13,9,0,0,15500.0,13.04,0,True,False,False,False,False,True,False,False,False,True,False,False,False,True,False
LN-10422,60,4.3,24700.0,642,16.48,272.5,19,12,0,4,11100.0,15.95,1,False,False,False,True,True,False,False,False,True,False,False,False,False,True,False
LN-10423,36,12.5,142987.5,684,26.06,4836.78,12,6,0,0,26500.0,15.51,1,True,False,False,False,False,False,True,False,True,False,False,False,False,True,False
LN-10424,33,4.9,21800.0,686,13.96,30100.32,19,10,1,1,9800.0,15.32,1,True,False,False,False,False,False,True,False,False,False,True,False,False,False,True
LN-10425,62,0.4,54500.0,634,8.66,12348.23,14,7,0,4,13700.0,17.52,0,False,False,False,True,True,False,False,False,False,False,False,False,True,False,True
LN-10426,50,2.0,101600.0,625,35.64,9373.18,9,8,0,0,9200.0,17.09,0,False,False,False,True,False,False,True,False,False,False,True,False,False,True,False
LN-10427,39,3.6,95800.0,646,35.33,12183.12,20,12,1,2,3200.0,16.25,0,False,False,False,True,True,False,False,False,True,False,False,False,False,True,False
LN-10428,37,2.3,86500.0,782,23.13,4662.25,15,9,0,4,1900.0,11.42,0,True,False,False,False,False,True,False,False,False,False,False,False,True,True,False
LN-10429,39,8.1,45500.0,659,20.79,885.93,21,9,0,2,13200.0,11.88,1,True,False,False,False,False,True,False,False,False,False,False,True,False,True,False
LN-10430,48,7.6,113900.0,742,18.39,3861.45,11,5,0,2,34300.0,12.68,0,True,False,False,False,False,False,True,False,True,False,False,False,False,True,False
LN-10431,46,4.3,89500.0,657,21.48,4922.65,14,8,0,0,4600.0,15.0,0,True,False,False,False,False,False,True,False,False,False,False,True,False,True,False
LN-10432,57,2.1,60900.0,724,44.05500000000001,7844.01,18,9,0,0,1500.0,15.88,1,True,False,False,False,False,False,True,False,False,False,False,False,True,True,False
LN-10433,46,1.3,61800.0,725,6.68,6008.45,20,15,0,2,7700.0,11.96,0,True,False,False,False,True,False,False,False,False,False,True,False,False,False,True
LN-10434,43,0.5,45800.0,728,15.5,8832.71,23,12,0,0,1000.0,14.26,0,False,False,False,True,False,True,False,True,False,False,False,False,False,True,False
LN-10435,29,2.0,32800.0,699,11.24,2619.09,21,14,0,3,11300.0,12.98,1,True,False,False,False,False,True,False,False,False,False,False,False,True,True,False
LN-10436,32,2.4,107000.0,749,16.3,2440.8,21,10,0,0,1000.0,14.04,0,False,False,False,True,True,False,False,False,False,False,False,False,True,False,True
LN-10437,21,5.1,111500.0,699,6.36,5201.05,13,7,0,1,34300.0,12.23,0,True,False,False,False,False,False,True,False,True,False,False,False,False,True,False
LN-10438,21,4.8,33300.0,766,8.26,7702.95,23,14,0,0,15000.0,12.41,0,True,False,False,False,False,True,False,False,False,False,True,False,False,False,True
LN-10439,67,0.3,49800.0,599,7.79,5017.66,11,7,0,0,1700.0,14.29,0,False,False,False,True,False,True,False,False,True,False,False,False,False,True,False
LN-10440,54,3.0,50100.0,697,21.3,10312.18,12,9,0,1,2200.0,11.46,0,False,False,True,False,True,False,False,False,True,False,False,False,False,True,False
LN-10441,52,0.9,53200.0,694,15.21,4452.87,16,10,0,1,23900.0,13.46,0,False,False,False,True,False,False,True,False,False,False,True,False,False,True,False
LN-10442,45,0.8,56100.0,633,5.03,2340.05,12,3,0,0,23500.0,14.82,0,True,False,False,False,False,True,False,False,False,False,True,False,False,True,False
LN-10443,60,3.0,91200.0,709,4.94,23838.25,15,8,0,0,34300.0,12.29,1,False,False,False,True,True,False,False,False,False,False,False,True,False,True,False
LN-10444,65,0.2,35900.0,605,3.79,2686.76,15,8,0,1,5700.0,16.3,1,False,False,True,False,False,True,False,True,False,False,False,False,False,False,True
LN-10445,21,2.4,34000.0,647,13.54,36444.7325,18,9,0,2,1600.0,15.6,1,False,False,False,True,False,False,True,False,False,False,False,False,True,False,True
LN-10446,36,0.8,107000.0,580,14.22,36444.7325,28,16,1,0,13400.0,18.09,1,False,False,False,True,False,True,False,False,True,False,False,False,False,True,False
LN-10447,59,9.5,42000.0,758,14.75,14320.5,17,10,0,1,18900.0,14.76,0,False,False,False,True,False,False,True,False,False,False,True,False,False,False,True
LN-10448,25,3.7,27000.0,668,9.67,8365.89,14,10,0,0,1900.0,17.2,0,False,False,False,True,False,True,False,False,True,False,False,False,False,True,False
LN-10449,42,1.2,41500.0,788,12.34,19041.49,12,6,0,4,18700.0,12.78,1,False,False,False,True,True,False,False,False,True,False,False,False,False,False,True
LN-10450,49,3.1,45200.0,720,13.77,24781.99,8,3,2,0,6200.0,11.02,0,True,False,False,False,False,True,False,False,True,False,False,False,False,False,True
LN-10451,23,5.9,127400.0,702,15.24,14837.61,23,9,0,0,1700.0,14.72,0,False,False,False,True,False,True,False,False,True,False,False,False,False,True,False
LN-10452,32,14.3,90100.0,651,18.37,1291.62,19,16,0,0,8600.0,16.58,0,False,False,False,True,False,True,False,False,False,True,False,False,False,True,False
LN-10453,46,1.1,101800.0,628,27.29,35.91,16,12,0,2,9400.0,16.67,1,False,False,False,True,False,False,True,False,False,False,False,False,True,True,False
LN-10454,36,9.8,85000.0,706,9.05,2556.85,18,7,0,3,1000.0,14.94,0,True,False,False,False,False,False,True,True,False,False,False,False,False,False,True
LN-10455,57,12.3,91200.0,676,23.52,2506.92,20,10,0,2,9000.0,15.38,0,True,False,False,False,True,False,False,True,False,False,False,False,False,True,False
LN-10456,42,11.2,37100.0,613,10.23,2418.31,21,8,0,1,14600.0,15.88,0,True,False,False,False,False,True,False,False,False,True,False,False,False,True,False
LN-10457,49,4.5,48600.0,604,21.19,8554.62,21,12,0,0,20300.0,17.37,0,True,False,False,False,False,False,True,False,True,False,False,False,False,True,False
LN-10458,34,4.5,31400.0,632,15.74,8809.74,16,9,1,0,1500.0,15.07,1,False,False,False,True,False,False,True,False,True,False,False,False,False,True,False
LN-10459,48,2.3,48300.0,771,44.05500000000001,15405.81,17,10,0,3,21700.0,11.69,1,False,False,False,True,False,True,False,False,True,False,False,False,False,True,False
LN-10460,25,6.3,78900.0,791,18.07,2699.76,19,13,0,1,2600.0,9.58,0,False,False,False,True,True,False,False,True,False,False,False,False,False,False,True
LN-10461,67,3.4,58300.0,690,24.54,1166.86,17,10,3,0,15000.0,16.68,1,True,False,False,False,True,False,False,False,False,False,False,False,True,False,True
LN-10462,50,5.1,111400.0,687,2.0,13162.65,13,11,0,1,11300.0,11.65,0,False,True,False,False,False,False,True,False,False,False,False,False,True,True,False
LN-10463,66,2.5,28900.0,663,25.69,7939.71,16,9,0,0,13000.0,14.7,1,True,False,False,False,True,False,False,False,True,False,False,False,False,False,True
LN-10464,25,5.9,71300.0,633,9.38,13170.9,16,7,0,3,1000.0,13.33,0,False,False,False,True,False,True,False,False,True,False,False,False,False,True,False
LN-10465,32,7.8,27300.0,749,14.45,5750.77,19,11,0,1,3000.0,11.32,0,False,False,False,True,False,True,False,True,False,False,False,False,False,True,False
LN-10466,36,0.7,57100.0,774,12.12,16673.78,14,10,0,0,1800.0,12.72,1,False,False,False,True,False,True,False,False,True,False,False,False,False,True,False
LN-10467,46,8.1,81400.0,635,7.25,13771.14,18,6,0,0,5600.0,14.79,0,True,False,False,False,False,False,True,False,True,False,False,False,False,True,False
LN-10468,46,3.5,48100.0,676,36.83,12609.59,15,10,0,2,5800.0,15.3,1,False,False,False,True,True,False,False,False,False,False,False,False,True,False,True
LN-10469,41,8.4,73400.0,658,28.57,335.48,13,7,0,0,1300.0,17.71,0,False,False,True,False,False,False,True,False,False,False,True,False,False,True,False
LN-10470,59,2.5,32000.0,659,8.27,23433.64,16,7,0,0,10100.0,14.67,0,False,False,False,True,False,False,True,False,False,False,False,True,False,True,False
LN-10471,56,2.1,21700.0,739,7.81,5670.94,18,11,1,0,1700.0,11.26,0,False,False,True,False,True,False,False,False,True,False,False,False,False,True,False
LN-10472,53,11.1,73600.0,614,20.81,1748.85,27,12,1,0,1100.0,17.3,0,True,False,False,False,False,True,False,False,False,False,False,False,True,True,False
LN-10473,50,1.3,141400.0,703,25.37,16906.83,19,10,1,1,1000.0,15.25,0,True,False,False,False,True,False,False,True,False,False,False,False,False,False,True
LN-10474,57,8.4,31300.0,716,15.31,7997.48,19,11,0,1,14100.0,13.15,1,True,False,False,False,False,True,False,False,True,False,False,False,False,False,True
LN-10475,43,3.0,106100.0,673,9.72,390.35,14,6,0,3,7100.0,14.29,1,True,False,False,False,False,False,True,True,False,False,False,False,False,False,True
LN-10476,30,3.2,55500.0,725,13.65,18272.05,20,10,0,2,4700.0,11.11,0,True,False,False,False,True,False,False,True,False,False,False,False,False,True,False
LN-10477,25,1.7,26000.0,687,4.42,6851.95,17,9,0,1,9200.0,12.51,0,True,False,False,False,False,False,True,False,False,False,False,False,True,True,False
LN-10478,56,3.8,29100.0,741,5.61,16874.34,19,10,0,2,2400.0,12.55,0,True,False,False,False,True,False,False,False,True,False,False,False,False,True,False
LN-10479,54,1.8,54600.0,604,26.62,16906.95,25,15,0,3,7300.0,18.59,1,False,True,False,False,False,False,True,False,False,False,False,False,True,True,False
LN-10480,51,0.2,43400.0,663,10.86,1263.48,12,7,0,1,3000.0,15.14,0,True,False,False,False,True,False,False,False,False,False,True,False,False,False,True
LN-10481,30,1.4,26300.0,676,14.5,11398.97,26,18,0,0,5100.0,14.03,0,True,False,False,False,False,False,True,False,False,False,False,True,False,True,False
LN-10482,39,0.0,21300.0,546,18.08,5358.02,19,12,0,0,9600.0,17.43,1,False,False,True,False,False,True,False,False,False,False,True,False,False,True,False
LN-10483,52,17.2,34000.0,626,14.43,9486.52,17,11,0,0,2300.0,16.3,0,False,False,False,True,True,False,False,False,False,False,False,False,True,True,False
LN-10484,21,15.2,60300.0,639,18.49,1112.58,22,16,0,5,9000.0,15.07,1,False,False,False,True,False,True,False,False,True,False,False,False,False,False,True
LN-10485,25,2.3,54000.0,727,26.1,10646.13,31,20,0,0,15100.0,14.52,1,True,False,False,False,True,False,False,True,False,False,False,False,False,True,False
LN-10486,65,5.9,41100.0,645,9.42,18036.1,17,11,3,2,18500.0,15.32,1,True,False,False,False,True,False,False,False,False,False,False,False,True,True,False
LN-10487,24,1.9,60500.0,639,26.92,36444.7325,19,9,1,2,27200.0,16.09,1,True,False,False,False,True,False,False,False,False,False,False,True,False,True,False
LN-10488,36,5.0,96000.0,721,18.04,4632.88,17,11,0,1,4000.0,14.59,0,False,False,False,True,True,False,False,False,True,False,False,False,False,False,True
LN-10489,44,7.4,67300.0,599,21.42,2022.8,17,9,1,0,30300.0,17.84,1,True,False,False,False,False,True,False,False,False,False,True,False,False,False,True
LN-10490,36,13.2,50700.0,576,25.9,5466.61,17,9,0,0,5600.0,18.57,0,True,False,False,False,False,False,True,False,False,False,False,False,True,True,False
LN-10491,22,2.3,90300.0,662,16.56,233.89,17,7,0,2,31500.0,15.1,1,False,False,False,True,False,False,True,False,True,False,False,False,False,True,False
LN-10492,48,6.9,32000.0,608,44.05500000000001,6306.67,14,7,0,1,1400.0,20.585,1,True,False,False,False,False,False,True,False,False,False,True,False,False,True,False
LN-10493,52,1.4,47900.0,610,7.03,29523.43,18,7,0,1,3100.0,16.33,0,True,False,False,False,False,False,True,True,False,False,False,False,False,True,False
LN-10494,47,20.9,48500.0,709,26.26,2593.29,18,9,0,0,1200.0,16.37,0,False,False,False,True,False,True,False,False,True,False,False,False,False,False,True
LN-10495,40,0.1,27400.0,724,10.56,7794.61,14,11,0,0,5000.0,13.85,0,True,False,False,False,False,False,True,False,False,False,False,False,True,False,True
LN-10496,44,4.2,43000.0,719,18.75,10200.9,7,4,0,0,19400.0,13.12,0,True,False,False,False,False,False,True,False,False,False,True,False,False,True,False
LN-10497,32,4.8,17300.0,735,14.29,2380.05,20,10,0,1,2400.0,12.94,0,False,False,False,True,False,False,True,False,False,False,False,False,True,True,False
LN-10498,55,5.2,142987.5,742,13.74,4807.62,13,7,0,1,3600.0,13.47,0,False,False,False,True,True,False,False,False,False,False,True,False,False,False,True
LN-10499,53,0.6,32400.0,574,13.03,29077.73,16,9,0,4,3400.0,16.94,1,False,True,False,False,False,True,False,False,True,False,False,False,False,True,False
LN-10500,53,12.6,129600.0,703,21.32,4207.1,15,7,0,4,4500.0,12.22,0,False,False,False,True,False,False,True,False,False,True,False,False,False,True,False
LN-10501,63,0.9,55300.0,654,8.26,12106.24,21,13,3,1,1000.0,13.81,1,False,False,False,True,True,False,False,False,True,False,False,False,False,True,False
LN-10502,57,4.4,73900.0,643,10.16,1767.42,26,11,3,2,7700.0,14.3,1,False,False,False,True,False,False,True,False,False,False,True,False,False,True,False
LN-10503,32,1.1,41400.0,708,7.74,13299.11,18,10,0,2,18600.0,14.33,0,True,False,False,False,True,False,False,False,True,False,False,False,False,False,True
LN-10504,23,3.0,60700.0,593,35.31,3927.8,24,12,0,2,8300.0,18.47,0,True,False,False,False,False,True,False,False,False,False,False,True,False,True,False
LN-10505,21,3.6,77500.0,592,24.42,3156.07,14,4,0,0,23500.0,16.73,0,True,False,False,False,False,False,True,False,True,False,False,False,False,True,False
LN-10506,53,2.4,78100.0,712,10.51,1590.93,15,7,0,0,11900.0,12.56,1,False,False,False,True,False,True,False,False,True,False,False,False,False,True,False
LN-10507,60,0.8,83000.0,704,20.55,575.47,13,7,0,0,1000.0,13.43,0,False,False,True,False,True,False,False,False,False,False,False,True,False,True,False
LN-10508,30,0.8,44200.0,687,7.93,36444.7325,21,9,0,3,12300.0,13.25,1,False,False,False,True,False,True,False,False,False,False,False,False,True,False,True
LN-10509,63,2.4,41600.0,636,15.89,6411.27,19,10,0,2,18700.0,17.38,1,False,False,False,True,True,False,False,True,False,False,False,False,False,True,False
LN-10510,64,6.4,22500.0,717,13.14,18040.17,16,9,0,0,10100.0,12.58,0,True,False,False,False,False,False,True,False,True,False,False,False,False,True,False
LN-10511,49,10.3,72200.0,714,13.01,30322.15,16,7,0,0,10500.0,11.94,0,False,False,False,True,False,False,True,False,True,False,False,False,False,True,False
LN-10512,33,0.4,98300.0,684,11.74,2738.18,14,11,0,1,15500.0,11.76,0,True,False,False,False,False,False,True,False,True,False,False,False,False,True,False
LN-10513,32,2.2,131800.0,621,44.05500000000001,24468.68,22,13,2,0,28700.0,19.23,1,False,False,True,False,False,False,True,False,True,False,False,False,False,True,False
LN-10514,51,0.5,64100.0,659,22.91,14773.03,12,7,0,0,11600.0,16.07,0,False,False,False,True,False,False,True,False,False,False,False,False,True,True,False
LN-10515,66,0.1,35500.0,722,44.05500000000001,10352.35,10,5,0,2,7300.0,15.4,1,True,False,False,False,True,False,False,False,False,False,False,False,True,False,True
LN-10516,22,4.9,21300.0,746,11.38,19870.67,15,12,0,0,1000.0,11.91,0,True,False,False,False,False,False,True,False,True,False,False,False,False,True,False
LN-10517,55,4.2,96100.0,664,8.05,1407.37,21,11,0,0,1600.0,13.79,0,False,False,True,False,False,True,False,False,True,False,False,False,False,False,True
LN-10518,43,0.8,20200.0,668,18.05,3671.79,20,12,0,3,9100.0,14.49,1,False,False,False,True,False,True,False,False,True,False,False,False,False,True,False
LN-10519,37,1.2,44900.0,672,15.88,1685.65,13,9,0,2,13500.0,16.77,0,True,False,False,False,True,False,False,True,False,False,False,False,False,False,True
LN-10520,46,0.1,47900.0,694,22.88,27156.98,18,6,0,0,3800.0,14.04,1,False,False,False,True,True,False,False,False,True,False,False,False,False,True,False
LN-10521,28,8.1,52100.0,651,26.85,1248.31,8,6,1,3,17800.0,15.24,1,True,False,False,False,True,False,False,False,True,False,False,False,False,True,False
LN-10522,49,16.5,55300.0,535,4.0,36444.7325,19,11,0,3,4600.0,20.51,1,False,False,False,True,True,False,False,False,True,False,False,False,False,False,True
LN-10523,46,0.7,58500.0,740,44.05500000000001,1396.94,14,9,0,0,5100.0,14.96,1,True,False,False,False,True,False,False,False,False,False,False,False,True,True,False
LN-10524,30,1.2,15000.0,770,18.53,13010.11,20,10,0,0,1000.0,10.94,0,False,False,False,True,True,False,False,False,False,False,False,True,False,True,False
LN-10525,46,9.1,54600.0,649,22.02,12963.17,17,8,0,0,11200.0,14.65,0,False,False,False,True,False,True,False,False,False,False,False,False,True,True,False
LN-10526,54,11.7,15900.0,627,35.67,32126.68,15,6,2,3,4700.0,16.11,1,True,False,False,False,False,False,True,False,True,False,False,False,False,True,False
LN-10527,61,2.4,81000.0,673,9.3,4683.36,21,13,0,2,23900.0,14.42,0,True,False,False,False,False,True,False,False,False,False,False,False,True,True,False
LN-10528,27,0.2,39900.0,671,14.69,4841.82,25,14,0,0,18000.0,16.32,1,True,False,False,False,False,True,False,True,False,False,False,False,False,False,True
LN-10529,24,0.2,16500.0,730,7.5,22472.51,26,13,0,1,1900.0,11.94,0,True,False,False,False,False,False,True,False,True,False,False,False,False,True,False
LN-10530,65,3.8,34600.0,683,8.34,36444.7325,17,9,0,1,2400.0,13.27,1,False,False,False,True,False,False,True,False,False,False,False,False,True,True,False
LN-10531,31,2.2,39600.0,640,26.92,367.23,20,10,0,0,5400.0,17.08,1,True,False,False,False,False,True,False,False,False,False,False,False,True,True,False
LN-10532,49,0.1,104300.0,614,33.49,12104.72,13,6,1,1,12200.0,16.03,1,True,False,False,False,True,False,False,False,True,False,False,False,False,True,False
LN-10533,56,3.9,60400.0,723,5.41,3350.85,19,13,0,0,5900.0,12.09,1,False,False,False,True,False,False,True,True,False,False,False,False,False,True,False
LN-10534,45,0.1,65500.0,710,19.26,15621.77,21,14,0,0,6000.0,13.54,0,True,False,False,False,True,False,False,True,False,False,False,False,False,True,False
LN-10535,41,7.0,103700.0,733,29.43,17778.82,20,10,0,0,2100.0,14.1,0,True,False,False,False,False,True,False,False,False,False,False,False,True,True,False
LN-10536,56,1.6,51400.0,632,26.09,17252.34,15,8,0,4,5700.0,17.14,1,True,False,False,False,True,False,False,False,False,False,False,False,True,True,False
LN-10537,30,0.2,82000.0,772,16.97,6862.02,14,8,0,3,8900.0,10.86,0,True,False,False,False,True,False,False,False,True,False,False,False,False,True,False
LN-10538,57,4.0,78900.0,593,19.16,2060.87,21,12,0,3,34300.0,19.48,1,True,False,False,False,True,False,False,False,False,False,True,False,False,True,False
LN-10539,29,2.3,26700.0,715,19.47,10546.92,22,13,0,3,12000.0,13.08,0,False,False,False,True,False,True,False,False,True,False,False,False,False,False,True
LN-10540,44,16.4,121800.0,585,18.56,18672.93,18,9,0,0,22000.0,17.89,1,False,False,False,True,False,False,True,True,False,False,False,False,False,False,True
LN-10541,55,3.5,24800.0,640,20.93,29191.64,21,13,3,3,11200.0,16.92,1,True,False,False,False,False,True,False,False,True,False,False,False,False,True,False
LN-10542,55,1.4,89700.0,758,13.81,7231.88,17,9,3,0,6200.0,10.79,0,False,False,False,True,True,False,False,False,False,False,False,False,True,True,False
LN-10543,56,5.6,23500.0,722,44.05,3383.19,20,13,0,2,10600.0,15.25,1,False,False,False,True,True,False,False,False,False,False,True,False,False,True,False
LN-10544,38,1.4,75400.0,653,9.24,1517.95,16,7,0,1,6000.0,14.9,0,False,False,False,True,True,False,False,False,False,False,False,False,True,False,True
LN-10545,59,10.6,142987.5,654,30.48,19170.18,12,5,0,0,12600.0,15.74,0,True,False,False,False,False,False,True,True,False,False,False,False,False,True,False
LN-10546,52,2.1,48200.0,685,10.22,9196.29,17,9,0,0,4200.0,12.04,0,False,False,False,True,False,True,False,False,False,False,True,False,False,True,False
LN-10547,44,3.6,47100.0,706,21.57,13457.07,19,11,0,0,21000.0,15.75,0,True,False,False,False,False,False,True,False,True,False,False,False,False,False,True
LN-10548,43,0.2,75800.0,743,10.37,2081.39,25,19,0,1,10100.0,13.69,0,True,False,False,False,False,False,True,False,False,False,False,False,True,False,True
LN-10549,52,2.5,45200.0,657,20.87,79.21,17,12,0,1,20300.0,16.28,1,False,False,False,True,False,False,True,False,True,False,False,False,False,True,False
LN-10550,57,8.0,142987.5,599,15.33,36444.7325,19,13,1,2,11800.0,16.24,1,True,False,False,False,False,False,True,False,False,False,False,True,False,True,False
LN-10551,32,7.4,60200.0,688,23.49,19985.0,19,15,0,0,2500.0,14.96,0,True,False,False,False,True,False,False,False,False,False,True,False,False,True,False
LN-10552,33,1.1,45400.0,657,9.68,6130.44,9,4,0,1,20400.0,17.84,0,True,False,False,False,False,False,True,True,False,False,False,False,False,False,True
LN-10553,43,1.2,40200.0,615,9.56,7331.02,16,5,0,2,9800.0,16.13,1,True,False,False,False,False,False,True,False,True,False,False,False,False,True,False
LN-10554,45,7.6,32400.0,695,33.45,31751.96,17,14,0,0,4000.0,14.75,1,False,False,False,True,True,False,False,False,True,False,False,False,False,False,True
LN-10555,55,12.0,38400.0,669,38.82,2793.03,16,11,0,0,5600.0,16.37,1,True,False,False,False,False,False,True,True,False,False,False,False,False,False,True
LN-10556,61,0.5,44700.0,695,14.27,19484.19,15,6,1,3,1800.0,13.52,1,False,False,False,True,False,False,True,False,False,False,False,True,False,False,True
LN-10557,50,2.7,41400.0,635,19.89,217.11,14,7,0,1,1100.0,17.56,0,False,False,True,False,False,False,True,False,False,False,False,False,True,True,False
LN-10558,37,1.9,37700.0,704,5.1,25021.92,17,10,0,0,8400.0,14.05,0,True,False,False,False,False,False,True,False,True,False,False,False,False,False,True
LN-10559,40,9.2,142987.5,614,16.48,10678.24,16,4,0,0,34300.0,14.48,0,True,False,False,False,False,False,True,False,False,False,True,False,False,True,False
LN-10560,45,0.4,30700.0,639,12.19,7791.35,14,7,0,0,1800.0,17.79,1,False,False,False,True,False,False,True,False,False,False,False,True,False,False,True
LN-10561,42,1.1,58700.0,668,42.61,14708.8,23,12,0,0,26400.0,17.41,1,False,False,False,True,False,True,False,False,False,False,False,False,True,True,False
LN-10562,33,6.3,75000.0,767,11.77,840.58,11,5,1,0,22300.0,12.31,0,False,False,False,True,False,False,True,False,True,False,False,False,False,False,True
LN-10563,39,0.2,76600.0,719,43.0,2611.07,11,7,0,0,23000.0,16.95,1,True,False,False,False,False,False,True,False,True,False,False,False,False,True,False
LN-10564,56,3.1,52500.0,734,11.49,6270.43,15,8,1,0,17300.0,11.86,0,False,False,False,True,True,False,False,True,False,False,False,False,False,True,False
LN-10565,32,2.6,47500.0,751,22.34,11543.81,23,15,0,0,12500.0,15.09,0,True,False,False,False,False,True,False,False,True,False,False,False,False,False,True
LN-10566,61,1.8,69400.0,850,38.98,1873.51,15,8,0,2,1800.0,8.785000000000002,0,False,False,False,True,True,False,False,False,False,False,False,False,True,True,False
LN-10567,39,2.3,62700.0,682,14.62,5726.61,15,12,0,0,12000.0,13.17,0,False,False,True,False,False,True,False,True,False,False,False,False,False,True,False
LN-10568,32,3.4,47000.0,751,37.7,3627.75,17,10,0,1,6100.0,14.63,1,False,False,False,True,False,True,False,False,False,False,False,True,False,True,False
LN-10569,29,0.8,22900.0,731,25.93,12446.91,18,11,0,0,1600.0,15.4,0,False,False,True,False,True,False,False,False,True,False,False,False,False,True,False
LN-10570,27,3.8,41900.0,730,16.39,30201.0,14,9,0,0,18900.0,11.19,0,False,False,True,False,False,False,True,False,False,False,False,False,True,True,False
LN-10571,48,7.4,28800.0,769,20.52,2177.96,12,9,0,0,11100.0,12.23,1,True,False,False,False,False,False,True,False,False,False,False,True,False,False,True
LN-10572,34,6.4,37500.0,659,33.51,2517.71,22,10,0,0,16900.0,16.49,1,True,False,False,False,False,True,False,False,True,False,False,False,False,True,False
LN-10573,51,0.8,55200.0,655,19.86,11011.35,20,11,0,5,9100.0,14.2,1,False,False,False,True,False,True,False,False,False,False,False,True,False,True,False
LN-10574,39,0.7,66000.0,696,6.49,7252.02,13,6,0,0,11200.0,12.63,0,True,False,False,False,True,False,False,False,True,False,False,False,False,True,False
LN-10575,67,1.4,142987.5,671,25.98,15194.63,19,8,0,0,17400.0,17.21,1,False,False,False,True,True,False,False,False,True,False,False,False,False,True,False
LN-10576,36,2.0,40300.0,696,26.56,4074.2,20,13,0,0,4000.0,14.32,0,False,False,False,True,False,True,False,False,False,False,True,False,False,False,True
LN-10577,25,2.4,83000.0,758,19.45,9444.74,23,13,0,0,26300.0,11.71,0,True,False,False,False,False,True,False,False,False,False,False,True,False,True,False
LN-10578,55,5.1,64100.0,656,11.62,5869.32,25,12,0,1,7600.0,14.97,1,True,False,False,False,False,True,False,False,True,False,False,False,False,True,False
LN-10579,32,0.3,110500.0,665,25.1,3963.14,23,13,0,0,17300.0,15.99,0,True,False,False,False,True,False,False,False,False,False,True,False,False,True,False
LN-10580,45,0.2,74400.0,689,7.43,15680.77,18,8,0,0,5500.0,13.21,0,False,False,False,True,True,False,False,False,False,False,True,False,False,False,True
LN-10581,41,2.2,31100.0,669,20.35,19069.37,17,9,0,0,14000.0,14.71,1,False,False,False,True,True,False,False,False,True,False,False,False,False,True,False
LN-10582,56,5.4,21000.0,584,19.78,4786.97,21,11,0,1,1000.0,18.25,1,False,False,False,True,False,False,True,False,False,True,False,False,False,False,True
LN-10583,43,1.0,64300.0,651,16.77,11705.22,23,11,0,2,28900.0,16.57,1,False,False,False,True,True,False,False,False,False,False,False,False,True,False,True
LN-10584,36,4.6,40500.0,714,30.05,2360.82,17,12,2,0,18200.0,13.84,1,False,False,False,True,False,False,True,False,True,False,False,False,False,False,True
LN-10585,59,1.4,31600.0,752,12.84,18783.21,20,11,1,1,14200.0,14.19,1,False,False,False,True,False,False,True,False,False,False,False,False,True,False,True
LN-10586,65,9.8,27000.0,622,8.95,3962.91,18,13,1,0,5500.0,15.82,1,False,False,False,True,True,False,False,False,True,False,False,False,False,True,False
LN-10587,62,10.2,59200.0,622,9.91,2249.77,19,12,0,0,25900.0,16.87,0,True,False,False,False,False,False,True,False,True,False,False,False,False,True,False
LN-10588,59,1.6,124100.0,682,30.61,33753.21,27,17,0,4,20400.0,14.64,1,False,False,False,True,True,False,False,True,False,False,False,False,False,True,False
LN-10589,34,1.2,43300.0,576,22.72,6588.24,14,7,0,0,8400.0,16.62,1,True,False,False,False,False,False,True,False,False,False,True,False,False,True,False
LN-10590,51,2.4,75000.0,658,21.68,12377.05,27,12,0,1,3100.0,14.23,0,False,False,False,True,True,False,False,False,False,False,False,False,True,True,False
LN-10591,25,1.2,51200.0,593,20.51,19879.19,17,12,0,0,2700.0,18.21,1,False,False,True,False,False,False,True,False,True,False,False,False,False,True,False
LN-10592,55,5.0,26700.0,748,14.65,13905.79,22,10,0,0,9400.0,11.41,1,True,False,False,False,False,False,True,False,True,False,False,False,False,True,False
LN-10593,43,7.9,81200.0,642,8.44,9979.54,25,16,0,1,21400.0,12.89,0,False,False,False,True,False,False,True,False,True,False,False,False,False,True,False
LN-10594,49,5.0,29700.0,763,8.81,5575.2,23,15,0,1,13400.0,12.21,0,True,False,False,False,False,True,False,True,False,False,False,False,False,False,True
LN-10595,63,7.8,54800.0,736,20.91,30089.22,18,7,0,2,9500.0,12.44,0,False,False,False,True,False,False,True,False,True,False,False,False,False,True,False
LN-10596,31,2.3,44900.0,648,12.6,1720.1,12,10,1,1,3200.0,14.62,0,True,False,False,False,False,True,False,False,True,False,False,False,False,True,False
LN-10597,38,0.8,88500.0,626,10.33,25841.68,17,11,1,1,3800.0,13.44,0,False,False,False,True,False,False,True,False,False,False,True,False,False,True,False
LN-10598,67,6.0,30300.0,670,14.91,14848.24,21,13,0,2,1000.0,13.64,0,False,True,False,False,False,False,True,False,False,True,False,False,False,False,True
LN-10599,32,2.0,67200.0,675,31.67,10167.07,17,11,0,1,2700.0,14.98,1,False,False,False,True,False,False,True,False,True,False,False,False,False,True,False
LN-10600,29,5.0,34100.0,697,17.5,4712.03,21,12,0,4,1000.0,12.68,1,False,False,False,True,False,True,False,False,False,False,False,False,True,True,False
LN-10601,30,1.4,40900.0,641,41.94,1894.51,26,17,0,1,15700.0,16.86,1,True,False,False,False,True,False,False,False,False,False,True,False,False,True,False
LN-10602,64,0.4,15000.0,717,21.79,7025.74,20,11,0,0,6800.0,14.5,1,False,False,False,True,True,False,False,False,True,False,False,False,False,True,False
LN-10603,37,3.0,142987.5,693,44.05500000000001,18376.37,20,12,0,0,34300.0,16.45,1,True,False,False,False,False,False,True,False,False,False,False,True,False,True,False
LN-10604,58,0.8,73300.0,663,19.48,16412.48,15,8,0,0,20100.0,14.96,0,True,False,False,False,False,True,False,False,False,False,False,False,True,False,True
LN-10605,27,20.1,35500.0,644,18.42,12442.61,17,7,0,0,4000.0,14.93,0,True,False,False,False,True,False,False,False,False,True,False,False,False,True,False
LN-10606,66,17.0,29200.0,671,17.71,36444.7325,15,9,0,0,13100.0,13.49,1,False,False,False,True,False,False,True,True,False,False,False,False,False,True,False
LN-10607,33,7.1,41200.0,639,12.33,36444.7325,24,13,0,0,1000.0,14.98,0,True,False,False,False,False,True,False,True,False,False,False,False,False,True,False
LN-10608,60,4.8,80400.0,683,14.3,6130.0,11,7,0,3,34300.0,15.22,1,True,False,False,False,False,True,False,False,False,False,False,False,True,True,False
LN-10609,62,3.9,19100.0,684,44.05500000000001,2566.26,16,12,0,0,8600.0,17.18,1,False,False,False,True,False,False,True,True,False,False,False,False,False,False,True
LN-10610,29,9.0,50100.0,693,12.63,7479.83,24,11,0,0,1800.0,14.84,0,False,False,False,True,False,False,True,False,False,False,False,False,True,False,True
LN-10611,47,1.5,142987.5,768,17.72,22339.23,17,9,0,2,9700.0,8.785000000000002,0,False,False,False,True,False,False,True,False,False,False,False,False,True,True,False
LN-10612,22,2.8,29000.0,673,17.8,7362.34,19,16,0,0,13000.0,14.69,0,False,False,True,False,False,True,False,False,True,False,False,False,False,True,False
LN-10613,25,4.3,56600.0,730,13.41,4913.35,17,11,0,2,25500.0,14.18,0,False,False,False,True,False,False,True,False,False,False,False,False,True,True,False
LN-10614,49,2.4,142987.5,691,13.15,16221.86,20,12,0,1,5000.0,14.76,0,True,False,False,False,False,False,True,False,False,False,False,False,True,False,True
LN-10615,57,2.5,76700.0,668,15.41,12602.58,19,9,0,1,7100.0,14.71,0,False,False,False,True,False,False,True,True,False,False,False,False,False,True,False
LN-10616,58,1.8,58100.0,674,25.95,36444.7325,21,10,0,0,26100.0,15.55,1,False,False,False,True,False,False,True,False,False,False,False,True,False,True,False
LN-10617,39,3.7,71600.0,677,34.51,9562.37,19,11,0,0,32200.0,17.68,1,True,False,False,False,False,False,True,False,False,False,False,False,True,True,False
LN-10618,28,8.6,43500.0,694,7.21,36444.7325,13,9,0,0,19600.0,14.69,0,False,False,True,False,True,False,False,False,False,False,False,True,False,True,False
LN-10619,65,1.0,110700.0,632,41.71,4125.72,15,9,0,2,34300.0,16.59,1,True,False,False,False,False,False,True,False,True,False,False,False,False,True,False
LN-10620,21,12.3,43500.0,607,23.97,24014.15,23,11,3,3,9700.0,19.64,1,True,False,False,False,False,True,False,False,False,False,True,False,False,False,True
LN-10621,42,5.3,18400.0,713,24.62,5186.49,16,9,0,1,8300.0,15.5,1,True,False,False,False,False,True,False,False,False,False,False,False,True,True,False
LN-10622,37,7.8,43700.0,725,10.76,19908.31,21,14,0,1,6000.0,11.31,0,False,False,False,True,False,True,False,False,False,False,False,False,True,False,True
LN-10623,27,3.7,31800.0,717,44.05500000000001,31242.04,19,14,0,4,14300.0,17.26,1,False,False,False,True,False,True,False,False,False,False,False,True,False,False,True
LN-10624,45,6.8,46400.0,688,9.98,11712.2,24,14,0,2,6000.0,14.11,0,True,False,False,False,False,False,True,False,True,False,False,False,False,True,False
LN-10625,65,0.1,47000.0,718,18.52,15647.69,12,8,0,1,13100.0,9.85,0,False,False,True,False,True,False,False,False,True,False,False,False,False,True,False
LN-10626,24,7.7,104700.0,716,20.04,36444.7325,19,9,0,0,8800.0,13.57,0,True,False,False,False,False,True,False,False,True,False,False,False,False,False,True
LN-10627,56,0.2,79400.0,719,40.25,5643.05,24,15,0,0,31300.0,14.05,1,False,False,False,True,True,False,False,False,False,False,False,True,False,True,False
LN-10628,26,9.9,62600.0,637,10.45,8599.05,5,1,1,0,1000.0,14.38,1,False,False,False,True,False,True,False,False,False,False,False,False,True,True,False
LN-10629,51,21.7,54100.0,625,19.06,27427.78,20,10,0,0,24300.0,18.48,1,False,False,False,True,True,False,False,False,True,False,False,False,False,False,True
LN-10630,39,1.6,30300.0,661,5.54,13406.79,12,7,1,0,8700.0,13.92,0,False,False,True,False,True,False,False,False,True,False,False,False,False,True,False
LN-10631,64,1.1,16300.0,679,16.98,24818.8,14,7,0,3,7300.0,14.84,1,True,False,False,False,True,False,False,False,True,False,False,False,False,True,False
LN-10632,59,6.5,57700.0,668,21.06,11556.01,21,13,0,1,24600.0,15.12,1,True,False,False,False,False,True,False,False,True,False,False,False,False,True,False
LN-10633,47,1.3,83900.0,586,11.99,16152.52,19,13,0,1,15400.0,20.585,0,False,False,False,True,False,True,False,False,False,False,True,False,False,False,True
LN-10634,30,9.0,51000.0,766,6.37,157.78,16,5,0,0,23000.0,11.89,0,True,False,False,False,True,False,False,False,True,False,False,False,False,True,False
LN-10635,46,0.5,40400.0,666,42.36,4980.24,17,9,0,0,11100.0,17.76,1,True,False,False,False,True,False,False,False,True,False,False,False,False,False,True
LN-10636,39,0.6,69900.0,689,8.32,17658.08,14,12,0,0,11500.0,13.0,0,False,False,False,True,True,False,False,False,True,False,False,False,False,True,False
LN-10637,59,17.4,51700.0,742,8.99,6210.34,32,19,1,0,23300.0,10.84,0,True,False,False,False,False,False,True,True,False,False,False,False,False,True,False
LN-10638,23,5.0,136900.0,563,10.74,5408.94,11,8,3,0,34300.0,17.38,0,False,False,False,True,True,False,False,False,True,False,False,False,False,False,True
LN-10639,65,8.4,106700.0,654,32.67,36327.23,17,11,0,0,3300.0,15.95,0,False,False,False,True,False,False,True,False,True,False,False,False,False,False,True
LN-10640,33,1.8,91800.0,661,15.71,9650.25,18,13,0,0,5100.0,15.98,0,False,False,True,False,False,True,False,False,True,False,False,False,False,True,False
LN-10641,48,5.1,82200.0,663,5.6,2565.63,20,13,0,0,13700.0,12.86,0,True,False,False,False,False,False,True,True,False,False,False,False,False,True,False
LN-10642,40,4.1,26600.0,671,10.88,7669.06,20,10,0,0,12000.0,14.87,1,False,False,False,True,False,False,True,False,True,False,False,False,False,True,False
LN-10643,48,4.2,78000.0,752,32.58,8774.46,22,10,0,0,11600.0,12.64,0,True,False,False,False,True,False,False,False,True,False,False,False,False,True,False
LN-10644,28,5.2,66600.0,714,6.71,36444.7325,16,10,0,2,18500.0,11.49,0,False,False,False,True,False,False,True,False,False,False,False,True,False,True,False
LN-10645,61,3.9,75600.0,728,8.27,15199.52,19,10,0,1,1400.0,12.67,0,True,False,False,False,False,True,False,True,False,False,False,False,False,False,True
LN-10646,59,2.5,71000.0,682,8.66,8792.69,25,18,0,1,10400.0,16.72,0,True,False,False,False,False,True,False,False,True,False,False,False,False,False,True
LN-10647,21,1.5,69500.0,610,16.07,6787.41,19,13,0,1,2200.0,20.585,0,True,False,False,False,False,False,True,False,True,False,False,False,False,False,True
LN-10648,23,3.0,142987.5,576,17.95,29651.33,13,7,0,1,4200.0,17.26,0,True,False,False,False,False,False,True,False,True,False,False,False,False,True,False
LN-10649,33,1.2,52000.0,604,14.59,12459.5,32,15,0,1,2500.0,15.99,0,False,False,False,True,False,True,False,False,False,True,False,False,False,True,False
LN-10650,48,5.3,90700.0,698,15.62,5282.3,16,11,0,3,2500.0,14.76,0,False,False,False,True,False,False,True,False,False,False,False,False,True,True,False
LN-10651,45,1.2,41800.0,682,7.76,7497.57,7,4,0,0,18800.0,14.68,0,True,False,False,False,True,False,False,False,True,False,False,False,False,False,True
LN-10652,53,4.4,83700.0,669,14.46,3910.84,14,4,0,2,5000.0,13.66,0,False,False,False,True,True,False,False,False,False,True,False,False,False,True,False
LN-10653,58,6.2,90800.0,662,14.28,36444.7325,13,6,0,5,11700.0,15.25,0,True,False,False,False,False,False,True,False,True,False,False,False,False,True,False
LN-10654,26,1.1,66200.0,781,8.74,14525.73,25,16,1,0,1000.0,12.33,0,False,False,False,True,False,False,True,False,True,False,False,False,False,False,True
LN-10655,64,0.3,135700.0,639,34.84,5976.85,17,11,0,0,23000.0,16.75,1,False,False,False,True,False,True,False,False,False,False,False,True,False,True,False
LN-10656,65,0.6,33300.0,726,31.07,2428.53,21,8,0,0,15000.0,13.7,1,False,False,False,True,True,False,False,False,False,False,True,False,False,True,False
LN-10657,52,4.2,41400.0,680,6.99,2337.87,23,14,0,2,3600.0,16.56,0,False,False,True,False,False,False,True,False,False,False,False,False,True,False,True
LN-10658,65,8.5,60900.0,677,21.68,7795.13,20,11,0,0,1000.0,13.79,0,False,False,False,True,False,False,True,False,False,False,False,False,True,True,False
LN-10659,67,0.2,87900.0,739,20.6,7563.58,14,8,0,1,4500.0,13.05,1,True,False,False,False,False,True,False,False,True,False,False,False,False,False,True
LN-10660,41,6.0,59800.0,753,18.94,6491.06,13,7,0,3,13900.0,11.56,1,False,False,False,True,True,False,False,False,True,False,False,False,False,True,False
LN-10661,36,1.9,109900.0,668,14.31,22910.8,16,10,0,0,1000.0,16.51,0,False,False,False,True,False,True,False,True,False,False,False,False,False,True,False
LN-10662,41,2.9,37600.0,720,18.8,36444.7325,16,8,1,0,1100.0,10.79,0,True,False,False,False,False,True,False,False,True,False,False,False,False,True,False
LN-10663,31,11.9,28900.0,698,14.74,5258.77,22,14,1,5,7400.0,15.53,1,True,False,False,False,True,False,False,False,True,False,False,False,False,False,True
LN-10664,57,1.8,64200.0,680,10.7,4188.06,22,12,3,2,2700.0,14.76,1,True,False,False,False,False,True,False,False,True,False,False,False,False,False,True
LN-10665,56,2.8,51900.0,690,21.45,17641.89,23,14,0,1,14000.0,16.51,0,False,False,True,False,False,True,False,False,True,False,False,False,False,True,False
LN-10666,55,0.1,73000.0,646,4.05,7169.53,15,10,0,0,2700.0,15.78,0,False,False,False,True,False,True,False,False,True,False,False,False,False,False,True
LN-10667,39,0.4,53400.0,665,25.04,2944.19,17,8,0,2,24000.0,12.84,1,False,False,False,True,True,False,False,False,True,False,False,False,False,True,False
LN-10668,40,1.3,44900.0,651,16.54,2395.16,18,6,0,3,8000.0,17.12,0,False,False,True,False,False,True,False,True,False,False,False,False,False,True,False
LN-10669,38,0.1,52000.0,725,12.65,3951.52,22,9,0,1,2200.0,12.23,0,False,False,False,True,True,False,False,False,True,False,False,False,False,True,False
LN-10670,67,4.5,55000.0,675,24.6,15.89,16,11,0,0,1100.0,13.62,0,True,False,False,False,False,True,False,False,True,False,False,False,False,False,True
LN-10671,61,2.5,45800.0,615,18.96,34050.38,16,9,0,1,7600.0,16.05,1,True,False,False,False,True,False,False,False,True,False,False,False,False,True,False
LN-10672,34,3.6,48400.0,644,34.97,6750.67,21,10,0,0,21800.0,17.93,1,False,False,False,True,False,False,True,False,False,False,True,False,False,False,True
LN-10673,35,0.9,43400.0,520,29.2,1037.77,18,10,1,0,8100.0,19.14,1,True,False,False,False,False,False,True,False,False,False,False,False,True,True,False
LN-10674,51,1.6,86800.0,655,8.85,2163.27,17,8,0,2,2100.0,12.61,0,False,False,False,True,True,False,False,False,True,False,False,False,False,True,False
LN-10675,21,4.9,60300.0,682,12.06,4687.0,18,6,0,0,9400.0,14.2,0,False,False,False,True,False,False,True,False,True,False,False,False,False,True,False
LN-10676,23,15.1,142987.5,673,10.92,9627.35,12,7,0,0,5800.0,13.55,0,False,False,False,True,False,True,False,False,False,False,True,False,False,False,True
LN-10677,36,0.2,59200.0,779,10.99,14597.25,22,10,0,1,9800.0,9.42,0,True,False,False,False,False,False,True,False,True,False,False,False,False,True,False
LN-10678,43,9.9,40000.0,709,38.6,4415.45,21,15,0,0,6900.0,16.73,1,False,False,False,True,True,False,False,False,True,False,False,False,False,True,False
LN-10679,31,3.9,142987.5,707,6.84,36444.7325,9,3,1,0,14600.0,13.23,0,True,False,False,False,False,False,True,False,False,False,False,False,True,False,True
LN-10680,32,3.7,68000.0,598,29.92,17141.0,12,5,0,0,22800.0,16.5,1,False,False,True,False,True,False,False,False,False,False,False,False,True,True,False
LN-10681,30,3.1,93400.0,662,39.21,20970.53,21,11,0,1,30500.0,15.58,1,True,False,False,False,False,True,False,False,True,False,False,False,False,True,False
LN-10682,52,0.3,75000.0,656,26.86,4692.46,21,9,0,0,18900.0,16.32,1,True,False,False,False,False,False,True,False,True,False,False,False,False,True,False
LN-10683,36,0.4,76300.0,641,22.62,5755.05,13,6,0,0,6100.0,17.5,1,True,False,False,False,False,True,False,True,False,False,False,False,False,False,True
LN-10684,28,4.1,72700.0,640,6.71,9267.89,14,7,1,0,8300.0,15.56,0,False,False,False,True,False,False,True,True,False,False,False,False,False,True,False
LN-10685,58,1.9,29600.0,590,5.88,7211.13,23,9,0,0,13300.0,17.26,0,True,False,False,False,False,False,True,False,False,True,False,False,False,True,False
LN-10686,32,11.2,66300.0,616,20.37,3611.51,13,9,0,2,3500.0,17.02,1,True,False,False,False,False,False,True,False,False,False,False,False,True,True,False
LN-10687,44,2.3,26100.0,724,14.01,36444.7325,24,7,1,0,11700.0,13.38,1,False,True,False,False,False,False,True,False,False,False,False,False,True,True,False
LN-10688,48,0.7,49200.0,673,7.24,22634.76,11,8,0,1,14700.0,13.17,0,False,False,True,False,True,False,False,False,False,False,False,True,False,True,False
LN-10689,28,5.6,36300.0,655,25.08,3261.51,20,11,1,1,15000.0,15.41,0,True,False,False,False,False,False,True,False,True,False,False,False,False,False,True
LN-10690,48,1.6,65900.0,680,21.96,26751.85,22,14,0,0,5700.0,16.33,0,False,False,True,False,False,True,False,False,False,False,True,False,False,True,False
LN-10691,56,3.4,65100.0,738,25.13,10608.38,19,12,0,0,12900.0,14.15,0,True,False,False,False,False,False,True,False,False,False,True,False,False,True,False
LN-10692,46,5.4,70600.0,680,25.35,151.7,23,12,0,2,3100.0,15.63,1,True,False,False,False,False,True,False,False,False,False,False,False,True,False,True
LN-10693,28,10.4,63500.0,707,30.38,5098.55,17,13,0,0,2900.0,14.71,1,False,False,True,False,False,False,True,True,False,False,False,False,False,False,True
LN-10694,48,7.1,38800.0,638,12.73,312.84,15,5,0,0,17500.0,18.05,0,False,False,False,True,False,True,False,False,False,False,False,False,True,True,False
LN-10695,48,5.1,46900.0,649,7.77,1102.36,22,13,0,2,6700.0,14.47,0,False,False,True,False,False,True,False,False,True,False,False,False,False,False,True
LN-10696,57,5.1,89900.0,698,37.57,2366.45,19,12,0,0,11000.0,15.64,0,False,False,False,True,False,True,False,False,False,False,False,True,False,True,False
LN-10697,61,13.1,97500.0,775,5.88,7949.06,22,10,0,2,4800.0,10.57,0,True,False,False,False,False,False,True,False,True,False,False,False,False,False,True
LN-10698,56,1.6,28800.0,751,6.4,5761.4,20,9,0,0,3800.0,11.69,0,True,False,False,False,False,True,False,False,False,False,False,False,True,False,True
LN-10699,47,0.0,23300.0,709,10.93,1936.06,7,3,1,1,10500.0,11.99,1,False,False,True,False,False,False,True,False,True,False,False,False,False,True,False
LN-10700,37,1.4,36300.0,688,34.79,6021.51,20,13,0,2,16300.0,12.87,1,False,False,False,True,False,False,True,False,False,False,False,False,True,True,False
LN-10701,29,1.1,96300.0,750,11.8,4354.72,20,9,0,1,25300.0,13.11,0,True,False,False,False,False,True,False,False,True,False,False,False,False,False,True
LN-10702,53,4.9,105700.0,720,6.44,6334.76,20,12,0,0,27000.0,12.96,0,True,False,False,False,False,True,False,True,False,False,False,False,False,True,False
LN-10703,40,4.5,32600.0,565,8.99,2269.41,15,3,0,1,7400.0,16.54,1,False,False,False,True,False,True,False,True,False,False,False,False,False,True,False
LN-10704,33,4.1,64200.0,627,8.8,11290.41,16,8,0,2,23200.0,19.47,1,True,False,False,False,False,True,False,True,False,False,False,False,False,False,True
LN-10705,48,0.1,142987.5,697,18.16,546.64,21,9,0,0,5900.0,14.19,0,True,False,False,False,False,False,True,False,True,False,False,False,False,True,False
LN-10706,49,5.9,68100.0,591,10.17,5889.87,20,10,0,0,1000.0,16.8,1,True,False,False,False,False,False,True,False,True,False,False,False,False,True,False
LN-10707,33,1.8,118400.0,635,2.0,27032.48,14,7,3,0,16400.0,16.0,0,False,False,False,True,False,False,True,False,False,False,False,False,True,False,True
LN-10708,66,4.9,93800.0,645,44.05500000000001,6529.91,15,7,0,1,3100.0,18.55,1,True,False,False,False,False,True,False,False,False,False,True,False,False,True,False
LN-10709,55,3.7,32800.0,667,3.55,6980.99,28,15,0,3,8400.0,13.47,1,True,False,False,False,False,True,False,False,False,False,False,False,True,False,True
LN-10710,26,1.9,48800.0,666,5.37,845.18,13,10,0,1,2500.0,12.9,1,False,False,False,True,False,False,True,False,False,False,False,False,True,True,False
LN-10711,38,0.7,55200.0,666,24.57,11157.51,12,7,0,2,7000.0,15.7,1,False,False,False,True,False,True,False,False,False,False,False,False,True,False,True
LN-10712,25,0.4,57400.0,721,7.37,33062.23,20,12,0,2,25800.0,13.89,0,False,False,True,False,False,True,False,False,True,False,False,False,False,False,True
LN-10713,67,8.0,89700.0,667,23.31,4137.13,18,9,0,0,13300.0,14.77,0,True,False,False,False,False,True,False,False,False,False,False,True,False,True,False
LN-10714,45,11.3,67800.0,661,20.78,5995.69,14,7,0,0,2200.0,16.95,0,True,False,False,False,False,True,False,False,True,False,False,False,False,False,True
LN-10715,22,4.7,15000.0,613,11.5,10645.39,22,11,0,0,6800.0,14.49,1,False,False,False,True,False,True,False,True,False,False,False,False,False,True,False
LN-10716,30,0.5,26300.0,731,23.17,1174.15,22,10,0,1,11800.0,12.39,1,False,False,False,True,False,True,False,False,False,False,True,False,False,True,False
LN-10717,50,2.3,16300.0,646,14.33,36017.01,14,8,0,0,2500.0,14.32,1,False,False,False,True,False,False,True,False,False,True,False,False,False,True,False
LN-10718,65,5.9,59700.0,626,25.09,7564.25,21,13,0,1,19100.0,12.09,1,False,False,False,True,False,False,True,False,False,False,False,False,True,True,False
LN-10719,25,6.8,61800.0,691,34.77,1467.32,9,8,1,0,11200.0,15.82,1,True,False,False,False,False,False,True,False,True,False,False,False,False,False,True
LN-10720,53,0.6,63300.0,642,7.09,4899.72,19,13,1,2,13000.0,13.48,0,True,False,False,False,False,True,False,True,False,False,False,False,False,True,False
LN-10721,21,0.0,32000.0,654,17.66,5617.62,12,10,0,4,14400.0,15.73,1,True,False,False,False,True,False,False,False,False,False,True,False,False,True,False
LN-10722,38,5.6,78500.0,693,18.32,5084.36,14,9,0,0,1000.0,15.87,0,False,False,False,True,False,True,False,True,False,False,False,False,False,False,True
LN-10723,52,2.0,80300.0,664,18.02,14179.64,21,11,0,1,14300.0,13.21,0,True,False,False,False,False,False,True,False,True,False,False,False,False,True,False
LN-10724,67,1.3,27200.0,796,23.56,5086.98,14,10,0,2,1200.0,10.82,0,False,False,False,True,True,False,False,False,False,False,False,False,True,True,False
LN-10725,31,0.1,24200.0,676,21.0,4696.15,18,13,0,0,10900.0,13.21,0,False,False,False,True,True,False,False,False,True,False,False,False,False,True,False
LN-10726,41,3.5,54200.0,711,6.53,4664.86,17,5,0,0,24400.0,12.86,0,False,False,True,False,True,False,False,False,False,False,False,False,True,True,False
LN-10727,46,8.6,142987.5,583,7.41,18052.75,16,3,0,1,1300.0,15.81,0,True,False,False,False,False,True,False,False,True,False,False,False,False,True,False
LN-10728,45,14.2,138000.0,637,13.32,4424.65,16,8,1,1,1000.0,15.74,1,True,False,False,False,True,False,False,False,True,False,False,False,False,False,True
LN-10729,42,3.8,73900.0,626,17.86,169.16,26,17,2,1,33300.0,15.84,1,False,False,False,True,False,False,True,False,True,False,False,False,False,True,False
LN-10730,47,3.0,36300.0,632,18.57,5459.68,16,7,0,4,16300.0,16.3,1,False,False,True,False,False,False,True,False,False,False,False,False,True,True,False
LN-10731,33,0.4,88200.0,701,19.53,3912.7,18,10,0,4,34300.0,13.9,0,True,False,False,False,False,False,True,False,False,False,False,False,True,True,False
LN-10732,53,3.6,42200.0,732,21.62,28765.02,19,12,0,2,19000.0,13.48,0,True,False,False,False,False,True,False,False,False,False,False,False,True,True,False
LN-10733,54,2.2,35500.0,697,21.26,7798.9,18,10,1,0,9700.0,14.96,0,False,False,False,True,False,False,True,False,True,False,False,False,False,True,False
LN-10734,61,4.2,16700.0,669,15.47,3207.89,17,13,0,0,7500.0,15.37,0,False,False,True,False,False,True,False,False,False,True,False,False,False,False,True
LN-10735,55,2.2,57300.0,648,34.9,36444.7325,18,6,0,2,25800.0,15.51,1,True,False,False,False,False,True,False,False,False,False,False,True,False,True,False
LN-10736,21,1.2,38300.0,736,6.06,3400.21,24,11,0,1,1400.0,10.71,0,True,False,False,False,False,False,True,False,True,False,False,False,False,False,True
LN-10737,41,0.4,57100.0,784,3.64,17277.56,17,11,0,0,23500.0,9.99,0,False,False,False,True,True,False,False,True,False,False,False,False,False,False,True
LN-10738,26,1.7,15300.0,687,17.4,12582.47,21,12,2,0,6900.0,14.38,1,False,False,False,True,False,False,True,False,True,False,False,False,False,True,False
LN-10739,48,0.5,59500.0,727,20.0,7443.85,19,11,0,2,2000.0,12.38,1,False,False,False,True,False,False,True,False,False,False,False,True,False,False,True
LN-10740,37,0.9,15000.0,697,17.37,6247.18,19,8,0,0,6800.0,16.07,1,False,False,False,True,True,False,False,False,False,False,False,False,True,False,True
LN-10741,25,19.7,98600.0,718,11.56,24704.61,11,7,0,4,9300.0,12.39,0,True,False,False,False,False,False,True,False,False,False,False,False,True,False,True
LN-10742,51,2.6,72200.0,622,20.64,7734.17,18,13,0,1,26900.0,16.31,1,False,False,False,True,False,True,False,False,False,False,False,False,True,True,False
LN-10743,25,3.4,46500.0,656,8.54,5646.9,18,12,0,2,20900.0,16.16,1,False,False,False,True,True,False,False,False,True,False,False,False,False,True,False
LN-10744,58,9.3,73800.0,700,5.59,5248.12,13,9,0,0,33200.0,12.53,0,False,False,False,True,True,False,False,False,False,False,False,False,True,True,False
LN-10745,23,24.4,31600.0,741,29.26,3873.38,12,4,0,1,1100.0,12.02,1,False,False,False,True,True,False,False,False,False,False,False,True,False,True,False
LN-10746,43,3.9,56400.0,639,10.76,6310.58,20,8,0,1,17300.0,12.1,0,False,False,False,True,False,False,True,False,True,False,False,False,False,True,False
LN-10747,57,7.5,83900.0,578,16.94,1532.88,27,16,0,0,6600.0,18.05,0,True,False,False,False,False,True,False,False,True,False,False,False,False,True,False
LN-10748,57,1.8,15000.0,655,9.96,808.08,15,13,0,0,6800.0,14.91,0,True,False,False,False,False,False,True,True,False,False,False,False,False,True,False
LN-10749,30,1.6,42400.0,731,11.03,9356.69,19,10,1,1,12900.0,12.88,1,False,False,False,True,False,False,True,True,False,False,False,False,False,True,False
LN-10750,30,2.3,53500.0,601,25.86,7267.38,15,7,0,0,9600.0,17.67,1,False,False,False,True,False,False,True,False,True,False,False,False,False,True,False
LN-10751,39,5.0,48600.0,621,16.08,2285.1,14,9,0,2,1000.0,15.47,0,False,False,False,True,False,False,True,False,False,False,False,False,True,True,False
LN-10752,37,5.2,120700.0,688,16.21,1355.33,11,6,0,2,13100.0,13.04,0,False,False,False,True,True,False,False,False,False,False,True,False,False,True,False
LN-10753,41,1.7,29200.0,674,5.52,1855.55,20,13,1,0,7600.0,13.62,0,True,False,False,False,False,False,True,False,True,False,False,False,False,True,False
LN-10754,34,0.6,38500.0,710,15.31,4544.32,19,11,0,3,5700.0,14.39,1,True,False,False,False,False,True,False,True,False,False,False,False,False,True,False
LN-10755,29,4.5,18900.0,619,9.71,7206.48,12,5,0,1,8500.0,12.12,1,True,False,False,False,False,True,False,False,True,False,False,False,False,True,False
LN-10756,66,0.6,124300.0,664,44.05500000000001,2578.39,24,14,2,0,16900.0,18.6,1,True,False,False,False,False,True,False,False,True,False,False,False,False,True,False
LN-10757,21,3.9,47300.0,740,9.07,16908.62,17,10,0,0,10900.0,11.4,0,False,False,False,True,True,False,False,False,True,False,False,False,False,True,False
LN-10758,65,5.3,42600.0,620,34.35,2578.0,20,9,0,0,19200.0,17.41,1,False,False,True,False,False,False,True,False,False,False,False,False,True,True,False
LN-10759,33,5.4,52600.0,754,17.51,1590.4,17,8,0,1,3600.0,12.81,0,True,False,False,False,False,True,False,False,False,False,False,True,False,True,False
LN-10760,24,6.3,76900.0,627,7.09,36444.7325,20,13,1,0,13500.0,15.0,0,False,False,True,False,False,True,False,True,False,False,False,False,False,True,False
LN-10761,21,9.3,65600.0,722,25.79,7124.22,20,11,0,0,27600.0,13.93,0,False,False,False,True,False,False,True,True,False,False,False,False,False,True,False
LN-10762,60,3.1,142987.5,661,33.24,2236.06,15,6,3,0,1800.0,14.25,0,False,False,True,False,False,True,False,False,True,False,False,False,False,True,False
LN-10763,52,5.9,69500.0,623,41.79,26995.01,16,9,0,1,3800.0,18.77,1,True,False,False,False,True,False,False,False,True,False,False,False,False,False,True
LN-10764,54,4.3,41900.0,655,18.77,3153.4,20,10,0,1,1200.0,15.85,0,True,False,False,False,False,False,True,False,True,False,False,False,False,True,False
LN-10765,48,0.9,39800.0,707,9.77,31176.36,17,10,0,5,17900.0,12.39,1,False,False,False,True,False,False,True,False,False,False,False,True,False,True,False
LN-10766,51,0.1,43700.0,680,9.61,1519.84,14,11,1,0,12200.0,13.31,1,True,False,False,False,False,False,True,False,True,False,False,False,False,True,False
LN-10767,28,1.5,23700.0,736,19.43,22127.86,16,11,0,0,9400.0,13.9,1,False,False,True,False,True,False,False,True,False,False,False,False,False,False,True
LN-10768,59,2.6,55400.0,752,5.39,2444.02,18,10,1,1,5800.0,11.58,0,True,False,False,False,False,True,False,False,True,False,False,False,False,True,False
LN-10769,46,4.3,83400.0,621,7.35,33432.98,24,14,0,0,8400.0,17.24,0,True,False,False,False,False,True,False,False,True,False,False,False,False,True,False
LN-10770,54,8.5,38700.0,617,16.16,10246.66,12,4,0,1,17400.0,17.78,0,False,False,True,False,False,True,False,False,True,False,False,False,False,False,True
LN-10771,23,1.0,34800.0,615,25.29,2527.37,20,11,0,0,15700.0,18.67,1,False,False,False,True,True,False,False,False,True,False,False,False,False,True,False
LN-10772,32,0.6,124700.0,635,13.16,22358.04,10,5,1,0,1600.0,15.32,0,True,False,False,False,True,False,False,False,False,False,False,False,True,True,False
LN-10773,21,14.9,24700.0,735,41.32,5942.89,23,11,3,1,5000.0,11.64,1,True,False,False,False,True,False,False,True,False,False,False,False,False,True,False
LN-10774,64,0.5,17400.0,708,20.62,15837.7,17,9,1,0,2900.0,13.18,0,False,False,True,False,True,False,False,False,False,False,True,False,False,True,False
LN-10775,25,2.9,28700.0,653,12.52,12375.06,14,6,0,0,8000.0,14.83,0,False,False,False,True,False,True,False,False,True,False,False,False,False,False,True
LN-10776,50,4.0,23200.0,679,9.84,15033.53,17,8,2,2,10400.0,13.68,1,True,False,False,False,False,True,False,False,False,False,False,True,False,True,False
LN-10777,50,3.5,67000.0,750,7.67,5053.92,13,8,0,2,17900.0,11.93,0,True,False,False,False,True,False,False,False,True,False,False,False,False,False,True
LN-10778,37,0.4,44400.0,775,23.43,33528.3,15,11,0,0,20000.0,12.09,0,True,False,False,False,True,False,False,False,False,False,True,False,False,True,False
LN-10779,67,0.3,48000.0,693,9.18,9846.67,24,8,0,2,10900.0,12.45,1,True,False,False,False,False,False,True,False,True,False,False,False,False,True,False
LN-10780,43,0.5,102100.0,547,19.46,968.8,16,8,3,0,9400.0,19.01,1,False,False,True,False,False,False,True,False,True,False,False,False,False,True,False
LN-10781,35,4.0,37000.0,695,6.35,828.78,14,7,0,0,12000.0,14.41,0,False,False,True,False,True,False,False,False,False,True,False,False,False,False,True
LN-10782,57,3.5,83000.0,727,7.34,16083.45,17,8,0,0,30700.0,12.07,0,False,False,False,True,False,False,True,False,False,False,False,True,False,True,False
LN-10783,41,1.2,124400.0,691,15.3,22763.39,25,13,0,1,14600.0,13.06,0,False,False,False,True,True,False,False,False,True,False,False,False,False,False,True
LN-10784,34,4.6,42200.0,716,7.4,14260.33,21,12,0,0,19000.0,13.45,0,False,False,False,True,False,True,False,False,False,False,False,True,False,True,False
LN-10785,22,7.7,81300.0,698,29.87,3900.41,14,4,0,1,17800.0,15.5,1,False,False,False,True,False,False,True,False,False,False,False,False,True,True,False
LN-10786,31,0.2,47400.0,618,4.51,3072.71,18,9,0,5,21300.0,16.06,1,True,False,False,False,False,False,True,False,False,False,False,True,False,False,True
LN-10787,59,3.1,90100.0,636,6.53,10000.96,13,5,0,2,23800.0,12.7,1,False,False,True,False,False,False,True,True,False,False,False,False,False,True,False
LN-10788,58,5.3,22800.0,664,31.22,2629.51,23,13,0,3,5800.0,17.31,1,True,False,False,False,False,False,True,False,True,False,False,False,False,False,True
LN-10789,54,1.3,21900.0,733,28.44,5719.02,20,8,0,0,9900.0,12.89,1,False,False,False,True,False,True,False,False,False,False,False,True,False,True,False
LN-10790,58,1.7,43700.0,642,31.41,11888.66,12,6,0,0,8800.0,16.01,0,False,False,False,True,False,True,False,False,False,False,False,False,True,True,False
LN-10791,54,4.3,33200.0,703,7.99,4024.18,7,3,0,0,14900.0,12.75,0,True,False,False,False,True,False,False,False,True,False,False,False,False,True,False
LN-10792,38,10.3,40800.0,695,15.01,5648.47,25,17,0,0,18400.0,15.41,1,True,False,False,False,False,True,False,False,True,False,False,False,False,True,False
LN-10793,50,7.5,48000.0,759,17.52,5365.16,20,10,0,1,16200.0,11.99,0,False,False,False,True,False,True,False,False,False,True,False,False,False,True,False
LN-10794,35,3.9,80500.0,678,13.14,7405.87,20,12,0,1,17800.0,13.92,0,False,False,True,False,False,True,False,False,False,False,False,False,True,True,False
LN-10795,47,3.0,43300.0,592,22.0,13463.55,18,9,0,0,2100.0,17.89,0,False,False,True,False,False,True,False,False,True,False,False,False,False,False,True
LN-10796,54,2.0,34400.0,712,27.32,18298.36,25,13,0,1,5500.0,14.14,1,False,False,False,True,False,True,False,True,False,False,False,False,False,True,False
LN-10797,58,4.6,44700.0,787,14.65,13126.45,9,7,0,0,11400.0,10.69,0,False,False,True,False,False,False,True,True,False,False,False,False,False,True,False
LN-10798,53,2.8,35500.0,716,6.99,318.2,16,9,0,0,1000.0,13.07,0,False,False,False,True,False,False,True,False,True,False,False,False,False,True,False
LN-10799,44,0.9,32400.0,641,21.64,27257.65,24,14,0,0,14600.0,15.28,0,True,False,False,False,False,False,True,False,False,False,True,False,False,True,False
LN-10800,35,5.4,22300.0,626,16.77,10444.02,14,6,0,1,6500.0,15.04,1,True,False,False,False,False,False,True,False,True,False,False,False,False,True,False
LN-10801,50,3.7,56300.0,632,25.58,30345.77,22,12,0,5,18000.0,16.99,1,False,False,False,True,False,True,False,False,False,True,False,False,False,False,True
LN-10802,62,2.0,39600.0,780,22.05,36444.7325,18,10,0,0,17800.0,11.4,0,False,False,True,False,False,False,True,False,True,False,False,False,False,True,False
LN-10803,37,10.9,92200.0,664,32.2,7569.89,15,7,0,1,11100.0,16.0,1,True,False,False,False,True,False,False,True,False,False,False,False,False,True,False
LN-10804,25,0.1,24400.0,647,16.56,29775.6,20,10,0,2,11000.0,16.31,1,True,False,False,False,True,False,False,False,True,False,False,False,False,False,True
LN-10805,49,1.7,40200.0,672,36.95,5456.85,19,5,0,0,16100.0,14.96,1,False,False,False,True,True,False,False,False,False,False,False,False,True,True,False
LN-10806,24,0.3,142987.5,664,35.86,3619.4,23,14,0,3,6200.0,16.22,1,False,False,False,True,True,False,False,False,False,False,False,False,True,True,False
LN-10807,30,6.5,32300.0,758,23.83,917.78,23,11,0,0,14500.0,14.17,0,False,False,False,True,False,False,True,True,False,False,False,False,False,False,True
LN-10808,37,5.4,47600.0,629,27.73,7214.05,16,11,0,4,14200.0,19.32,1,True,False,False,False,False,True,False,False,True,False,False,False,False,False,True
LN-10809,30,1.8,27800.0,739,32.4,14003.49,11,5,0,0,2400.0,15.83,0,True,False,False,False,False,False,True,False,True,False,False,False,False,False,True
LN-10810,37,5.1,25800.0,686,13.79,36444.7325,13,6,1,1,11600.0,13.78,1,False,False,False,True,True,False,False,True,False,False,False,False,False,True,False
LN-10811,40,2.3,126900.0,740,32.7,8840.41,21,10,0,2,15800.0,13.45,1,True,False,False,False,True,False,False,False,False,False,False,True,False,True,False
LN-10812,44,6.4,59500.0,759,19.6,15912.55,25,17,0,0,4700.0,14.47,0,True,False,False,False,True,False,False,False,True,False,False,False,False,False,True
LN-10813,25,2.7,58300.0,684,24.49,27177.36,18,5,0,0,25800.0,15.64,0,True,False,False,False,False,True,False,False,True,False,False,False,False,False,True
LN-10814,54,2.4,21300.0,664,26.76,9401.73,17,6,1,0,6600.0,16.63,1,True,False,False,False,True,False,False,False,False,False,False,True,False,True,False
LN-10815,26,12.3,66000.0,683,23.83,2189.28,15,9,0,0,11300.0,14.72,0,False,False,True,False,False,False,True,False,True,False,False,False,False,True,False
LN-10816,22,3.0,102400.0,675,17.27,22622.96,20,11,0,1,5900.0,12.6,0,True,False,False,False,False,False,True,False,False,False,True,False,False,False,True
LN-10817,33,0.6,101900.0,597,29.39,10244.69,12,4,0,2,18000.0,18.74,1,True,False,False,False,True,False,False,False,False,False,False,True,False,True,False
LN-10818,63,4.0,78200.0,758,44.05500000000001,17051.19,16,9,0,0,12200.0,16.17,1,False,False,False,True,False,True,False,True,False,False,False,False,False,True,False
LN-10819,63,15.7,29100.0,692,44.05500000000001,12892.12,25,13,0,0,8900.0,16.91,1,False,False,False,True,True,False,False,False,True,False,False,False,False,True,False
LN-10820,31,2.1,64400.0,622,20.56,755.76,18,9,1,0,1000.0,15.05,0,False,False,False,True,False,False,True,False,True,False,False,False,False,True,False
LN-10821,67,0.3,78200.0,577,31.0,2223.17,13,6,0,0,13100.0,20.585,0,True,False,False,False,True,False,False,False,False,False,False,True,False,False,True
LN-10822,43,1.9,20200.0,564,44.05500000000001,4046.67,21,11,0,3,9100.0,20.585,1,False,False,False,True,False,True,False,False,False,False,False,False,True,True,False
LN-10823,36,3.2,29200.0,719,12.8,4020.77,15,9,0,0,2800.0,12.3,0,False,False,False,True,True,False,False,False,False,False,False,True,False,True,False
LN-10824,51,0.8,88300.0,649,24.31,21930.96,21,11,0,0,5700.0,16.42,1,True,False,False,False,True,False,False,False,True,False,False,False,False,True,False
LN-10825,31,4.8,87700.0,657,24.75,10942.79,20,8,0,0,29500.0,18.94,0,False,False,False,True,True,False,False,False,False,False,False,True,False,True,False
LN-10826,36,25.0,23100.0,704,44.05500000000001,1044.69,17,7,0,0,10400.0,17.2,1,False,False,False,True,False,False,True,False,True,False,False,False,False,True,False
LN-10827,28,2.7,83900.0,654,35.15,5876.57,22,10,2,0,8000.0,16.8,1,False,False,False,True,True,False,False,False,True,False,False,False,False,True,False
LN-10828,24,2.0,57100.0,707,17.23,9752.11,13,8,0,0,25700.0,14.54,0,True,False,False,False,False,False,True,True,False,False,False,False,False,False,True
LN-10829,60,2.3,83200.0,685,18.64,3476.25,6,2,0,0,23400.0,17.26,1,False,False,False,True,False,False,True,False,False,False,False,True,False,False,True
LN-10830,24,0.6,38200.0,676,10.47,487.79,19,11,0,2,1400.0,14.54,0,True,False,False,False,False,True,False,True,False,False,False,False,False,True,False
LN-10831,45,9.7,77300.0,601,7.67,5741.54,17,8,0,0,27400.0,17.12,0,True,False,False,False,True,False,False,False,True,False,False,False,False,True,False
LN-10832,23,2.4,86200.0,639,23.06,7420.68,22,12,0,1,2300.0,16.46,0,True,False,False,False,False,True,False,False,True,False,False,False,False,True,False
LN-10833,52,2.2,44700.0,710,21.65,28216.89,20,12,1,0,2700.0,14.36,0,True,False,False,False,True,False,False,False,False,False,False,True,False,True,False
LN-10834,23,4.9,54700.0,646,15.13,28679.46,20,11,1,0,1100.0,14.9,0,True,False,False,False,False,True,False,False,True,False,False,False,False,True,False
LN-10835,47,2.6,37900.0,740,10.07,8327.43,33,15,0,0,9200.0,12.03,0,False,False,False,True,False,False,True,False,False,False,False,True,False,True,False
LN-10836,49,4.7,134400.0,797,12.98,7652.43,18,7,0,0,14500.0,9.41,0,False,False,False,True,True,False,False,False,False,False,True,False,False,True,False
LN-10837,52,0.3,50700.0,713,44.05500000000001,12276.56,19,12,0,0,19600.0,15.08,1,False,False,False,True,False,False,True,False,True,False,False,False,False,True,False
LN-10838,39,7.6,32600.0,755,9.33,3582.88,15,8,0,2,1000.0,11.87,0,False,False,False,True,True,False,False,False,True,False,False,False,False,True,False
LN-10839,41,12.7,36500.0,716,5.68,4037.67,14,8,0,0,2700.0,11.4,0,False,False,False,True,False,False,True,False,False,True,False,False,False,True,False
LN-10840,25,4.7,58100.0,653,23.67,30.73,18,10,0,0,13600.0,15.85,1,False,False,False,True,False,True,False,False,True,False,False,False,False,True,False
LN-10841,38,13.9,82000.0,690,12.6,977.28,19,6,0,1,10400.0,13.19,1,True,False,False,False,False,True,False,False,True,False,False,False,False,True,False
LN-10842,48,0.7,26000.0,781,26.53,2359.53,16,9,0,1,1000.0,10.48,0,True,False,False,False,False,False,True,False,False,False,False,False,True,True,False
LN-10843,62,2.9,142987.5,654,24.7,12278.92,15,6,0,1,34300.0,16.02,0,False,False,False,True,False,False,True,False,False,False,False,False,True,True,False
LN-10844,42,4.1,64200.0,628,6.49,2869.1,17,8,0,0,19900.0,16.05,1,True,False,False,False,False,False,True,False,False,True,False,False,False,True,False
LN-10845,41,3.9,70000.0,623,23.26,1589.75,17,12,0,1,6200.0,16.05,0,False,False,False,True,False,False,True,False,True,False,False,False,False,False,True
LN-10846,26,2.3,51400.0,669,13.57,11494.88,16,8,0,2,10800.0,16.11,1,False,False,False,True,False,False,True,False,False,False,False,False,True,False,True
LN-10847,21,1.9,54800.0,630,29.58,12658.02,16,8,0,0,6600.0,15.57,1,True,False,False,False,False,True,False,False,True,False,False,False,False,True,False
LN-10848,25,0.6,49900.0,764,29.57,738.33,10,4,0,4,8500.0,14.24,0,False,False,False,True,True,False,False,True,False,False,False,False,False,True,False
LN-10849,61,2.2,94800.0,691,8.07,17788.28,13,10,0,1,12700.0,14.91,1,False,False,False,True,False,True,False,False,True,False,False,False,False,False,True
LN-10850,32,0.8,53900.0,729,6.07,11181.64,17,11,0,1,7100.0,10.28,0,False,False,False,True,True,False,False,False,True,False,False,False,False,True,False
LN-10851,46,6.0,82600.0,665,28.83,6071.36,23,11,1,0,13600.0,16.75,0,False,False,True,False,False,True,False,False,True,False,False,False,False,True,False
LN-10852,66,1.1,42700.0,623,26.85,36444.7325,20,12,0,2,8800.0,17.18,0,True,False,False,False,False,True,False,False,False,False,False,False,True,False,True
LN-10853,54,0.3,60300.0,615,8.42,123.02,13,5,1,0,15000.0,14.54,1,False,False,False,True,False,True,False,False,True,False,False,False,False,True,False
LN-10854,34,3.6,34800.0,635,29.05,9445.58,12,7,0,4,4300.0,17.57,1,True,False,False,False,False,True,False,False,False,False,True,False,False,True,False
LN-10855,46,4.1,105800.0,697,15.87,2088.0,25,21,0,0,2600.0,16.11,0,True,False,False,False,False,True,False,False,False,False,False,True,False,False,True
LN-10856,65,9.2,34200.0,706,3.32,4793.79,18,9,0,2,1000.0,12.95,1,True,False,False,False,False,False,True,False,False,False,False,False,True,True,False
LN-10857,47,3.9,45300.0,710,11.93,1715.4,16,9,0,1,12900.0,12.49,0,True,False,False,False,True,False,False,True,False,False,False,False,False,True,False
LN-10858,29,1.9,45600.0,606,12.63,13239.2,19,11,0,2,20500.0,17.52,1,False,False,False,True,True,False,False,False,True,False,False,False,False,False,True
LN-10859,46,7.3,44600.0,680,2.21,6161.38,23,17,0,0,7600.0,13.42,0,False,False,False,True,False,False,True,False,False,False,False,True,False,False,True
LN-10860,67,3.5,80600.0,629,32.44,36444.7325,21,13,0,0,3300.0,16.96,0,True,False,False,False,True,False,False,False,False,False,False,False,True,True,False
LN-10861,42,0.4,45500.0,700,33.53,12730.5,19,13,0,2,1000.0,15.47,0,True,False,False,False,False,False,True,False,True,False,False,False,False,True,False
LN-10862,67,3.8,116600.0,704,36.79,29915.48,20,11,0,0,10100.0,13.4,0,True,False,False,False,False,False,True,False,False,False,False,True,False,True,False
LN-10863,50,10.7,34500.0,621,7.54,3306.31,21,10,0,1,15500.0,16.97,1,True,False,False,False,False,False,True,False,False,False,False,True,False,False,True
LN-10864,63,2.3,59500.0,728,12.01,4606.51,28,17,0,5,26800.0,10.67,1,False,False,True,False,True,False,False,False,True,False,False,False,False,True,False
LN-10865,37,1.6,35400.0,797,14.1,5405.84,13,6,0,0,1500.0,9.8,0,False,False,True,False,True,False,False,False,False,False,False,False,True,False,True
LN-10866,46,0.7,68300.0,722,6.37,21880.12,18,7,0,0,23700.0,13.89,0,False,False,True,False,True,False,False,False,False,True,False,False,False,False,True
LN-10867,56,0.7,53700.0,672,19.75,2854.15,28,15,1,0,2700.0,14.76,0,True,False,False,False,False,False,True,False,True,False,False,False,False,False,True
LN-10868,21,2.6,49700.0,664,8.76,35186.51,19,9,0,0,22400.0,12.96,0,False,False,True,False,False,True,False,False,False,False,False,False,True,True,False
LN-10869,28,4.1,104200.0,670,16.46,534.69,21,13,0,1,26900.0,15.22,0,False,False,False,True,False,True,False,False,False,False,False,True,False,False,True
LN-10870,55,0.4,37800.0,642,10.42,26471.82,14,10,0,0,1000.0,14.28,1,False,False,False,True,False,False,True,False,True,False,False,False,False,True,False
LN-10871,35,12.6,74800.0,693,23.0,7204.93,18,11,0,0,3800.0,14.64,0,True,False,False,False,False,True,False,False,False,False,False,False,True,True,False
LN-10872,67,6.3,35500.0,623,28.02,8955.99,12,6,0,4,1000.0,17.22,1,True,False,False,False,False,False,True,False,False,False,False,True,False,True,False
LN-10873,42,4.0,57600.0,586,15.19,36444.7325,16,8,1,0,9700.0,15.98,1,True,False,False,False,False,False,True,False,True,False,False,False,False,True,False
LN-10874,34,7.9,28100.0,691,14.45,24487.08,19,7,0,3,1000.0,11.69,0,True,False,False,False,False,True,False,False,True,False,False,False,False,True,False
LN-10875,46,0.4,37600.0,681,21.31,28123.58,20,10,0,0,13800.0,15.37,0,False,False,False,True,False,True,False,False,False,False,False,True,False,False,True
LN-10876,48,2.9,51800.0,651,3.92,10569.2,14,8,0,0,11400.0,16.5,0,False,False,False,True,False,False,True,False,True,False,False,False,False,False,True
LN-10877,43,4.5,142987.5,616,11.95,36444.7325,22,10,0,0,6700.0,15.87,0,True,False,False,False,False,False,True,False,False,False,False,False,True,True,False
LN-10878,34,7.9,57300.0,694,8.84,13969.54,25,16,2,0,8700.0,12.78,0,False,False,False,True,False,False,True,False,False,False,True,False,False,True,False
LN-10879,44,6.9,134600.0,630,33.9,20532.8,17,8,0,1,34300.0,19.33,1,False,False,False,True,False,False,True,False,True,False,False,False,False,True,False
LN-10880,22,1.5,61200.0,673,44.05500000000001,15315.68,17,10,0,1,2600.0,18.43,1,False,False,False,True,False,False,True,False,False,False,True,False,False,True,False
LN-10881,65,12.7,43800.0,768,6.54,18219.51,19,13,0,1,18400.0,8.785000000000002,0,False,False,False,True,False,True,False,False,False,False,False,False,True,True,False
LN-10882,46,0.6,126300.0,713,17.49,12192.37,14,10,0,0,14500.0,13.95,0,True,False,False,False,False,True,False,False,True,False,False,False,False,False,True
LN-10883,34,9.4,68900.0,612,7.55,15553.44,20,6,0,1,15300.0,15.99,1,False,False,False,True,False,True,False,True,False,False,False,False,False,True,False
LN-10884,27,15.9,38000.0,616,8.59,6871.1,8,4,0,0,5900.0,15.39,1,True,False,False,False,True,False,False,False,False,False,True,False,False,False,True
LN-10885,23,0.9,70200.0,688,17.61,14725.56,16,11,0,1,3400.0,13.74,1,False,False,False,True,False,True,False,False,False,False,False,True,False,True,False
LN-10886,67,5.8,46100.0,611,13.71,3889.01,23,14,0,0,14700.0,16.27,0,True,False,False,False,False,False,True,False,True,False,False,False,False,True,False
LN-10887,43,0.2,18100.0,580,17.43,12092.35,25,15,0,0,8100.0,18.27,1,False,False,False,True,False,False,True,False,True,False,False,False,False,False,True
LN-10888,66,2.3,90700.0,707,8.36,8901.81,29,20,0,1,34300.0,11.29,1,True,False,False,False,True,False,False,False,True,False,False,False,False,True,False
LN-10889,63,3.3,98900.0,696,17.63,27456.81,13,9,0,2,9200.0,16.6,0,True,False,False,False,False,False,True,False,False,False,False,False,True,False,True
LN-10890,67,3.9,142987.5,703,33.04,13421.72,13,6,0,2,7800.0,15.17,0,False,False,False,True,False,False,True,True,False,False,False,False,False,True,False
LN-10891,65,12.4,68300.0,693,25.42,10894.53,15,7,0,1,6000.0,14.53,0,False,False,True,False,False,False,True,False,False,False,True,False,False,False,True
LN-10892,38,5.0,47200.0,677,5.81,4506.35,17,5,0,3,21200.0,15.55,0,True,False,False,False,False,True,False,False,True,False,False,False,False,False,True
LN-10893,58,3.0,85800.0,647,39.44,23836.13,22,16,0,1,4100.0,17.05,1,False,False,False,True,False,True,False,False,True,False,False,False,False,True,False
LN-10894,55,7.5,86500.0,706,7.73,668.15,21,9,0,1,10100.0,14.92,0,False,False,False,True,True,False,False,False,True,False,False,False,False,False,True
LN-10895,35,13.5,133400.0,756,8.69,27601.18,14,9,0,1,5900.0,11.08,0,False,False,True,False,True,False,False,False,True,False,False,False,False,True,False
LN-10896,45,0.1,52900.0,655,28.06,12700.39,23,14,0,3,23800.0,14.21,1,True,False,False,False,False,True,False,True,False,False,False,False,False,True,False
LN-10897,57,3.0,49500.0,629,17.97,2521.14,12,9,0,1,4700.0,15.73,0,False,False,False,True,False,False,True,False,False,False,False,True,False,False,True
LN-10898,48,0.4,36600.0,623,14.96,27995.98,22,7,0,4,16200.0,17.33,1,False,False,False,True,False,False,True,True,False,False,False,False,False,True,False
LN-10899,30,7.6,72800.0,637,13.08,4740.61,26,9,1,0,12400.0,16.6,0,True,False,False,False,False,False,True,True,False,False,False,False,False,True,False
LN-10900,59,1.5,23100.0,690,13.45,2211.01,17,7,0,3,5600.0,12.1,1,True,False,False,False,False,False,True,False,False,False,True,False,False,True,False
LN-10901,37,0.6,83000.0,573,13.77,4612.89,17,12,0,0,4100.0,19.14,1,True,False,False,False,False,False,True,False,False,True,False,False,False,True,False
LN-10902,59,2.6,74900.0,702,22.34,36444.7325,17,7,0,1,22800.0,15.25,0,False,False,False,True,False,False,True,False,False,False,False,True,False,True,False
LN-10903,42,4.6,74700.0,712,23.97,16768.68,19,10,0,2,10000.0,14.07,0,True,False,False,False,False,False,True,False,False,False,False,False,True,False,True
LN-10904,46,2.2,58500.0,590,13.7,29837.1,17,12,0,2,13200.0,16.82,1,False,False,False,True,False,False,True,True,False,False,False,False,False,True,False
LN-10905,64,0.3,125900.0,631,35.55,4260.78,18,11,0,0,34300.0,14.71,1,False,False,False,True,True,False,False,False,True,False,False,False,False,True,False
LN-10906,45,4.1,87500.0,684,17.8,1032.44,14,7,0,5,7100.0,14.4,0,True,False,False,False,False,True,False,False,True,False,False,False,False,False,True
LN-10907,37,10.5,38800.0,673,19.62,9927.15,15,7,0,0,17500.0,14.48,1,False,False,True,False,True,False,False,True,False,False,False,False,False,True,False
LN-10908,33,2.2,39200.0,706,31.22,7916.57,17,7,1,0,14300.0,15.98,1,False,False,False,True,False,False,True,True,False,False,False,False,False,False,True
LN-10909,40,1.1,33400.0,673,10.49,15301.54,15,8,0,2,12600.0,13.86,0,True,False,False,False,False,True,False,False,False,True,False,False,False,True,False
LN-10910,45,2.6,73400.0,743,22.6,9388.34,21,11,0,2,1000.0,12.9,0,True,False,False,False,False,False,True,False,False,False,True,False,False,True,False
LN-10911,24,0.2,31300.0,664,9.49,6059.45,21,10,0,1,14100.0,13.05,1,True,False,False,False,False,False,True,False,True,False,False,False,False,True,False
LN-10912,30,7.7,98300.0,631,8.75,56.36,22,10,0,2,3600.0,15.6,1,True,False,False,False,False,False,True,False,False,True,False,False,False,True,False
LN-10913,23,7.9,112200.0,627,37.39,7567.63,13,9,0,0,9000.0,20.585,0,True,False,False,False,True,False,False,True,False,False,False,False,False,False,True
LN-10914,61,4.0,33400.0,717,43.29,1542.77,25,12,0,0,15000.0,15.75,1,False,False,False,True,True,False,False,False,True,False,False,False,False,True,False
LN-10915,65,2.0,48900.0,681,19.53,30612.73,12,7,0,4,10300.0,14.51,1,False,True,False,False,False,False,True,False,False,False,False,False,True,True,False
LN-10916,38,7.2,54700.0,712,11.73,30567.46,16,9,1,1,1000.0,12.97,0,True,False,False,False,False,False,True,False,False,False,False,False,True,False,True
LN-10917,67,3.6,88100.0,711,21.95,19534.22,19,14,0,3,34300.0,13.28,1,True,False,False,False,False,True,False,False,True,False,False,False,False,True,False
LN-10918,56,7.9,131300.0,579,17.14,2061.8,21,11,0,3,1000.0,15.97,1,True,False,False,False,False,False,True,False,True,False,False,False,False,True,False
LN-10919,67,4.5,21400.0,623,26.24,1914.12,13,9,0,1,1300.0,15.13,1,True,False,False,False,False,False,True,True,False,False,False,False,False,True,False
LN-10920,42,6.9,45500.0,629,16.87,9942.39,17,7,0,1,3600.0,15.84,1,False,False,False,True,False,False,True,False,False,False,False,True,False,True,False
LN-10921,54,4.1,46800.0,639,16.97,15599.72,20,10,1,0,12800.0,16.27,0,False,False,False,True,False,True,False,False,False,False,False,False,True,True,False
LN-10922,67,2.4,25100.0,659,8.88,28188.48,19,5,0,0,11300.0,13.3,0,False,False,True,False,False,False,True,False,False,True,False,False,False,True,False
LN-10923,28,14.3,41500.0,730,12.31,26935.69,18,11,0,1,18700.0,13.76,0,False,False,False,True,False,False,True,False,False,False,False,False,True,True,False
LN-10924,60,3.5,68500.0,740,14.81,2025.68,15,7,0,2,14800.0,12.53,0,False,False,False,True,False,False,True,False,False,True,False,False,False,False,True
LN-10925,64,4.2,46500.0,665,22.68,36444.7325,20,7,1,1,19000.0,16.13,0,True,False,False,False,False,True,False,False,False,True,False,False,False,False,True
LN-10926,39,1.1,23200.0,667,11.13,2046.58,28,17,0,0,10400.0,15.38,0,True,False,False,False,True,False,False,True,False,False,False,False,False,True,False
LN-10927,62,4.4,142987.5,645,40.51,21999.85,16,11,0,0,16300.0,16.93,1,False,False,False,True,False,False,True,False,True,False,False,False,False,True,False
LN-10928,61,3.8,62700.0,684,16.63,10610.11,19,10,0,0,23400.0,15.9,0,True,False,False,False,True,False,False,False,False,False,False,False,True,False,True
LN-10929,57,0.9,57600.0,690,6.62,13609.13,15,9,1,1,5800.0,14.84,0,True,False,False,False,True,False,False,False,False,False,False,True,False,False,True
LN-10930,26,0.3,29600.0,720,13.81,11115.24,15,9,1,1,3500.0,12.96,1,True,False,False,False,True,False,False,False,True,False,False,False,False,False,True
LN-10931,46,4.2,62500.0,720,24.64,24453.34,14,3,1,0,6000.0,13.85,0,True,False,False,False,True,False,False,False,True,False,False,False,False,False,True
LN-10932,54,6.5,49500.0,565,14.03,12163.46,14,6,0,1,1000.0,19.21,1,False,False,False,True,False,True,False,False,True,False,False,False,False,True,False
LN-10933,65,3.3,19200.0,672,8.82,22659.02,18,10,0,0,8600.0,15.49,1,False,False,False,True,True,False,False,True,False,False,False,False,False,True,False
LN-10934,26,1.2,30100.0,749,12.71,2012.05,19,14,0,2,13500.0,13.5,0,False,False,False,True,False,False,True,False,True,False,False,False,False,False,True
LN-10935,57,4.9,83900.0,658,11.0,24182.44,17,11,1,0,3400.0,14.48,0,True,False,False,False,False,True,False,True,False,False,False,False,False,False,True
LN-10936,53,0.4,142987.5,737,22.36,36444.7325,14,9,1,1,4100.0,14.95,0,True,False,False,False,True,False,False,False,False,False,False,True,False,False,True
LN-10937,42,2.6,66300.0,665,10.77,12999.02,16,9,0,0,29800.0,14.95,1,True,False,False,False,True,False,False,True,False,False,False,False,False,False,True
LN-10938,41,0.8,99400.0,689,4.35,36444.7325,18,10,0,0,20500.0,11.48,0,True,False,False,False,True,False,False,False,True,False,False,False,False,True,False
LN-10939,26,3.0,49700.0,623,10.28,2979.74,22,17,0,0,7800.0,14.82,0,True,False,False,False,True,False,False,False,False,True,False,False,False,True,False
LN-10940,26,1.0,51700.0,625,29.2,21212.99,14,5,0,4,3200.0,16.77,1,True,False,False,False,True,False,False,False,True,False,False,False,False,True,False
LN-10941,24,2.2,98700.0,716,21.73,2222.18,14,8,0,0,1000.0,14.83,0,False,False,False,True,False,True,False,False,True,False,False,False,False,True,False
LN-10942,50,0.2,135200.0,724,5.14,8706.63,13,11,0,0,15500.0,10.98,0,False,False,False,True,True,False,False,False,True,False,False,False,False,True,False
LN-10943,31,2.3,110800.0,681,27.78,13088.98,29,15,0,0,21200.0,13.97,1,False,False,True,False,False,True,False,False,True,False,False,False,False,True,False
LN-10944,50,3.2,30100.0,619,32.23,12954.98,25,17,0,3,1600.0,17.89,1,False,False,False,True,True,False,False,True,False,False,False,False,False,False,True
LN-10945,51,3.0,52200.0,682,23.13,13335.3,16,8,1,0,1000.0,14.58,1,False,False,False,True,True,False,False,False,True,False,False,False,False,True,False
LN-10946,44,2.2,63100.0,743,9.29,4644.28,15,7,0,0,6200.0,13.47,0,True,False,False,False,True,False,False,False,False,False,False,True,False,False,True
LN-10947,29,8.2,47000.0,767,29.42,36444.7325,16,5,1,0,15400.0,13.19,1,False,False,False,True,False,True,False,True,False,False,False,False,False,True,False
LN-10948,23,0.7,67100.0,664,14.72,78.89,16,10,0,5,30200.0,12.93,1,False,False,True,False,False,False,True,False,True,False,False,False,False,False,True
LN-10949,51,3.0,85100.0,597,10.82,11642.58,18,12,0,5,29600.0,16.03,1,False,False,False,True,False,False,True,False,False,False,False,False,True,True,False
LN-10950,60,0.3,94000.0,722,14.74,24128.82,13,10,1,0,16300.0,12.92,0,False,False,False,True,True,False,False,False,False,True,False,False,False,True,False
LN-10951,57,0.3,136900.0,666,20.69,26609.36,29,20,0,2,23600.0,14.0,0,False,False,False,True,False,True,False,False,False,False,False,False,True,True,False
LN-10952,56,3.8,45200.0,727,23.1,15284.39,16,7,1,0,6200.0,12.35,0,True,False,False,False,False,False,True,False,False,False,False,False,True,True,False
LN-10953,44,3.8,25600.0,694,18.26,10262.69,15,7,0,0,3900.0,14.7,1,False,False,False,True,False,False,True,False,True,False,False,False,False,True,False
LN-10954,51,9.5,66000.0,636,16.0,7335.16,25,9,0,1,1900.0,16.45,0,True,False,False,False,True,False,False,False,True,False,False,False,False,True,False
LN-10955,26,3.7,142987.5,683,8.83,7163.49,13,8,1,0,2800.0,13.34,0,False,False,True,False,True,False,False,False,True,False,False,False,False,True,False
LN-10956,22,14.5,41700.0,745,21.76,6642.69,18,8,0,0,18800.0,14.08,0,False,False,True,False,True,False,False,False,False,False,False,False,True,False,True
LN-10957,40,0.2,79000.0,673,18.55,14443.38,10,8,0,3,34300.0,16.2,1,False,False,False,True,False,True,False,True,False,False,False,False,False,False,True
LN-10958,48,0.5,79400.0,628,22.77,15765.83,12,4,0,0,1000.0,15.11,0,True,False,False,False,False,False,True,False,False,False,False,True,False,True,False
LN-10959,31,0.2,60200.0,601,15.41,8677.4,13,10,1,0,8900.0,15.4,1,True,False,False,False,False,False,True,False,False,False,False,False,True,True,False
LN-10960,24,0.9,54400.0,641,24.19,16202.41,14,6,0,2,6500.0,15.65,0,False,False,True,False,False,False,True,False,True,False,False,False,False,True,False
LN-10961,35,3.5,32600.0,659,22.65,9020.89,20,12,0,0,14700.0,14.59,1,False,True,False,False,True,False,False,False,False,False,False,False,True,True,False
LN-10962,26,4.7,15400.0,721,12.96,1229.07,23,15,0,0,5600.0,11.95,0,False,False,False,True,False,False,True,False,True,False,False,False,False,True,False
LN-10963,50,0.2,29400.0,624,16.25,22895.35,15,7,0,0,4600.0,15.92,1,True,False,False,False,False,True,False,False,True,False,False,False,False,True,False
LN-10964,58,13.1,43700.0,758,25.45,24527.08,28,12,0,0,19700.0,12.37,0,False,False,False,True,False,True,False,False,True,False,False,False,False,True,False
LN-10965,22,8.3,99100.0,613,26.47,3718.5,13,6,0,0,34300.0,14.13,1,False,False,False,True,False,True,False,False,False,False,True,False,False,True,False
LN-10966,35,1.6,51200.0,797,31.69,18525.68,14,9,1,0,3200.0,11.85,0,False,False,False,True,True,False,False,False,False,False,True,False,False,True,False
LN-10967,31,0.4,40700.0,766,10.74,8588.91,13,8,0,1,3800.0,11.74,0,True,False,False,False,False,False,True,False,True,False,False,False,False,False,True
LN-10968,28,0.8,33200.0,687,13.4,1589.04,14,9,0,4,7600.0,14.06,0,True,False,False,False,True,False,False,False,False,False,False,False,True,True,False
LN-10969,46,0.6,77700.0,598,38.53,6089.95,14,6,0,0,17200.0,17.88,1,False,False,False,True,False,False,True,False,True,False,False,False,False,True,False
LN-10970,65,0.6,114400.0,677,44.05500000000001,955.69,24,16,0,1,2600.0,16.16,1,True,False,False,False,False,False,True,False,False,False,True,False,False,True,False
LN-10971,64,3.3,97200.0,661,19.62,18527.57,23,10,0,0,8800.0,15.65,1,False,False,False,True,False,True,False,False,True,False,False,False,False,False,True
LN-10972,25,1.3,75600.0,616,16.09,2621.36,13,7,0,3,25700.0,17.56,0,True,False,False,False,False,False,True,False,False,False,False,False,True,True,False
LN-10973,26,2.0,24100.0,695,44.05500000000001,2155.15,19,10,0,2,3700.0,16.84,1,False,False,False,True,True,False,False,True,False,False,False,False,False,False,True
LN-10974,46,20.5,44600.0,639,40.65,2806.48,24,11,0,1,1000.0,18.84,1,False,False,False,True,False,True,False,True,False,False,False,False,False,True,False
LN-10975,24,5.2,142987.5,644,25.62,3076.23,16,8,1,0,33200.0,18.31,1,False,False,False,True,False,False,True,False,False,False,False,False,True,False,True
LN-10976,39,13.4,100400.0,670,15.54,13448.53,22,13,0,0,21700.0,14.1,0,False,False,False,True,False,False,True,False,False,True,False,False,False,True,False
LN-10977,40,0.7,23300.0,651,20.51,12213.27,18,11,0,0,10500.0,14.9,1,True,False,False,False,False,True,False,True,False,False,False,False,False,True,False
LN-10978,53,2.2,52500.0,784,5.57,1662.0,21,14,0,5,1300.0,10.49,0,False,False,False,True,True,False,False,False,False,False,False,False,True,False,True
LN-10979,40,3.6,66200.0,653,28.13,15466.49,19,11,0,0,29800.0,15.88,1,True,False,False,False,False,True,False,False,False,False,False,False,True,True,False
LN-10980,32,0.4,35600.0,702,11.2,5152.0,16,11,1,0,5100.0,12.46,0,False,False,False,True,False,True,False,False,False,False,True,False,False,True,False
LN-10981,67,0.0,15200.0,687,37.31,7338.2,13,6,0,0,3300.0,16.58,1,True,False,False,False,True,False,False,True,False,False,False,False,False,True,False
LN-10982,21,5.0,57200.0,698,4.45,1600.46,14,9,0,0,9400.0,11.95,0,True,False,False,False,False,True,False,False,True,False,False,False,False,True,False
LN-10983,46,4.6,35100.0,701,11.51,14797.77,17,7,0,1,15800.0,14.22,1,False,False,False,True,False,False,True,False,True,False,False,False,False,True,False
LN-10984,34,2.4,35200.0,724,18.11,5663.53,12,6,0,1,15800.0,12.86,0,True,False,False,False,False,True,False,False,True,False,False,False,False,False,True
LN-10985,58,3.0,44600.0,693,17.53,12000.3,16,6,0,0,13300.0,11.93,1,False,False,False,True,False,True,False,True,False,False,False,False,False,True,False
LN-10986,57,2.4,50300.0,691,10.5,6687.06,18,13,0,0,22600.0,12.27,1,True,False,False,False,True,False,False,False,False,False,False,False,True,False,True
LN-10987,31,0.1,53900.0,683,17.99,601.24,20,9,0,0,8500.0,13.63,0,False,False,False,True,False,True,False,False,False,False,False,False,True,True,False
LN-10988,56,1.8,33300.0,673,15.37,14588.07,23,10,1,0,1000.0,14.42,1,True,False,False,False,True,False,False,False,False,False,False,False,True,False,True
LN-10989,33,0.9,48000.0,634,18.05,9649.16,16,12,0,4,4500.0,15.83,1,True,False,False,False,False,False,True,False,False,False,True,False,False,False,True
LN-10990,63,0.5,20600.0,677,12.54,6835.13,21,5,0,2,5000.0,15.22,1,False,False,True,False,True,False,False,False,False,True,False,False,False,True,False
LN-10991,23,14.1,64300.0,692,30.99,2701.03,21,13,0,3,21400.0,14.16,0,True,False,False,False,False,True,False,False,True,False,False,False,False,True,False
LN-10992,53,4.1,15000.0,700,20.75,11748.95,17,11,0,0,1900.0,11.6,1,True,False,False,False,False,True,False,False,True,False,False,False,False,True,False
LN-10993,26,5.9,46200.0,689,12.94,3862.27,24,14,0,2,2700.0,15.36,0,False,False,False,True,False,False,True,False,True,False,False,False,False,False,True
LN-10994,30,1.7,89800.0,668,24.07,6728.06,18,15,0,0,13300.0,17.85,0,False,False,True,False,False,True,False,False,True,False,False,False,False,False,True
LN-10995,25,2.2,30300.0,677,11.44,697.72,18,7,1,1,2000.0,14.49,0,True,False,False,False,True,False,False,True,False,False,False,False,False,True,False
LN-10996,43,1.2,80300.0,652,11.64,17993.37,14,9,0,0,9600.0,13.96,0,False,False,False,True,False,True,False,True,False,False,False,False,False,True,False
LN-10997,30,0.5,102300.0,696,5.04,1132.22,20,11,0,2,1000.0,13.04,0,True,False,False,False,False,False,True,False,False,False,False,False,True,True,False
LN-10998,64,3.0,15000.0,669,21.56,26579.24,17,9,0,0,6800.0,14.05,1,False,False,False,True,False,True,False,True,False,False,False,False,False,True,False
LN-10999,22,7.2,49800.0,689,18.85,24260.83,25,12,1,1,22400.0,12.99,0,True,False,False,False,False,False,True,False,False,True,False,False,False,True,False
LN-11000,33,5.1,15000.0,730,9.63,36444.7325,16,10,0,2,6800.0,11.87,0,True,False,False,False,True,False,False,False,False,False,False,False,True,True,False
LN-11001,60,3.6,50800.0,645,9.45,28689.29,19,9,0,1,1100.0,15.75,1,False,False,False,True,True,False,False,True,False,False,False,False,False,False,True
LN-11002,22,2.9,54000.0,710,21.8,36444.7325,15,11,1,4,12500.0,13.48,1,True,False,False,False,False,False,True,False,False,False,False,True,False,True,False
LN-11003,40,11.5,15000.0,682,13.27,26193.78,13,6,0,0,1500.0,15.94,0,False,False,False,True,True,False,False,False,True,False,False,False,False,True,False
LN-11004,21,0.3,142987.5,781,21.82,1432.28,20,8,1,0,1000.0,11.5,0,False,False,False,True,True,False,False,True,False,False,False,False,False,True,False
LN-11005,57,1.5,63400.0,669,5.3,6908.25,21,15,0,1,13200.0,14.87,0,False,False,False,True,False,False,True,False,False,False,False,False,True,True,False
LN-11006,29,3.0,34000.0,715,7.53,950.55,24,16,0,0,11900.0,15.1,0,True,False,False,False,False,True,False,False,True,False,False,False,False,True,False
LN-11007,37,6.9,121300.0,681,29.16,9457.36,17,9,0,0,1400.0,14.67,0,False,False,False,True,False,True,False,False,True,False,False,False,False,True,False
LN-11008,29,22.0,20200.0,611,19.6,9054.06,18,13,0,0,6200.0,16.89,1,False,False,False,True,False,True,False,False,False,False,False,True,False,True,False
LN-11009,31,1.2,27600.0,654,25.34,30640.03,20,13,0,2,5300.0,17.78,1,True,False,False,False,False,False,True,False,True,False,False,False,False,False,True
LN-11010,35,9.3,15300.0,724,13.29,36444.7325,17,11,0,1,5900.0,13.74,1,False,False,False,True,False,False,True,False,True,False,False,False,False,False,True
LN-11011,44,8.0,142987.5,658,10.3,3607.49,17,9,1,1,5700.0,14.14,0,False,False,False,True,False,True,False,False,False,False,True,False,False,True,False
LN-11012,58,1.1,65000.0,569,27.98,10476.27,22,14,1,0,24400.0,20.585,1,False,False,False,True,False,False,True,False,False,False,True,False,False,True,False
LN-11013,55,2.3,77900.0,678,2.0,7493.35,15,8,0,0,6100.0,14.6,0,False,False,False,True,True,False,False,False,False,False,False,False,True,True,False
LN-11014,50,2.4,63900.0,625,16.5,9495.34,20,11,0,0,5600.0,14.5,0,True,False,False,False,False,False,True,False,True,False,False,False,False,False,True
LN-11015,51,17.2,74300.0,687,24.56,9104.47,14,7,1,0,1000.0,16.31,0,False,False,False,True,False,True,False,False,False,False,False,False,True,True,False
LN-11016,25,0.9,56600.0,758,13.22,29458.27,22,8,0,0,21900.0,13.42,0,False,False,True,False,True,False,False,False,True,False,False,False,False,True,False
LN-11017,64,7.2,62900.0,718,44.05500000000001,27174.89,17,9,0,3,15100.0,17.26,1,True,False,False,False,False,True,False,True,False,False,False,False,False,True,False
LN-11018,34,1.8,57500.0,757,16.78,1571.38,21,12,0,3,5800.0,13.72,0,False,False,False,True,False,True,False,False,False,False,False,False,True,False,True
LN-11019,31,5.9,38800.0,652,21.87,5079.46,14,9,0,1,8400.0,17.45,1,False,False,False,True,True,False,False,False,False,False,False,False,True,True,False
LN-11020,29,2.5,52800.0,673,9.71,16769.48,24,12,0,0,22100.0,15.0,1,False,False,False,True,True,False,False,True,False,False,False,False,False,True,False
LN-11021,54,3.9,63000.0,628,40.63,13823.67,11,3,0,0,5900.0,18.55,1,True,False,False,False,False,False,True,False,True,False,False,False,False,True,False
LN-11022,32,8.0,57600.0,646,17.9,11969.77,18,8,0,1,9000.0,16.62,0,False,False,False,True,False,True,False,False,False,False,True,False,False,False,True
LN-11023,55,7.3,24000.0,634,13.71,36444.7325,16,10,0,0,1000.0,14.22,1,False,False,False,True,True,False,False,False,True,False,False,False,False,True,False
LN-11024,55,9.1,25900.0,615,17.34,4930.59,15,6,0,1,11700.0,15.76,1,True,False,False,False,False,False,True,False,False,False,True,False,False,False,True
LN-11025,21,3.0,98300.0,748,6.89,8689.43,18,9,0,3,6500.0,12.24,0,False,False,False,True,False,False,True,False,True,False,False,False,False,True,False
LN-11026,60,5.3,45800.0,575,23.38,36444.7325,19,13,0,0,4900.0,19.08,1,False,False,False,True,False,False,True,False,True,False,False,False,False,True,False
LN-11027,42,0.7,74700.0,749,11.64,14271.07,22,11,0,1,13200.0,11.61,0,False,False,True,False,False,False,True,False,True,False,False,False,False,True,False
LN-11028,49,2.4,29700.0,742,20.7,12552.7,21,13,0,3,10500.0,12.58,1,True,False,False,False,True,False,False,True,False,False,False,False,False,False,True
LN-11029,28,3.6,24100.0,705,5.18,2017.43,21,12,0,0,7200.0,11.2,1,False,False,False,True,True,False,False,False,True,False,False,False,False,True,False
LN-11030,31,2.3,34100.0,624,6.64,3398.81,23,14,0,2,15300.0,15.83,1,True,False,False,False,True,False,False,False,True,False,False,False,False,False,True
LN-11031,61,3.3,47900.0,601,17.75,5687.62,16,12,0,2,6300.0,17.73,1,False,False,False,True,True,False,False,False,True,False,False,False,False,True,False
LN-11032,57,25.0,37600.0,653,38.31,7502.43,12,5,0,3,16900.0,20.55,1,True,False,False,False,False,False,True,False,True,False,False,False,False,False,True
LN-11033,34,0.7,110400.0,711,4.66,8251.0,19,8,0,2,21800.0,12.29,0,True,False,False,False,False,False,True,False,True,False,False,False,False,True,False
LN-11034,50,5.1,59800.0,680,11.37,27890.26,19,12,2,1,26900.0,14.19,0,True,False,False,False,True,False,False,False,False,False,True,False,False,True,False
LN-11035,55,3.0,142987.5,628,7.39,1360.87,15,10,0,1,4700.0,16.55,0,False,False,True,False,False,False,True,False,False,False,False,False,True,True,False
LN-11036,41,0.6,67700.0,737,13.08,3425.85,14,8,0,0,1000.0,13.09,0,False,False,True,False,False,False,True,False,True,False,False,False,False,False,True
LN-11037,57,0.8,15000.0,764,17.1,1860.69,22,10,0,1,6800.0,13.06,0,False,False,True,False,True,False,False,False,False,False,True,False,False,False,True
LN-11038,25,13.4,96800.0,669,14.39,15950.38,22,15,1,0,5300.0,15.43,0,True,False,False,False,False,True,False,False,True,False,False,False,False,True,False
LN-11039,39,9.5,23600.0,685,3.31,36444.7325,18,8,0,0,1000.0,14.37,0,False,False,False,True,False,False,True,False,True,False,False,False,False,True,False
LN-11040,34,10.7,61500.0,605,5.31,26927.36,18,7,0,1,1000.0,15.83,0,True,False,False,False,True,False,False,False,True,False,False,False,False,True,False
LN-11041,46,21.5,35400.0,659,7.52,15417.89,19,10,0,1,2700.0,13.64,0,True,False,False,False,True,False,False,False,False,False,False,False,True,True,False
LN-11042,24,1.1,142987.5,706,12.17,261.09,22,16,0,0,6600.0,13.33,0,False,False,True,False,False,False,True,False,True,False,False,False,False,True,False
LN-11043,45,2.0,119600.0,698,9.89,5114.71,18,11,1,0,34300.0,11.12,0,False,False,False,True,True,False,False,False,True,False,False,False,False,True,False
LN-11044,65,5.0,36000.0,655,12.49,23907.55,18,12,0,0,15000.0,15.09,0,False,False,True,False,False,True,False,False,False,False,False,True,False,True,False
LN-11045,62,3.0,50500.0,666,15.53,12703.6,22,14,0,0,7100.0,16.67,1,True,False,False,False,False,True,False,False,False,False,False,False,True,False,True
LN-11046,45,2.4,62000.0,658,13.57,2822.61,22,10,0,0,22500.0,16.77,0,False,False,True,False,True,False,False,False,True,False,False,False,False,True,False
LN-11047,38,3.0,87100.0,666,42.54,7539.27,22,16,0,0,11800.0,18.9,1,False,False,True,False,True,False,False,False,False,False,False,True,False,False,True
LN-11048,60,4.1,55100.0,701,43.37,1104.31,15,9,0,1,7600.0,12.66,1,False,False,False,True,False,False,True,True,False,False,False,False,False,True,False
LN-11049,28,3.9,30800.0,582,17.4,8827.69,24,13,0,0,2200.0,20.14,1,False,False,False,True,False,False,True,False,False,False,False,False,True,False,True
LN-11050,59,0.8,36500.0,676,10.72,27755.07,17,7,0,0,16400.0,15.69,1,False,False,False,True,False,False,True,False,False,False,False,False,True,True,False
LN-11051,60,2.9,54000.0,697,13.46,473.86,16,10,0,3,13700.0,12.37,0,False,False,False,True,False,True,False,False,False,False,False,True,False,True,False
LN-11052,34,3.6,106800.0,651,19.13,11419.64,21,10,0,1,8100.0,14.92,1,True,False,False,False,False,False,True,False,False,False,False,False,True,True,False
LN-11053,52,3.8,68500.0,656,8.85,3184.83,15,8,0,0,8100.0,16.14,0,True,False,False,False,False,True,False,False,True,False,False,False,False,True,False
LN-11054,58,1.1,35400.0,657,19.32,36444.7325,20,10,3,0,15900.0,16.29,1,False,False,True,False,False,False,True,False,False,False,False,False,True,False,True
LN-11055,53,6.1,77400.0,656,13.89,807.81,19,8,0,2,2800.0,15.11,0,True,False,False,False,False,True,False,False,True,False,False,False,False,False,True
LN-11056,43,0.1,43800.0,680,39.24,11525.78,17,13,0,0,7600.0,16.18,1,False,False,False,True,False,False,True,False,False,False,False,False,True,False,True
LN-11057,35,2.0,88400.0,686,8.69,3554.55,11,6,0,1,1000.0,16.6,0,False,False,False,True,True,False,False,True,False,False,False,False,False,True,False
LN-11058,53,6.8,142987.5,575,33.52,25692.03,24,12,0,0,1200.0,19.93,1,False,False,False,True,False,False,True,True,False,False,False,False,False,True,False
LN-11059,45,3.7,44500.0,713,19.22,1560.34,20,8,0,0,10500.0,13.09,1,False,False,False,True,False,False,True,False,False,False,False,False,True,True,False
LN-11060,37,1.4,84200.0,666,10.31,6729.7,11,8,0,3,6700.0,16.93,0,True,False,False,False,True,False,False,False,False,False,False,False,True,False,True
LN-11061,53,5.3,36000.0,777,24.74,2460.13,25,15,0,1,16200.0,11.71,0,False,False,False,True,True,False,False,False,True,False,False,False,False,True,False
LN-11062,67,3.8,50900.0,620,2.0,19279.92,13,10,0,0,22900.0,17.47,0,False,False,False,True,False,False,True,False,False,False,False,False,True,False,True
LN-11063,22,7.2,55100.0,637,12.1,5196.08,17,7,0,2,24800.0,15.98,0,False,False,False,True,False,False,True,False,False,False,False,False,True,True,False
LN-11064,34,6.0,48700.0,670,14.2,2480.06,13,5,0,5,8200.0,13.99,0,True,False,False,False,False,True,False,False,True,False,False,False,False,True,False
LN-11065,60,4.2,142987.5,701,10.6,15531.19,19,11,0,0,6600.0,14.71,0,True,False,False,False,False,True,False,False,True,False,False,False,False,False,True
LN-11066,60,3.0,45800.0,582,28.74,20393.49,16,13,0,0,12300.0,20.02,1,True,False,False,False,True,False,False,True,False,False,False,False,False,False,True
LN-11067,59,0.6,74800.0,639,44.05500000000001,7447.59,17,12,0,2,1300.0,19.11,1,False,False,False,True,False,True,False,False,False,True,False,False,False,True,False
LN-11068,26,1.4,18700.0,710,8.78,5714.18,19,10,0,1,8400.0,15.64,1,False,False,True,False,False,False,True,False,True,False,False,False,False,False,True
LN-11069,26,2.4,68700.0,633,27.44,12000.77,18,5,0,3,30900.0,20.29,1,False,False,False,True,False,True,False,False,True,False,False,False,False,False,True
LN-11070,23,4.1,101500.0,749,16.99,12645.84,26,12,1,1,34300.0,13.58,1,True,False,False,False,True,False,False,False,True,False,False,False,False,False,True
LN-11071,27,3.2,40500.0,657,25.91,12972.05,15,7,2,0,15200.0,14.46,1,True,False,False,False,True,False,False,False,False,False,False,False,True,False,True
LN-11072,28,1.5,15000.0,635,18.9,3871.55,16,9,0,0,6800.0,16.94,1,True,False,False,False,False,False,True,False,False,False,True,False,False,True,False
LN-11073,62,0.0,53000.0,711,14.63,34024.29,16,4,0,0,17200.0,12.81,1,False,False,True,False,False,True,False,False,True,False,False,False,False,True,False
LN-11074,35,3.1,54700.0,760,44.05500000000001,2881.1,19,8,0,2,5300.0,14.33,1,False,False,False,True,False,False,True,False,False,False,False,False,True,False,True
LN-11075,67,1.5,80700.0,701,18.18,5623.89,22,13,0,0,26800.0,14.55,0,True,False,False,False,False,True,False,False,True,False,False,False,False,True,False
LN-11076,49,6.0,142987.5,743,27.22,4003.77,19,9,0,1,2000.0,13.63,0,False,False,False,True,True,False,False,False,True,False,False,False,False,True,False
LN-11077,53,0.1,44000.0,764,10.73,32105.28,25,14,2,0,19800.0,11.14,1,True,False,False,False,False,False,True,False,True,False,False,False,False,False,True
LN-11078,50,4.0,33800.0,634,37.69,21148.98,21,11,0,0,15200.0,16.0,0,False,False,False,True,True,False,False,False,False,False,True,False,False,True,False
LN-11079,59,12.8,28500.0,727,16.54,20009.38,20,7,0,0,2600.0,14.43,0,False,False,False,True,False,True,False,False,True,False,False,False,False,True,False
LN-11080,47,0.9,60400.0,604,6.58,56.65,23,14,2,0,9100.0,16.51,1,True,False,False,False,True,False,False,False,True,False,False,False,False,True,False
LN-11081,56,2.9,70500.0,701,12.93,13896.55,17,8,1,1,31100.0,12.35,0,True,False,False,False,True,False,False,False,True,False,False,False,False,True,False
LN-11082,49,0.4,40100.0,676,17.95,3140.64,19,10,0,1,18000.0,15.3,0,False,False,False,True,False,False,True,False,True,False,False,False,False,True,False
LN-11083,58,4.4,83100.0,742,17.41,36444.7325,20,7,0,0,23400.0,12.84,0,True,False,False,False,False,False,True,False,True,False,False,False,False,False,True
LN-11084,53,3.6,70000.0,739,15.39,9079.47,13,9,0,0,31500.0,13.94,0,True,False,False,False,False,True,False,False,True,False,False,False,False,False,True
LN-11085,57,2.4,55500.0,708,17.03,9980.72,16,8,1,0,25000.0,13.78,1,False,False,False,True,False,False,True,False,True,False,False,False,False,True,False
LN-11086,47,3.3,33000.0,695,8.26,5289.68,19,14,1,2,14800.0,10.04,1,True,False,False,False,False,True,False,False,True,False,False,False,False,True,False
LN-11087,53,10.2,41600.0,705,16.64,9233.36,23,14,0,2,7500.0,14.6,0,True,False,False,False,False,True,False,False,False,False,False,True,False,False,True
LN-11088,24,1.0,15000.0,683,11.92,16622.92,17,10,0,0,4700.0,14.6,0,True,False,False,False,True,False,False,False,True,False,False,False,False,False,True
LN-11089,42,0.1,61700.0,677,21.88,9904.25,20,11,0,0,14000.0,13.9,1,False,False,False,True,False,True,False,True,False,False,False,False,False,True,False
LN-11090,22,8.9,55000.0,752,17.22,12301.99,22,8,0,1,2900.0,10.5,0,False,False,False,True,True,False,False,False,True,False,False,False,False,True,False
LN-11091,30,3.9,60100.0,758,11.09,7674.55,19,14,0,1,11400.0,11.07,0,True,False,False,False,True,False,False,False,False,False,True,False,False,True,False
LN-11092,25,10.0,71500.0,673,22.56,15122.27,15,10,1,1,12100.0,14.55,0,False,False,True,False,True,False,False,False,False,False,False,False,True,True,False
LN-11093,30,4.1,67000.0,692,28.45,27578.22,14,9,0,0,23000.0,15.61,1,True,False,False,False,False,False,True,False,True,False,False,False,False,True,False
LN-11094,53,7.5,51000.0,684,19.72,628.81,16,9,0,2,6300.0,15.22,1,False,False,False,True,False,True,False,False,False,False,False,True,False,False,True
LN-11095,58,2.5,55600.0,599,9.76,1362.01,11,9,0,0,12900.0,16.42,1,True,False,False,False,False,False,True,False,False,True,False,False,False,True,False
LN-11096,33,6.2,25000.0,663,44.05500000000001,13885.42,24,9,1,0,11200.0,17.48,1,False,False,True,False,False,True,False,False,True,False,False,False,False,True,False
LN-11097,51,11.0,39300.0,760,15.84,5692.08,25,13,0,0,7700.0,11.09,0,False,False,False,True,False,False,True,False,True,False,False,False,False,True,False
LN-11098,67,3.8,55700.0,643,19.35,3969.05,23,11,0,2,11900.0,15.48,1,False,True,False,False,True,False,False,False,False,False,False,False,True,False,True
LN-11099,56,0.9,36100.0,786,4.51,2360.84,15,7,0,1,16200.0,12.56,1,False,False,True,False,False,True,False,False,False,False,False,True,False,True,False
LN-11100,65,1.4,86900.0,739,16.97,10201.44,17,9,0,0,4000.0,12.32,0,False,False,False,True,False,True,False,False,False,False,False,False,True,True,False
LN-11101,44,1.0,37700.0,700,25.65,5123.93,9,3,0,2,1500.0,14.1,0,False,False,True,False,True,False,False,False,True,False,False,False,False,True,False
LN-11102,35,1.3,61000.0,708,13.8,8510.36,20,8,0,1,16000.0,14.84,1,False,False,False,True,False,False,True,False,False,False,True,False,False,True,False
LN-11103,49,1.6,57800.0,634,21.1,36444.7325,12,9,0,0,6500.0,19.36,1,True,False,False,False,False,True,False,False,False,False,True,False,False,False,True
LN-11104,28,3.6,81700.0,667,21.5,17039.09,10,3,0,5,6700.0,17.81,1,False,False,False,True,True,False,False,False,True,False,False,False,False,False,True
LN-11105,25,4.0,88900.0,752,26.8,19072.73,15,8,0,0,34300.0,12.31,0,False,False,False,True,False,False,True,False,True,False,False,False,False,True,False
LN-11106,49,2.5,79400.0,649,16.16,1591.38,17,11,0,0,7300.0,15.64,0,True,False,False,False,False,True,False,False,True,False,False,False,False,True,False
LN-11107,67,4.3,17000.0,733,12.57,4716.16,19,10,0,1,7600.0,12.95,0,True,False,False,False,False,False,True,True,False,False,False,False,False,True,False
LN-11108,24,0.4,104500.0,611,7.17,1347.76,20,12,0,2,1600.0,18.41,1,False,False,False,True,True,False,False,True,False,False,False,False,False,True,False
LN-11109,32,0.4,125500.0,620,21.63,36444.7325,12,7,0,0,5900.0,17.09,1,True,False,False,False,False,False,True,False,True,False,False,False,False,True,False
LN-11110,65,0.8,41600.0,775,43.3,13755.53,20,9,1,2,16500.0,13.92,1,False,False,False,True,False,False,True,False,True,False,False,False,False,True,False
LN-11111,22,3.3,61700.0,679,9.94,233.05,17,13,0,2,1900.0,12.55,1,False,False,False,True,False,True,False,False,True,False,False,False,False,True,False
LN-11112,47,1.1,33200.0,653,24.7,7743.83,17,11,0,3,6900.0,15.27,1,False,False,False,True,False,False,True,False,True,False,False,False,False,False,True
LN-11113,51,1.5,18600.0,748,39.84,3670.57,16,5,0,0,8400.0,16.58,0,True,False,False,False,False,False,True,False,False,False,True,False,False,False,True
LN-11114,56,2.3,36100.0,742,10.75,9317.27,16,9,1,1,16200.0,13.23,1,False,False,False,True,False,True,False,False,False,False,False,False,True,False,True
LN-11115,56,7.5,40300.0,726,29.01,2361.78,11,7,1,0,4600.0,14.33,1,False,False,False,True,False,False,True,False,True,False,False,False,False,True,False
LN-11116,46,0.1,44600.0,652,6.52,702.43,15,5,0,0,6200.0,15.65,0,False,False,False,True,False,True,False,False,False,True,False,False,False,True,False
LN-11117,63,4.7,32000.0,666,29.21,4684.16,14,5,0,0,9800.0,16.75,1,False,False,False,True,False,True,False,True,False,False,False,False,False,True,False
LN-11118,47,5.0,36200.0,696,4.65,4203.32,25,18,0,0,16300.0,14.67,0,True,False,False,False,False,True,False,False,True,False,False,False,False,False,True
LN-11119,25,7.2,53800.0,715,3.35,15146.16,19,11,0,0,2300.0,13.85,0,False,False,True,False,False,True,False,False,True,False,False,False,False,False,True
LN-11120,40,12.1,35500.0,655,8.8,7721.98,19,8,0,0,10500.0,14.61,1,False,False,False,True,False,False,True,False,False,False,True,False,False,True,False
LN-11121,31,0.1,73100.0,689,22.01,4132.35,12,8,0,0,1100.0,15.66,0,False,False,True,False,False,False,True,False,False,False,False,False,True,False,True
LN-11122,30,0.8,78800.0,693,17.99,10139.66,12,6,0,0,7100.0,15.06,0,True,False,False,False,True,False,False,False,False,False,True,False,False,True,False
LN-11123,60,9.8,142987.5,744,29.68,887.86,18,11,0,0,3000.0,12.14,0,True,False,False,False,True,False,False,False,False,False,False,False,True,True,False
LN-11124,58,2.8,100600.0,718,15.82,13029.04,19,9,2,1,5200.0,11.73,0,True,False,False,False,False,False,True,False,False,False,False,False,True,True,False
LN-11125,26,3.7,61900.0,605,8.12,1912.02,27,17,0,0,5600.0,17.09,0,True,False,False,False,False,True,False,False,False,False,False,True,False,False,True
LN-11126,28,4.9,38500.0,669,18.35,3937.04,20,10,1,0,17300.0,14.94,1,False,False,False,True,False,True,False,False,False,False,False,True,False,True,False
LN-11127,43,5.1,63700.0,634,23.28,3977.48,19,19,0,0,4300.0,17.14,1,True,False,False,False,False,True,False,False,False,False,False,False,True,True,False
LN-11128,67,12.1,64800.0,708,21.14,7524.99,27,17,1,2,15300.0,13.47,1,True,False,False,False,False,True,False,False,False,False,False,False,True,True,False
LN-11129,46,25.0,40900.0,726,21.7,36444.7325,22,14,0,1,10700.0,12.27,0,True,False,False,False,False,False,True,False,False,False,True,False,False,True,False
LN-11130,66,5.7,83400.0,685,25.04,4710.45,15,10,1,0,22800.0,16.51,0,True,False,False,False,False,True,False,False,True,False,False,False,False,False,True
LN-11131,63,3.0,25100.0,667,16.62,3964.1,21,9,0,5,5400.0,16.3,1,False,False,False,True,False,False,True,False,False,False,False,False,True,True,False
LN-11132,32,9.5,47400.0,683,29.68,2218.65,14,5,3,1,21300.0,16.66,1,True,False,False,False,False,True,False,False,True,False,False,False,False,False,True
LN-11133,46,0.2,73600.0,690,5.81,5970.35,22,10,1,0,4900.0,11.34,0,True,False,False,False,True,False,False,True,False,False,False,False,False,True,False
LN-11134,33,1.2,46300.0,648,30.6,2411.32,24,13,0,2,12100.0,16.74,1,False,False,False,True,False,True,False,False,False,False,True,False,False,True,False
LN-11135,60,10.2,48400.0,619,29.96,1778.79,15,10,0,3,14000.0,15.97,1,False,False,False,True,False,False,True,False,False,False,False,False,True,False,True
LN-11136,38,1.3,50200.0,577,15.94,23369.06,23,14,1,1,10800.0,18.46,1,True,False,False,False,True,False,False,False,True,False,False,False,False,False,True
LN-11137,45,1.1,34200.0,743,19.91,648.9,22,13,0,3,15400.0,10.11,1,False,False,True,False,True,False,False,False,True,False,False,False,False,True,False
LN-11138,53,0.7,103300.0,705,22.46,14888.68,9,4,1,0,1700.0,13.42,0,True,False,False,False,True,False,False,True,False,False,False,False,False,True,False
LN-11139,67,8.8,30900.0,698,44.05500000000001,2716.35,8,5,0,4,12700.0,17.62,1,True,False,False,False,False,True,False,True,False,False,False,False,False,True,False
LN-11140,60,3.1,64500.0,743,15.11,141.41,17,5,0,0,9900.0,12.79,0,False,False,False,True,False,False,True,False,True,False,False,False,False,False,True
LN-11141,63,5.1,68000.0,617,15.51,19025.43,12,5,0,1,7600.0,18.58,0,False,False,False,True,True,False,False,False,False,False,False,False,True,False,True
LN-11142,32,1.2,32200.0,593,7.55,14539.44,22,4,0,0,5900.0,16.59,1,False,False,False,True,False,True,False,False,True,False,False,False,False,True,False
LN-11143,64,6.4,56400.0,699,36.95,4882.97,14,8,0,0,2300.0,13.94,0,False,False,False,True,True,False,False,False,True,False,False,False,False,True,False
LN-11144,56,6.4,32800.0,695,21.35,991.88,16,8,0,3,14700.0,16.25,1,False,False,False,True,False,False,True,False,False,False,False,False,True,False,True
LN-11145,24,1.7,116400.0,593,13.44,5368.04,23,14,0,0,1800.0,17.63,0,False,False,False,True,False,False,True,False,False,False,True,False,False,True,False
LN-11146,25,2.4,29000.0,698,17.1,2400.86,9,5,0,2,13000.0,15.26,1,True,False,False,False,True,False,False,False,True,False,False,False,False,True,False
LN-11147,57,1.1,37800.0,660,26.58,32348.16,14,4,0,0,8300.0,16.56,1,True,False,False,False,False,True,False,False,False,False,False,True,False,True,False
LN-11148,28,16.9,27600.0,640,17.89,9050.65,11,9,0,1,12400.0,16.22,1,False,False,False,True,False,False,True,False,True,False,False,False,False,True,False
LN-11149,62,4.7,25700.0,663,21.27,36444.7325,8,5,0,0,1100.0,13.99,1,False,False,False,True,False,False,True,False,False,False,True,False,False,True,False
LN-11150,48,12.3,130000.0,558,8.46,5193.68,22,13,0,1,1400.0,18.5,1,False,False,False,True,False,True,False,False,False,False,False,False,True,True,False
LN-11151,51,3.0,73000.0,650,9.22,9755.68,14,4,1,2,3800.0,14.46,0,True,False,False,False,False,False,True,False,False,False,False,False,True,True,False
LN-11152,29,6.9,58500.0,645,32.31,2530.48,19,13,0,1,21200.0,17.61,1,False,False,False,True,False,True,False,False,False,False,False,False,True,True,False
LN-11153,49,6.5,37800.0,708,11.1,19829.97,18,8,0,0,9300.0,15.61,0,False,False,False,True,False,True,False,True,False,False,False,False,False,True,False
LN-11154,34,5.3,89200.0,672,24.45,503.63,18,11,2,0,5200.0,16.6,1,False,False,True,False,True,False,False,False,True,False,False,False,False,True,False
LN-11155,60,15.2,34400.0,712,9.34,14273.56,17,7,0,0,15500.0,13.01,0,True,False,False,False,False,False,True,False,False,True,False,False,False,True,False
LN-11156,61,2.3,83800.0,553,4.05,5964.26,23,13,1,2,3000.0,17.42,1,False,False,False,True,True,False,False,False,True,False,False,False,False,True,False
LN-11157,42,3.0,33500.0,638,29.2,10364.83,26,16,1,1,4200.0,17.12,1,False,False,False,True,False,False,True,False,True,False,False,False,False,False,True
LN-11158,31,5.0,38000.0,708,12.03,10765.48,23,11,1,1,17100.0,10.22,1,False,False,False,True,False,True,False,False,True,False,False,False,False,True,False
LN-11159,43,5.9,82200.0,665,39.4,14887.44,19,8,0,0,1000.0,17.63,0,True,False,False,False,False,False,True,False,True,False,False,False,False,False,True
LN-11160,21,3.9,87100.0,722,10.39,2741.83,17,10,0,0,3500.0,11.81,0,True,False,False,False,True,False,False,False,False,False,False,False,True,True,False
LN-11161,66,1.0,75300.0,590,6.71,9095.71,18,9,0,1,10300.0,16.74,0,False,False,False,True,True,False,False,False,True,False,False,False,False,True,False
LN-11162,57,3.2,30400.0,717,9.77,6680.88,26,17,0,0,13700.0,12.92,0,True,False,False,False,True,False,False,False,False,False,False,False,True,False,True
LN-11163,41,1.7,42400.0,648,17.01,3978.46,24,9,0,0,4300.0,15.59,0,False,False,False,True,False,True,False,False,False,False,True,False,False,True,False
LN-11164,46,2.5,59100.0,643,44.05500000000001,8215.67,21,14,0,0,3400.0,20.585,1,False,False,False,True,False,True,False,False,False,False,False,True,False,False,True
LN-11165,66,4.7,34000.0,730,36.22,36442.41,17,11,0,1,15300.0,14.43,1,False,False,False,True,True,False,False,False,True,False,False,False,False,True,False
LN-11166,56,6.2,115200.0,738,28.77,35684.11,15,9,0,1,10400.0,13.08,0,True,False,False,False,True,False,False,False,True,False,False,False,False,False,True
LN-11167,43,1.2,15000.0,732,39.91,3922.35,20,13,0,0,1000.0,13.47,1,False,False,False,True,True,False,False,False,True,False,False,False,False,True,False
LN-11168,21,2.3,35300.0,782,15.3,25871.43,20,12,0,0,4500.0,11.73,0,False,False,False,True,False,True,False,False,True,False,False,False,False,True,False
LN-11169,60,1.4,40900.0,743,12.14,25122.95,21,12,0,0,10700.0,13.8,1,False,False,False,True,True,False,False,True,False,False,False,False,False,False,True
LN-11170,35,1.0,15000.0,640,30.01,3445.54,16,9,0,0,1000.0,15.57,1,False,False,False,True,False,False,True,False,False,False,False,False,True,True,False
LN-11171,41,6.9,25100.0,687,16.4,10964.05,18,14,1,1,11300.0,14.99,1,True,False,False,False,False,False,True,False,True,False,False,False,False,False,True
LN-11172,67,10.8,76400.0,662,9.5,24476.72,22,14,0,0,10300.0,16.36,0,False,False,False,True,False,False,True,False,False,False,False,True,False,False,True
LN-11173,29,2.1,55100.0,781,2.0,8683.15,15,7,1,0,17300.0,11.93,0,False,False,False,True,False,False,True,False,True,False,False,False,False,True,False
LN-11174,29,6.3,128700.0,735,8.82,5540.04,25,12,0,1,5900.0,12.1,0,True,False,False,False,True,False,False,False,False,False,False,False,True,True,False
LN-11175,30,10.2,126700.0,671,22.32,12624.82,14,9,0,3,7600.0,14.77,0,True,False,False,False,True,False,False,False,True,False,False,False,False,True,False
LN-11176,46,8.4,68700.0,724,9.53,2271.07,15,8,0,0,30900.0,11.85,0,True,False,False,False,True,False,False,True,False,False,False,False,False,True,False
LN-11177,61,0.9,64400.0,618,26.66,2117.0,14,9,0,0,3300.0,17.23,1,True,False,False,False,False,True,False,False,False,False,True,False,False,True,False
LN-11178,55,14.1,56200.0,693,6.47,21451.74,17,7,0,0,1000.0,15.71,0,False,False,False,True,False,True,False,False,False,True,False,False,False,False,True
LN-11179,45,2.1,15000.0,633,8.99,513.32,20,7,0,0,6800.0,15.34,1,True,False,False,False,False,True,False,False,False,False,False,True,False,True,False
LN-11180,46,1.9,25200.0,596,40.13,19533.05,15,9,0,1,1000.0,19.44,1,True,False,False,False,False,True,False,False,False,False,True,False,False,True,False
LN-11181,31,0.3,57300.0,719,28.59,4118.24,18,8,0,1,25800.0,12.27,0,False,False,False,True,True,False,False,False,True,False,False,False,False,True,False
LN-11182,58,3.0,76000.0,725,17.13,7919.39,21,12,0,0,24500.0,14.78,0,False,False,True,False,False,True,False,False,False,False,False,False,True,True,False
LN-11183,22,0.5,63500.0,703,17.12,9410.39,12,11,0,0,9400.0,15.18,0,False,False,False,True,False,True,False,False,True,False,False,False,False,True,False
LN-11184,27,1.3,33200.0,671,9.87,17484.17,25,13,0,0,14900.0,14.66,0,False,True,False,False,False,True,False,False,True,False,False,False,False,False,True
LN-11185,38,1.7,90700.0,617,32.72,25835.3,20,12,0,0,1600.0,17.45,1,True,False,False,False,True,False,False,False,True,False,False,False,False,True,False
LN-11186,47,7.4,122400.0,622,33.05,19569.42,12,5,0,2,20200.0,19.86,0,True,False,False,False,False,False,True,False,False,False,False,False,True,False,True
LN-11187,54,9.4,90800.0,632,15.19,10193.23,19,9,2,0,21400.0,20.23,0,False,False,True,False,False,True,False,False,True,False,False,False,False,False,True
LN-11188,47,1.6,93400.0,668,14.98,5132.78,17,6,0,2,1000.0,12.5,0,True,False,False,False,True,False,False,False,False,False,False,False,True,True,False
LN-11189,37,8.8,39800.0,734,11.7,8972.71,18,10,0,0,9600.0,11.53,1,False,False,False,True,False,True,False,True,False,False,False,False,False,True,False
LN-11190,63,8.8,97900.0,733,19.57,365.78,20,11,0,2,34300.0,12.34,0,False,False,False,True,True,False,False,False,False,False,False,False,True,True,False
LN-11191,64,6.5,58700.0,598,4.27,3372.13,22,13,0,1,26400.0,17.15,1,False,False,False,True,False,False,True,False,False,False,True,False,False,True,False
LN-11192,44,0.7,71800.0,645,16.05,5471.42,21,13,0,0,32300.0,15.77,1,False,False,False,True,False,False,True,False,False,True,False,False,False,True,False
LN-11193,45,5.3,66200.0,644,28.87,4623.62,19,10,0,0,15000.0,15.79,1,True,False,False,False,True,False,False,False,False,True,False,False,False,True,False
LN-11194,27,13.1,50700.0,553,18.31,1199.79,14,6,1,1,2100.0,16.77,1,False,False,False,True,False,True,False,False,False,False,False,True,False,True,False
LN-11195,26,5.2,33800.0,708,24.64,625.05,15,10,0,0,7500.0,15.23,1,False,False,False,True,False,True,False,False,True,False,False,False,False,True,False
LN-11196,44,1.8,51800.0,668,20.77,6551.52,15,4,0,3,18200.0,14.75,1,True,False,False,False,False,False,True,False,False,False,False,False,True,True,False
LN-11197,53,3.1,93200.0,674,18.74,932.94,19,9,0,0,4700.0,13.24,0,False,False,True,False,False,False,True,True,False,False,False,False,False,True,False
LN-11198,49,4.7,42500.0,747,16.84,4045.97,18,8,0,2,19100.0,12.32,1,False,False,False,True,False,True,False,True,False,False,False,False,False,False,True
LN-11199,63,3.2,88600.0,684,26.75,7728.3,16,3,0,1,27700.0,14.44,1,False,False,False,True,False,False,True,False,False,False,False,False,True,True,False
LN-11200,42,0.6,81300.0,658,14.57,2828.08,27,15,0,0,20200.0,14.45,1,False,False,False,True,True,False,False,False,True,False,False,False,False,True,False
LN-11201,46,1.7,46000.0,709,8.58,994.51,18,13,0,0,5900.0,12.44,0,True,False,False,False,True,False,False,False,True,False,False,False,False,False,True
LN-11202,48,7.3,116300.0,733,34.78,6790.42,16,7,0,0,18900.0,12.79,0,False,False,False,True,False,False,True,False,True,False,False,False,False,True,False
LN-11203,41,8.9,44600.0,695,25.24,7140.85,21,9,2,1,1100.0,17.32,1,True,False,False,False,False,True,False,False,False,False,False,False,True,True,False
LN-11204,27,0.7,124300.0,714,3.88,29668.29,16,11,0,2,5700.0,13.56,0,False,False,False,True,False,True,False,True,False,False,False,False,False,False,True
LN-11205,37,13.7,68800.0,673,19.79,1641.36,20,15,0,2,20300.0,15.25,1,False,False,False,True,False,False,True,False,False,False,True,False,False,False,True
LN-11206,40,1.8,53700.0,676,3.56,11454.0,18,12,0,0,22200.0,13.81,0,False,False,True,False,False,False,True,False,False,False,False,True,False,True,False
LN-11207,61,4.9,33200.0,686,6.89,4622.7,17,10,0,2,5400.0,13.49,0,False,False,False,True,False,True,False,False,True,False,False,False,False,True,False
LN-11208,40,6.3,51600.0,642,21.05,1583.16,17,6,1,0,23200.0,14.75,1,False,False,False,True,False,True,False,False,False,False,True,False,False,True,False
LN-11209,42,7.5,48400.0,652,33.94,5993.63,24,20,0,0,4500.0,15.25,1,False,False,False,True,False,True,False,False,True,False,False,False,False,False,True
LN-11210,48,13.1,27100.0,749,44.05500000000001,6702.09,14,6,0,0,12200.0,14.01,1,True,False,False,False,False,True,False,False,True,False,False,False,False,True,False
LN-11211,60,1.7,48100.0,780,40.25,5422.47,18,8,1,0,21600.0,12.74,1,True,False,False,False,True,False,False,False,False,False,True,False,False,True,False
LN-11212,27,8.8,34800.0,760,5.06,17415.51,19,9,0,2,11200.0,10.65,1,False,False,False,True,True,False,False,False,False,False,False,True,False,True,False
LN-11213,21,0.6,74800.0,614,43.22,21931.61,20,14,0,1,7400.0,16.31,1,False,False,False,True,False,True,False,True,False,False,False,False,False,True,False
LN-11214,52,5.5,111100.0,609,26.71,1932.34,25,13,0,0,3300.0,20.32,0,False,False,False,True,True,False,False,False,False,False,False,False,True,True,False
LN-11215,33,6.1,27600.0,620,27.97,2205.7,17,6,0,0,3100.0,19.98,1,True,False,False,False,False,False,True,False,False,False,False,False,True,True,False
LN-11216,50,5.1,138900.0,687,11.32,6561.94,21,14,0,0,2400.0,14.16,0,True,False,False,False,True,False,False,False,False,False,False,False,True,True,False
LN-11217,43,3.0,50500.0,540,22.25,4631.28,18,14,0,1,8200.0,19.23,1,True,False,False,False,False,True,False,False,False,False,False,True,False,True,False
LN-11218,39,9.3,31700.0,651,21.28,20549.19,19,8,0,1,11100.0,15.89,0,True,False,False,False,True,False,False,False,True,False,False,False,False,False,True
LN-11219,52,0.8,82200.0,750,22.07,36444.7325,15,8,0,1,25600.0,13.16,0,False,False,False,True,False,True,False,False,False,False,False,False,True,True,False
LN-11220,50,0.2,42400.0,729,24.4,2397.67,11,5,0,3,3400.0,13.18,0,False,False,False,True,False,False,True,False,False,False,False,False,True,True,False
LN-11221,49,5.7,51800.0,655,16.63,17253.28,18,6,0,0,19700.0,17.57,1,False,False,False,True,False,True,False,False,True,False,False,False,False,False,True
LN-11222,65,2.9,43400.0,658,14.59,11214.89,14,6,0,1,16600.0,15.91,1,False,False,False,True,False,False,True,False,True,False,False,False,False,True,False
LN-11223,49,8.5,34600.0,708,17.73,12408.2,28,16,0,3,14100.0,12.44,1,False,False,False,True,False,True,False,False,False,False,True,False,False,True,False
LN-11224,50,2.2,80700.0,727,31.74,3685.5,14,8,0,1,5800.0,13.15,0,True,False,False,False,False,True,False,False,True,False,False,False,False,True,False
LN-11225,36,0.8,46300.0,653,27.73,1227.0,24,16,1,0,5400.0,17.19,1,True,False,False,False,True,False,False,False,False,False,False,True,False,True,False
LN-11226,60,8.1,24600.0,668,30.74,9403.59,14,9,3,0,11100.0,16.62,1,False,False,True,False,False,True,False,False,True,False,False,False,False,True,False
LN-11227,39,3.6,73400.0,652,21.34,11407.66,20,11,1,2,4500.0,15.21,1,False,False,False,True,False,True,False,True,False,False,False,False,False,False,True
LN-11228,38,0.9,27900.0,613,9.03,36444.7325,21,13,0,1,5600.0,15.26,1,True,False,False,False,False,False,True,False,False,False,False,False,True,True,False
LN-11229,21,5.7,28700.0,669,11.62,13495.7,17,7,0,1,12900.0,14.04,1,True,False,False,False,True,False,False,True,False,False,False,False,False,True,False
LN-11230,34,3.2,104400.0,665,27.59,7037.03,11,10,0,1,34300.0,15.58,1,True,False,False,False,True,False,False,False,False,False,False,False,True,True,False
LN-11231,67,4.2,28100.0,617,32.49,36444.7325,16,8,0,3,1000.0,17.47,1,False,False,False,True,True,False,False,True,False,False,False,False,False,True,False
LN-11232,22,2.8,15200.0,712,30.03,5606.28,16,7,0,2,6800.0,15.4,0,False,False,False,True,False,False,True,False,True,False,False,False,False,True,False
LN-11233,48,7.9,76300.0,704,17.8,2128.85,18,9,0,2,10700.0,13.77,0,False,False,False,True,False,True,False,False,True,False,False,False,False,True,False
LN-11234,50,8.0,45800.0,715,19.35,11547.39,16,8,0,1,8600.0,14.46,0,False,False,False,True,False,False,True,False,True,False,False,False,False,False,True
LN-11235,58,5.6,48100.0,642,18.09,3715.05,20,12,0,1,4500.0,14.7,0,True,False,False,False,False,True,False,False,False,True,False,False,False,True,False
LN-11236,24,0.5,45600.0,581,5.94,30644.11,19,7,1,4,9900.0,16.78,1,False,False,False,True,False,False,True,False,False,False,False,False,True,True,False
LN-11237,21,8.2,61500.0,703,8.3,6700.63,14,9,0,3,8500.0,13.83,0,False,False,False,True,False,True,False,False,False,False,False,False,True,False,True
LN-11238,28,5.0,35800.0,647,23.85,1944.81,17,8,0,2,7200.0,15.33,1,True,False,False,False,False,True,False,False,True,False,False,False,False,True,False
LN-11239,49,5.4,122000.0,635,13.93,1832.65,15,5,0,1,26500.0,14.11,0,True,False,False,False,False,True,False,False,True,False,False,False,False,True,False
LN-11240,59,2.0,24100.0,617,3.47,12585.51,14,10,0,0,4400.0,16.77,1,True,False,False,False,False,True,False,False,True,False,False,False,False,True,False
LN-11241,23,9.5,69200.0,666,18.31,5466.53,18,6,1,1,12700.0,17.99,0,True,False,False,False,True,False,False,False,True,False,False,False,False,False,True
LN-11242,52,5.8,77100.0,759,8.81,5425.48,14,6,0,0,28000.0,12.41,0,False,False,False,True,False,False,True,False,False,False,False,False,True,False,True
LN-11243,30,0.5,35700.0,655,8.02,11371.02,17,9,0,0,16100.0,16.1,1,False,False,False,True,True,False,False,False,False,False,False,False,True,True,False
LN-11244,30,2.4,30900.0,626,5.8,3004.82,17,10,0,0,12900.0,16.41,1,False,False,False,True,False,False,True,False,False,False,False,False,True,False,True
LN-11245,39,9.8,94800.0,713,10.23,1885.86,19,8,0,1,10300.0,11.04,0,True,False,False,False,False,False,True,False,False,False,True,False,False,True,False
LN-11246,66,0.2,31400.0,689,2.59,12849.49,19,14,0,3,14100.0,14.22,1,False,False,True,False,False,False,True,False,False,False,False,False,True,False,True
LN-11247,54,14.6,38800.0,574,8.8,63.01,22,13,0,0,2900.0,17.63,1,False,False,False,True,True,False,False,False,True,False,False,False,False,False,True
LN-11248,53,5.1,88300.0,713,24.02,28549.06,20,9,0,0,13900.0,14.38,0,True,False,False,False,False,True,False,False,False,False,True,False,False,True,False
LN-11249,43,4.5,55200.0,786,20.78,2424.97,11,5,0,2,1000.0,14.1,0,False,False,False,True,True,False,False,False,False,False,True,False,False,False,True
LN-11250,48,1.4,20200.0,550,30.12,7127.36,24,15,0,1,9100.0,18.9,1,True,False,False,False,False,True,False,False,False,False,False,False,True,True,False
LN-11251,52,1.3,141600.0,618,21.86,2851.15,20,15,0,1,22200.0,17.14,1,False,False,False,True,False,False,True,False,True,False,False,False,False,True,False
LN-11252,27,12.8,40500.0,538,2.0,2954.18,17,8,1,1,1000.0,18.68,1,False,False,False,True,False,True,False,False,True,False,False,False,False,True,False
LN-11253,49,1.6,43400.0,676,13.72,21621.82,22,13,0,0,19500.0,15.79,0,True,False,False,False,False,False,True,False,False,False,False,False,True,True,False
LN-11254,28,6.7,62400.0,730,13.0,10554.69,18,12,0,0,1800.0,14.56,0,True,False,False,False,True,False,False,True,False,False,False,False,False,False,True
LN-11255,21,2.2,76400.0,685,8.17,4478.01,14,10,0,4,2700.0,13.1,0,True,False,False,False,False,False,True,False,False,False,True,False,False,False,True
LN-11256,23,0.7,142987.5,750,5.8,3469.78,20,10,0,1,25300.0,9.82,0,False,False,False,True,False,False,True,False,True,False,False,False,False,True,False
LN-11257,44,0.0,21700.0,722,23.15,2872.23,16,8,0,0,1900.0,14.37,0,False,False,False,True,True,False,False,False,True,False,False,False,False,True,False
LN-11258,43,3.5,85300.0,765,16.06,9701.31,10,4,1,0,15700.0,11.04,0,False,False,False,True,True,False,False,True,False,False,False,False,False,True,False
LN-11259,28,16.7,81500.0,738,7.34,15747.14,16,12,0,1,4900.0,10.49,0,True,False,False,False,False,False,True,True,False,False,False,False,False,True,False
LN-11260,67,2.1,50200.0,660,5.28,3508.76,20,9,1,0,4000.0,16.43,0,False,False,True,False,True,False,False,False,False,False,False,True,False,False,True
LN-11261,57,2.0,83500.0,683,27.07,4847.01,22,9,0,0,14700.0,14.57,0,False,False,False,True,False,False,True,False,False,False,False,False,True,True,False
LN-11262,23,1.9,90600.0,637,24.34,15291.27,29,16,0,0,1600.0,18.22,0,False,False,False,True,True,False,False,False,False,False,False,True,False,True,False
LN-11263,53,3.3,25300.0,668,24.73,16039.91,14,10,0,0,11400.0,14.77,0,True,False,False,False,False,True,False,False,False,True,False,False,False,True,False
LN-11264,48,2.6,141800.0,683,23.77,2788.08,26,10,0,1,34300.0,13.85,0,False,False,False,True,False,False,True,False,False,False,False,False,True,True,False
LN-11265,67,9.5,23000.0,676,23.76,5779.13,22,15,0,3,10400.0,14.89,1,True,False,False,False,False,False,True,False,False,False,False,False,True,True,False
LN-11266,28,3.2,29000.0,747,22.2,24478.75,16,8,0,0,13000.0,13.48,1,False,False,False,True,False,False,True,False,True,False,False,False,False,True,False
LN-11267,54,3.2,46900.0,663,11.04,16173.76,11,6,0,0,5100.0,15.72,0,True,False,False,False,False,True,False,False,True,False,False,False,False,False,True
LN-11268,55,0.7,142987.5,633,23.55,2127.94,17,7,0,0,16900.0,18.6,1,True,False,False,False,False,False,True,False,False,False,True,False,False,True,False
LN-11269,52,18.3,45700.0,637,17.59,5852.4,18,10,0,3,20600.0,16.93,1,True,False,False,False,False,True,False,False,True,False,False,False,False,False,True
LN-11270,44,1.3,53200.0,713,8.99,36444.7325,21,12,0,1,23900.0,12.39,0,True,False,False,False,True,False,False,False,True,False,False,False,False,True,False
LN-11271,34,0.3,119100.0,610,16.25,8942.83,15,6,0,0,4300.0,18.29,1,False,False,False,True,False,False,True,False,True,False,False,False,False,True,False
LN-11272,52,4.9,45900.0,670,32.5,15247.6,12,4,0,3,20000.0,16.57,1,True,False,False,False,False,True,False,False,True,False,False,False,False,True,False
LN-11273,66,4.1,28300.0,746,19.44,1158.59,13,7,0,1,3700.0,12.89,0,True,False,False,False,False,True,False,True,False,False,False,False,False,False,True
LN-11274,63,2.4,43100.0,695,20.93,21441.98,18,10,0,0,1000.0,14.42,0,False,False,False,True,True,False,False,False,True,False,False,False,False,True,False
LN-11275,36,2.5,115100.0,676,7.77,11139.9,17,7,0,3,9200.0,13.95,0,False,False,False,True,False,True,False,False,False,False,False,False,True,True,False
LN-11276,24,6.9,56300.0,678,9.38,2317.2,12,5,0,0,20300.0,14.51,0,False,False,False,True,False,True,False,False,False,False,False,True,False,False,True
LN-11277,57,1.0,142987.5,629,17.62,5740.53,19,11,0,0,3400.0,16.2,0,True,False,False,False,False,True,False,False,True,False,False,False,False,True,False
LN-11278,41,7.7,81300.0,637,14.72,1040.13,14,7,0,1,1000.0,13.95,1,False,False,False,True,False,False,True,False,True,False,False,False,False,True,False
LN-11279,34,4.7,38000.0,670,13.32,18007.57,21,14,0,4,6600.0,13.9,0,True,False,False,False,False,False,True,False,True,False,False,False,False,True,False
LN-11280,51,2.4,55700.0,694,7.85,16392.21,18,9,0,4,3200.0,13.64,0,False,False,False,True,False,True,False,False,True,False,False,False,False,True,False
LN-11281,38,2.8,33900.0,727,9.24,8085.57,12,5,2,2,6700.0,11.54,0,True,False,False,False,False,False,True,False,True,False,False,False,False,True,False
LN-11282,27,1.3,37500.0,685,5.5,7218.12,20,13,1,0,16900.0,12.15,1,False,False,False,True,False,True,False,False,True,False,False,False,False,True,False
LN-11283,30,6.3,142987.5,748,11.62,7470.58,16,10,0,3,19100.0,11.64,0,False,False,False,True,False,False,True,False,True,False,False,False,False,True,False
LN-11284,27,3.2,94900.0,760,14.78,458.24,21,12,0,0,6500.0,12.0,0,True,False,False,False,False,True,False,False,True,False,False,False,False,False,True
LN-11285,53,1.7,87000.0,720,15.47,5511.04,11,4,0,1,5500.0,11.31,0,True,False,False,False,False,False,True,False,False,False,False,False,True,True,False
LN-11286,43,4.1,38500.0,741,31.88,1650.53,25,12,0,0,17300.0,11.98,1,False,False,False,True,True,False,False,False,False,False,True,False,False,True,False
LN-11287,41,24.6,128400.0,630,3.27,2451.75,16,10,0,1,30800.0,16.29,0,False,False,False,True,True,False,False,False,True,False,False,False,False,False,True
LN-11288,39,2.6,99200.0,623,42.34,36444.7325,14,9,3,0,13000.0,18.26,1,False,False,False,True,False,False,True,False,True,False,False,False,False,True,False
LN-11289,39,11.4,142987.5,706,23.79,3642.25,20,10,0,2,6200.0,15.39,0,True,False,False,False,False,False,True,True,False,False,False,False,False,False,True
LN-11290,56,1.9,142987.5,613,17.03,7931.06,20,11,0,0,22000.0,17.09,1,True,False,False,False,False,True,False,False,False,True,False,False,False,False,True
LN-11291,49,0.3,24000.0,665,8.76,26248.86,18,9,1,0,10800.0,12.3,1,True,False,False,False,False,False,True,False,True,False,False,False,False,True,False
LN-11292,38,1.0,29400.0,719,12.08,6402.82,24,12,0,1,11600.0,12.61,0,True,False,False,False,False,False,True,False,True,False,False,False,False,False,True
LN-11293,22,2.4,31200.0,751,23.48,9025.04,12,6,0,0,14000.0,12.16,0,True,False,False,False,False,False,True,False,True,False,False,False,False,True,False
LN-11294,21,1.1,32200.0,667,9.87,2218.44,16,8,2,1,2000.0,14.67,1,False,False,False,True,True,False,False,False,True,False,False,False,False,True,False
LN-11295,67,0.0,64700.0,648,24.79,4027.01,17,7,0,2,29100.0,13.85,0,False,False,True,False,True,False,False,False,False,False,False,True,False,True,False
LN-11296,25,11.1,39700.0,696,16.03,8465.41,20,9,0,0,17900.0,11.94,0,True,False,False,False,False,True,False,False,True,False,False,False,False,False,True
LN-11297,40,8.4,142987.5,626,15.99,5447.7,22,15,0,0,6100.0,17.69,0,False,False,False,True,False,True,False,False,False,False,False,False,True,True,False
LN-11298,31,6.1,142987.5,671,23.51,468.08,11,6,0,4,34300.0,16.83,1,False,False,False,True,True,False,False,False,False,False,True,False,False,False,True
LN-11299,62,0.8,54000.0,680,7.36,6146.5,12,7,0,2,22200.0,12.48,0,False,False,False,True,True,False,False,False,True,False,False,False,False,True,False
LN-11300,22,0.6,142987.5,679,13.12,20255.66,22,13,0,4,34300.0,13.74,1,False,False,False,True,True,False,False,False,False,True,False,False,False,True,False
LN-11301,23,0.3,122800.0,684,14.84,1480.39,18,9,0,2,34300.0,13.49,0,True,False,False,False,False,False,True,False,True,False,False,False,False,True,False
LN-11302,43,5.8,42300.0,638,22.86,226.91,17,9,0,0,3100.0,16.46,1,True,False,False,False,False,False,True,False,True,False,False,False,False,True,False
LN-11303,32,11.9,17900.0,644,30.33,1516.32,15,7,0,0,4200.0,15.91,0,True,False,False,False,False,True,False,False,True,False,False,False,False,True,False
LN-11304,40,2.5,48100.0,643,6.92,13933.65,17,12,0,0,4200.0,13.3,0,True,False,False,False,False,True,False,False,True,False,False,False,False,True,False
LN-11305,25,0.6,38000.0,599,16.11,18996.16,12,8,0,0,1400.0,18.41,0,True,False,False,False,False,False,True,False,True,False,False,False,False,False,True
LN-11306,57,3.2,60700.0,697,6.54,599.44,27,20,0,0,7100.0,15.1,0,True,False,False,False,False,False,True,False,False,False,True,False,False,True,False
LN-11307,58,1.9,56900.0,725,16.02,26223.06,25,12,0,3,6300.0,13.42,0,False,False,False,True,True,False,False,False,False,False,False,False,True,True,False
LN-11308,50,2.1,56100.0,720,21.03,11844.59,14,5,0,1,5900.0,13.43,1,False,False,False,True,True,False,False,False,True,False,False,False,False,True,False
LN-11309,29,4.4,72300.0,667,12.09,8761.0,22,12,1,0,6000.0,14.07,1,True,False,False,False,False,False,True,False,False,False,False,False,True,True,False
LN-11310,54,5.7,27800.0,639,31.24,3509.79,23,12,0,2,1000.0,15.8,1,False,False,False,True,True,False,False,False,False,False,True,False,False,True,False
LN-11311,64,0.5,67900.0,717,21.18,5576.86,20,15,0,0,2900.0,13.96,1,False,False,False,True,False,True,False,False,True,False,False,False,False,False,True
LN-11312,55,0.2,42500.0,712,20.23,35243.51,11,6,0,0,4900.0,15.01,0,True,False,False,False,True,False,False,False,False,False,False,True,False,False,True
LN-11313,42,23.3,60500.0,691,17.4,29103.33,22,12,0,0,27200.0,16.4,0,True,False,False,False,False,True,False,False,True,False,False,False,False,False,True
LN-11314,64,1.2,91700.0,767,23.29,11784.83,13,10,0,1,34300.0,13.5,0,False,False,False,True,False,False,True,False,False,False,False,True,False,True,False
LN-11315,44,0.2,27600.0,679,32.68,10378.94,22,10,0,2,4700.0,15.79,1,True,False,False,False,False,True,False,False,True,False,False,False,False,True,False
LN-11316,37,0.9,46400.0,667,18.06,2836.94,25,15,1,0,16600.0,15.02,0,True,False,False,False,False,True,False,False,True,False,False,False,False,True,False
LN-11317,30,0.2,50800.0,660,12.52,36444.7325,19,9,0,1,22900.0,14.64,0,False,False,False,True,False,True,False,False,True,False,False,False,False,True,False
LN-11318,50,2.2,40800.0,602,44.05500000000001,16897.17,20,12,0,0,9900.0,20.585,1,False,False,False,True,False,False,True,False,False,False,False,False,True,False,True
LN-11319,66,7.3,88900.0,713,17.78,5780.25,16,4,0,0,19700.0,13.36,0,False,False,True,False,True,False,False,False,True,False,False,False,False,True,False
LN-11320,43,1.9,36500.0,675,14.76,20302.85,25,16,0,0,16400.0,14.36,0,False,False,False,True,False,False,True,False,False,False,True,False,False,True,False
LN-11321,52,2.6,39900.0,705,22.59,2857.18,16,12,0,0,2500.0,13.91,1,False,False,False,True,False,False,True,True,False,False,False,False,False,False,True
LN-11322,37,5.1,36700.0,772,4.22,2877.81,16,5,0,0,1000.0,9.27,0,True,False,False,False,False,True,False,False,False,False,True,False,False,True,False
LN-11323,37,3.2,98800.0,660,6.58,18782.83,13,8,0,1,14300.0,13.28,0,True,False,False,False,False,True,False,False,True,False,False,False,False,True,False
LN-11324,34,8.9,41300.0,563,3.45,9832.91,15,8,0,0,9900.0,18.25,0,False,False,False,True,False,True,False,False,True,False,False,False,False,False,True
LN-11325,29,9.0,69800.0,704,4.08,9738.72,19,11,0,0,4900.0,13.13,0,False,False,False,True,True,False,False,False,False,False,False,False,True,False,True
LN-11326,60,0.0,142987.5,688,8.34,10230.52,18,9,0,3,34300.0,16.45,1,False,False,False,True,False,True,False,True,False,False,False,False,False,True,False
LN-11327,22,6.8,52000.0,643,12.1,1613.45,23,12,0,0,23400.0,15.56,0,False,True,False,False,False,True,False,False,False,False,False,True,False,True,False
LN-11328,65,2.8,99900.0,700,11.74,5161.26,19,9,0,2,4300.0,15.12,1,False,False,False,True,False,True,False,True,False,False,False,False,False,True,False
LN-11329,45,20.2,135800.0,719,15.02,10213.89,11,9,0,1,20800.0,14.68,0,True,False,False,False,False,False,True,False,False,False,False,False,True,True,False
LN-11330,59,3.0,95300.0,633,19.55,3413.66,15,6,0,0,24700.0,17.52,1,False,False,True,False,False,True,False,False,True,False,False,False,False,False,True
LN-11331,29,19.5,53700.0,665,12.39,8414.27,23,13,0,0,5500.0,15.36,0,False,False,False,True,True,False,False,True,False,False,False,False,False,False,True
LN-11332,42,3.0,77100.0,754,19.95,9771.18,17,9,0,0,1500.0,12.09,1,False,False,True,False,False,False,True,True,False,False,False,False,False,False,True
LN-11333,63,1.3,26700.0,644,32.51,34337.33,14,8,0,1,12000.0,16.97,1,False,False,True,False,False,True,False,False,True,False,False,False,False,False,True
LN-11334,66,3.5,35300.0,683,44.05500000000001,3384.79,16,4,0,0,1400.0,17.54,1,False,False,True,False,True,False,False,False,True,False,False,False,False,True,False
LN-11335,24,21.8,38800.0,549,35.76,6944.06,17,8,0,0,9100.0,20.585,1,False,False,False,True,False,False,True,False,True,False,False,False,False,False,True
LN-11336,46,8.8,142987.5,606,42.59,36444.7325,12,7,0,2,3000.0,18.94,1,True,False,False,False,False,True,False,False,False,False,False,False,True,False,True
LN-11337,49,3.0,34700.0,688,15.23,2481.19,9,4,0,1,15600.0,13.65,0,True,False,False,False,True,False,False,False,True,False,False,False,False,True,False
LN-11338,65,5.5,34400.0,741,4.56,18170.6,20,11,0,5,1600.0,11.75,0,False,True,False,False,False,False,True,True,False,False,False,False,False,True,False
LN-11339,54,1.9,30500.0,612,14.4,2339.85,21,9,0,1,1700.0,16.3,1,False,False,False,True,False,False,True,False,True,False,False,False,False,True,False
LN-11340,43,0.0,73700.0,684,7.82,22769.17,8,7,0,0,16900.0,13.15,0,True,False,False,False,True,False,False,True,False,False,False,False,False,True,False
LN-11341,57,2.3,58600.0,661,15.36,8032.56,19,11,0,0,3200.0,14.71,1,False,False,False,True,True,False,False,False,True,False,False,False,False,True,False
LN-11342,31,1.2,98500.0,728,6.51,36444.7325,18,10,0,2,2000.0,9.03,0,False,False,False,True,False,True,False,True,False,False,False,False,False,True,False
LN-11343,26,7.7,78400.0,619,17.16,2237.04,11,5,0,0,2600.0,16.29,1,False,False,False,True,False,True,False,False,True,False,False,False,False,True,False
LN-11344,38,1.9,25400.0,702,9.54,13974.19,18,12,0,1,11400.0,11.73,1,True,False,False,False,True,False,False,False,False,True,False,False,False,True,False
LN-11345,41,7.9,34800.0,647,9.48,14260.31,18,11,0,0,3500.0,16.19,0,True,False,False,False,True,False,False,False,True,False,False,False,False,False,True
LN-11346,62,0.0,114800.0,691,30.33,15227.49,20,10,0,4,6600.0,16.18,0,True,False,False,False,False,False,True,False,False,False,False,False,True,False,True
LN-11347,56,1.7,48400.0,683,17.46,1277.25,14,10,0,1,21800.0,15.14,0,False,True,False,False,False,False,True,False,False,False,False,True,False,True,False
LN-11348,61,1.2,104100.0,667,15.92,4085.59,26,16,0,0,2700.0,16.54,0,False,False,False,True,False,True,False,False,False,False,False,True,False,False,True
LN-11349,58,1.2,49900.0,704,26.03,4950.18,24,12,1,3,22500.0,17.32,1,True,False,False,False,True,False,False,False,False,False,False,False,True,False,True
LN-11350,54,0.3,31800.0,682,19.72,4703.85,20,8,0,0,14300.0,13.07,1,False,False,False,True,True,False,False,False,False,False,False,False,True,False,True
LN-11351,37,0.9,45900.0,673,25.74,13487.93,14,7,0,0,20700.0,15.07,1,False,False,False,True,True,False,False,False,False,False,False,False,True,True,False
LN-11352,57,3.6,31800.0,662,14.57,676.68,19,10,0,1,6000.0,13.23,1,True,False,False,False,True,False,False,False,False,False,False,True,False,False,True
LN-11353,45,1.5,39700.0,684,24.78,15715.49,19,13,0,3,9000.0,16.38,0,False,False,True,False,False,True,False,False,True,False,False,False,False,False,True
LN-11354,58,2.4,60500.0,691,4.84,8973.38,19,8,0,0,17200.0,12.77,0,True,False,False,False,False,True,False,False,True,False,False,False,False,True,False
LN-11355,32,2.1,71800.0,631,14.41,2279.37,14,10,3,2,1000.0,16.1,0,True,False,False,False,True,False,False,False,True,False,False,False,False,False,True
LN-11356,43,9.4,22600.0,663,18.82,3076.04,14,8,0,0,10200.0,15.31,0,False,False,False,True,True,False,False,True,False,False,False,False,False,True,False
LN-11357,62,10.6,53700.0,627,12.06,1232.11,15,11,0,0,1800.0,14.34,1,False,False,False,True,False,True,False,False,False,False,False,True,False,True,False
LN-11358,42,3.1,39200.0,678,14.76,7373.34,19,9,0,0,4800.0,17.4,0,True,False,False,False,False,False,True,False,True,False,False,False,False,False,True
LN-11359,41,1.8,37900.0,650,26.6,10844.09,13,7,3,1,17100.0,15.73,1,False,False,False,True,True,False,False,False,True,False,False,False,False,True,False
LN-11360,47,0.5,58300.0,719,27.08,10437.81,22,9,0,0,14100.0,13.95,0,False,False,False,True,False,True,False,False,False,False,False,False,True,True,False
LN-11361,51,13.8,40000.0,714,18.77,36444.7325,18,12,0,0,13600.0,13.2,0,True,False,False,False,False,False,True,False,True,False,False,False,False,True,False
LN-11362,26,0.3,115900.0,634,33.48,4211.14,21,9,0,4,3600.0,18.2,1,False,False,False,True,False,True,False,False,True,False,False,False,False,True,False
LN-11363,47,1.6,104100.0,680,7.59,17229.84,12,7,0,0,15400.0,12.1,0,False,False,False,True,False,True,False,False,True,False,False,False,False,True,False
LN-11364,60,1.6,103800.0,712,13.46,15408.21,15,9,1,0,2000.0,14.99,0,True,False,False,False,False,False,True,False,True,False,False,False,False,False,True
LN-11365,54,1.7,41300.0,671,13.77,759.46,20,10,0,1,18600.0,13.71,0,True,False,False,False,True,False,False,True,False,False,False,False,False,True,False
LN-11366,32,0.8,31900.0,644,31.69,31911.99,17,8,0,0,4100.0,16.02,1,False,False,True,False,False,False,True,False,True,False,False,False,False,True,False
LN-11367,65,6.9,56700.0,625,21.2,32136.76,19,11,0,0,24500.0,17.45,1,True,False,False,False,False,False,True,False,True,False,False,False,False,True,False
LN-11368,27,0.6,49900.0,723,36.81,6056.83,17,11,1,1,22500.0,14.19,1,False,False,False,True,False,True,False,False,True,False,False,False,False,True,False
LN-11369,30,4.5,38800.0,725,5.05,6488.78,21,8,0,1,2600.0,12.64,0,False,False,True,False,True,False,False,True,False,False,False,False,False,True,False
LN-11370,65,0.6,28400.0,670,19.1,20550.74,17,10,0,2,1000.0,15.55,0,True,False,False,False,True,False,False,False,True,False,False,False,False,True,False
LN-11371,37,0.3,53000.0,718,16.12,8199.09,10,1,0,0,23800.0,13.59,1,False,False,False,True,True,False,False,False,True,False,False,False,False,False,True
LN-11372,46,10.8,43400.0,532,2.0,19265.39,16,7,0,3,19500.0,18.12,1,False,False,False,True,True,False,False,False,True,False,False,False,False,True,False
LN-11373,41,0.9,79100.0,746,9.36,441.53,14,7,2,1,2300.0,11.0,0,True,False,False,False,False,False,True,False,False,False,False,False,True,True,False
LN-11374,48,7.7,78100.0,672,7.64,3456.52,11,10,0,1,24800.0,14.78,0,True,False,False,False,False,False,True,False,True,False,False,False,False,False,True
LN-11375,66,3.5,99300.0,687,21.05,1145.78,16,9,0,0,23300.0,15.97,0,True,False,False,False,False,True,False,False,False,False,True,False,False,False,True
LN-11376,22,0.4,27100.0,664,30.82,7265.99,15,8,1,1,8700.0,14.77,1,True,False,False,False,False,False,True,True,False,False,False,False,False,True,False
LN-11377,63,14.0,67500.0,750,12.69,23102.9,18,11,0,1,30400.0,12.24,0,True,False,False,False,True,False,False,False,False,True,False,False,False,True,False
LN-11378,21,1.3,36300.0,627,7.41,10121.72,22,15,0,2,12200.0,16.61,0,False,True,False,False,False,True,False,False,False,False,False,True,False,False,True
LN-11379,56,8.8,27700.0,754,6.4,8815.97,25,15,0,1,8200.0,10.3,0,True,False,False,False,True,False,False,False,True,False,False,False,False,False,True
LN-11380,46,3.0,42800.0,700,37.91,5470.5,18,13,0,1,1000.0,14.44,1,False,False,False,True,False,False,True,False,True,False,False,False,False,True,False
LN-11381,49,8.7,97500.0,711,10.14,788.68,21,13,0,1,34300.0,11.93,0,True,False,False,False,False,True,False,False,False,False,False,False,True,True,False
LN-11382,41,0.1,44100.0,664,2.0,17450.24,11,8,0,2,1900.0,13.08,0,False,False,False,True,False,True,False,True,False,False,False,False,False,True,False
LN-11383,31,3.2,128200.0,615,10.91,10149.04,16,7,0,0,4900.0,15.75,0,True,False,False,False,False,False,True,False,True,False,False,False,False,False,True
LN-11384,60,6.6,73300.0,727,4.93,32077.79,11,5,0,0,18300.0,13.96,0,False,False,True,False,False,True,False,False,False,False,False,False,True,False,True
LN-11385,31,12.3,43600.0,696,16.59,6786.87,20,8,0,3,1000.0,15.03,1,True,False,False,False,False,True,False,False,False,False,False,False,True,True,False
LN-11386,56,10.8,102500.0,748,15.6,6159.94,14,8,0,4,11000.0,11.07,0,True,False,False,False,False,True,False,True,False,False,False,False,False,True,False
LN-11387,59,7.7,69200.0,670,12.62,36444.7325,19,9,0,0,2400.0,13.88,0,True,False,False,False,False,False,True,False,True,False,False,False,False,False,True
LN-11388,60,9.9,32400.0,659,5.55,1826.04,20,11,0,5,1000.0,15.04,0,False,False,False,True,False,False,True,False,False,False,False,False,True,False,True
LN-11389,55,1.0,142987.5,749,15.28,3490.03,18,9,0,0,14400.0,13.55,0,False,False,False,True,False,True,False,False,False,False,False,True,False,True,False
LN-11390,54,1.5,62500.0,776,13.78,8037.02,24,13,0,0,12900.0,14.56,0,True,False,False,False,False,False,True,False,True,False,False,False,False,False,True
LN-11391,67,1.5,54700.0,680,14.76,8896.57,18,8,0,1,18600.0,13.31,0,True,False,False,False,False,False,True,False,False,False,False,False,True,True,False
LN-11392,44,2.1,33800.0,642,11.69,9547.92,16,12,1,2,13500.0,12.36,1,True,False,False,False,False,False,True,False,True,False,False,False,False,True,False
LN-11393,42,2.2,103600.0,721,23.79,2860.76,14,10,0,1,8200.0,11.75,0,False,False,False,True,False,False,True,True,False,False,False,False,False,True,False
LN-11394,25,3.5,72000.0,667,27.52,31382.6,19,13,0,0,9100.0,13.42,0,True,False,False,False,False,True,False,False,False,False,False,False,True,True,False
LN-11395,53,0.8,76600.0,710,6.39,14588.58,14,9,0,0,3500.0,12.99,0,True,False,False,False,False,False,True,True,False,False,False,False,False,True,False
LN-11396,56,5.3,41000.0,667,22.83,3587.99,10,5,0,1,1200.0,15.3,1,True,False,False,False,False,True,False,False,True,False,False,False,False,True,False
LN-11397,67,0.8,85700.0,758,28.45,4180.96,15,8,0,2,27600.0,13.98,1,True,False,False,False,False,True,False,False,False,False,False,True,False,False,True
LN-11398,40,1.7,89500.0,645,44.05500000000001,25479.06,16,8,1,0,16500.0,19.3,1,True,False,False,False,False,True,False,False,False,True,False,False,False,True,False
LN-11399,39,3.1,37500.0,704,17.38,5743.31,15,9,0,0,1800.0,16.52,0,True,False,False,False,True,False,False,True,False,False,False,False,False,False,True
LN-11400,55,7.2,24900.0,656,11.83,9752.99,22,11,0,4,4300.0,15.67,0,False,False,False,True,False,True,False,False,False,False,False,False,True,True,False
LN-11401,63,6.1,74600.0,666,25.13,1539.82,18,12,0,0,27900.0,17.28,0,False,False,True,False,False,True,False,False,True,False,False,False,False,False,True
LN-11402,37,4.7,22800.0,659,11.97,3479.94,29,22,0,0,10300.0,13.8,1,False,False,False,True,True,False,False,False,True,False,False,False,False,False,True
LN-11403,65,0.8,58900.0,717,29.36,6466.11,20,10,0,3,21900.0,13.49,1,False,True,False,False,False,True,False,False,True,False,False,False,False,True,False
LN-11404,63,3.6,42400.0,726,14.66,12810.16,19,9,0,0,11800.0,15.3,0,False,False,False,True,False,True,False,False,False,False,True,False,False,False,True
LN-11405,54,0.4,105900.0,708,9.54,3945.73,21,11,0,0,28500.0,12.15,0,False,False,False,True,False,True,False,False,False,False,False,False,True,True,False
LN-11406,29,2.1,43600.0,675,16.74,36132.96,26,16,0,0,13800.0,15.77,0,False,False,True,False,False,True,False,False,False,True,False,False,False,True,False
LN-11407,46,2.4,99600.0,687,13.48,2984.88,16,6,0,0,16800.0,14.94,1,False,False,False,True,True,False,False,False,False,False,True,False,False,False,True
LN-11408,22,3.0,40800.0,725,12.72,18110.06,17,7,0,2,18400.0,13.46,0,True,False,False,False,False,False,True,False,False,False,True,False,False,True,False
LN-11409,29,1.4,93900.0,726,3.55,5441.98,24,13,0,1,6100.0,11.71,0,True,False,False,False,False,False,True,False,False,False,False,True,False,False,True
LN-11410,29,14.0,142987.5,545,28.16,21505.98,15,4,0,0,21500.0,20.43,1,True,False,False,False,False,False,True,False,True,False,False,False,False,True,False
LN-11411,60,13.8,30100.0,666,28.05,30783.88,13,8,0,1,3200.0,15.86,1,False,True,False,False,False,False,True,False,False,False,False,False,True,False,True
LN-11412,37,2.0,63600.0,669,20.66,2484.52,16,9,0,0,3000.0,15.22,0,False,False,False,True,False,False,True,False,True,False,False,False,False,True,False
LN-11413,21,0.2,142987.5,713,21.71,8114.94,22,9,0,1,23300.0,13.59,0,True,False,False,False,False,True,False,False,True,False,False,False,False,True,False
LN-11414,45,0.9,56200.0,677,8.45,2012.02,15,8,0,0,11600.0,15.14,0,False,False,False,True,True,False,False,False,True,False,False,False,False,True,False
LN-11415,63,2.2,56000.0,716,2.12,14682.97,7,4,0,0,7500.0,13.96,0,False,False,False,True,True,False,False,False,True,False,False,False,False,False,True
LN-11416,60,13.3,83600.0,626,17.79,21422.51,21,15,0,3,10400.0,14.97,0,True,False,False,False,False,False,True,False,False,False,False,False,True,False,True
LN-11417,62,0.7,55400.0,693,14.49,5921.09,18,12,1,0,24900.0,12.71,1,False,False,False,True,True,False,False,False,True,False,False,False,False,True,False
LN-11418,45,6.5,21200.0,725,17.55,6065.1,16,11,0,0,9500.0,12.14,0,True,False,False,False,False,True,False,False,False,True,False,False,False,True,False
LN-11419,59,0.5,101000.0,606,2.0,2735.46,24,13,0,0,9900.0,16.3,0,True,False,False,False,False,True,False,False,True,False,False,False,False,True,False
LN-11420,55,17.9,18000.0,806,23.31,4392.65,17,10,1,0,8100.0,11.18,1,True,False,False,False,True,False,False,True,False,False,False,False,False,False,True
LN-11421,23,2.2,43100.0,740,8.37,4696.85,12,9,0,0,13300.0,11.38,0,False,False,True,False,False,True,False,False,True,False,False,False,False,False,True
LN-11422,57,6.7,105200.0,680,7.18,2029.18,15,8,0,0,21900.0,11.88,0,False,False,False,True,True,False,False,False,False,False,False,False,True,True,False
LN-11423,64,1.9,44500.0,639,40.18,4451.93,12,6,0,3,20000.0,18.34,1,True,False,False,False,False,False,True,False,False,False,False,False,True,True,False
LN-11424,64,4.4,37000.0,671,34.75,28535.06,18,9,3,2,2200.0,14.52,1,True,False,False,False,False,True,False,False,False,False,False,True,False,False,True
LN-11425,50,1.0,87900.0,684,3.49,4723.37,15,6,0,0,13900.0,14.36,0,True,False,False,False,True,False,False,False,False,False,False,False,True,True,False
LN-11426,58,0.7,33900.0,702,9.78,3849.69,18,10,0,0,3600.0,12.47,0,False,False,False,True,False,True,False,False,False,False,True,False,False,False,True
LN-11427,54,12.5,27700.0,755,12.81,5826.62,15,9,0,0,12500.0,11.03,0,True,False,False,False,False,True,False,False,False,True,False,False,False,True,False
LN-11428,32,11.2,63000.0,656,32.4,36444.7325,13,6,0,0,2600.0,15.9,1,False,False,False,True,False,True,False,False,True,False,False,False,False,False,True
LN-11429,39,9.8,49000.0,708,24.39,17356.57,12,10,0,0,22000.0,12.89,0,False,False,False,True,True,False,False,False,True,False,False,False,False,True,False
LN-11430,57,4.4,27300.0,615,5.73,2703.83,17,9,0,3,12300.0,15.21,1,True,False,False,False,False,False,True,False,True,False,False,False,False,True,False
LN-11431,64,7.4,76900.0,659,16.55,16758.64,19,11,0,0,28100.0,14.77,0,True,False,False,False,False,True,False,False,True,False,False,False,False,True,False
LN-11432,37,0.3,69900.0,699,12.85,17441.26,21,12,2,0,31500.0,12.5,0,False,False,True,False,False,False,True,False,False,False,False,False,True,False,True
LN-11433,30,1.8,44500.0,715,13.12,35981.73,16,10,2,0,20000.0,12.38,1,True,False,False,False,False,True,False,False,True,False,False,False,False,True,False
LN-11434,67,3.0,46200.0,642,10.33,26607.36,19,13,0,1,2200.0,15.11,0,True,False,False,False,True,False,False,False,True,False,False,False,False,True,False
LN-11435,32,4.5,70200.0,658,12.91,1200.43,14,8,0,2,6600.0,16.24,0,False,False,False,True,False,False,True,False,False,False,False,True,False,False,True
LN-11436,36,3.0,104300.0,753,22.86,7274.31,15,9,1,4,9200.0,9.98,1,False,False,False,True,False,True,False,False,False,False,False,False,True,True,False
LN-11437,44,0.7,46400.0,738,13.93,14568.02,14,4,0,0,20900.0,12.62,0,False,False,False,True,False,True,False,True,False,False,False,False,False,False,True
LN-11438,39,4.1,77700.0,690,14.78,36444.7325,22,8,0,0,1000.0,11.34,0,False,False,True,False,False,False,True,False,False,True,False,False,False,True,False
LN-11439,28,7.6,73900.0,568,24.49,1068.0,23,12,0,0,33300.0,17.87,1,False,False,False,True,False,True,False,False,False,False,False,False,True,True,False
LN-11440,51,2.2,87900.0,806,19.96,5510.81,20,8,0,0,7300.0,9.99,0,False,False,False,True,False,False,True,False,True,False,False,False,False,True,False
LN-11441,41,0.6,55400.0,679,24.62,8132.57,18,8,0,2,14000.0,15.7,1,True,False,False,False,False,True,False,False,False,True,False,False,False,True,False
LN-11442,37,1.0,32800.0,664,8.53,6397.76,17,10,0,0,14800.0,15.3,1,False,False,False,True,False,True,False,False,True,False,False,False,False,True,False
LN-11443,43,1.2,42000.0,654,15.79,7300.79,12,6,0,2,18900.0,13.81,1,False,False,False,True,True,False,False,False,True,False,False,False,False,True,False
LN-11444,57,1.6,65400.0,699,15.48,5527.34,19,12,0,0,6300.0,14.92,0,True,False,False,False,True,False,False,True,False,False,False,False,False,False,True
LN-11445,36,4.6,142987.5,699,14.06,36444.7325,19,9,0,1,9300.0,14.24,0,False,False,False,True,False,True,False,False,True,False,False,False,False,True,False
LN-11446,26,4.1,41500.0,728,12.48,19509.54,18,13,0,2,18700.0,11.51,0,False,False,False,True,False,False,True,True,False,False,False,False,False,True,False
LN-11447,28,5.4,84300.0,634,34.07,16011.71,26,12,0,2,19100.0,19.07,1,False,False,False,True,True,False,False,False,False,False,False,False,True,False,True
LN-11448,45,2.0,45200.0,664,11.65,6345.87,12,6,1,1,17100.0,14.55,1,True,False,False,False,False,True,False,False,True,False,False,False,False,True,False
LN-11449,38,7.8,57600.0,782,29.31,25596.5,14,11,0,0,1000.0,11.69,0,True,False,False,False,False,False,True,False,True,False,False,False,False,True,False
LN-11450,45,1.0,124700.0,691,43.4,1175.84,12,5,0,2,3100.0,17.23,0,False,False,False,True,True,False,False,False,False,False,True,False,False,False,True
LN-11451,32,2.8,82500.0,671,7.32,1857.67,28,12,0,0,3500.0,12.92,0,True,False,False,False,False,False,True,False,True,False,False,False,False,False,True
LN-11452,35,7.3,27400.0,633,5.61,36444.7325,15,6,0,0,4000.0,16.06,1,False,False,False,True,False,True,False,True,False,False,False,False,False,False,True
LN-11453,46,0.9,39500.0,705,3.01,10043.89,19,9,0,2,1400.0,12.37,0,False,False,True,False,False,True,False,False,False,False,False,False,True,False,True
LN-11454,61,0.5,108100.0,732,29.07,2084.5,22,11,0,0,23000.0,13.64,1,False,False,False,True,False,True,False,False,False,False,True,False,False,True,False
LN-11455,65,9.7,58600.0,724,29.52,35745.49,12,7,0,1,5800.0,13.41,0,True,False,False,False,True,False,False,False,False,False,False,False,True,True,False
LN-11456,46,1.9,28800.0,667,7.63,36444.7325,18,12,0,3,13000.0,14.31,0,False,False,True,False,False,True,False,False,False,False,False,False,True,True,False
LN-11457,67,5.2,34500.0,698,24.85,25593.41,13,8,0,0,15500.0,15.78,0,True,False,False,False,False,False,True,False,False,False,False,False,True,True,False
LN-11458,52,3.0,79800.0,764,9.3,3270.49,20,12,1,1,5300.0,11.15,0,False,False,False,True,True,False,False,False,False,True,False,False,False,True,False
LN-11459,30,5.3,93600.0,734,16.15,3916.97,16,10,0,1,8500.0,13.7,0,False,False,False,True,True,False,False,True,False,False,False,False,False,True,False
LN-11460,36,1.7,54700.0,641,27.97,6270.18,14,7,0,2,1300.0,15.2,0,True,False,False,False,False,True,False,False,False,False,True,False,False,True,False
LN-11461,27,0.3,142987.5,553,20.07,10390.64,26,16,0,0,4900.0,20.33,0,False,False,False,True,False,True,False,False,False,False,False,False,True,True,False
LN-11462,37,4.2,85200.0,695,8.68,36444.7325,13,9,3,0,11100.0,11.94,0,True,False,False,False,False,False,True,True,False,False,False,False,False,True,False
LN-11463,43,1.2,47400.0,720,16.8,36444.7325,18,9,0,1,2800.0,11.5,1,True,False,False,False,True,False,False,False,True,False,False,False,False,True,False
LN-11464,46,2.2,34600.0,626,12.34,30480.83,16,13,1,0,10800.0,16.33,1,True,False,False,False,False,False,True,False,True,False,False,False,False,False,True
LN-11465,41,0.4,31700.0,680,24.67,1122.19,17,11,0,0,5300.0,14.38,0,False,False,False,True,False,False,True,False,True,False,False,False,False,True,False
LN-11466,42,0.7,65200.0,667,19.72,16984.54,11,6,0,0,29300.0,13.04,0,True,False,False,False,False,True,False,True,False,False,False,False,False,True,False
LN-11467,27,1.6,41400.0,685,19.63,25131.82,14,10,0,0,6600.0,13.0,0,True,False,False,False,False,False,True,False,False,False,True,False,False,True,False
LN-11468,34,0.4,136000.0,653,8.31,4864.61,22,8,1,2,1000.0,10.16,0,True,False,False,False,False,False,True,False,True,False,False,False,False,True,False
LN-11469,35,10.9,121400.0,745,8.13,2974.98,13,6,0,0,9000.0,10.89,0,False,False,False,True,False,True,False,False,False,True,False,False,False,False,True
LN-11470,27,0.0,76700.0,687,17.5,16560.96,19,11,0,0,5700.0,13.32,0,False,False,False,True,False,False,True,False,False,False,False,True,False,True,False
LN-11471,29,3.0,28300.0,636,26.64,1142.78,20,14,1,0,6500.0,19.27,1,False,False,False,True,False,False,True,False,False,True,False,False,False,False,True
LN-11472,28,0.6,37400.0,726,38.04,33933.81,19,11,0,0,6500.0,15.37,0,False,False,False,True,False,False,True,True,False,False,False,False,False,True,False
LN-11473,43,1.7,108100.0,617,4.14,2036.34,21,11,0,4,29800.0,16.68,1,True,False,False,False,False,False,True,False,True,False,False,False,False,False,True
LN-11474,49,11.7,39700.0,744,16.25,7339.64,17,6,0,5,9700.0,15.79,0,False,False,True,False,False,True,False,False,False,False,False,False,True,False,True
LN-11475,38,0.8,100400.0,730,28.07,36444.7325,30,17,0,3,4100.0,12.43,1,False,False,False,True,True,False,False,False,False,False,False,True,False,False,True
LN-11476,51,15.2,70300.0,749,23.32,36444.7325,20,10,0,0,22000.0,12.52,0,True,False,False,False,False,True,False,False,True,False,False,False,False,True,False
LN-11477,50,1.0,55700.0,672,19.26,17952.79,13,9,0,2,8200.0,18.18,1,False,False,False,True,False,True,False,False,False,False,False,False,True,False,True
LN-11478,59,6.1,36800.0,655,27.8,21930.27,24,12,3,2,2200.0,16.36,1,False,False,False,True,False,False,True,False,True,False,False,False,False,False,True
LN-11479,55,3.6,51400.0,684,7.78,36444.7325,16,10,0,0,23100.0,13.44,1,False,False,False,True,False,False,True,False,True,False,False,False,False,False,True
LN-11480,38,9.7,60100.0,676,23.78,31478.36,24,15,0,1,1000.0,15.95,1,False,False,False,True,False,False,True,True,False,False,False,False,False,True,False
LN-11481,62,3.6,95600.0,647,28.87,11677.78,15,8,0,4,17300.0,15.64,0,False,False,True,False,False,True,False,True,False,False,False,False,False,True,False
LN-11482,59,3.4,33300.0,652,6.87,15918.97,26,16,0,0,15000.0,15.9,1,False,False,False,True,True,False,False,True,False,False,False,False,False,True,False
LN-11483,37,1.0,46900.0,662,19.74,10810.22,22,11,0,1,6100.0,17.09,0,True,False,False,False,False,True,False,False,False,False,False,True,False,False,True
LN-11484,34,0.8,55500.0,621,24.83,8474.67,14,5,0,1,2400.0,17.59,0,True,False,False,False,False,True,False,True,False,False,False,False,False,False,True
LN-11485,51,11.2,78000.0,714,26.12,25526.35,21,12,0,0,8000.0,15.12,0,False,False,True,False,False,False,True,False,False,False,False,True,False,True,False
LN-11486,44,1.8,32900.0,677,3.84,16074.08,18,11,0,0,9200.0,14.06,0,False,False,False,True,True,False,False,False,True,False,False,False,False,False,True
LN-11487,55,2.1,26300.0,665,10.5,23577.61,14,9,0,0,11800.0,15.42,1,False,False,False,True,False,False,True,False,False,False,False,False,True,False,True
LN-11488,64,6.4,78500.0,624,2.0,1209.93,12,7,0,1,1000.0,15.59,0,False,False,False,True,True,False,False,False,True,False,False,False,False,True,False
LN-11489,65,1.9,23500.0,622,33.89,10310.0,14,7,0,0,10600.0,17.04,0,False,False,False,True,False,True,False,False,True,False,False,False,False,True,False
LN-11490,54,13.7,109800.0,777,12.76,4797.08,13,8,1,2,22800.0,12.67,0,False,False,False,True,True,False,False,False,False,True,False,False,False,True,False
LN-11491,23,6.0,49700.0,649,7.81,8643.61,15,8,0,1,13500.0,15.64,0,True,False,False,False,True,False,False,True,False,False,False,False,False,False,True
LN-11492,57,4.1,23100.0,711,7.24,11390.9,21,11,0,4,10400.0,12.87,0,True,False,False,False,True,False,False,True,False,False,False,False,False,True,False
LN-11493,63,9.6,41600.0,688,10.87,22430.83,19,13,0,0,18700.0,12.97,0,True,False,False,False,False,True,False,False,True,False,False,False,False,False,True
LN-11494,60,0.2,66700.0,541,28.9,388.76,18,9,0,0,11700.0,18.93,1,True,False,False,False,False,True,False,False,True,False,False,False,False,True,False
LN-11495,46,1.3,40400.0,770,8.52,2149.28,16,6,0,0,18200.0,11.94,0,False,False,False,True,False,False,True,False,True,False,False,False,False,False,True
LN-11496,43,2.8,54800.0,714,36.52,30527.59,21,16,0,1,3300.0,15.82,1,False,False,False,True,True,False,False,False,True,False,False,False,False,True,False
LN-11497,64,1.2,81400.0,642,5.7,36444.7325,9,5,0,0,10200.0,16.31,0,False,True,False,False,False,True,False,False,False,False,False,True,False,True,False
LN-11498,59,6.1,48500.0,679,44.05500000000001,684.21,13,7,0,0,1000.0,16.73,0,True,False,False,False,False,False,True,False,True,False,False,False,False,False,True
LN-11499,35,11.3,32400.0,623,11.03,4837.79,20,10,1,1,14600.0,14.65,1,False,False,True,False,False,True,False,False,False,False,False,False,True,True,False
LN-11500,24,2.5,46000.0,771,37.02,117.33,28,16,0,0,20700.0,11.51,1,True,False,False,False,False,False,True,False,True,False,False,False,False,True,False
LN-11501,49,1.9,118000.0,635,33.93,16998.47,15,6,0,2,10800.0,18.69,0,False,False,False,True,False,True,False,False,True,False,False,False,False,False,True
LN-11502,42,14.7,136900.0,654,33.85,13746.19,23,12,0,3,7100.0,18.18,1,False,False,False,True,False,True,False,False,True,False,False,False,False,True,False
LN-11503,45,2.6,17800.0,644,15.22,9983.54,15,9,0,0,6500.0,15.12,1,False,False,False,True,False,False,True,False,False,False,False,False,True,True,False
LN-11504,33,3.0,98700.0,684,6.34,14118.67,13,6,0,2,3100.0,13.39,0,False,False,False,True,False,False,True,False,True,False,False,False,False,True,False
LN-11505,38,1.9,62200.0,749,18.46,9260.86,22,9,0,0,7800.0,13.37,1,False,False,False,True,True,False,False,True,False,False,False,False,False,False,True
LN-11506,53,10.8,90100.0,769,9.23,3274.96,14,6,0,1,5100.0,11.27,0,True,False,False,False,True,False,False,False,False,False,True,False,False,False,True
LN-11507,36,3.8,40000.0,660,34.03,16845.38,15,5,0,1,12100.0,14.84,1,True,False,False,False,True,False,False,False,True,False,False,False,False,True,False
LN-11508,65,6.5,20500.0,699,17.86,18349.67,18,11,0,0,9200.0,16.03,1,False,False,True,False,False,False,True,False,True,False,False,False,False,False,True
LN-11509,62,7.5,74700.0,684,16.29,23106.39,14,10,0,2,16600.0,14.3,0,True,False,False,False,True,False,False,False,False,False,False,False,True,True,False
LN-11510,64,1.9,32300.0,631,9.64,36444.7325,15,8,0,0,10100.0,14.62,0,False,False,True,False,False,True,False,False,True,False,False,False,False,True,False
LN-11511,22,3.0,25200.0,801,11.99,16518.11,24,17,0,5,11300.0,14.63,1,False,False,False,True,False,False,True,False,True,False,False,False,False,False,True
LN-11512,55,8.5,26200.0,748,22.36,673.13,22,11,0,0,3100.0,12.55,1,False,False,False,True,False,False,True,False,True,False,False,False,False,True,False
LN-11513,62,2.0,75400.0,689,20.16,252.71,20,13,1,0,14300.0,12.21,1,True,False,False,False,False,False,True,False,True,False,False,False,False,True,False
LN-11514,54,7.1,58500.0,759,24.85,16158.92,21,12,0,0,1300.0,13.19,1,False,False,False,True,False,False,True,False,False,False,False,False,True,True,False
LN-11515,50,12.7,83300.0,741,26.04,692.2,19,10,0,2,15600.0,11.86,0,False,False,False,True,True,False,False,False,True,False,False,False,False,False,True
LN-11516,33,4.4,78300.0,684,27.43,4556.6,23,13,0,1,18100.0,16.57,0,False,False,False,True,False,False,True,False,True,False,False,False,False,False,True
LN-11517,33,6.1,43000.0,696,7.07,1756.41,19,12,0,4,19400.0,13.52,1,False,False,False,True,False,True,False,False,True,False,False,False,False,True,False
LN-11518,38,7.4,52100.0,756,20.74,36444.7325,28,12,1,1,15300.0,13.82,1,True,False,False,False,False,True,False,False,False,True,False,False,False,True,False
LN-11519,52,8.4,40900.0,633,19.89,4564.49,17,8,0,0,1800.0,14.83,0,False,False,False,True,False,False,True,False,True,False,False,False,False,True,False
LN-11520,52,2.3,48300.0,764,5.52,680.71,15,8,1,2,1000.0,10.34,0,True,False,False,False,False,True,False,False,True,False,False,False,False,True,False
LN-11521,55,0.2,31800.0,669,21.5,35854.97,13,6,0,0,14300.0,15.93,0,True,False,False,False,False,False,True,False,True,False,False,False,False,False,True
LN-11522,59,2.3,67200.0,756,33.68,11260.73,15,9,0,0,22400.0,15.24,1,False,False,False,True,True,False,False,False,True,False,False,False,False,False,True
LN-11523,66,5.0,97900.0,680,21.82,441.33,19,11,1,0,1000.0,16.21,1,False,False,False,True,False,False,True,False,False,True,False,False,False,False,True
LN-11524,49,2.7,34600.0,697,5.93,21503.11,21,14,0,0,2300.0,13.49,0,False,False,False,True,False,True,False,False,False,False,True,False,False,True,False
LN-11525,49,6.2,109600.0,678,9.25,1985.98,16,7,0,0,21900.0,15.21,0,False,False,False,True,False,True,False,False,True,False,False,False,False,True,False
LN-11526,64,2.0,57700.0,653,19.05,19460.33,21,12,0,0,26000.0,15.06,1,True,False,False,False,True,False,False,False,True,False,False,False,False,True,False
LN-11527,36,4.5,61900.0,666,8.21,11078.33,15,7,0,0,10300.0,15.8,0,True,False,False,False,True,False,False,False,False,False,True,False,False,True,False
LN-11528,64,0.9,21300.0,749,22.87,2339.27,16,10,0,1,2300.0,13.46,0,True,False,False,False,False,True,False,False,False,False,False,False,True,False,True
LN-11529,67,6.2,20100.0,564,16.44,16760.89,15,7,2,0,5400.0,19.04,1,False,False,False,True,False,True,False,False,True,False,False,False,False,True,False
LN-11530,30,3.6,58600.0,618,27.05,7272.74,17,12,0,1,21300.0,16.49,0,True,False,False,False,False,True,False,False,True,False,False,False,False,True,False
LN-11531,50,1.0,83600.0,644,13.45,12196.68,17,9,0,0,11000.0,15.88,0,True,False,False,False,True,False,False,False,True,False,False,False,False,True,False
LN-11532,45,1.6,37400.0,626,19.32,24437.89,29,14,0,3,1000.0,17.6,0,True,False,False,False,True,False,False,False,True,False,False,False,False,True,False
LN-11533,59,6.2,135700.0,755,10.19,3618.1,15,7,0,0,5200.0,10.06,0,True,False,False,False,False,False,True,False,True,False,False,False,False,True,False
LN-11534,40,3.0,81200.0,743,44.05500000000001,5467.93,13,6,0,3,19600.0,15.67,1,True,False,False,False,False,True,False,True,False,False,False,False,False,True,False
LN-11535,25,1.1,32900.0,710,16.04,36444.7325,17,9,0,1,5500.0,13.48,1,True,False,False,False,True,False,False,True,False,False,False,False,False,True,False
LN-11536,21,15.4,55100.0,648,6.8,8514.11,22,12,0,1,7900.0,16.95,0,True,False,False,False,False,True,False,False,False,False,True,False,False,True,False
LN-11537,50,5.7,142987.5,747,29.33,9811.0,21,15,0,0,33000.0,13.83,0,False,False,False,True,False,False,True,False,True,False,False,False,False,False,True
LN-11538,23,14.2,27400.0,601,13.13,4033.04,17,11,0,0,12300.0,16.87,0,True,False,False,False,False,True,False,False,False,False,False,True,False,True,False
LN-11539,65,2.5,72400.0,787,28.47,6454.81,21,10,0,4,19800.0,11.61,1,False,False,False,True,False,True,False,False,True,False,False,False,False,True,False
LN-11540,34,2.9,45400.0,646,13.29,8355.07,22,8,1,0,3800.0,16.89,1,False,False,False,True,True,False,False,False,False,False,False,False,True,False,True
LN-11541,50,10.3,79900.0,667,3.21,3588.07,15,8,0,0,3900.0,10.99,0,False,False,True,False,False,True,False,False,False,False,False,False,True,True,False
LN-11542,24,3.4,108800.0,659,8.12,3264.0,23,11,0,5,5100.0,12.57,0,False,False,True,False,False,False,True,False,True,False,False,False,False,True,False
LN-11543,38,5.5,43800.0,626,15.84,11009.5,16,8,0,0,2500.0,16.74,1,False,False,False,True,False,False,True,False,False,False,False,True,False,True,False
LN-11544,57,1.3,100200.0,776,6.48,2434.97,11,1,0,0,2800.0,10.42,0,False,False,False,True,False,False,True,False,False,False,False,False,True,True,False
LN-11545,45,2.7,142987.5,719,12.94,9674.65,17,8,0,1,4100.0,10.32,0,False,False,False,True,False,True,False,False,False,False,False,True,False,True,False
LN-11546,21,0.6,56200.0,741,26.39,14698.84,25,13,0,1,15100.0,13.34,1,True,False,False,False,False,True,False,True,False,False,False,False,False,False,True
LN-11547,66,1.0,83400.0,619,21.15,2651.62,18,12,0,2,13300.0,16.11,0,True,False,False,False,False,False,True,False,False,False,False,False,True,True,False
LN-11548,35,0.0,39200.0,689,17.46,16439.29,15,9,0,4,5800.0,13.47,1,False,False,True,False,False,True,False,False,False,False,False,False,True,True,False
LN-11549,29,0.2,54800.0,706,13.18,5349.53,14,9,0,0,3100.0,14.28,0,True,False,False,False,True,False,False,False,False,False,False,False,True,True,False
LN-11550,35,17.0,49200.0,694,35.03,36444.7325,26,12,0,1,13700.0,17.8,1,False,False,False,True,False,False,True,True,False,False,False,False,False,False,True
LN-11551,44,1.2,84000.0,622,17.77,36444.7325,27,15,0,0,2000.0,13.53,0,True,False,False,False,False,False,True,False,True,False,False,False,False,True,False
LN-11552,24,4.9,105100.0,734,10.3,19229.23,25,14,0,2,2200.0,11.89,0,False,False,False,True,True,False,False,False,True,False,False,False,False,True,False
LN-11553,32,8.2,51000.0,686,25.89,5035.76,19,7,0,0,6800.0,14.96,1,False,False,True,False,False,False,True,False,False,False,False,False,True,True,False
LN-11554,57,3.6,125900.0,632,22.18,33215.54,21,9,0,1,11700.0,14.47,0,False,False,True,False,True,False,False,False,True,False,False,False,False,True,False
LN-11555,57,0.7,125700.0,587,9.22,36444.7325,14,6,0,0,18200.0,18.16,0,True,False,False,False,False,True,False,True,False,False,False,False,False,True,False
LN-11556,63,5.9,86300.0,710,31.29,7444.98,20,13,0,1,16300.0,14.93,0,False,False,False,True,True,False,False,False,False,False,False,False,True,True,False
LN-11557,26,4.1,40800.0,803,18.08,11441.35,27,20,0,0,6700.0,11.47,1,False,False,False,True,True,False,False,False,False,True,False,False,False,True,False
LN-11558,59,5.9,38700.0,629,19.51,72.06,14,10,0,4,14900.0,16.6,1,False,False,False,True,False,True,False,False,False,False,False,False,True,False,True
LN-11559,66,6.6,34700.0,689,32.47,534.11,17,8,0,1,3300.0,14.31,0,True,False,False,False,True,False,False,False,True,False,False,False,False,True,False
LN-11560,44,16.7,91300.0,736,6.01,8332.12,26,15,2,1,9500.0,11.95,0,True,False,False,False,True,False,False,False,False,False,False,False,True,False,True
LN-11561,31,3.8,27800.0,617,9.61,11278.21,17,12,0,4,12500.0,15.59,1,False,False,False,True,False,True,False,False,False,False,False,False,True,True,False
LN-11562,33,1.9,78600.0,656,32.76,4494.45,25,12,1,0,19100.0,15.82,0,True,False,False,False,False,False,True,False,True,False,False,False,False,True,False
LN-11563,54,4.7,29900.0,637,9.11,1252.73,19,12,0,1,1200.0,17.13,1,True,False,False,False,False,True,False,True,False,False,False,False,False,False,True
LN-11564,45,0.3,85200.0,729,16.3,18294.11,21,11,0,0,1500.0,16.88,0,False,False,False,True,True,False,False,False,False,False,False,False,True,False,True
LN-11565,27,10.2,54700.0,746,35.43,6511.1,18,9,0,1,1100.0,15.36,1,True,False,False,False,False,True,False,False,True,False,False,False,False,False,True
LN-11566,24,0.6,112800.0,688,7.58,12558.45,13,7,0,0,11100.0,11.95,0,False,False,True,False,False,False,True,False,True,False,False,False,False,False,True
LN-11567,28,1.8,101500.0,638,3.45,12604.77,19,5,0,2,11800.0,14.75,0,False,False,True,False,False,False,True,False,True,False,False,False,False,True,False
LN-11568,40,7.6,119300.0,658,6.92,9498.09,24,14,0,3,1000.0,13.77,0,False,False,False,True,False,True,False,False,False,False,True,False,False,False,True
LN-11569,49,4.1,121000.0,648,16.17,2359.33,22,13,0,0,15000.0,15.77,1,False,False,False,True,False,False,True,False,True,False,False,False,False,False,True
LN-11570,65,2.3,58600.0,631,13.99,11487.89,15,10,0,3,20200.0,15.58,0,False,False,False,True,False,True,False,False,False,False,True,False,False,True,False
LN-11571,66,2.9,28600.0,675,13.02,4664.78,18,10,0,0,1700.0,13.83,1,False,False,False,True,True,False,False,False,True,False,False,False,False,True,False
LN-11572,30,8.7,30400.0,709,12.24,20519.4,15,6,0,1,5800.0,11.75,0,False,False,False,True,False,True,False,False,False,False,False,True,False,True,False
LN-11573,63,1.9,17200.0,705,9.02,2576.11,19,7,0,0,7700.0,13.49,1,True,False,False,False,False,False,True,False,True,False,False,False,False,True,False
LN-11574,54,9.2,29900.0,680,12.53,4129.31,16,5,0,0,13500.0,11.55,0,True,False,False,False,False,False,True,False,False,False,False,False,True,True,False
LN-11575,46,0.4,56300.0,683,20.59,6964.38,22,12,0,3,5100.0,14.95,0,True,False,False,False,False,False,True,False,False,False,False,False,True,True,False
LN-11576,61,6.7,39800.0,676,24.6,16165.49,18,9,0,4,17900.0,13.95,1,False,False,False,True,False,False,True,False,True,False,False,False,False,True,False
LN-11577,23,8.5,49100.0,615,21.87,15307.8,21,11,0,0,22100.0,17.1,0,True,False,False,False,False,True,False,False,False,False,True,False,False,True,False
LN-11578,26,0.9,71000.0,688,12.34,4933.75,17,10,0,1,5200.0,12.06,0,True,False,False,False,False,True,False,False,False,False,False,False,True,True,False
LN-11579,25,2.5,45800.0,651,14.1,8578.63,15,10,0,0,16100.0,16.27,1,True,False,False,False,False,False,True,True,False,False,False,False,False,False,True
LN-11580,25,0.8,29200.0,613,26.43,3202.55,24,17,0,0,1400.0,19.85,1,False,False,True,False,False,False,True,False,True,False,False,False,False,False,True
LN-11581,67,5.5,52600.0,699,26.21,17655.18,16,9,0,1,1000.0,14.72,0,True,False,False,False,False,False,True,True,False,False,False,False,False,False,True
LN-11582,43,3.4,33100.0,649,42.88,2628.47,22,14,0,0,12400.0,17.62,1,False,False,True,False,True,False,False,False,True,False,False,False,False,False,True
LN-11583,29,4.5,46700.0,691,13.1,20534.12,19,8,1,1,9500.0,15.15,0,False,False,False,True,False,True,False,False,False,False,False,False,True,False,True
LN-11584,55,1.0,113400.0,722,6.57,33149.59,18,8,0,1,23300.0,12.37,0,True,False,False,False,True,False,False,False,False,False,False,False,True,True,False
LN-11585,40,1.1,46700.0,632,16.91,36444.7325,23,12,0,1,21000.0,14.17,1,False,False,False,True,True,False,False,False,True,False,False,False,False,True,False
LN-11586,62,0.2,142987.5,685,22.6,23335.75,14,11,1,0,4700.0,15.92,0,False,False,False,True,False,True,False,False,True,False,False,False,False,True,False
LN-11587,55,1.7,119100.0,589,27.45,3007.7,20,10,1,2,10100.0,20.02,0,False,False,False,True,False,True,False,False,False,False,False,False,True,False,True
LN-11588,38,3.7,39400.0,757,11.44,6464.81,11,6,0,0,17700.0,12.93,0,False,False,False,True,False,False,True,False,True,False,False,False,False,True,False
LN-11589,37,8.8,29400.0,612,18.62,1116.4,22,12,0,0,4400.0,17.26,1,False,False,False,True,False,True,False,False,True,False,False,False,False,True,False
LN-11590,44,4.9,52600.0,654,24.03,2157.44,23,12,0,0,6300.0,17.96,1,False,False,False,True,False,False,True,False,False,False,True,False,False,True,False
LN-11591,23,2.6,102200.0,747,16.05,611.69,21,9,0,1,1000.0,9.83,0,False,False,False,True,True,False,False,False,False,False,True,False,False,True,False
LN-11592,52,13.8,41400.0,668,14.01,12296.13,19,9,0,0,2000.0,16.27,0,False,False,True,False,False,False,True,False,True,False,False,False,False,True,False
LN-11593,55,5.7,89300.0,620,20.8,9141.92,13,7,0,0,13200.0,17.06,0,False,False,False,True,True,False,False,False,False,False,False,False,True,False,True
LN-11594,58,12.0,105300.0,716,3.25,29868.83,21,13,0,0,9600.0,11.4,0,True,False,False,False,False,False,True,False,False,False,True,False,False,True,False
LN-11595,33,3.4,35400.0,715,13.35,7461.26,20,11,0,0,2600.0,12.03,0,False,False,False,True,True,False,False,False,True,False,False,False,False,True,False
LN-11596,67,1.3,37400.0,648,44.05500000000001,12336.95,6,1,0,3,1000.0,18.32,1,False,False,True,False,False,False,True,False,False,False,True,False,False,True,False
LN-11597,45,0.2,80200.0,654,20.05,6161.9,14,6,0,1,2600.0,16.34,0,False,False,True,False,False,True,False,False,True,False,False,False,False,True,False
LN-11598,29,5.8,58900.0,658,44.05500000000001,21225.22,16,13,0,1,19400.0,16.88,1,True,False,False,False,False,True,False,False,False,True,False,False,False,True,False
LN-11599,24,0.6,37100.0,670,17.73,31305.36,22,10,0,3,1400.0,15.01,1,True,False,False,False,False,False,True,False,True,False,False,False,False,True,False
LN-11600,34,1.6,44600.0,585,31.18,6781.94,11,8,0,0,7200.0,20.585,1,False,False,False,True,False,True,False,False,True,False,False,False,False,False,True
LN-11601,57,3.4,52100.0,671,12.21,1035.87,18,10,1,3,3800.0,14.4,0,False,True,False,False,True,False,False,False,True,False,False,False,False,False,True
LN-11602,54,3.7,22900.0,769,13.37,2142.86,21,10,0,1,10300.0,10.69,0,False,False,True,False,False,False,True,False,True,False,False,False,False,True,False
LN-11603,31,4.1,82500.0,635,10.54,15298.94,13,7,0,2,10000.0,17.93,0,False,False,True,False,True,False,False,True,False,False,False,False,False,False,True
LN-11604,61,0.8,41600.0,651,29.85,4721.27,26,15,0,0,18700.0,14.37,0,True,False,False,False,False,True,False,False,False,False,False,False,True,True,False
LN-11605,23,2.1,15000.0,621,8.84,18466.91,17,10,0,0,6800.0,16.83,1,False,False,False,True,True,False,False,False,True,False,False,False,False,False,True
LN-11606,48,4.3,53500.0,711,4.33,16624.0,21,13,0,0,24100.0,10.4,0,False,False,True,False,False,True,False,False,False,True,False,False,False,False,True
LN-11607,49,15.8,36000.0,740,27.85,14221.88,22,10,0,1,12100.0,11.59,1,False,False,False,True,False,True,False,False,True,False,False,False,False,True,False
LN-11608,29,5.9,137200.0,739,8.26,20198.1,14,6,0,0,18700.0,10.28,0,True,False,False,False,True,False,False,False,False,False,False,False,True,True,False
LN-11609,23,11.5,39300.0,618,25.51,16954.41,10,4,0,2,17700.0,15.91,0,False,False,False,True,False,True,False,False,True,False,False,False,False,True,False
LN-11610,45,6.5,29600.0,705,13.84,12015.25,16,10,2,0,1000.0,12.75,0,False,False,True,False,False,True,False,False,False,False,False,False,True,False,True
LN-11611,54,4.0,71600.0,752,44.05500000000001,50.83,16,7,0,0,32200.0,15.78,1,False,False,False,True,False,False,True,False,True,False,False,False,False,True,False
LN-11612,32,3.0,37700.0,705,42.73,8700.04,23,17,3,0,3300.0,17.24,1,False,False,False,True,False,False,True,False,False,False,False,False,True,True,False
LN-11613,62,4.9,35300.0,704,44.05500000000001,10853.91,24,15,0,1,15900.0,19.82,1,True,False,False,False,False,True,False,True,False,False,False,False,False,True,False
LN-11614,29,4.4,71700.0,656,7.59,36444.7325,24,13,0,3,20800.0,13.08,0,True,False,False,False,False,True,False,True,False,False,False,False,False,True,False
LN-11615,35,4.2,30600.0,691,15.98,12614.4,13,8,3,3,1600.0,15.74,1,True,False,False,False,False,True,False,False,False,False,False,False,True,False,True
LN-11616,60,3.0,24300.0,742,4.3,10281.38,16,11,0,0,10900.0,13.75,0,False,False,False,True,False,False,True,False,True,False,False,False,False,False,True
LN-11617,45,3.4,140000.0,696,21.38,9349.53,24,17,0,0,34300.0,14.28,0,False,False,False,True,False,True,False,False,True,False,False,False,False,True,False
LN-11618,25,1.8,74500.0,618,8.25,1308.31,21,11,0,1,14900.0,16.43,0,True,False,False,False,False,False,True,False,True,False,False,False,False,True,False
LN-11619,31,3.3,46800.0,657,16.59,6695.42,18,11,1,1,2400.0,15.56,1,False,True,False,False,False,True,False,False,True,False,False,False,False,True,False
LN-11620,54,1.0,54100.0,740,2.63,1731.37,22,17,1,0,11700.0,11.78,0,True,False,False,False,True,False,False,False,False,True,False,False,False,True,False
LN-11621,44,7.4,71600.0,696,2.81,649.64,13,7,0,2,5900.0,11.77,0,True,False,False,False,True,False,False,False,False,True,False,False,False,True,False
LN-11622,35,0.9,92500.0,686,9.1,4796.23,14,9,0,0,34300.0,12.08,0,False,False,True,False,False,False,True,False,True,False,False,False,False,False,True
LN-11623,58,0.4,35700.0,652,10.09,12442.61,12,6,1,1,7300.0,14.22,1,False,False,False,True,True,False,False,False,True,False,False,False,False,True,False
LN-11624,28,2.6,66300.0,739,35.09,24190.6,11,4,0,0,16600.0,12.94,0,True,False,False,False,False,True,False,False,True,False,False,False,False,True,False
LN-11625,25,4.8,41000.0,763,12.56,19951.9,12,7,0,1,14200.0,11.96,0,True,False,False,False,True,False,False,False,True,False,False,False,False,False,True
LN-11626,46,2.6,48800.0,743,22.7,4189.41,16,3,3,0,4400.0,14.89,1,False,False,False,True,False,False,True,False,False,False,False,False,True,False,True
LN-11627,38,1.5,59200.0,752,3.97,565.06,24,17,0,4,10700.0,12.68,0,True,False,False,False,False,True,False,False,True,False,False,False,False,True,False
LN-11628,26,3.7,54000.0,662,19.52,6183.59,9,7,0,0,7400.0,15.26,0,True,False,False,False,False,False,True,False,True,False,False,False,False,True,False
LN-11629,57,1.9,81200.0,655,18.71,4536.17,24,12,0,4,6600.0,13.82,1,False,False,False,True,False,True,False,False,True,False,False,False,False,True,False
LN-11630,33,12.2,70800.0,672,24.89,5568.54,22,11,0,0,27900.0,14.72,1,False,False,False,True,False,False,True,False,True,False,False,False,False,True,False
LN-11631,48,11.5,23600.0,682,18.2,9827.22,24,14,0,2,2100.0,14.41,1,False,False,False,True,False,False,True,False,False,False,True,False,False,False,True
LN-11632,25,3.1,25700.0,752,44.05500000000001,370.63,15,9,0,1,7400.0,15.4,1,True,False,False,False,False,False,True,False,True,False,False,False,False,False,True
LN-11633,33,1.8,44200.0,738,13.03,5559.78,23,11,0,2,1000.0,11.57,0,False,False,False,True,False,False,True,False,False,False,False,True,False,True,False
LN-11634,37,6.0,142987.5,707,8.65,9814.55,13,4,0,1,4300.0,13.85,0,False,False,False,True,False,False,True,False,False,False,True,False,False,True,False
LN-11635,60,0.2,33900.0,608,25.62,6765.88,14,3,0,1,13600.0,16.28,1,True,False,False,False,False,True,False,False,False,False,False,True,False,True,False
LN-11636,65,2.9,48300.0,596,19.71,13203.61,13,7,0,1,1300.0,19.82,1,True,False,False,False,False,False,True,False,False,False,True,False,False,True,False
LN-11637,52,1.8,40300.0,692,8.89,2471.48,20,10,0,5,4400.0,11.5,1,True,False,False,False,False,True,False,True,False,False,False,False,False,True,False
LN-11638,49,11.4,39900.0,724,22.94,2004.39,14,6,0,0,18000.0,14.73,0,True,False,False,False,False,False,True,False,False,False,False,False,True,False,True
LN-11639,23,0.1,59800.0,676,30.21,4415.85,21,10,0,0,16500.0,13.55,1,False,False,True,False,True,False,False,False,True,False,False,False,False,True,False
LN-11640,60,3.6,117100.0,776,20.22,1287.4,15,4,0,1,1000.0,13.74,0,False,False,True,False,True,False,False,False,False,False,False,False,True,False,True
LN-11641,54,6.1,69600.0,626,18.19,3234.36,15,7,1,0,31300.0,17.18,1,True,False,False,False,False,False,True,False,True,False,False,False,False,False,True
LN-11642,60,3.0,34800.0,620,5.79,1090.98,15,7,0,1,15700.0,16.57,1,True,False,False,False,False,True,False,False,True,False,False,False,False,False,True
LN-11643,47,0.4,142987.5,647,12.77,6169.53,15,9,0,0,2100.0,14.94,0,False,False,False,True,False,False,True,False,False,False,False,True,False,False,True
LN-11644,33,16.2,56600.0,645,8.5,14914.9,16,8,0,0,25500.0,16.04,0,False,True,False,False,True,False,False,False,True,False,False,False,False,True,False
LN-11645,65,3.3,39400.0,706,23.31,4051.51,24,10,0,2,11200.0,15.74,0,False,False,False,True,False,True,False,True,False,False,False,False,False,False,True
LN-11646,53,4.3,117800.0,659,5.94,44.85,23,14,0,0,34300.0,13.43,0,False,False,False,True,False,False,True,False,False,False,True,False,False,True,False
LN-11647,26,1.2,41900.0,603,6.34,9772.05,20,15,0,0,18900.0,16.89,0,False,False,False,True,False,False,True,False,False,False,False,False,True,False,True
LN-11648,44,3.0,135200.0,725,7.9,14129.59,17,10,0,0,16600.0,12.06,0,False,False,False,True,False,False,True,False,False,False,False,False,True,False,True
LN-11649,39,2.5,33600.0,592,9.71,5957.48,25,9,0,0,4800.0,16.37,1,False,False,True,False,False,True,False,False,False,True,False,False,False,False,True
LN-11650,36,0.4,119000.0,626,7.27,4228.78,19,9,0,3,34300.0,15.51,0,True,False,False,False,False,True,False,False,True,False,False,False,False,False,True
LN-11651,60,0.5,60500.0,599,12.4,8095.15,17,11,3,1,11900.0,16.2,1,True,False,False,False,False,True,False,False,False,False,False,False,True,True,False
LN-11652,48,8.2,110200.0,690,13.2,1280.87,18,14,0,3,5800.0,14.68,0,True,False,False,False,False,True,False,False,True,False,False,False,False,False,True
LN-11653,53,1.2,142987.5,689,28.08,12391.41,20,10,0,1,8600.0,14.85,0,True,False,False,False,False,False,True,False,False,False,False,False,True,True,False
LN-11654,61,1.0,29100.0,776,8.7,15859.44,18,9,0,5,7300.0,9.53,0,False,False,False,True,False,False,True,False,False,False,False,True,False,True,False
LN-11655,33,3.2,109300.0,726,9.93,14634.35,19,13,0,1,34300.0,14.17,0,True,False,False,False,False,False,True,False,True,False,False,False,False,False,True
LN-11656,63,6.6,25000.0,752,22.4,4781.88,16,5,0,0,11200.0,13.74,0,True,False,False,False,True,False,False,False,False,False,False,False,True,True,False
LN-11657,65,0.3,30500.0,694,25.21,22196.02,28,15,0,0,1000.0,15.61,0,False,False,False,True,False,False,True,False,True,False,False,False,False,True,False
LN-11658,45,3.9,34800.0,631,17.31,35215.37,22,11,0,1,1000.0,17.74,1,True,False,False,False,False,True,False,False,True,False,False,False,False,False,True
LN-11659,62,0.6,71500.0,686,22.32,4230.05,21,9,0,0,1000.0,11.53,0,False,False,False,True,False,False,True,False,False,False,False,False,True,True,False
LN-11660,56,0.2,55200.0,710,4.15,3657.44,14,9,1,0,13200.0,11.11,0,False,False,False,True,False,False,True,False,True,False,False,False,False,True,False
LN-11661,47,0.2,49400.0,715,26.45,14613.04,11,6,0,0,22200.0,12.15,1,False,False,False,True,False,True,False,True,False,False,False,False,False,True,False
LN-11662,58,8.1,58700.0,656,15.54,14783.61,23,12,0,0,10100.0,13.82,0,False,False,False,True,False,True,False,False,True,False,False,False,False,False,True
LN-11663,27,0.6,75000.0,704,22.8,8570.43,16,5,0,1,10700.0,16.37,0,True,False,False,False,False,True,False,True,False,False,False,False,False,False,True
LN-11664,25,3.0,78200.0,633,18.41,30817.37,10,7,0,3,3800.0,17.95,0,True,False,False,False,False,True,False,False,False,False,False,True,False,True,False
LN-11665,63,2.6,98900.0,628,12.13,1898.32,16,7,0,0,8600.0,15.58,0,False,False,False,True,False,True,False,False,False,False,True,False,False,True,False
LN-11666,65,8.4,142987.5,624,20.22,7786.51,18,10,0,0,4200.0,17.92,0,True,False,False,False,False,False,True,False,True,False,False,False,False,False,True
LN-11667,51,1.4,53500.0,681,10.98,430.1,18,8,0,1,4500.0,13.36,0,True,False,False,False,False,True,False,False,True,False,False,False,False,True,False
LN-11668,43,2.5,40700.0,621,44.05500000000001,649.12,20,9,0,0,6900.0,20.24,1,False,False,False,True,False,True,False,True,False,False,False,False,False,True,False
LN-11669,62,0.2,75900.0,659,5.39,662.15,22,17,0,1,1000.0,14.38,0,False,False,False,True,False,False,True,False,False,False,False,False,True,True,False
LN-11670,30,2.7,28900.0,725,26.05,8122.28,19,12,0,1,13000.0,13.96,1,False,False,True,False,False,True,False,False,False,False,False,False,True,False,True
LN-11671,52,3.0,37300.0,629,19.37,10668.91,17,11,0,0,16800.0,16.8,1,True,False,False,False,False,False,True,False,False,False,False,True,False,True,False
LN-11672,63,3.8,93900.0,655,15.93,41.92,15,8,1,1,22300.0,15.8,0,False,True,False,False,False,False,True,False,False,False,True,False,False,False,True
LN-11673,50,1.8,50600.0,684,9.6,12013.9,14,5,0,0,11800.0,13.81,0,False,False,False,True,False,True,False,False,False,False,False,False,True,True,False
LN-11674,59,1.7,27900.0,692,19.94,8073.1,24,19,0,0,12600.0,14.98,1,True,False,False,False,True,False,False,False,True,False,False,False,False,True,False
LN-11675,51,0.5,23900.0,655,15.6,3040.17,13,7,0,0,10800.0,19.5,1,False,False,False,True,True,False,False,False,True,False,False,False,False,True,False
LN-11676,38,2.1,55600.0,719,4.88,182.58,15,6,0,1,4700.0,14.23,0,False,False,False,True,False,False,True,False,False,False,True,False,False,True,False
LN-11677,56,0.5,101500.0,710,23.28,2036.7,21,8,0,0,6300.0,15.02,0,True,False,False,False,False,True,False,False,True,False,False,False,False,False,True
LN-11678,22,6.5,100800.0,737,20.33,11005.46,16,8,0,0,18300.0,12.61,0,False,False,False,True,False,True,False,False,False,False,False,True,False,False,True
LN-11679,34,15.3,57600.0,676,8.62,12904.85,12,5,0,0,14400.0,11.05,0,False,False,False,True,False,False,True,False,False,False,True,False,False,True,False
LN-11680,33,15.8,142987.5,654,28.82,12497.53,30,18,3,0,24400.0,17.62,1,False,False,False,True,True,False,False,False,True,False,False,False,False,True,False
LN-11681,49,9.0,51100.0,646,27.85,1994.95,16,10,2,0,6000.0,17.6,1,False,False,False,True,True,False,False,True,False,False,False,False,False,True,False
LN-11682,32,4.1,50200.0,695,6.92,29058.36,20,15,0,0,5200.0,12.26,1,True,False,False,False,True,False,False,True,False,False,False,False,False,True,False
LN-11683,59,3.0,15000.0,661,20.38,6350.97,23,13,0,0,6800.0,15.07,1,True,False,False,False,False,False,True,True,False,False,False,False,False,True,False
LN-11684,22,1.5,42400.0,652,25.02,17532.6,16,9,0,0,2200.0,16.09,1,False,False,False,True,False,False,True,False,True,False,False,False,False,True,False
LN-11685,52,4.5,86600.0,658,5.73,2185.18,17,10,0,2,1000.0,14.82,0,False,False,False,True,True,False,False,False,True,False,False,False,False,True,False
LN-11686,33,2.7,128100.0,646,3.39,7631.42,25,17,0,0,3900.0,16.28,0,False,False,False,True,False,True,False,False,True,False,False,False,False,True,False
LN-11687,66,3.0,34300.0,690,13.64,8845.72,23,14,1,1,2400.0,13.15,1,True,False,False,False,True,False,False,False,True,False,False,False,False,False,True
LN-11688,47,6.4,69900.0,609,11.22,17654.66,24,15,0,0,1000.0,17.92,0,False,False,False,True,False,False,True,False,True,False,False,False,False,False,True
LN-11689,61,1.5,96400.0,695,15.36,11659.07,19,7,1,0,21100.0,14.95,1,True,False,False,False,False,True,False,False,True,False,False,False,False,False,True
LN-11690,37,1.7,54500.0,714,39.0,6115.97,18,6,1,1,11000.0,15.36,1,False,False,False,True,False,True,False,True,False,False,False,False,False,False,True
LN-11691,60,11.6,15400.0,651,25.39,3984.03,21,17,0,0,6900.0,16.87,1,False,False,False,True,False,False,True,False,True,False,False,False,False,True,False
LN-11692,51,0.3,62100.0,776,9.99,36444.7325,16,11,0,0,2500.0,10.53,0,False,False,True,False,False,True,False,False,False,False,False,False,True,True,False
LN-11693,54,3.0,82400.0,681,17.89,4017.79,22,9,0,2,4200.0,14.24,1,True,False,False,False,False,True,False,False,False,True,False,False,False,True,False
LN-11694,44,3.0,32200.0,602,16.68,1663.89,27,19,0,2,1000.0,17.15,1,False,False,False,True,False,False,True,False,False,False,False,False,True,True,False
LN-11695,65,4.2,47100.0,666,27.48,4287.24,14,5,0,1,21200.0,15.04,0,True,False,False,False,False,False,True,False,True,False,False,False,False,True,False
LN-11696,55,3.0,28700.0,683,25.95,4750.99,18,11,0,3,1500.0,16.71,1,True,False,False,False,False,True,False,True,False,False,False,False,False,False,True
LN-11697,26,1.3,15000.0,702,15.29,1641.66,18,10,0,1,1300.0,12.98,1,True,False,False,False,False,True,False,False,True,False,False,False,False,True,False
LN-11698,39,1.9,95300.0,667,22.75,14777.98,18,8,0,0,13300.0,18.2,0,True,False,False,False,True,False,False,False,False,False,False,False,True,False,True
LN-11699,50,8.6,54100.0,629,30.3,11584.67,10,7,2,1,5600.0,17.27,1,True,False,False,False,False,False,True,False,False,False,False,False,True,True,False
LN-11700,27,3.7,130400.0,625,23.56,4568.37,18,13,0,1,30600.0,15.78,1,False,True,False,False,False,False,True,False,False,False,False,False,True,True,False
LN-11701,30,3.3,86800.0,647,9.85,36444.7325,22,10,0,1,24900.0,15.15,0,False,False,False,True,True,False,False,False,False,False,False,False,True,True,False
LN-11702,61,0.5,44600.0,652,10.04,12770.92,22,7,0,2,20100.0,15.83,1,True,False,False,False,True,False,False,False,True,False,False,False,False,True,False
LN-11703,52,0.1,51800.0,623,4.96,14575.77,15,7,0,0,18600.0,14.27,0,True,False,False,False,False,False,True,False,True,False,False,False,False,False,True
LN-11704,54,14.9,74000.0,643,9.6,9775.17,13,5,3,0,2000.0,16.41,1,False,False,False,True,True,False,False,False,False,False,False,False,True,True,False
LN-11705,48,2.1,92200.0,713,10.36,9624.16,21,8,0,1,1000.0,14.12,0,False,False,False,True,False,False,True,False,False,False,True,False,False,False,True
LN-11706,35,4.2,64700.0,762,2.64,242.71,20,13,1,1,1000.0,11.49,0,False,False,False,True,False,False,True,True,False,False,False,False,False,False,True
LN-11707,50,0.4,99500.0,718,7.47,17683.49,13,8,1,2,22700.0,12.5,0,True,False,False,False,False,False,True,False,True,False,False,False,False,False,True
LN-11708,57,5.2,46000.0,745,6.37,28994.52,21,13,0,0,15000.0,12.79,0,True,False,False,False,False,False,True,True,False,False,False,False,False,False,True
LN-11709,49,12.1,31300.0,729,11.98,1564.91,20,14,0,1,14100.0,11.27,1,True,False,False,False,True,False,False,False,True,False,False,False,False,True,False
LN-11710,42,3.9,52300.0,722,17.07,19053.91,12,6,0,0,14400.0,11.57,0,False,False,False,True,False,True,False,False,True,False,False,False,False,False,True
LN-11711,24,0.6,60600.0,663,9.37,9170.74,17,12,0,2,4000.0,13.38,0,True,False,False,False,True,False,False,False,False,True,False,False,False,True,False
LN-11712,40,3.9,28000.0,687,36.16,4030.86,17,12,1,1,1300.0,15.28,1,False,False,True,False,False,True,False,True,False,False,False,False,False,True,False
LN-11713,52,6.5,26000.0,659,7.35,30442.09,20,12,0,1,6400.0,14.94,1,False,False,False,True,False,True,False,False,True,False,False,False,False,True,False
LN-11714,56,2.3,69300.0,669,2.25,210.28,16,12,0,1,3100.0,13.21,0,True,False,False,False,False,True,False,False,False,False,True,False,False,True,False
LN-11715,24,9.5,43300.0,683,14.87,3843.43,16,11,0,1,13900.0,12.66,0,True,False,False,False,True,False,False,True,False,False,False,False,False,True,False
LN-11716,47,4.7,49500.0,716,24.56,26085.01,10,8,0,0,1400.0,12.96,0,True,False,False,False,False,True,False,False,True,False,False,False,False,True,False
LN-11717,37,3.0,44500.0,701,11.67,7870.55,15,6,0,2,20000.0,13.23,1,True,False,False,False,True,False,False,False,False,False,False,False,True,True,False
LN-11718,32,4.4,125000.0,672,12.51,10963.19,21,10,0,0,16700.0,14.97,0,True,False,False,False,True,False,False,False,True,False,False,False,False,True,False
LN-11719,42,0.6,108400.0,683,42.61,16624.4,10,4,0,0,18700.0,17.23,1,False,False,False,True,False,False,True,False,False,False,True,False,False,True,False
LN-11720,37,1.7,27400.0,702,25.73,1921.65,18,8,0,0,12300.0,12.66,1,False,False,True,False,False,True,False,False,False,False,False,False,True,True,False
LN-11721,30,1.0,40400.0,713,18.06,2907.54,18,7,0,2,14700.0,13.39,1,False,False,False,True,True,False,False,False,False,False,False,False,True,True,False
LN-11722,21,10.8,86500.0,604,15.41,36444.7325,26,17,0,0,21800.0,17.53,0,False,False,False,True,True,False,False,False,False,False,False,True,False,True,False
LN-11723,42,6.4,75400.0,626,3.14,3253.09,16,6,0,0,1200.0,13.87,0,False,False,False,True,False,False,True,False,True,False,False,False,False,True,False
LN-11724,46,5.1,53000.0,735,31.81,9297.56,24,13,1,1,23800.0,15.89,0,True,False,False,False,False,True,False,False,False,False,False,False,True,True,False
LN-11725,38,1.6,29000.0,677,15.51,4257.96,20,13,0,0,3500.0,13.68,0,False,False,False,True,False,True,False,False,False,False,False,True,False,True,False
LN-11726,34,0.9,37200.0,659,5.76,22879.55,14,7,0,0,9500.0,16.3,0,False,False,False,True,False,False,True,False,True,False,False,False,False,False,True
LN-11727,67,6.4,40800.0,667,22.16,36444.7325,19,11,0,1,18400.0,15.96,1,False,False,False,True,False,True,False,False,True,False,False,False,False,True,False
LN-11728,49,2.9,63100.0,667,26.29,1827.92,23,17,0,0,2800.0,14.63,0,False,False,True,False,False,False,True,False,True,False,False,False,False,True,False
LN-11729,32,1.2,138300.0,708,12.28,11012.7,21,15,0,2,1000.0,13.05,0,True,False,False,False,False,False,True,True,False,False,False,False,False,True,False
LN-11730,56,4.3,37100.0,625,10.62,20028.76,21,12,0,1,4900.0,18.19,0,True,False,False,False,False,True,False,False,False,True,False,False,False,False,True
LN-11731,55,0.2,30800.0,681,14.04,20781.16,20,9,0,0,2400.0,13.39,0,True,False,False,False,False,True,False,True,False,False,False,False,False,True,False
LN-11732,32,3.0,51000.0,692,9.2,6967.42,23,14,0,0,15400.0,13.5,1,True,False,False,False,False,True,False,False,True,False,False,False,False,True,False
LN-11733,27,2.8,95600.0,700,7.21,3064.54,20,9,0,0,4600.0,11.07,0,False,False,False,True,False,True,False,False,True,False,False,False,False,True,False
LN-11734,49,0.7,24400.0,691,14.96,5875.42,20,14,0,1,1000.0,14.22,0,False,False,True,False,False,False,True,False,False,True,False,False,False,True,False
LN-11735,31,18.8,120500.0,706,25.6,16690.99,15,9,0,1,31300.0,14.67,0,False,False,False,True,False,False,True,False,True,False,False,False,False,False,True
LN-11736,53,1.1,49300.0,651,40.4,36444.7325,16,11,0,0,1000.0,18.73,0,False,False,False,True,False,False,True,False,False,True,False,False,False,False,True
LN-11737,26,0.6,36200.0,633,15.51,9697.02,17,7,0,0,4400.0,15.67,1,False,False,False,True,False,False,True,False,True,False,False,False,False,False,True
LN-11738,67,1.0,22500.0,803,36.34,2604.81,6,1,1,2,3800.0,12.29,1,True,False,False,False,False,True,False,True,False,False,False,False,False,True,False
LN-11739,35,6.6,79900.0,665,7.04,514.07,9,6,0,1,1000.0,13.56,0,True,False,False,False,True,False,False,False,False,False,True,False,False,True,False
LN-11740,52,2.5,49300.0,671,24.96,34522.56,18,5,0,1,2500.0,12.06,0,True,False,False,False,False,False,True,False,True,False,False,False,False,True,False
LN-11741,31,3.8,59500.0,714,12.14,7917.32,15,7,0,0,23600.0,12.93,1,False,False,False,True,False,False,True,False,False,False,True,False,False,True,False
LN-11742,43,0.1,33000.0,760,44.05500000000001,15130.44,13,12,0,1,1000.0,15.84,1,True,False,False,False,True,False,False,False,True,False,False,False,False,True,False
LN-11743,46,0.2,45500.0,653,9.94,12952.11,12,7,0,0,1000.0,13.28,0,False,False,False,True,False,False,True,False,True,False,False,False,False,True,False
LN-11744,54,2.7,41500.0,630,17.99,26582.73,18,8,0,0,14100.0,15.21,1,False,False,False,True,True,False,False,False,False,False,False,True,False,True,False
LN-11745,66,7.6,51300.0,618,4.63,3712.44,15,8,1,3,1300.0,16.88,0,False,False,False,True,False,True,False,False,True,False,False,False,False,True,False
LN-11746,54,9.7,37500.0,760,11.47,6994.74,16,9,0,0,6500.0,12.97,0,True,False,False,False,False,False,True,True,False,False,False,False,False,False,True
LN-11747,49,0.4,23300.0,628,27.81,29388.1,12,7,2,0,1000.0,16.43,1,False,False,False,True,False,False,True,False,True,False,False,False,False,True,False
LN-11748,24,3.5,142987.5,679,24.41,10570.39,20,12,0,0,6300.0,16.28,0,True,False,False,False,False,True,False,False,True,False,False,False,False,False,True
LN-11749,37,11.0,25600.0,631,18.1,888.43,14,11,1,0,5400.0,15.21,0,True,False,False,False,False,False,True,False,False,False,False,True,False,True,False
LN-11750,55,2.2,59900.0,608,25.09,2595.27,25,13,0,1,13300.0,20.22,1,True,False,False,False,False,False,True,False,False,False,False,False,True,True,False
LN-11751,33,8.0,20400.0,665,14.62,3249.35,22,10,1,0,9200.0,16.65,1,True,False,False,False,False,False,True,False,False,False,False,False,True,False,True
LN-11752,61,0.6,18100.0,633,38.44,36444.7325,15,7,0,2,8100.0,19.57,1,False,False,False,True,True,False,False,False,False,False,True,False,False,True,False
LN-11753,59,12.3,57200.0,645,4.39,3045.38,13,7,0,2,25700.0,14.52,0,False,False,False,True,False,True,False,False,False,False,False,True,False,True,False
LN-11754,35,6.3,59600.0,780,17.75,24453.52,16,10,0,2,22200.0,9.63,0,True,False,False,False,False,False,True,False,False,True,False,False,False,True,False
LN-11755,49,12.8,108400.0,701,5.05,975.77,17,13,0,0,34300.0,13.28,0,True,False,False,False,False,True,False,False,True,False,False,False,False,True,False
LN-11756,49,5.1,67500.0,727,7.53,2406.62,19,8,0,0,1000.0,13.54,0,True,False,False,False,False,True,False,True,False,False,False,False,False,True,False
LN-11757,31,2.0,49900.0,721,10.88,24673.88,15,9,0,1,22500.0,14.05,0,False,False,True,False,False,True,False,False,False,False,True,False,False,True,False
LN-11758,52,12.5,32100.0,675,12.39,27504.07,22,12,2,0,5400.0,12.07,1,False,False,False,True,False,False,True,False,True,False,False,False,False,True,False
LN-11759,22,1.5,123600.0,658,14.77,2325.88,20,13,1,2,4500.0,15.08,0,False,False,False,True,False,True,False,False,False,False,False,True,False,True,False
LN-11760,67,1.8,90300.0,692,14.9,3134.07,9,7,1,1,7200.0,11.83,0,True,False,False,False,True,False,False,False,False,False,False,False,True,True,False
LN-11761,34,5.4,27300.0,688,10.42,9074.76,18,13,0,2,12300.0,13.81,0,False,False,False,True,False,False,True,False,True,False,False,False,False,False,True
LN-11762,40,6.5,55300.0,652,15.71,649.46,18,8,0,2,24900.0,16.8,1,False,False,False,True,False,False,True,False,True,False,False,False,False,False,True
LN-11763,42,11.9,58600.0,686,6.25,34867.23,22,11,0,0,11300.0,15.85,0,False,False,True,False,False,False,True,False,True,False,False,False,False,False,True
LN-11764,31,1.0,44800.0,645,26.06,5394.45,17,9,0,0,2300.0,16.41,1,False,False,False,True,False,False,True,False,False,False,False,False,True,True,False
LN-11765,47,7.2,82800.0,671,22.62,8063.39,16,6,1,3,3400.0,14.66,0,False,False,True,False,False,False,True,False,True,False,False,False,False,False,True
LN-11766,23,6.0,85600.0,663,38.11,1331.83,13,9,1,0,7300.0,17.25,1,True,False,False,False,True,False,False,False,False,False,False,False,True,True,False
LN-11767,37,0.3,48800.0,617,20.3,397.03,16,11,0,0,6400.0,16.56,1,True,False,False,False,True,False,False,False,True,False,False,False,False,False,True
LN-11768,64,2.2,46400.0,562,21.83,7569.21,22,14,1,3,3800.0,19.11,1,False,False,False,True,False,False,True,False,True,False,False,False,False,False,True
LN-11769,48,1.5,123600.0,633,21.58,1556.76,19,11,0,3,26600.0,17.28,0,False,False,False,True,False,True,False,False,True,False,False,False,False,False,True
LN-11770,49,1.6,90500.0,770,8.63,11941.37,14,6,0,0,4600.0,9.95,0,True,False,False,False,False,True,False,False,False,False,True,False,False,True,False
LN-11771,41,18.3,56400.0,665,17.66,18986.62,18,7,1,0,12600.0,15.6,1,False,False,False,True,False,True,False,False,False,False,False,False,True,True,False
LN-11772,67,4.6,22100.0,719,11.77,386.2,21,11,0,0,9100.0,13.54,0,False,False,False,True,False,True,False,False,False,False,False,True,False,True,False
LN-11773,36,5.7,65500.0,574,18.79,11367.88,23,12,0,0,29500.0,20.07,0,False,False,False,True,False,False,True,False,True,False,False,False,False,False,True
LN-11774,57,16.9,79500.0,630,20.66,20289.52,12,4,0,1,13900.0,17.9,1,False,False,False,True,False,True,False,False,False,False,False,False,True,True,False
LN-11775,40,2.1,15000.0,612,24.2,6945.57,14,7,0,0,5700.0,16.88,1,False,False,False,True,False,True,False,False,True,False,False,False,False,True,False
LN-11776,26,7.3,62200.0,670,21.51,36444.7325,19,12,0,0,14300.0,13.51,0,True,False,False,False,True,False,False,False,False,False,True,False,False,True,False
LN-11777,39,2.6,43100.0,801,21.87,1414.53,16,8,0,0,5400.0,9.46,0,False,False,False,True,True,False,False,False,False,False,False,True,False,True,False
LN-11778,25,9.2,48000.0,703,12.27,4680.73,22,10,1,0,1300.0,15.27,0,False,False,False,True,False,False,True,False,False,False,False,False,True,True,False
LN-11779,23,0.9,32900.0,765,44.05500000000001,3137.55,15,8,1,2,9300.0,17.06,1,True,False,False,False,False,False,True,False,False,False,False,False,True,True,False
LN-11780,21,13.3,49900.0,667,20.98,36444.7325,21,13,0,1,22500.0,17.64,1,False,False,True,False,True,False,False,True,False,False,False,False,False,False,True
LN-11781,58,3.0,116500.0,748,16.23,4180.68,16,9,0,2,33600.0,11.36,0,False,False,False,True,False,True,False,False,True,False,False,False,False,True,False
LN-11782,35,1.8,42400.0,784,30.33,5890.84,17,10,0,2,11000.0,14.06,1,False,False,False,True,True,False,False,False,False,False,True,False,False,True,False
LN-11783,54,6.4,92100.0,675,13.08,22576.26,12,8,0,0,16800.0,13.94,0,True,False,False,False,False,False,True,False,False,False,False,True,False,True,False
LN-11784,55,2.3,34800.0,653,5.25,31904.87,16,9,0,0,13200.0,14.64,0,False,False,True,False,False,True,False,False,False,True,False,False,False,True,False
LN-11785,45,4.2,82200.0,614,9.81,33318.63,23,15,0,4,23300.0,17.83,1,True,False,False,False,False,True,False,False,False,False,False,False,True,False,True
LN-11786,44,2.6,54200.0,665,7.29,9801.91,15,8,0,2,1500.0,15.52,1,True,False,False,False,True,False,False,False,False,False,False,False,True,True,False
LN-11787,32,6.1,65700.0,684,19.12,13062.83,16,12,0,2,7200.0,14.99,0,False,False,False,True,False,False,True,False,False,False,True,False,False,True,False
LN-11788,38,1.2,54400.0,782,25.77,5154.11,13,4,1,1,4100.0,13.39,1,True,False,False,False,False,False,True,False,True,False,False,False,False,True,False
LN-11789,35,0.3,77100.0,615,6.62,11212.2,16,10,0,0,1000.0,16.57,0,False,False,False,True,False,True,False,False,True,False,False,False,False,False,True
LN-11790,64,1.6,15000.0,683,22.47,4327.3,13,7,0,3,6800.0,14.4,1,True,False,False,False,True,False,False,True,False,False,False,False,False,True,False
LN-11791,36,2.9,24800.0,589,21.5,16446.39,16,12,0,2,2000.0,17.19,1,True,False,False,False,True,False,False,False,True,False,False,False,False,True,False
LN-11792,47,0.8,68100.0,659,37.04,4404.34,20,13,0,1,5500.0,15.2,0,False,False,True,False,True,False,False,False,False,True,False,False,False,True,False
LN-11793,28,2.0,17600.0,696,28.52,25384.38,23,11,0,0,7900.0,12.35,1,False,False,False,True,True,False,False,False,False,False,True,False,False,False,True
LN-11794,66,2.3,40500.0,706,9.81,1858.59,19,13,1,0,17900.0,14.14,0,False,False,False,True,False,False,True,False,True,False,False,False,False,True,False
LN-11795,45,0.3,52600.0,709,12.34,10178.12,20,10,2,1,11700.0,12.72,0,True,False,False,False,False,False,True,False,True,False,False,False,False,True,False
LN-11796,37,3.9,34400.0,700,13.09,8824.53,22,18,0,0,5200.0,14.24,0,True,False,False,False,False,False,True,False,False,False,False,False,True,True,False
LN-11797,49,9.7,37000.0,709,34.06,3673.7,12,7,0,0,10100.0,16.45,1,True,False,False,False,False,False,True,False,True,False,False,False,False,False,True
LN-11798,28,0.7,62900.0,682,38.44,340.82,13,6,0,0,1000.0,16.14,1,False,False,False,True,True,False,False,False,False,False,False,False,True,True,False
LN-11799,35,4.1,94400.0,628,21.02,1929.54,20,8,1,0,18200.0,17.42,1,False,False,False,True,True,False,False,False,False,False,False,False,True,True,False
LN-11800,47,4.9,32000.0,587,5.67,36444.7325,16,9,0,2,3800.0,18.66,1,True,False,False,False,False,False,True,False,False,False,False,False,True,False,True
LN-11801,66,2.4,39500.0,653,14.23,34024.71,20,9,0,0,9100.0,14.8,1,False,False,False,True,False,True,False,False,True,False,False,False,False,False,True
LN-11802,27,5.4,36200.0,673,44.05500000000001,1524.47,20,9,0,3,1400.0,18.83,1,True,False,False,False,True,False,False,True,False,False,False,False,False,True,False
LN-11803,23,2.4,15000.0,743,16.55,5637.36,15,9,0,0,6800.0,13.29,0,True,False,False,False,False,True,False,False,False,False,True,False,False,True,False
LN-11804,49,3.2,58600.0,675,2.0,7508.7,21,9,0,2,26400.0,13.21,0,True,False,False,False,False,False,True,False,False,False,False,False,True,False,True
LN-11805,64,0.0,90600.0,670,15.52,7802.71,22,11,0,2,8500.0,13.72,0,True,False,False,False,False,True,False,True,False,False,False,False,False,True,False
LN-11806,44,3.0,94800.0,699,31.38,4259.88,21,14,0,2,1200.0,13.35,0,True,False,False,False,False,False,True,False,True,False,False,False,False,True,False
LN-11807,23,4.9,33600.0,666,4.59,29295.66,24,9,0,3,15100.0,14.51,0,False,False,False,True,False,True,False,False,True,False,False,False,False,True,False
LN-11808,40,0.2,27200.0,721,5.9,28695.76,16,11,0,0,8300.0,11.89,0,True,False,False,False,False,True,False,True,False,False,False,False,False,True,False
LN-11809,66,2.1,54800.0,779,33.31,229.32,21,12,0,5,1200.0,9.45,1,False,False,False,True,False,False,True,False,True,False,False,False,False,True,False
LN-11810,35,17.4,85500.0,790,23.11,12597.91,20,11,1,0,2900.0,11.6,0,True,False,False,False,True,False,False,False,True,False,False,False,False,False,True
LN-11811,45,2.5,59000.0,685,22.64,927.27,15,8,0,3,1800.0,14.13,0,False,False,False,True,False,True,False,False,True,False,False,False,False,True,False
LN-11812,50,3.1,63500.0,697,3.77,10920.65,14,7,1,0,3100.0,12.82,0,True,False,False,False,False,True,False,False,False,False,False,False,True,True,False
LN-11813,34,10.8,101500.0,759,10.4,24199.21,9,6,0,0,2400.0,10.4,0,False,False,False,True,True,False,False,False,True,False,False,False,False,False,True
LN-11814,27,5.7,36100.0,673,21.4,12581.79,14,8,0,2,16200.0,15.02,1,False,False,False,True,False,False,True,False,False,False,False,False,True,True,False
LN-11815,37,3.9,48000.0,714,7.17,7594.28,19,13,0,2,3300.0,14.23,0,False,False,True,False,False,False,True,False,True,False,False,False,False,True,False
LN-11816,64,7.2,133100.0,623,20.44,36444.7325,17,12,0,0,8200.0,17.62,0,False,False,False,True,True,False,False,False,False,False,False,False,True,False,True
LN-11817,40,9.0,48600.0,664,7.32,16473.37,12,5,0,2,18300.0,14.74,0,True,False,False,False,False,False,True,False,False,False,False,False,True,True,False
LN-11818,56,2.7,27000.0,738,5.32,3441.14,12,5,0,0,12200.0,13.39,1,False,True,False,False,True,False,False,False,True,False,False,False,False,True,False
LN-11819,29,2.9,37500.0,644,20.93,5871.45,18,10,0,0,16900.0,15.65,0,False,False,False,True,False,False,True,False,True,False,False,False,False,True,False
LN-11820,58,2.2,32300.0,674,16.58,17119.16,19,13,0,2,14500.0,14.31,1,True,False,False,False,False,False,True,False,False,False,False,False,True,True,False
LN-11821,42,15.3,65900.0,601,14.37,234.04,18,10,0,0,11800.0,18.03,1,False,False,False,True,False,True,False,False,False,False,True,False,False,False,True
LN-11822,22,5.4,33100.0,780,15.24,793.21,15,9,0,0,14900.0,9.9,0,False,False,False,True,False,False,True,False,True,False,False,False,False,True,False
LN-11823,44,0.4,62900.0,743,15.24,23544.01,14,6,2,4,6800.0,11.31,0,False,False,False,True,True,False,False,False,False,False,False,False,True,True,False
LN-11824,28,8.9,36100.0,689,4.29,526.75,14,10,0,1,7900.0,11.55,0,False,False,True,False,False,True,False,False,False,False,False,False,True,False,True
LN-11825,31,2.9,16900.0,705,25.68,13617.61,18,10,1,0,1500.0,17.94,1,False,False,False,True,True,False,False,True,False,False,False,False,False,False,True
LN-11826,33,0.3,64100.0,700,32.2,4608.66,22,12,0,1,15700.0,15.87,1,True,False,False,False,True,False,False,True,False,False,False,False,False,True,False
LN-11827,37,3.6,58800.0,749,40.53,20976.93,23,7,0,1,4400.0,13.84,1,True,False,False,False,False,False,True,False,False,False,True,False,False,False,True
LN-11828,28,2.4,72000.0,654,18.83,22554.98,16,11,0,2,1200.0,16.51,0,False,False,True,False,True,False,False,False,False,False,False,False,True,True,False
LN-11829,41,9.5,37400.0,717,5.31,36444.7325,15,11,1,1,1400.0,11.21,0,False,False,False,True,False,True,False,False,True,False,False,False,False,True,False
LN-11830,38,1.0,35300.0,734,25.22,1205.13,15,4,0,1,15900.0,13.31,1,True,False,False,False,False,True,False,False,False,True,False,False,False,True,False
LN-11831,50,7.9,67600.0,741,17.17,6595.77,26,15,0,0,3600.0,12.44,0,True,False,False,False,True,False,False,False,False,False,False,True,False,True,False
LN-11832,38,3.7,124900.0,567,17.98,10238.62,21,10,0,0,20600.0,18.46,0,True,False,False,False,False,True,False,False,True,False,False,False,False,False,True
LN-11833,66,0.3,54500.0,650,8.59,29731.39,11,5,2,1,24500.0,14.61,0,False,False,True,False,False,True,False,False,False,True,False,False,False,False,True
LN-11834,67,16.1,68400.0,629,20.4,3719.36,21,13,0,1,5800.0,17.65,0,True,False,False,False,False,True,False,True,False,False,False,False,False,True,False
LN-11835,51,3.2,45400.0,687,25.7,891.87,16,10,0,0,20400.0,14.87,0,False,False,False,True,False,False,True,False,True,False,False,False,False,True,False
LN-11836,58,1.5,23200.0,579,17.28,2704.22,25,15,0,4,7800.0,19.57,1,True,False,False,False,False,False,True,False,False,False,False,False,True,True,False
LN-11837,52,2.9,92200.0,578,11.47,8212.11,26,12,0,0,20700.0,15.87,1,False,False,False,True,False,True,False,False,True,False,False,False,False,True,False
LN-11838,31,8.8,89300.0,789,12.1,13712.69,17,7,0,0,5100.0,9.85,0,False,False,False,True,False,False,True,True,False,False,False,False,False,True,False
LN-11839,65,1.6,80100.0,711,18.26,14080.32,21,10,0,0,34300.0,13.35,1,True,False,False,False,False,False,True,False,True,False,False,False,False,True,False
LN-11840,45,1.0,49000.0,686,11.74,931.17,21,12,0,2,22000.0,15.01,0,False,False,False,True,False,False,True,False,False,False,False,False,True,True,False
LN-11841,53,3.0,75200.0,698,6.79,17196.12,14,9,0,0,6800.0,11.96,0,False,False,False,True,False,True,False,False,False,False,False,False,True,True,False
LN-11842,58,1.6,88600.0,687,24.97,12954.17,18,10,0,5,3100.0,15.4,0,False,False,True,False,False,False,True,False,False,False,False,True,False,True,False
LN-11843,61,6.8,132100.0,730,16.07,6281.73,16,6,0,5,16200.0,13.04,0,False,False,False,True,True,False,False,False,False,False,False,False,True,True,False
LN-11844,28,2.9,93300.0,648,17.45,10157.99,14,6,0,0,12300.0,17.07,0,False,False,True,False,False,False,True,False,True,False,False,False,False,True,False
LN-11845,31,1.2,56100.0,689,10.08,17518.8,24,14,0,0,25200.0,14.06,0,True,False,False,False,False,True,False,True,False,False,False,False,False,True,False
LN-11846,42,0.8,26400.0,691,6.77,3647.25,15,9,0,0,11900.0,10.97,0,True,False,False,False,False,True,False,False,False,False,False,True,False,True,False
LN-11847,44,1.8,59000.0,628,8.96,33767.63,15,7,0,0,25200.0,14.1,0,True,False,False,False,False,True,False,True,False,False,False,False,False,True,False
LN-11848,61,12.7,62400.0,744,11.03,1778.77,26,15,3,1,18100.0,10.62,1,False,False,False,True,False,False,True,True,False,False,False,False,False,True,False
LN-11849,37,1.9,80000.0,658,6.5,27900.77,17,9,0,2,6000.0,13.62,1,False,False,False,True,True,False,False,False,True,False,False,False,False,True,False
LN-11850,32,19.9,114100.0,731,11.65,16204.55,24,14,0,0,34300.0,14.83,0,False,False,False,True,True,False,False,False,True,False,False,False,False,False,True
LN-11851,66,3.0,51400.0,686,14.47,12964.03,21,13,0,5,8800.0,13.59,1,False,False,False,True,True,False,False,False,False,False,False,False,True,True,False
LN-11852,52,0.9,142987.5,762,27.6,1038.57,17,11,0,4,7100.0,13.57,0,False,False,True,False,True,False,False,False,True,False,False,False,False,False,True
LN-11853,35,10.0,20600.0,628,23.51,30160.36,20,13,0,1,3000.0,17.21,1,True,False,False,False,False,True,False,False,False,False,False,False,True,False,True
LN-11854,36,2.8,68200.0,626,22.43,4200.31,17,14,0,0,5100.0,18.11,1,False,False,False,True,False,True,False,False,True,False,False,False,False,False,True
LN-11855,42,5.6,34900.0,635,6.98,16426.75,18,11,0,1,1000.0,15.07,1,False,False,False,True,True,False,False,True,False,False,False,False,False,False,True
LN-11856,48,18.5,19000.0,687,21.62,25933.17,23,15,1,0,8600.0,14.24,1,False,False,False,True,False,True,False,False,True,False,False,False,False,True,False
LN-11857,40,0.2,48500.0,757,27.2,3361.07,12,8,0,1,13000.0,13.43,1,False,False,False,True,True,False,False,False,True,False,False,False,False,False,True
LN-11858,53,0.5,24300.0,760,11.58,29525.02,16,12,0,0,7200.0,12.22,0,True,False,False,False,False,True,False,False,False,False,False,True,False,False,True
LN-11859,30,5.7,49600.0,565,6.66,11359.19,17,10,0,0,22300.0,16.47,1,False,False,False,True,True,False,False,False,True,False,False,False,False,True,False
LN-11860,60,1.5,55200.0,692,20.69,12911.59,18,10,0,0,16500.0,13.61,0,True,False,False,False,False,False,True,False,False,False,False,False,True,False,True
LN-11861,52,0.9,100200.0,519,23.26,29512.68,22,8,0,0,3900.0,20.585,0,False,False,False,True,True,False,False,False,True,False,False,False,False,True,False
LN-11862,53,0.2,23600.0,720,15.37,8977.2,10,6,0,1,6700.0,12.75,0,False,False,False,True,False,True,False,False,True,False,False,False,False,True,False
LN-11863,22,3.0,89300.0,736,25.47,6971.71,13,10,0,1,10200.0,15.54,0,True,False,False,False,False,True,False,False,True,False,False,False,False,False,True
LN-11864,53,6.7,57200.0,678,16.05,12036.3,15,9,1,0,11000.0,15.86,0,True,False,False,False,False,False,True,False,True,False,False,False,False,False,True
LN-11865,53,3.0,95400.0,684,8.19,9689.87,13,6,1,0,4500.0,14.08,0,False,False,True,False,True,False,False,False,True,False,False,False,False,True,False
LN-11866,61,2.8,42700.0,684,15.9,761.36,19,11,0,3,4000.0,15.44,1,False,False,True,False,True,False,False,True,False,False,False,False,False,True,False
LN-11867,33,3.0,26000.0,641,17.06,2388.61,13,8,0,1,5000.0,18.67,1,False,False,False,True,False,False,True,False,True,False,False,False,False,True,False
LN-11868,50,2.5,27700.0,702,15.21,163.91,23,9,1,1,12500.0,16.02,1,False,False,False,True,False,True,False,False,False,False,False,False,True,False,True
LN-11869,53,0.1,26600.0,668,5.68,1373.66,21,13,0,1,6200.0,14.84,0,True,False,False,False,False,True,False,False,True,False,False,False,False,True,False
LN-11870,33,6.9,70500.0,727,36.23,15705.32,18,6,0,0,6600.0,15.69,1,False,False,True,False,True,False,False,False,True,False,False,False,False,False,True
LN-11871,46,0.0,122100.0,674,44.05500000000001,56.67,21,9,0,0,17800.0,18.46,1,True,False,False,False,False,True,False,False,False,False,False,False,True,True,False
LN-11872,42,6.5,39700.0,637,13.35,4355.86,16,8,0,0,2500.0,14.49,0,False,False,False,True,False,False,True,False,False,False,False,True,False,True,False
LN-11873,59,10.1,76600.0,603,14.21,7159.25,17,9,1,3,14400.0,18.24,1,False,True,False,False,False,True,False,False,True,False,False,False,False,False,True
LN-11874,22,2.6,23400.0,587,16.0,33331.17,11,7,0,1,10500.0,18.73,1,False,False,False,True,False,True,False,False,True,False,False,False,False,True,False
LN-11875,58,3.5,59800.0,746,14.73,4752.24,20,10,0,3,1000.0,14.15,0,True,False,False,False,False,False,True,False,False,True,False,False,False,False,True
LN-11876,59,2.9,78300.0,657,8.32,18341.53,20,12,0,0,2900.0,15.25,0,False,False,True,False,False,True,False,False,True,False,False,False,False,False,True
LN-11877,46,2.2,24400.0,697,24.41,6306.51,21,12,0,1,8800.0,14.9,1,False,False,False,True,True,False,False,False,True,False,False,False,False,True,False
LN-11878,66,9.8,48400.0,769,25.08,1244.23,22,15,0,0,21800.0,12.7,1,False,False,True,False,True,False,False,False,False,False,False,True,False,False,True
LN-11879,35,10.1,80300.0,652,14.51,1248.92,22,13,0,1,18500.0,14.07,0,False,False,False,True,False,False,True,False,True,False,False,False,False,True,False
LN-11880,54,1.8,15000.0,649,13.92,6796.78,21,11,0,0,6800.0,16.79,1,False,False,True,False,True,False,False,False,True,False,False,False,False,True,False
LN-11881,62,4.3,112900.0,673,13.68,715.51,17,10,0,1,26700.0,13.74,0,False,False,False,True,False,True,False,False,False,False,True,False,False,True,False
LN-11882,64,11.8,65800.0,681,24.05,10172.91,20,12,0,0,10000.0,15.3,1,False,False,True,False,False,False,True,False,True,False,False,False,False,False,True
LN-11883,60,14.7,80400.0,774,15.78,8166.32,8,5,2,0,13600.0,10.69,0,False,False,False,True,False,False,True,False,True,False,False,False,False,True,False
LN-11884,31,3.2,43200.0,758,13.25,14549.51,16,7,0,0,19400.0,10.67,0,True,False,False,False,False,False,True,True,False,False,False,False,False,True,False
LN-11885,23,2.7,21000.0,711,6.77,2463.96,22,12,0,0,9400.0,11.62,0,True,False,False,False,True,False,False,False,False,False,False,False,True,True,False
LN-11886,26,1.5,72700.0,752,26.26,10785.22,18,10,0,0,6200.0,11.67,0,True,False,False,False,False,False,True,False,False,False,True,False,False,False,True
LN-11887,29,14.4,51800.0,671,9.58,2301.52,26,13,0,1,6000.0,12.13,0,False,False,False,True,False,False,True,False,False,False,True,False,False,True,False
LN-11888,26,0.7,55100.0,695,6.67,15371.7,15,6,0,0,6400.0,12.76,0,True,False,False,False,True,False,False,False,True,False,False,False,False,True,False
LN-11889,29,3.9,98500.0,665,21.68,4403.45,23,13,1,0,9600.0,16.7,0,False,False,False,True,False,True,False,False,False,False,False,False,True,False,True
LN-11890,59,1.5,82400.0,615,15.67,11435.96,16,6,0,1,6300.0,14.26,0,True,False,False,False,True,False,False,False,True,False,False,False,False,True,False
LN-11891,51,1.5,142987.5,740,44.05500000000001,25713.92,17,10,0,0,2900.0,15.17,0,False,False,False,True,True,False,False,False,True,False,False,False,False,True,False
LN-11892,52,2.3,59000.0,707,6.04,8038.66,17,11,0,1,12700.0,14.1,0,False,False,True,False,False,False,True,False,True,False,False,False,False,True,False
LN-11893,61,25.0,37000.0,681,10.71,2562.66,12,6,0,0,16600.0,13.2,1,False,False,False,True,True,False,False,False,False,False,False,False,True,True,False
LN-11894,32,0.3,48800.0,680,21.65,26071.63,13,9,0,4,9500.0,14.48,1,False,False,False,True,False,False,True,False,True,False,False,False,False,False,True
LN-11895,28,3.9,68100.0,605,15.19,5328.84,19,8,0,1,3500.0,16.48,1,False,False,False,True,False,True,False,False,True,False,False,False,False,True,False
LN-11896,28,0.4,94700.0,631,17.22,15723.24,14,8,0,1,23500.0,16.51,0,False,False,False,True,False,True,False,True,False,False,False,False,False,True,False
LN-11897,48,0.8,24200.0,697,17.19,4629.64,26,13,0,3,10900.0,13.1,1,False,False,False,True,False,False,True,False,False,False,True,False,False,True,False
LN-11898,40,2.6,54400.0,654,4.45,4249.55,24,13,0,2,16900.0,15.27,0,True,False,False,False,True,False,False,False,True,False,False,False,False,True,False
LN-11899,67,3.2,131300.0,669,17.87,12327.61,17,13,0,0,15700.0,15.28,0,False,False,True,False,False,True,False,False,True,False,False,False,False,True,False
LN-11900,27,1.3,47500.0,675,23.56,2039.66,19,9,0,0,21300.0,18.06,0,True,False,False,False,False,False,True,False,False,False,False,False,True,False,True
LN-11901,31,1.7,90400.0,646,8.72,24206.52,20,9,0,0,24800.0,13.71,0,True,False,False,False,True,False,False,False,False,False,True,False,False,False,True
LN-11902,40,0.4,71100.0,632,9.08,5884.91,28,10,0,0,32000.0,13.51,1,False,False,False,True,False,True,False,False,True,False,False,False,False,True,False
LN-11903,36,1.6,91600.0,599,11.78,233.59,13,8,0,2,13200.0,16.97,1,True,False,False,False,False,True,False,False,False,False,True,False,False,False,True
LN-11904,24,15.3,34700.0,673,6.53,4373.66,24,13,0,1,7000.0,12.08,0,False,False,False,True,False,True,False,False,False,True,False,False,False,True,False
LN-11905,26,13.0,34800.0,711,8.04,18443.53,17,7,1,2,1300.0,14.48,0,True,False,False,False,True,False,False,False,False,False,False,False,True,True,False
LN-11906,42,1.8,54800.0,598,16.19,23538.52,13,8,0,0,17900.0,17.14,1,False,False,False,True,False,False,True,False,True,False,False,False,False,True,False
LN-11907,46,3.8,23300.0,679,30.66,10068.63,18,12,0,2,2100.0,16.03,0,False,False,False,True,False,False,True,False,True,False,False,False,False,False,True
LN-11908,23,10.8,46700.0,694,10.95,4179.54,14,10,0,0,21000.0,15.23,1,False,False,False,True,False,True,False,False,True,False,False,False,False,True,False
LN-11909,61,0.0,62300.0,631,38.05,9005.61,15,4,0,1,7300.0,17.9,1,True,False,False,False,False,False,True,False,True,False,False,False,False,True,False
LN-11910,62,7.5,142987.5,751,10.83,21722.16,19,12,1,1,29200.0,12.28,0,False,False,False,True,False,True,False,False,True,False,False,False,False,False,True
LN-11911,34,13.3,67600.0,661,24.81,4558.23,17,8,0,2,10200.0,15.59,1,True,False,False,False,False,True,False,True,False,False,False,False,False,False,True
LN-11912,31,0.4,76400.0,675,9.44,5842.13,30,17,0,2,8500.0,14.52,0,False,False,False,True,False,False,True,False,True,False,False,False,False,True,False
LN-11913,38,0.8,102800.0,672,19.38,9310.37,20,13,0,0,6300.0,15.37,0,True,False,False,False,False,False,True,False,True,False,False,False,False,True,False
LN-11914,32,14.6,31900.0,591,35.2,26179.09,20,8,0,0,1000.0,19.42,0,False,False,True,False,False,True,False,False,True,False,False,False,False,True,False
LN-11915,43,3.5,49500.0,730,21.99,10471.56,14,8,0,0,1000.0,14.07,0,False,False,False,True,True,False,False,False,False,False,False,False,True,True,False
LN-11916,32,0.1,142987.5,632,14.25,2792.5,15,8,1,1,9900.0,17.36,0,True,False,False,False,False,True,False,False,True,False,False,False,False,True,False
LN-11917,33,1.3,51900.0,668,13.69,1119.92,12,8,1,0,23400.0,13.43,1,False,False,True,False,False,True,False,False,True,False,False,False,False,True,False
LN-11918,45,2.7,100100.0,710,19.54,1198.03,21,13,0,0,12400.0,16.23,0,True,False,False,False,False,False,True,False,False,False,False,False,True,True,False
LN-11919,65,5.3,92000.0,753,23.15,36008.83,12,5,0,2,27800.0,14.62,0,True,False,False,False,False,True,False,False,False,False,False,True,False,True,False
LN-11920,39,5.9,24000.0,626,24.67,20739.5,15,9,0,0,10800.0,19.7,1,True,False,False,False,False,False,True,True,False,False,False,False,False,False,True
LN-11921,66,24.2,64300.0,658,16.33,17421.76,23,13,0,0,2800.0,15.7,0,True,False,False,False,False,True,False,False,True,False,False,False,False,False,True
LN-11922,56,1.5,58700.0,749,19.1,8230.83,11,8,1,1,15100.0,11.4,0,False,False,False,True,False,True,False,False,True,False,False,False,False,True,False
LN-11923,65,3.5,65000.0,703,9.17,13396.66,9,3,0,4,7600.0,13.06,0,True,False,False,False,True,False,False,False,False,False,False,False,True,True,False
LN-11924,28,3.4,35800.0,714,20.61,1634.38,20,10,0,0,3300.0,14.84,0,False,False,False,True,False,True,False,False,False,False,False,False,True,False,True
LN-11925,49,2.3,29300.0,627,9.54,11639.33,18,8,0,2,3900.0,16.43,1,False,False,False,True,True,False,False,False,True,False,False,False,False,True,False
LN-11926,52,0.8,41700.0,661,17.34,19978.19,23,15,0,0,3900.0,14.74,0,True,False,False,False,False,True,False,False,True,False,False,False,False,True,False
LN-11927,64,17.1,51300.0,672,12.57,769.84,15,8,0,0,18300.0,15.31,0,False,False,False,True,True,False,False,False,True,False,False,False,False,True,False
LN-11928,38,8.6,104000.0,637,33.16,4214.29,19,15,0,0,6100.0,16.55,0,False,False,False,True,False,True,False,False,False,False,False,False,True,True,False
LN-11929,26,3.1,142987.5,596,16.24,1402.16,17,10,0,1,4100.0,17.98,1,True,False,False,False,False,False,True,True,False,False,False,False,False,False,True
LN-11930,38,4.2,116800.0,654,35.15,3616.94,25,15,1,3,30400.0,17.45,1,False,False,True,False,True,False,False,False,True,False,False,False,False,True,False
LN-11931,39,1.2,87000.0,748,15.3,17768.52,14,5,0,0,1000.0,13.13,0,False,False,True,False,False,False,True,False,False,False,True,False,False,False,True
LN-11932,42,3.5,31200.0,683,38.54,4842.49,28,9,0,1,14000.0,16.12,1,False,False,True,False,False,False,True,False,False,False,False,False,True,False,True
LN-11933,57,5.3,43300.0,749,21.16,14041.96,28,15,0,0,19500.0,11.34,0,True,False,False,False,False,False,True,False,True,False,False,False,False,True,False
LN-11934,52,3.3,60800.0,689,4.66,17809.67,25,14,2,3,13800.0,15.3,0,False,False,False,True,True,False,False,False,False,True,False,False,False,False,True
LN-11935,61,20.9,38300.0,642,12.74,20355.56,16,9,0,0,11100.0,16.77,0,False,False,False,True,False,False,True,False,True,False,False,False,False,False,True
LN-11936,23,4.3,74400.0,744,10.13,24798.35,20,16,0,1,1000.0,14.37,0,True,False,False,False,True,False,False,False,False,False,False,False,True,False,True
LN-11937,48,2.1,80500.0,691,6.88,10924.77,25,12,0,0,9800.0,14.51,0,False,False,False,True,False,True,False,False,True,False,False,False,False,True,False
LN-11938,30,6.7,72800.0,728,9.77,3952.72,22,11,0,4,6300.0,11.85,0,True,False,False,False,False,False,True,False,True,False,False,False,False,True,False
LN-11939,55,0.8,95200.0,627,11.18,1958.11,11,5,0,0,21100.0,16.74,0,True,False,False,False,False,True,False,True,False,False,False,False,False,True,False
LN-11940,49,2.2,32900.0,732,4.97,8407.11,22,10,0,0,14800.0,12.1,0,False,False,False,True,False,False,True,False,False,False,False,False,True,True,False
LN-11941,35,1.9,90500.0,733,14.1,1311.85,20,8,1,1,2600.0,13.24,0,False,False,True,False,False,True,False,False,False,False,True,False,False,False,True
LN-11942,53,2.5,37000.0,694,20.6,28992.27,21,12,0,2,10300.0,18.32,0,True,False,False,False,False,True,False,False,True,False,False,False,False,False,True
LN-11943,27,3.0,32300.0,640,44.05500000000001,7011.09,20,11,0,5,14500.0,20.585,1,True,False,False,False,False,True,False,True,False,False,False,False,False,False,True
LN-11944,32,3.0,72600.0,678,31.37,24761.32,15,4,0,0,13700.0,17.29,1,False,True,False,False,False,False,True,True,False,False,False,False,False,False,True
LN-11945,50,7.1,105700.0,711,13.78,14824.34,24,12,0,0,9200.0,12.03,0,True,False,False,False,False,True,False,False,False,False,False,False,True,True,False
LN-11946,41,3.9,70900.0,692,15.98,23357.2,23,10,0,3,31900.0,13.26,1,False,False,False,True,True,False,False,False,False,True,False,False,False,True,False
LN-11947,51,1.9,54800.0,710,21.73,25845.65,20,13,0,0,24700.0,13.07,0,True,False,False,False,False,True,False,False,True,False,False,False,False,True,False
LN-11948,44,7.5,64300.0,731,14.41,657.19,14,9,0,1,3800.0,13.44,0,True,False,False,False,True,False,False,False,False,False,False,False,True,True,False
LN-11949,40,1.2,58400.0,648,16.44,15503.07,14,8,1,0,2800.0,16.74,0,True,False,False,False,False,False,True,False,True,False,False,False,False,False,True
LN-11950,57,1.1,29200.0,622,9.77,3082.7,18,11,0,1,13100.0,15.2,0,True,False,False,False,True,False,False,False,False,False,True,False,False,True,False
LN-11951,24,3.2,27400.0,678,15.61,36444.7325,28,12,0,1,3900.0,16.73,0,True,False,False,False,False,False,True,False,True,False,False,False,False,True,False
LN-11952,48,1.4,51900.0,664,16.89,18082.74,21,12,0,1,23400.0,14.29,1,False,False,False,True,False,False,True,False,False,False,True,False,False,True,False
LN-11953,64,0.0,56600.0,719,7.02,45.27,19,7,0,1,5000.0,14.49,0,True,False,False,False,True,False,False,False,True,False,False,False,False,True,False
LN-11954,40,4.7,54500.0,626,21.4,31476.18,14,9,0,1,1000.0,18.78,0,False,False,True,False,True,False,False,False,False,False,False,True,False,False,True
LN-11955,44,3.2,78600.0,731,22.0,4148.92,20,15,0,1,7700.0,13.84,0,False,False,False,True,False,True,False,False,True,False,False,False,False,True,False
LN-11956,52,2.7,48100.0,748,22.52,6467.69,14,10,0,1,1000.0,11.63,1,False,False,False,True,False,False,True,False,True,False,False,False,False,True,False
LN-11957,61,15.3,73800.0,680,9.9,11369.83,11,7,0,1,3300.0,16.66,0,False,False,True,False,False,False,True,False,False,True,False,False,False,False,True
LN-11958,56,3.8,50000.0,683,35.18,29767.6,25,13,0,2,9100.0,19.03,0,True,False,False,False,False,True,False,False,False,False,False,False,True,False,True
LN-11959,54,9.0,142987.5,642,12.8,31461.36,21,14,0,2,1000.0,16.46,0,False,False,True,False,True,False,False,True,False,False,False,False,False,False,True
LN-11960,56,0.7,56600.0,653,7.46,9946.83,26,15,0,2,1000.0,16.9,0,False,False,True,False,False,False,True,False,False,False,False,True,False,False,True
LN-11961,22,3.8,142987.5,660,33.84,4570.29,23,11,0,0,2400.0,16.41,0,True,False,False,False,True,False,False,False,False,False,False,True,False,True,False
LN-11962,35,9.1,65700.0,752,8.47,3928.56,22,15,0,1,8700.0,14.12,0,True,False,False,False,False,False,True,True,False,False,False,False,False,False,True
LN-11963,54,3.9,48200.0,676,18.8,5438.18,21,15,0,4,21700.0,14.43,1,True,False,False,False,True,False,False,False,True,False,False,False,False,False,True
LN-11964,56,5.7,33000.0,614,10.89,2388.93,23,12,0,0,1400.0,17.11,1,False,False,False,True,True,False,False,False,True,False,False,False,False,True,False
LN-11965,26,2.1,24500.0,693,5.54,13297.88,15,7,0,2,11000.0,9.94,0,True,False,False,False,False,True,False,False,True,False,False,False,False,True,False
LN-11966,59,3.0,31400.0,721,8.3,9004.28,19,8,1,0,9600.0,11.89,0,True,False,False,False,False,False,True,False,False,True,False,False,False,False,True
LN-11967,62,2.8,33400.0,679,31.68,17818.25,27,14,1,0,1000.0,14.23,1,True,False,False,False,True,False,False,False,False,False,False,False,True,True,False
LN-11968,32,2.3,67300.0,753,16.07,1186.07,16,6,0,0,1000.0,12.91,0,True,False,False,False,False,True,False,False,True,False,False,False,False,False,True
LN-11969,23,9.1,40600.0,719,11.55,6128.02,18,11,0,2,3500.0,11.56,0,True,False,False,False,False,True,False,False,True,False,False,False,False,True,False
LN-11970,65,1.3,60000.0,628,13.34,3291.08,21,12,0,0,16200.0,15.62,1,False,False,False,True,False,True,False,False,True,False,False,False,False,False,True
LN-11971,38,15.3,109700.0,652,7.61,9193.42,16,7,3,0,34300.0,15.23,0,False,False,False,True,False,False,True,False,False,False,False,False,True,False,True
LN-11972,60,14.3,51600.0,691,9.28,7578.85,15,7,1,0,11400.0,14.18,1,False,False,False,True,True,False,False,False,True,False,False,False,False,False,True
LN-11973,41,1.3,142987.5,597,24.75,7164.57,13,6,0,0,1000.0,17.19,1,False,False,False,True,False,False,True,True,False,False,False,False,False,False,True
LN-11974,35,1.9,28400.0,697,17.89,4551.49,17,9,0,1,4200.0,12.22,0,False,False,True,False,True,False,False,False,True,False,False,False,False,True,False
LN-11975,53,10.2,49900.0,592,15.56,15572.62,16,13,0,0,22500.0,15.98,1,False,False,False,True,False,False,True,False,True,False,False,False,False,True,False
LN-11976,55,3.0,40300.0,731,14.04,7883.35,20,12,0,3,1000.0,13.63,0,False,False,False,True,True,False,False,False,False,True,False,False,False,True,False
LN-11977,46,2.6,90700.0,725,5.01,2711.43,22,14,0,0,12900.0,15.07,0,True,False,False,False,False,False,True,False,True,False,False,False,False,True,False
LN-11978,28,1.7,15800.0,705,14.75,9514.22,12,9,0,1,2800.0,15.07,0,True,False,False,False,False,False,True,False,True,False,False,False,False,True,False
LN-11979,56,3.4,24500.0,646,24.76,10896.07,10,4,0,0,1000.0,15.58,1,False,False,False,True,False,False,True,False,True,False,False,False,False,True,False
LN-11980,50,5.2,51100.0,689,10.73,259.34,20,13,0,4,4100.0,14.01,1,True,False,False,False,True,False,False,True,False,False,False,False,False,True,False
LN-11981,43,1.4,127200.0,654,14.88,2734.54,14,8,0,0,34300.0,14.96,0,True,False,False,False,False,True,False,False,True,False,False,False,False,True,False
LN-11982,62,6.0,61300.0,628,2.95,3331.26,21,7,0,1,20100.0,15.67,0,False,False,False,True,True,False,False,False,True,False,False,False,False,False,True
LN-11983,64,0.2,25800.0,663,30.12,3421.43,15,9,0,2,2600.0,16.03,1,False,False,False,True,False,False,True,True,False,False,False,False,False,True,False
LN-11984,34,0.2,28000.0,715,35.43,3275.03,21,14,0,0,1000.0,14.99,1,False,False,True,False,False,True,False,False,True,False,False,False,False,True,False
LN-11985,34,2.2,136000.0,682,35.31,3803.54,16,8,0,0,9500.0,14.61,1,True,False,False,False,True,False,False,False,False,False,False,True,False,False,True
LN-11986,22,2.0,38500.0,753,5.37,3657.57,15,7,0,0,1000.0,11.29,0,True,False,False,False,False,False,True,False,True,False,False,False,False,False,True
LN-11987,57,1.7,32300.0,718,25.93,25857.1,22,13,0,1,7200.0,13.75,0,False,False,False,True,False,True,False,False,False,True,False,False,False,True,False
LN-11988,25,3.0,122100.0,713,2.14,4621.74,19,9,0,0,22500.0,14.92,0,False,False,False,True,False,True,False,False,False,False,False,False,True,True,False
LN-11989,58,1.7,94500.0,600,26.76,5165.02,14,9,0,0,9700.0,18.41,1,True,False,False,False,False,False,True,False,False,False,False,False,True,True,False
LN-11990,65,3.0,109200.0,666,15.42,3713.85,24,12,1,1,31800.0,16.94,0,False,False,False,True,False,False,True,True,False,False,False,False,False,False,True
LN-11991,61,1.7,32100.0,627,12.52,36444.7325,12,9,0,4,14400.0,15.51,1,False,False,False,True,False,True,False,False,True,False,False,False,False,True,False
LN-11992,67,16.6,23400.0,671,25.83,9201.29,21,12,0,1,10500.0,17.02,1,True,False,False,False,False,False,True,False,True,False,False,False,False,True,False
LN-11993,34,2.4,58300.0,645,16.61,11316.12,14,8,0,0,21900.0,15.73,1,False,False,False,True,False,True,False,True,False,False,False,False,False,True,False
LN-11994,59,2.6,65100.0,661,9.24,15958.39,16,8,0,0,1400.0,15.28,1,True,False,False,False,True,False,False,False,True,False,False,False,False,True,False
LN-11995,45,3.9,66200.0,733,22.86,4872.44,13,6,0,0,3100.0,13.28,0,True,False,False,False,False,True,False,False,False,False,False,False,True,True,False
LN-11996,40,18.4,122100.0,704,29.57,36444.7325,11,4,0,0,16900.0,15.2,0,False,False,False,True,False,True,False,False,True,False,False,False,False,True,False
LN-11997,22,1.2,20900.0,730,24.76,1983.11,24,15,0,0,1000.0,12.75,1,True,False,False,False,False,False,True,False,False,True,False,False,False,True,False
LN-11998,59,5.1,86900.0,600,25.63,7345.77,20,10,0,2,1000.0,19.75,1,False,False,False,True,True,False,False,False,True,False,False,False,False,True,False
LN-11999,26,5.7,29600.0,683,7.55,1886.01,19,13,0,2,6700.0,13.87,0,True,False,False,False,False,False,True,False,True,False,False,False,False,False,True
LN-12000,37,4.2,86700.0,728,11.37,18749.26,22,12,0,2,28300.0,11.18,0,False,False,False,True,False,True,False,False,True,False,False,False,False,True,False
LN-12001,45,0.4,41700.0,755,18.07,1362.29,20,11,0,0,18800.0,12.18,1,False,False,False,True,True,False,False,False,True,False,False,False,False,True,False
LN-12002,48,5.1,34600.0,603,33.37,9686.53,25,18,0,0,14700.0,20.585,1,True,False,False,False,False,True,False,False,True,False,False,False,False,False,True
LN-12003,22,0.3,38700.0,662,9.45,1328.58,27,19,0,0,17400.0,13.45,0,True,False,False,False,False,True,False,False,True,False,False,False,False,True,False
LN-12004,55,4.1,24500.0,732,32.41,7232.26,17,7,0,2,11000.0,13.65,1,False,False,True,False,False,True,False,False,False,False,False,False,True,True,False
LN-12005,57,6.1,55400.0,670,4.43,3947.18,12,8,0,1,3100.0,14.92,0,False,False,False,True,False,False,True,False,True,False,False,False,False,False,True
LN-12006,25,1.1,35400.0,634,30.16,28033.3,16,10,0,0,7200.0,15.24,1,False,False,False,True,True,False,False,False,False,False,False,False,True,True,False
LN-12007,21,8.3,83500.0,603,28.66,654.69,23,12,0,0,13700.0,17.05,1,True,False,False,False,False,False,True,False,False,False,False,False,True,False,True
LN-12008,60,0.1,77000.0,633,43.15,12595.73,19,12,0,0,2300.0,20.25,1,True,False,False,False,False,True,False,True,False,False,False,False,False,False,True
LN-12009,32,8.4,137100.0,596,26.65,14259.21,14,9,0,4,5300.0,17.85,1,False,False,False,True,False,False,True,False,True,False,False,False,False,True,False
LN-12010,56,2.8,66300.0,683,19.01,26376.77,24,14,1,0,19800.0,13.09,0,True,False,False,False,True,False,False,False,True,False,False,False,False,True,False
LN-12011,65,1.1,72100.0,725,12.61,25218.23,24,17,1,0,5900.0,12.13,0,True,False,False,False,False,False,True,False,True,False,False,False,False,True,False
LN-12012,43,0.6,117000.0,617,11.7,36444.7325,19,7,0,0,34300.0,16.22,1,True,False,False,False,False,True,False,False,False,False,False,True,False,False,True
LN-12013,67,3.0,38400.0,693,15.12,3514.9,18,7,0,0,7300.0,13.74,0,False,False,True,False,False,True,False,False,False,False,False,True,False,True,False
LN-12014,51,0.3,23900.0,722,12.08,3856.11,13,7,0,5,3500.0,13.8,1,False,False,False,True,False,True,False,True,False,False,False,False,False,False,True
LN-12015,31,1.0,60500.0,680,22.86,6075.88,19,12,0,0,3300.0,13.19,1,True,False,False,False,False,False,True,False,False,False,False,False,True,False,True
LN-12016,30,1.9,24800.0,599,26.29,9255.3,19,11,0,0,11200.0,19.24,1,False,False,False,True,False,True,False,False,False,False,False,False,True,True,False
LN-12017,23,4.4,142987.5,699,9.01,5490.11,22,15,0,0,6400.0,13.14,0,True,False,False,False,False,False,True,False,True,False,False,False,False,True,False
LN-12018,34,3.5,120600.0,677,27.05,16178.57,26,15,0,0,3800.0,14.43,1,True,False,False,False,False,True,False,True,False,False,False,False,False,True,False
LN-12019,36,0.6,142987.5,672,19.78,102.98,24,17,0,1,16600.0,15.84,1,False,True,False,False,False,False,True,False,True,False,False,False,False,True,False
LN-12020,30,1.5,56100.0,653,13.17,213.74,19,9,0,0,7700.0,13.62,0,True,False,False,False,False,True,False,False,True,False,False,False,False,True,False
LN-12021,49,1.2,73300.0,684,29.79,15107.77,17,11,0,1,26200.0,14.82,0,False,False,True,False,False,False,True,False,False,False,False,True,False,True,False
LN-12022,30,1.1,42100.0,705,9.89,25759.42,14,8,1,1,11100.0,11.47,0,True,False,False,False,True,False,False,False,False,True,False,False,False,True,False
LN-12023,32,2.4,88000.0,800,6.8,17982.67,23,18,0,0,34300.0,10.54,0,False,False,True,False,False,True,False,False,False,False,False,True,False,True,False
LN-12024,50,5.5,27800.0,686,9.59,1494.41,15,8,1,1,6600.0,15.95,1,True,False,False,False,False,False,True,False,False,False,False,False,True,False,True
LN-12025,61,1.1,15000.0,756,11.37,32795.62,18,15,0,1,4600.0,11.88,0,True,False,False,False,False,True,False,False,False,False,True,False,False,True,False
LN-12026,21,2.1,35100.0,698,29.13,8855.54,23,9,0,0,14500.0,14.47,1,False,False,False,True,True,False,False,True,False,False,False,False,False,True,False
LN-12027,25,2.2,24300.0,675,44.05500000000001,16271.28,20,11,0,0,10900.0,15.48,1,False,False,False,True,False,False,True,False,True,False,False,False,False,True,False
LN-12028,40,16.9,122100.0,687,28.34,2693.43,23,16,0,0,1000.0,14.43,0,False,False,False,True,False,True,False,False,True,False,False,False,False,True,False
LN-12029,28,13.9,142987.5,619,16.15,9550.02,16,10,0,0,15500.0,16.46,0,True,False,False,False,False,True,False,False,False,False,True,False,False,True,False
LN-12030,63,7.2,25000.0,695,3.91,4806.82,17,13,0,0,2800.0,13.08,0,True,False,False,False,False,False,True,False,False,False,False,False,True,False,True
LN-12031,32,1.2,110200.0,580,10.24,36444.7325,14,8,0,1,34300.0,16.41,1,True,False,False,False,True,False,False,False,False,False,False,False,True,True,False
LN-12032,21,0.3,91400.0,637,40.79,7713.92,16,11,0,0,12000.0,17.23,1,False,False,True,False,False,False,True,False,False,False,False,False,True,False,True
LN-12033,40,1.7,22800.0,685,25.35,16906.26,18,10,0,1,1900.0,13.92,0,False,False,True,False,False,False,True,True,False,False,False,False,False,True,False
LN-12034,48,1.4,43700.0,740,3.7,11092.84,11,7,0,2,1000.0,9.56,0,False,False,False,True,True,False,False,False,True,False,False,False,False,True,False
LN-12035,63,3.2,39400.0,752,2.56,1188.55,15,7,0,0,17700.0,12.17,0,False,False,False,True,False,True,False,False,False,False,True,False,False,False,True
LN-12036,57,6.8,81700.0,668,24.73,9394.97,21,12,0,0,26600.0,15.36,1,False,False,False,True,True,False,False,False,True,False,False,False,False,True,False
LN-12037,67,8.8,27600.0,688,32.83,9323.98,20,9,0,0,8000.0,15.42,1,False,False,False,True,False,True,False,False,True,False,False,False,False,True,False
LN-12038,57,8.4,51300.0,729,8.02,15093.1,22,8,1,0,1300.0,11.58,0,True,False,False,False,True,False,False,True,False,False,False,False,False,True,False
LN-12039,32,2.0,37200.0,614,9.96,4661.67,13,4,0,1,6900.0,15.14,1,True,False,False,False,True,False,False,False,False,False,False,False,True,True,False
LN-12040,57,5.2,70300.0,700,27.79,23649.38,17,11,0,0,20000.0,14.17,0,True,False,False,False,False,False,True,False,True,False,False,False,False,True,False
LN-12041,64,1.7,48100.0,639,13.19,11693.51,28,13,0,0,15200.0,14.8,0,True,False,False,False,True,False,False,False,False,False,False,False,True,True,False
LN-12042,48,0.3,40400.0,671,14.3,481.63,16,9,0,1,18200.0,14.56,0,True,False,False,False,False,True,False,False,True,False,False,False,False,True,False
LN-12043,67,5.4,48200.0,657,13.88,14724.27,20,11,0,1,19500.0,16.99,0,False,False,False,True,False,False,True,False,False,False,False,True,False,True,False
LN-12044,35,0.0,142987.5,702,17.14,28497.6,20,9,0,0,5600.0,14.38,0,True,False,False,False,False,True,False,False,True,False,False,False,False,False,True
LN-12045,26,2.4,43100.0,708,19.28,13791.81,21,14,0,1,5800.0,12.88,1,False,False,False,True,False,False,True,False,True,False,False,False,False,True,False
LN-12046,64,1.8,30600.0,725,42.73,5736.38,26,14,0,0,13800.0,14.62,1,False,False,False,True,True,False,False,False,False,False,False,False,True,True,False
LN-12047,40,5.3,74700.0,697,12.55,10718.18,23,12,0,0,5200.0,12.81,0,False,False,False,True,False,True,False,False,True,False,False,False,False,True,False
LN-12048,34,6.5,50100.0,689,14.26,2256.19,14,10,0,0,22500.0,13.2,0,True,False,False,False,True,False,False,False,True,False,False,False,False,True,False
LN-12049,22,1.6,24900.0,773,7.51,11033.21,20,9,2,1,5600.0,10.86,0,False,False,False,True,False,False,True,False,False,False,False,True,False,False,True
LN-12050,29,7.5,142987.5,604,17.04,8341.62,14,9,1,1,9400.0,18.56,0,False,False,False,True,False,True,False,False,False,False,True,False,False,False,True
LN-12051,57,1.6,44600.0,765,28.98,318.07,21,11,0,1,1000.0,13.34,0,True,False,False,False,False,False,True,False,False,False,True,False,False,True,False
LN-12052,40,2.7,44000.0,666,9.89,4661.35,17,6,0,1,1800.0,15.26,1,True,False,False,False,False,True,False,False,False,False,False,False,True,True,False
LN-12053,46,5.8,59200.0,709,8.97,2547.14,13,6,0,1,2000.0,15.07,0,False,False,False,True,False,True,False,False,True,False,False,False,False,False,True
LN-12054,49,5.3,140300.0,664,27.53,5944.39,17,7,0,0,5900.0,16.22,0,False,False,False,True,False,True,False,False,False,False,False,True,False,False,True
LN-12055,21,19.7,21500.0,645,19.22,3322.21,17,12,0,0,1700.0,13.72,0,True,False,False,False,True,False,False,True,False,False,False,False,False,True,False
LN-12056,55,1.1,63100.0,704,9.02,21567.2,23,13,0,3,8600.0,15.26,1,False,False,False,True,True,False,False,False,False,True,False,False,False,True,False
LN-12057,26,4.9,142987.5,732,17.57,14355.37,11,6,0,1,4400.0,9.97,0,False,False,True,False,False,False,True,False,True,False,False,False,False,True,False
LN-12058,57,4.2,58200.0,704,8.48,16170.18,22,11,0,1,4500.0,12.44,0,True,False,False,False,False,False,True,False,True,False,False,False,False,True,False
LN-12059,25,11.1,27500.0,653,12.9,5371.72,19,13,0,0,8300.0,13.12,0,False,False,False,True,False,True,False,False,False,False,False,False,True,True,False
LN-12060,53,0.8,38600.0,850,13.65,41.43,15,7,0,1,17400.0,9.08,0,False,False,False,True,False,True,False,False,False,False,False,False,True,True,False
LN-12061,34,6.3,60700.0,740,27.3,2968.52,21,14,0,1,20100.0,12.06,0,False,False,False,True,False,False,True,True,False,False,False,False,False,True,False
LN-12062,32,3.8,112600.0,727,22.07,16892.58,16,12,1,1,30100.0,15.56,0,False,False,False,True,False,True,False,False,True,False,False,False,False,False,True
LN-12063,62,1.4,45000.0,662,28.23,11080.9,18,10,0,0,20200.0,16.05,1,False,False,False,True,False,True,False,True,False,False,False,False,False,True,False
LN-12064,40,2.9,85400.0,649,12.76,9281.31,20,10,0,0,1000.0,17.77,0,True,False,False,False,False,True,False,False,True,False,False,False,False,False,True
LN-12065,44,1.8,24600.0,666,20.87,3950.72,16,5,0,0,11100.0,15.18,1,False,False,False,True,True,False,False,False,False,True,False,False,False,True,False
LN-12066,63,3.9,24500.0,734,4.86,945.17,22,11,0,2,1800.0,13.99,0,True,False,False,False,False,True,False,False,False,False,True,False,False,False,True
LN-12067,54,9.9,41500.0,630,8.8,18437.96,16,8,1,5,18700.0,13.94,1,True,False,False,False,False,False,True,True,False,False,False,False,False,True,False
LN-12068,45,3.8,119500.0,627,6.72,473.07,17,11,0,0,3600.0,16.36,0,False,False,False,True,False,False,True,False,True,False,False,False,False,True,False
LN-12069,49,4.5,56300.0,707,25.01,731.49,24,16,0,1,6000.0,13.91,1,False,False,False,True,True,False,False,False,True,False,False,False,False,True,False
LN-12070,59,3.3,63500.0,696,38.62,4193.59,16,8,0,0,28600.0,16.8,1,False,False,False,True,True,False,False,False,True,False,False,False,False,False,True
LN-12071,51,0.2,63100.0,641,14.03,10209.79,21,13,0,0,28300.0,16.42,0,False,False,False,True,False,True,False,False,False,False,True,False,False,True,False
LN-12072,67,1.2,99700.0,625,21.79,36444.7325,10,5,1,0,1000.0,16.91,0,True,False,False,False,False,False,True,False,True,False,False,False,False,True,False
LN-12073,63,3.0,38700.0,752,21.48,1140.19,16,11,1,1,1000.0,11.41,1,False,False,False,True,True,False,False,False,False,False,False,True,False,True,False
LN-12074,43,1.7,79100.0,698,36.56,7690.55,18,11,0,0,23900.0,14.7,0,True,False,False,False,False,True,False,False,True,False,False,False,False,True,False
LN-12075,64,0.9,34300.0,612,12.89,11048.2,15,7,1,2,1000.0,14.88,1,False,False,False,True,True,False,False,True,False,False,False,False,False,True,False
LN-12076,58,3.2,142987.5,615,16.75,20786.4,17,7,0,0,26700.0,17.22,0,True,False,False,False,True,False,False,False,True,False,False,False,False,True,False
LN-12077,40,1.8,34900.0,662,9.0,14039.26,20,12,0,2,15700.0,14.82,1,True,False,False,False,False,False,True,False,True,False,False,False,False,False,True
LN-12078,43,1.3,33300.0,717,7.14,19786.98,13,9,0,3,1000.0,11.79,0,True,False,False,False,False,True,False,True,False,False,False,False,False,True,False
LN-12079,65,2.8,73300.0,710,23.42,8869.51,14,4,0,3,3500.0,14.1,1,False,False,False,True,False,False,True,False,True,False,False,False,False,True,False
LN-12080,36,0.6,56600.0,737,10.22,6829.32,24,11,0,1,1000.0,11.65,0,False,False,False,True,False,False,True,False,False,False,True,False,False,True,False
LN-12081,62,11.8,64800.0,605,10.58,11570.92,10,4,0,2,1100.0,17.59,1,True,False,False,False,True,False,False,False,False,True,False,False,False,True,False
LN-12082,28,9.1,61400.0,691,20.54,27735.98,10,7,0,1,10700.0,15.17,0,False,False,False,True,True,False,False,True,False,False,False,False,False,True,False
LN-12083,41,5.5,29700.0,751,13.51,9604.7,16,9,0,0,13400.0,12.62,1,False,False,False,True,False,True,False,True,False,False,False,False,False,True,False
LN-12084,21,0.5,131600.0,747,23.71,11164.47,16,12,0,0,9100.0,12.19,0,True,False,False,False,False,True,False,False,True,False,False,False,False,True,False
LN-12085,28,6.7,88600.0,698,23.97,4949.44,12,9,0,4,6800.0,16.13,0,True,False,False,False,False,False,True,False,False,False,False,True,False,False,True
LN-12086,49,7.4,114400.0,797,17.68,10879.69,16,10,0,2,3200.0,11.21,0,True,False,False,False,False,False,True,False,False,False,True,False,False,True,False
LN-12087,52,6.6,40500.0,710,16.51,11858.73,18,11,0,0,3800.0,12.84,0,True,False,False,False,False,False,True,False,False,False,False,True,False,False,True
LN-12088,58,0.5,68100.0,732,38.2,16801.09,19,5,0,0,12200.0,14.04,1,True,False,False,False,False,True,False,False,False,False,False,False,True,True,False
LN-12089,25,4.6,60400.0,682,14.68,10188.54,19,11,0,0,27100.0,14.84,0,True,False,False,False,False,True,False,False,False,False,False,True,False,False,True
LN-12090,67,8.1,100800.0,641,24.56,2641.03,22,11,0,0,7300.0,17.95,0,True,False,False,False,False,False,True,False,True,False,False,False,False,True,False
LN-12091,42,3.9,102600.0,636,8.49,10465.16,26,11,0,3,34300.0,14.52,1,True,False,False,False,True,False,False,False,True,False,False,False,False,True,False
LN-12092,67,4.7,60200.0,689,16.28,4243.66,15,10,0,0,1000.0,15.53,0,False,False,True,False,False,False,True,False,False,False,True,False,False,False,True
LN-12093,54,2.8,23500.0,669,24.65,1096.5,21,14,0,0,10600.0,16.83,1,False,False,False,True,True,False,False,False,True,False,False,False,False,True,False
LN-12094,21,3.4,142987.5,592,9.25,20945.37,21,13,0,0,5800.0,15.39,0,False,False,False,True,False,True,False,False,True,False,False,False,False,True,False
LN-12095,46,0.2,73600.0,629,15.21,820.27,18,7,0,3,28400.0,17.12,1,True,False,False,False,False,False,True,False,True,False,False,False,False,False,True
LN-12096,63,4.6,38800.0,664,15.99,11986.39,23,12,0,4,17500.0,17.17,0,True,False,False,False,True,False,False,False,False,False,False,False,True,True,False
LN-12097,30,0.4,67800.0,716,9.62,36444.7325,15,9,0,0,16900.0,10.68,0,False,False,False,True,False,True,False,False,False,False,False,False,True,True,False
LN-12098,50,2.6,23600.0,679,10.62,1100.37,16,7,0,1,6100.0,14.09,1,False,False,True,False,False,True,False,False,True,False,False,False,False,False,True
LN-12099,38,1.6,96800.0,676,8.34,2983.56,15,10,0,4,8500.0,14.06,0,False,False,False,True,False,True,False,False,False,False,True,False,False,True,False
LN-12100,37,3.5,24100.0,631,3.49,17165.67,28,17,0,0,10800.0,15.22,1,True,False,False,False,False,False,True,False,False,False,False,True,False,True,False
LN-12101,46,0.6,48000.0,681,8.61,1222.99,26,14,1,0,8700.0,13.79,0,True,False,False,False,False,True,False,False,False,False,False,False,True,True,False
LN-12102,28,5.3,62000.0,746,17.59,21457.4,16,7,0,1,21900.0,12.89,0,False,False,True,False,True,False,False,False,True,False,False,False,False,True,False
LN-12103,67,7.1,95900.0,688,10.89,3.24,13,8,0,0,20700.0,16.07,0,False,False,False,True,False,False,True,False,False,False,False,True,False,False,True
LN-12104,60,0.8,57400.0,605,15.3,26481.56,16,10,0,0,1000.0,16.63,0,True,False,False,False,False,False,True,False,True,False,False,False,False,True,False
LN-12105,32,0.5,76800.0,617,16.61,829.93,14,8,1,1,2300.0,16.2,1,False,False,False,True,True,False,False,False,False,False,True,False,False,True,False
LN-12106,47,0.7,53300.0,709,13.9,30609.46,15,10,0,4,6300.0,14.84,1,False,False,False,True,False,False,True,False,False,False,True,False,False,False,True
LN-12107,28,9.4,53200.0,669,24.43,23989.94,20,10,0,1,15600.0,17.63,0,False,False,False,True,False,True,False,False,True,False,False,False,False,True,False
LN-12108,45,3.4,56800.0,676,44.05500000000001,9306.95,13,7,0,0,3700.0,18.43,1,True,False,False,False,False,True,False,False,False,True,False,False,False,False,True
LN-12109,66,2.8,48800.0,649,8.67,18058.16,14,8,0,0,5500.0,15.87,0,True,False,False,False,False,True,False,False,True,False,False,False,False,True,False
LN-12110,24,0.5,21400.0,705,27.27,933.94,10,4,0,0,8700.0,12.43,0,False,False,False,True,False,True,False,False,True,False,False,False,False,True,False
LN-12111,53,4.7,35500.0,665,9.65,1742.36,11,5,0,0,12500.0,13.98,0,True,False,False,False,False,False,True,False,False,False,False,True,False,True,False
LN-12112,21,9.1,62000.0,671,19.67,5530.86,20,13,0,0,27900.0,13.35,0,True,False,False,False,False,False,True,False,False,False,False,True,False,True,False
LN-12113,39,7.9,47200.0,637,6.7,9252.23,15,9,0,0,21200.0,15.87,0,True,False,False,False,True,False,False,True,False,False,False,False,False,False,True
LN-12114,51,4.4,49700.0,726,18.83,24318.93,21,13,0,0,6200.0,15.69,0,False,False,True,False,True,False,False,False,False,False,False,True,False,False,True
LN-12115,36,0.4,45300.0,669,12.43,9388.47,15,7,0,0,20400.0,12.74,0,False,False,False,True,False,True,False,False,False,False,True,False,False,True,False
LN-12116,34,0.5,33700.0,710,12.23,13130.85,30,15,0,0,15200.0,15.04,0,False,False,True,False,False,True,False,False,False,True,False,False,False,True,False
LN-12117,25,0.2,41300.0,620,17.56,13668.88,17,10,0,1,10300.0,16.26,1,True,False,False,False,False,False,True,False,False,False,False,False,True,True,False
LN-12118,61,1.3,45800.0,767,8.05,25202.41,20,9,0,1,4900.0,11.87,0,False,False,False,True,False,False,True,False,False,True,False,False,False,True,False
LN-12119,46,3.0,54300.0,744,8.02,17993.81,16,9,1,1,24400.0,13.77,0,False,False,False,True,True,False,False,False,False,False,False,True,False,False,True
LN-12120,48,1.4,67300.0,585,12.74,36444.7325,14,6,1,0,30300.0,19.39,1,False,False,False,True,False,True,False,False,False,False,True,False,False,True,False
LN-12121,22,2.2,49100.0,640,26.87,242.59,16,12,0,0,3600.0,18.07,1,False,False,False,True,False,False,True,True,False,False,False,False,False,False,True
LN-12122,26,12.9,30800.0,704,12.94,2795.73,21,14,0,0,13900.0,12.16,1,True,False,False,False,False,False,True,False,False,True,False,False,False,True,False
LN-12123,29,4.2,25100.0,614,44.05500000000001,31987.78,21,10,0,0,1000.0,19.95,1,True,False,False,False,False,False,True,False,False,False,False,False,True,True,False
LN-12124,53,8.1,142987.5,673,44.05500000000001,18855.32,25,17,0,0,1000.0,14.24,1,True,False,False,False,False,False,True,False,False,False,True,False,False,True,False
LN-12125,61,5.6,29100.0,701,15.12,3733.25,13,6,0,0,6100.0,13.39,1,True,False,False,False,True,False,False,False,False,False,False,False,True,False,True
LN-12126,45,0.5,40700.0,671,37.42,36444.7325,18,9,0,1,8700.0,15.52,1,False,False,False,True,True,False,False,False,False,True,False,False,False,True,False
LN-12127,33,6.0,72000.0,707,8.84,24471.67,14,7,1,1,11100.0,10.26,0,True,False,False,False,True,False,False,False,False,False,True,False,False,True,False
LN-12128,29,1.4,66100.0,645,16.2,802.11,14,6,0,0,6700.0,17.38,0,False,False,False,True,True,False,False,False,False,False,False,False,True,True,False
LN-12129,33,4.6,72100.0,568,18.03,20011.79,23,13,1,0,1900.0,19.56,0,False,False,True,False,True,False,False,False,False,False,True,False,False,True,False
LN-12130,51,1.9,42500.0,729,22.06,18416.84,23,10,1,0,5900.0,13.68,1,False,False,False,True,False,True,False,False,False,False,False,True,False,True,False
LN-12131,61,25.0,61800.0,729,5.91,2999.29,24,13,0,0,24100.0,13.02,0,False,False,True,False,False,False,True,False,False,False,True,False,False,True,False
LN-12132,31,1.4,56000.0,805,17.35,13276.58,20,11,0,0,5700.0,11.77,0,False,False,False,True,True,False,False,False,False,False,False,False,True,False,True
LN-12133,24,1.5,45600.0,570,31.45,36444.7325,22,12,0,0,12600.0,20.01,1,False,False,False,True,False,False,True,False,False,False,False,True,False,True,False
LN-12134,54,12.0,62000.0,718,3.25,13519.28,12,4,0,1,16000.0,13.5,0,False,False,False,True,False,False,True,False,True,False,False,False,False,True,False
LN-12135,58,0.1,96800.0,582,9.22,20168.96,21,13,0,3,18500.0,15.08,0,True,False,False,False,False,False,True,False,True,False,False,False,False,True,False
LN-12136,66,5.4,53500.0,768,31.86,1256.15,14,7,0,1,9400.0,13.77,0,True,False,False,False,False,True,False,True,False,False,False,False,False,True,False
LN-12137,24,5.8,53700.0,704,10.73,15599.59,15,10,0,0,1900.0,15.39,0,False,False,False,True,False,False,True,False,True,False,False,False,False,False,True
LN-12138,58,8.1,97500.0,632,17.01,2749.26,24,16,1,1,32300.0,15.13,1,False,False,True,False,False,False,True,False,False,True,False,False,False,True,False
LN-12139,39,16.5,91900.0,719,20.04,894.8,16,5,0,0,4200.0,13.02,0,True,False,False,False,False,True,False,True,False,False,False,False,False,True,False
LN-12140,26,16.7,129500.0,652,9.25,9637.62,18,12,1,3,5800.0,14.65,0,True,False,False,False,True,False,False,False,False,False,False,False,True,False,True
LN-12141,54,0.3,20600.0,695,7.25,16664.9,25,13,0,0,9300.0,13.41,0,True,False,False,False,False,True,False,False,True,False,False,False,False,True,False
LN-12142,38,7.8,89100.0,690,13.86,9495.6,16,9,0,2,20200.0,14.2,0,False,False,False,True,True,False,False,False,True,False,False,False,False,True,False
LN-12143,33,4.7,75400.0,767,28.47,32188.04,18,8,0,0,31700.0,13.67,0,False,False,False,True,False,False,True,False,True,False,False,False,False,False,True
LN-12144,61,4.7,33300.0,771,17.43,14275.57,26,12,0,1,1000.0,10.5,0,False,False,True,False,False,False,True,True,False,False,False,False,False,True,False
LN-12145,43,0.6,62200.0,650,7.37,1500.98,23,15,0,0,28000.0,16.14,0,False,False,True,False,False,True,False,False,False,True,False,False,False,True,False
LN-12146,39,4.7,96600.0,733,24.66,32711.8,18,10,0,0,22000.0,13.52,0,False,False,True,False,False,True,False,False,True,False,False,False,False,False,True
LN-12147,65,3.0,34300.0,698,7.65,1991.07,22,16,0,4,10400.0,13.64,1,False,False,True,False,False,True,False,True,False,False,False,False,False,True,False
LN-12148,31,10.9,69100.0,609,19.72,17038.48,13,7,1,1,2400.0,17.74,1,False,False,False,True,True,False,False,False,True,False,False,False,False,True,False
LN-12149,21,2.6,87500.0,645,14.31,1929.68,16,8,3,3,11000.0,14.15,1,True,False,False,False,True,False,False,False,True,False,False,False,False,False,True
LN-12150,44,0.2,30100.0,797,11.91,36444.7325,17,11,0,0,3000.0,11.55,0,False,False,False,True,True,False,False,False,True,False,False,False,False,False,True
LN-12151,27,2.0,50100.0,698,13.42,4844.97,27,13,0,1,22500.0,14.94,0,False,True,False,False,False,True,False,True,False,False,False,False,False,True,False
LN-12152,45,7.9,63900.0,730,14.56,8220.47,17,13,0,1,17300.0,12.49,0,True,False,False,False,False,False,True,False,True,False,False,False,False,True,False
LN-12153,41,5.4,35000.0,669,15.38,7547.15,22,16,0,0,12700.0,15.6,0,True,False,False,False,False,True,False,False,True,False,False,False,False,True,False
LN-12154,35,2.8,33400.0,653,18.04,1289.65,16,13,0,1,15000.0,14.43,1,True,False,False,False,False,False,True,False,True,False,False,False,False,True,False
LN-12155,21,0.3,50300.0,681,26.79,8174.98,18,11,0,0,10600.0,16.32,0,False,False,False,True,False,False,True,False,True,False,False,False,False,True,False
LN-12156,32,2.5,84200.0,667,40.25,1943.25,20,11,0,0,1000.0,15.21,1,False,False,False,True,False,False,True,False,False,False,True,False,False,True,False
LN-12157,27,2.8,77200.0,605,15.72,19432.7,26,17,0,0,4200.0,17.57,0,False,False,True,False,False,True,False,False,True,False,False,False,False,False,True
LN-12158,35,11.9,33700.0,630,25.13,36444.7325,26,7,0,0,15200.0,18.03,1,True,False,False,False,False,False,True,False,False,False,False,True,False,True,False
LN-12159,41,4.6,77600.0,715,16.82,19806.77,8,1,2,0,26600.0,14.58,1,False,False,False,True,False,False,True,False,False,False,False,False,True,True,False
LN-12160,39,1.7,34200.0,661,12.93,6767.85,24,13,0,1,15400.0,13.02,1,True,False,False,False,False,True,False,False,False,False,False,False,True,True,False
LN-12161,49,3.4,22300.0,681,18.56,28.49,17,9,1,0,1400.0,14.14,1,True,False,False,False,False,True,False,True,False,False,False,False,False,True,False
LN-12162,45,0.3,44300.0,692,5.88,447.98,14,5,0,1,4000.0,12.31,0,False,False,False,True,False,True,False,False,True,False,False,False,False,True,False
LN-12163,53,16.2,100500.0,696,8.46,8199.2,21,10,0,0,1000.0,14.52,1,False,False,False,True,False,True,False,False,False,True,False,False,False,True,False
LN-12164,52,2.0,77700.0,737,6.98,13654.0,27,17,0,1,24200.0,12.59,0,True,False,False,False,False,False,True,False,False,True,False,False,False,False,True
LN-12165,55,2.9,54100.0,625,17.96,20545.23,22,10,1,1,2700.0,17.31,1,True,False,False,False,False,False,True,True,False,False,False,False,False,False,True
LN-12166,64,2.0,43100.0,709,3.91,10981.44,18,11,0,1,7400.0,13.9,0,True,False,False,False,False,False,True,False,False,False,False,True,False,False,True
LN-12167,58,5.2,43700.0,718,6.46,36444.7325,27,15,1,0,4400.0,10.78,0,True,False,False,False,True,False,False,False,False,True,False,False,False,True,False
LN-12168,46,4.9,57500.0,729,4.65,8169.36,15,8,0,1,25900.0,12.1,0,False,False,False,True,True,False,False,False,False,False,False,True,False,True,False
LN-12169,31,5.7,30100.0,609,15.89,10996.35,24,12,0,1,13100.0,15.27,1,True,False,False,False,False,False,True,False,True,False,False,False,False,True,False
LN-12170,55,3.0,44700.0,693,11.79,3137.97,10,7,0,3,20100.0,12.88,0,False,False,False,True,False,False,True,False,True,False,False,False,False,True,False
LN-12171,28,1.7,48100.0,766,13.48,4980.01,14,10,0,1,12900.0,11.73,0,False,False,False,True,True,False,False,False,False,False,False,True,False,False,True
LN-12172,66,0.6,25800.0,675,19.74,13791.23,16,7,1,1,11600.0,15.26,1,True,False,False,False,False,True,False,False,True,False,False,False,False,True,False
LN-12173,34,4.8,34200.0,704,14.96,11044.83,18,8,0,2,6800.0,12.42,0,False,False,True,False,True,False,False,False,True,False,False,False,False,True,False
LN-12174,30,0.2,67900.0,719,12.59,5537.74,17,9,0,0,3800.0,13.13,0,False,False,False,True,False,False,True,False,False,False,False,False,True,False,True
LN-12175,22,4.1,54500.0,629,3.83,1425.16,14,7,0,1,6000.0,15.27,0,False,False,False,True,False,False,True,False,True,False,False,False,False,True,False
LN-12176,66,3.0,45700.0,772,19.77,5033.83,12,6,0,0,4900.0,13.24,0,True,False,False,False,True,False,False,False,True,False,False,False,False,True,False
LN-12177,29,10.0,32800.0,705,3.61,541.92,14,8,0,2,14800.0,12.95,0,False,False,True,False,False,True,False,False,True,False,False,False,False,True,False
LN-12178,23,2.7,129000.0,706,17.5,10431.95,18,11,0,0,7700.0,15.86,0,True,False,False,False,False,True,False,True,False,False,False,False,False,False,True
LN-12179,41,2.8,34200.0,597,44.05500000000001,4681.28,20,11,0,1,11200.0,19.25,1,True,False,False,False,False,True,False,False,False,False,False,True,False,False,True
LN-12180,46,0.4,62200.0,720,21.69,5733.5,11,3,0,0,20600.0,15.12,1,True,False,False,False,False,True,False,False,True,False,False,False,False,True,False
LN-12181,28,5.0,41400.0,705,10.23,10270.48,17,7,0,1,4300.0,12.93,0,True,False,False,False,True,False,False,False,False,False,False,True,False,False,True
LN-12182,22,7.7,55300.0,761,26.2,10446.86,20,11,0,0,7700.0,12.71,1,False,False,False,True,False,False,True,False,False,False,False,False,True,False,True
LN-12183,26,1.3,69700.0,664,43.93,10650.79,28,17,0,1,10300.0,20.3,1,False,False,False,True,False,False,True,False,False,False,True,False,False,False,True
LN-12184,48,2.5,25500.0,631,28.67,8117.63,15,6,0,0,1000.0,18.01,1,False,False,False,True,True,False,False,False,True,False,False,False,False,False,True
LN-12185,49,8.2,54000.0,646,33.96,8036.04,7,3,0,0,2300.0,15.84,0,True,False,False,False,False,False,True,False,True,False,False,False,False,True,False
LN-12186,46,9.4,104300.0,655,8.81,20659.15,14,8,0,0,1000.0,13.71,0,False,False,True,False,False,True,False,False,False,False,True,False,False,True,False
LN-12187,45,1.3,142700.0,624,11.96,7563.3,18,12,1,0,19500.0,14.03,1,False,False,True,False,False,True,False,False,False,False,False,False,True,True,False
LN-12188,32,3.6,50400.0,745,23.57,9215.23,10,4,1,0,5000.0,12.76,0,False,False,False,True,True,False,False,False,True,False,False,False,False,True,False
LN-12189,25,1.0,55400.0,746,14.74,36444.7325,15,9,0,0,7700.0,12.6,0,False,False,False,True,False,True,False,False,True,False,False,False,False,False,True
LN-12190,54,0.5,142987.5,670,8.35,2396.79,17,9,0,0,15600.0,14.73,0,False,False,False,True,False,True,False,False,True,False,False,False,False,True,False
LN-12191,57,10.9,101100.0,660,21.9,15553.98,14,7,0,3,34300.0,17.39,1,False,False,False,True,True,False,False,False,False,False,False,True,False,True,False
LN-12192,35,7.7,38600.0,589,23.52,7690.92,19,9,0,0,17400.0,16.23,0,True,False,False,False,True,False,False,False,False,False,False,True,False,True,False
LN-12193,64,6.4,38500.0,715,12.94,21301.78,24,13,0,1,1000.0,13.57,0,False,False,True,False,True,False,False,False,True,False,False,False,False,True,False
LN-12194,56,0.2,91700.0,763,7.49,6210.83,15,8,0,0,5100.0,9.04,0,False,False,True,False,False,True,False,False,False,False,True,False,False,True,False
LN-12195,35,8.4,31100.0,648,11.61,4331.46,20,14,0,2,1000.0,15.41,1,True,False,False,False,False,False,True,False,False,False,False,True,False,True,False
LN-12196,63,2.6,98500.0,674,12.19,2795.09,23,12,0,1,1000.0,12.7,0,True,False,False,False,False,True,False,True,False,False,False,False,False,True,False
LN-12197,43,1.9,65100.0,702,16.88,24690.95,23,15,0,2,1900.0,11.97,0,True,False,False,False,True,False,False,False,False,False,False,False,True,True,False
LN-12198,26,3.6,72000.0,766,6.63,15204.16,22,13,1,0,5400.0,13.78,0,False,False,False,True,True,False,False,False,True,False,False,False,False,True,False
LN-12199,66,0.4,47000.0,690,14.03,960.22,18,10,0,3,3700.0,16.32,0,True,False,False,False,False,False,True,False,True,False,False,False,False,True,False
LN-12200,64,6.4,38300.0,690,11.07,14999.79,19,9,2,0,6100.0,13.66,0,True,False,False,False,False,True,False,False,True,False,False,False,False,False,True
LN-12201,63,3.9,121100.0,689,22.04,427.72,21,10,0,1,24200.0,17.7,0,True,False,False,False,False,True,False,True,False,False,False,False,False,False,True
LN-12202,65,0.9,47300.0,609,44.05500000000001,2405.24,20,10,0,1,21300.0,20.36,1,False,False,False,True,True,False,False,False,False,False,False,False,True,True,False
LN-12203,41,0.9,43200.0,608,17.44,10781.34,25,17,1,4,6000.0,15.99,1,False,False,False,True,False,True,False,False,False,False,False,False,True,False,True
LN-12204,43,0.9,51800.0,640,15.12,7472.5,22,13,0,0,15100.0,16.21,0,False,False,False,True,False,True,False,False,True,False,False,False,False,True,False
LN-12205,63,0.3,60200.0,731,19.52,22027.3,22,13,2,0,6500.0,15.01,0,False,False,True,False,False,False,True,False,False,False,False,False,True,False,True
LN-12206,36,4.0,30700.0,663,23.91,11234.57,20,12,0,0,6800.0,17.3,1,False,False,False,True,False,True,False,False,True,False,False,False,False,False,True
LN-12207,67,8.3,39700.0,654,2.0,36444.7325,21,11,2,3,15800.0,11.9,1,True,False,False,False,False,False,True,False,False,False,True,False,False,True,False
LN-12208,35,0.1,38600.0,653,15.04,23187.46,21,14,0,0,6800.0,14.64,0,True,False,False,False,True,False,False,False,False,False,False,False,True,False,True
LN-12209,45,0.2,86200.0,673,25.56,4990.1,21,12,0,0,11200.0,16.33,0,False,False,False,True,True,False,False,False,True,False,False,False,False,True,False
LN-12210,56,3.8,33300.0,765,5.0,21560.13,15,6,0,0,1700.0,10.24,0,True,False,False,False,False,True,False,False,False,False,True,False,False,False,True
LN-12211,31,7.7,20600.0,672,17.35,24476.68,22,11,0,0,9300.0,15.81,1,False,False,True,False,False,True,False,True,False,False,False,False,False,True,False
LN-12212,35,1.8,18400.0,641,27.01,36444.7325,25,12,0,0,8300.0,15.91,1,True,False,False,False,True,False,False,False,False,False,False,False,True,True,False
LN-12213,24,1.9,24100.0,681,43.11,151.71,15,6,0,2,10800.0,15.38,1,False,False,True,False,False,False,True,False,True,False,False,False,False,False,True
LN-12214,41,4.1,114600.0,768,18.44,24928.78,15,9,0,0,2200.0,10.02,0,False,False,False,True,False,False,True,True,False,False,False,False,False,True,False
LN-12215,33,1.4,54700.0,655,21.95,869.5,21,10,0,0,7400.0,16.04,1,False,False,False,True,True,False,False,True,False,False,False,False,False,True,False
LN-12216,42,0.1,71400.0,621,20.68,9012.26,15,11,0,0,9300.0,17.08,1,False,False,True,False,True,False,False,False,False,False,False,False,True,True,False
LN-12217,39,6.0,72800.0,655,5.88,6426.82,14,11,1,2,32800.0,16.08,0,True,False,False,False,True,False,False,False,False,False,False,False,True,True,False
LN-12218,54,4.4,55900.0,686,44.05500000000001,30291.0,16,10,0,1,4200.0,17.97,0,False,True,False,False,False,False,True,True,False,False,False,False,False,False,True
LN-12219,34,3.9,52000.0,714,19.37,6233.39,18,12,0,1,2500.0,14.16,0,True,False,False,False,False,False,True,False,True,False,False,False,False,False,True
LN-12220,24,6.1,96200.0,730,13.71,10877.35,14,8,0,1,2100.0,14.59,0,False,False,True,False,False,False,True,False,False,False,False,False,True,True,False
LN-12221,66,5.1,58700.0,628,31.84,14127.14,29,18,0,4,2400.0,17.14,1,True,False,False,False,False,False,True,False,False,False,True,False,False,False,True
LN-12222,47,1.0,117000.0,632,9.72,230.56,12,3,0,0,28500.0,14.91,0,True,False,False,False,True,False,False,False,True,False,False,False,False,True,False
LN-12223,49,2.0,76200.0,664,20.94,10726.46,17,7,2,2,13500.0,16.7,1,True,False,False,False,False,False,True,False,True,False,False,False,False,False,True
LN-12224,67,0.6,38600.0,714,12.93,8757.53,18,5,0,0,7600.0,11.81,1,False,False,False,True,False,True,False,False,False,False,False,False,True,True,False
LN-12225,48,0.6,41200.0,617,9.48,10817.08,25,12,0,0,18500.0,16.25,0,False,False,True,False,False,False,True,False,False,False,False,True,False,True,False
LN-12226,55,5.1,36300.0,650,15.97,945.2,20,7,0,0,5000.0,15.18,1,False,False,False,True,False,True,False,False,False,False,True,False,False,True,False
LN-12227,28,8.8,105800.0,650,17.36,685.94,9,5,1,0,34300.0,16.65,0,True,False,False,False,True,False,False,False,True,False,False,False,False,True,False
LN-12228,36,14.8,43400.0,727,14.78,2345.53,22,12,2,0,19500.0,12.12,1,False,False,False,True,False,False,True,False,True,False,False,False,False,True,False
LN-12229,62,4.5,34900.0,706,44.05500000000001,24436.65,19,12,1,3,1000.0,16.79,1,True,False,False,False,False,False,True,True,False,False,False,False,False,False,True
LN-12230,56,0.9,64600.0,725,17.27,5289.46,21,11,0,0,8700.0,15.18,0,True,False,False,False,False,False,True,False,True,False,False,False,False,True,False
LN-12231,50,3.0,51400.0,747,12.57,6830.62,23,11,0,1,23100.0,12.82,0,False,False,False,True,False,False,True,False,False,False,False,False,True,True,False
LN-12232,38,7.5,63700.0,665,17.01,5934.83,16,9,0,2,7100.0,16.08,0,False,False,True,False,False,True,False,False,False,False,True,False,False,True,False
LN-12233,22,3.9,142987.5,621,23.69,15036.7,22,13,0,0,34300.0,18.73,0,False,False,False,True,False,False,True,False,True,False,False,False,False,False,True
LN-12234,33,4.3,89500.0,621,20.2,3604.76,16,9,0,0,26200.0,15.64,1,True,False,False,False,False,True,False,False,True,False,False,False,False,True,False
LN-12235,24,6.8,55000.0,588,37.34,850.14,19,14,1,1,19600.0,18.72,1,False,False,False,True,True,False,False,False,True,False,False,False,False,False,True
LN-12236,46,5.5,25000.0,657,18.5,5701.16,15,7,0,0,2000.0,14.02,1,False,False,False,True,False,True,False,False,True,False,False,False,False,True,False
LN-12237,45,8.1,41200.0,661,2.94,15616.18,17,10,0,1,1600.0,13.09,0,False,False,False,True,False,False,True,False,True,False,False,False,False,True,False
LN-12238,50,0.3,80100.0,719,17.38,29576.74,16,6,0,0,14300.0,14.52,0,True,False,False,False,False,True,False,False,True,False,False,False,False,True,False
LN-12239,31,6.2,28500.0,681,17.51,625.9,16,6,0,0,12800.0,14.28,1,False,False,False,True,False,False,True,False,True,False,False,False,False,True,False
LN-12240,27,8.6,142987.5,655,27.73,19960.15,18,12,0,1,2200.0,17.09,0,False,False,True,False,False,True,False,False,True,False,False,False,False,True,False
LN-12241,51,1.5,54600.0,674,3.79,821.66,14,3,1,4,24600.0,14.42,1,False,False,False,True,False,True,False,False,False,False,False,False,True,True,False
LN-12242,64,4.6,55700.0,628,21.47,4817.57,10,3,0,0,25100.0,18.24,0,False,False,False,True,False,False,True,True,False,False,False,False,False,True,False
LN-12243,30,1.7,37500.0,731,25.47,270.65,16,8,0,1,7500.0,14.31,0,False,False,False,True,True,False,False,False,False,False,False,True,False,True,False
LN-12244,59,14.3,71200.0,641,17.6,29102.69,16,7,0,1,13100.0,16.85,0,False,False,False,True,True,False,False,False,False,False,False,True,False,False,True
LN-12245,33,0.2,28700.0,623,24.22,14722.35,11,9,0,2,10000.0,15.14,1,True,False,False,False,True,False,False,False,False,False,False,False,True,True,False
LN-12246,51,3.9,142987.5,721,8.51,5527.97,14,4,0,0,1000.0,14.64,0,False,False,True,False,False,False,True,False,True,False,False,False,False,True,False
LN-12247,27,0.8,111800.0,709,26.39,5687.3,17,10,0,4,1300.0,15.4,0,True,False,False,False,False,True,False,False,False,False,True,False,False,True,False
LN-12248,62,5.6,93100.0,594,7.58,12254.58,20,8,0,0,21200.0,16.81,0,False,False,False,True,True,False,False,False,False,False,False,False,True,True,False
LN-12249,62,0.9,25200.0,723,10.73,1127.09,13,8,0,5,9400.0,12.68,1,False,False,False,True,False,False,True,False,False,False,False,True,False,True,False
LN-12250,56,1.2,60700.0,643,22.94,1880.53,30,14,1,2,13200.0,13.82,0,True,False,False,False,True,False,False,False,False,False,False,False,True,True,False
LN-12251,40,3.1,105300.0,661,44.05500000000001,22545.41,10,6,0,2,13300.0,18.72,1,False,False,True,False,False,False,True,False,False,False,False,True,False,False,True
LN-12252,24,11.1,75100.0,689,41.17,2712.47,17,10,0,2,6700.0,15.31,0,False,False,False,True,False,False,True,True,False,False,False,False,False,True,False
LN-12253,27,1.1,31200.0,709,19.45,15564.75,23,9,1,2,1000.0,12.6,1,True,False,False,False,True,False,False,True,False,False,False,False,False,False,True
LN-12254,21,3.0,37900.0,702,5.11,3071.15,12,6,0,2,17100.0,12.06,0,False,False,False,True,True,False,False,False,False,False,True,False,False,True,False
LN-12255,64,6.4,42300.0,678,10.99,1107.31,14,6,1,3,8800.0,15.17,1,False,False,False,True,True,False,False,False,False,False,True,False,False,False,True
LN-12256,65,3.1,38900.0,659,13.16,27634.91,21,11,1,0,2100.0,15.11,0,True,False,False,False,True,False,False,False,True,False,False,False,False,True,False
LN-12257,62,10.9,125600.0,701,2.17,27833.45,21,8,0,3,1000.0,11.03,0,False,False,False,True,False,False,True,False,True,False,False,False,False,True,False
LN-12258,67,0.7,18800.0,674,7.48,11155.91,14,7,0,0,1000.0,12.1,1,True,False,False,False,False,False,True,False,True,False,False,False,False,True,False
LN-12259,33,4.7,77700.0,770,26.84,7439.52,18,13,0,1,1000.0,11.84,0,False,False,False,True,True,False,False,False,False,False,False,False,True,True,False
LN-12260,42,1.2,26600.0,709,39.66,9655.92,24,11,2,1,2400.0,15.87,1,True,False,False,False,False,False,True,False,True,False,False,False,False,True,False
LN-12261,41,0.8,31900.0,634,29.36,6293.57,12,10,0,2,3700.0,16.81,1,False,False,False,True,False,True,False,False,False,False,True,False,False,False,True
LN-12262,42,5.2,17900.0,656,11.43,16984.95,15,6,0,1,4000.0,15.09,1,False,False,True,False,False,True,False,False,True,False,False,False,False,False,True
LN-12263,48,4.1,40100.0,682,23.58,16856.47,22,13,0,0,14000.0,15.99,1,False,False,False,True,False,False,True,False,False,False,True,False,False,False,True
LN-12264,29,6.3,124400.0,745,15.67,20509.75,18,9,0,1,3900.0,11.13,0,False,False,True,False,False,False,True,False,False,False,False,False,True,True,False
LN-12265,46,1.7,62700.0,751,7.43,8881.01,22,11,0,0,15700.0,8.85,0,True,False,False,False,False,True,False,False,False,False,False,False,True,True,False
LN-12266,29,2.7,28000.0,660,18.9,19394.04,14,7,0,1,12600.0,16.46,1,False,False,True,False,True,False,False,False,True,False,False,False,False,False,True
LN-12267,35,2.3,94800.0,633,22.33,2031.23,22,11,0,2,6800.0,14.13,1,True,False,False,False,False,True,False,True,False,False,False,False,False,True,False
LN-12268,30,18.6,106600.0,627,8.5,367.18,17,7,0,2,17700.0,15.71,0,True,False,False,False,False,True,False,False,True,False,False,False,False,True,False
LN-12269,44,1.6,57400.0,693,5.98,12531.3,13,8,1,2,1500.0,12.74,0,False,False,False,True,False,True,False,False,True,False,False,False,False,True,False
LN-12270,62,1.6,142987.5,795,11.58,1337.56,22,12,0,1,5600.0,9.91,0,False,False,False,True,False,False,True,False,False,True,False,False,False,True,False
LN-12271,28,2.0,85100.0,707,31.93,9599.97,17,11,0,0,16100.0,13.31,1,False,False,False,True,False,False,True,True,False,False,False,False,False,True,False
LN-12272,44,3.7,78900.0,600,24.8,15323.9,13,7,0,1,34300.0,17.09,1,False,False,False,True,False,True,False,False,True,False,False,False,False,True,False
LN-12273,36,1.3,34800.0,644,12.11,6272.46,17,11,0,1,13400.0,14.01,0,False,True,False,False,False,False,True,False,True,False,False,False,False,True,False
LN-12274,46,11.1,76500.0,649,9.01,538.37,22,11,1,0,6300.0,18.07,0,False,False,False,True,False,False,True,False,True,False,False,False,False,True,False
LN-12275,47,1.4,61000.0,639,15.58,26178.37,15,9,0,0,5300.0,14.53,1,True,False,False,False,False,True,False,True,False,False,False,False,False,True,False
LN-12276,57,10.2,72100.0,661,7.14,530.5,13,5,0,3,7000.0,15.37,0,True,False,False,False,False,True,False,False,False,False,True,False,False,True,False
LN-12277,24,0.5,37200.0,698,17.72,28215.32,18,11,0,1,14800.0,13.1,1,True,False,False,False,False,False,True,False,True,False,False,False,False,True,False
LN-12278,44,4.8,58100.0,714,14.17,648.79,15,9,0,1,5500.0,13.28,0,True,False,False,False,False,True,False,False,True,False,False,False,False,True,False
LN-12279,39,10.7,34600.0,735,2.0,15943.53,23,13,0,0,8900.0,11.35,0,False,False,False,True,False,True,False,False,False,False,True,False,False,True,False
LN-12280,56,0.8,16600.0,706,12.53,31058.71,14,9,0,1,7500.0,12.91,1,True,False,False,False,False,False,True,False,False,False,False,False,True,True,False
LN-12281,59,15.5,93800.0,582,2.25,28499.33,15,10,0,0,3800.0,17.02,0,False,False,False,True,True,False,False,True,False,False,False,False,False,False,True
LN-12282,30,2.7,23700.0,627,18.45,26862.36,19,9,0,3,10700.0,16.41,1,False,False,True,False,False,False,True,False,True,False,False,False,False,True,False
LN-12283,45,13.1,57500.0,672,6.76,25755.04,24,13,0,0,20100.0,15.39,0,True,False,False,False,True,False,False,False,False,False,True,False,False,True,False
LN-12284,38,5.1,65100.0,687,4.46,8570.24,19,12,1,1,27900.0,11.72,1,False,False,True,False,False,False,True,False,False,False,False,False,True,True,False
LN-12285,39,1.6,64800.0,723,13.42,9788.95,17,13,0,1,1000.0,10.52,0,False,False,False,True,True,False,False,False,True,False,False,False,False,True,False
LN-12286,56,0.9,46400.0,682,12.66,11602.09,21,12,0,2,1700.0,12.89,0,False,False,False,True,False,False,True,False,True,False,False,False,False,True,False
LN-12287,30,1.6,62900.0,683,18.82,27154.42,21,10,0,0,28300.0,15.5,1,False,False,False,True,True,False,False,False,False,False,False,False,True,False,True
LN-12288,53,0.4,70200.0,692,6.97,21853.8,26,15,0,3,1900.0,12.76,0,False,False,False,True,False,False,True,False,False,False,True,False,False,True,False
LN-12289,25,3.0,81200.0,667,34.11,18333.11,23,14,1,2,9400.0,17.94,1,False,False,False,True,True,False,False,False,True,False,False,False,False,True,False
LN-12290,67,0.5,140600.0,684,24.03,13513.93,21,12,3,2,2600.0,17.44,1,True,False,False,False,False,True,False,True,False,False,False,False,False,False,True
LN-12291,55,2.5,61600.0,736,34.86,11560.08,18,6,0,0,23400.0,14.39,0,False,False,False,True,False,False,True,False,True,False,False,False,False,False,True
LN-12292,64,7.1,56100.0,676,13.84,30684.6,14,8,0,2,1400.0,16.03,0,True,False,False,False,True,False,False,False,False,False,False,False,True,True,False
LN-12293,54,0.7,32900.0,678,8.36,2567.89,15,10,0,1,1300.0,14.18,0,False,False,True,False,False,False,True,False,False,False,False,False,True,True,False
LN-12294,53,0.6,68900.0,678,39.71,2569.09,10,5,0,1,9800.0,15.31,1,True,False,False,False,True,False,False,False,True,False,False,False,False,True,False
LN-12295,41,4.6,78200.0,745,23.76,36444.7325,11,5,0,2,3800.0,13.62,0,False,False,False,True,False,False,True,False,False,False,False,True,False,False,True
LN-12296,37,1.0,48700.0,625,13.19,9666.63,30,22,0,1,15200.0,16.52,0,False,False,False,True,False,True,False,False,True,False,False,False,False,False,True
LN-12297,42,3.0,73100.0,769,15.23,7925.24,15,8,1,0,16200.0,11.43,0,True,False,False,False,False,True,False,False,True,False,False,False,False,False,True
LN-12298,57,0.8,46100.0,621,11.67,22813.16,25,11,0,0,12300.0,15.0,1,False,False,False,True,False,True,False,True,False,False,False,False,False,True,False
LN-12299,35,3.0,78400.0,647,27.38,22746.89,19,12,0,1,25200.0,16.73,1,True,False,False,False,False,False,True,False,True,False,False,False,False,True,False
LN-12300,55,7.8,89500.0,717,19.72,2331.73,24,10,0,3,16700.0,12.85,1,False,False,False,True,True,False,False,True,False,False,False,False,False,True,False
LN-12301,48,2.0,88800.0,732,21.24,2287.71,16,8,2,3,2900.0,12.64,1,True,False,False,False,True,False,False,False,True,False,False,False,False,True,False
LN-12302,27,4.8,57800.0,610,7.85,19032.45,20,11,0,2,1100.0,15.56,0,True,False,False,False,True,False,False,True,False,False,False,False,False,True,False
LN-12303,52,3.5,30600.0,625,14.38,18480.76,23,8,0,0,13800.0,16.65,1,True,False,False,False,False,False,True,False,True,False,False,False,False,False,True
LN-12304,31,5.1,38700.0,694,17.52,3061.6,25,17,0,0,17400.0,15.0,0,False,False,False,True,False,True,False,False,False,False,False,False,True,True,False
LN-12305,30,5.2,75200.0,797,4.83,22104.78,13,6,0,0,26600.0,8.785000000000002,0,False,False,False,True,False,False,True,False,False,False,False,False,True,True,False
LN-12306,29,4.5,142987.5,742,19.54,7848.3,14,6,0,0,3200.0,12.8,0,True,False,False,False,False,False,True,False,False,False,False,True,False,True,False
LN-12307,34,1.4,44900.0,668,16.5,7618.29,26,14,0,0,3500.0,13.83,0,True,False,False,False,True,False,False,False,False,False,False,False,True,False,True
LN-12308,33,0.2,69600.0,559,26.02,36444.7325,11,10,1,0,12000.0,18.27,1,False,False,False,True,False,False,True,False,True,False,False,False,False,True,False
LN-12309,45,2.7,39900.0,684,28.62,8788.01,10,5,0,0,2400.0,13.53,1,False,False,False,True,False,True,False,True,False,False,False,False,False,True,False
LN-12310,22,10.0,31700.0,698,44.05500000000001,1768.72,16,11,0,1,4900.0,18.9,1,False,False,False,True,False,True,False,False,True,False,False,False,False,False,True
LN-12311,55,3.8,37300.0,661,17.2,3944.65,16,9,2,0,16800.0,15.08,1,True,False,False,False,False,True,False,False,True,False,False,False,False,True,False
LN-12312,27,8.0,17200.0,637,12.53,4871.86,13,6,2,0,5700.0,14.81,1,False,False,False,True,True,False,False,False,False,False,False,False,True,True,False
LN-12313,41,21.5,114000.0,688,7.02,36444.7325,17,9,0,0,1000.0,12.16,0,True,False,False,False,False,True,False,False,True,False,False,False,False,False,True
LN-12314,38,0.8,15900.0,633,6.16,3678.91,20,10,0,0,7200.0,13.33,1,True,False,False,False,False,True,False,False,True,False,False,False,False,True,False
LN-12315,23,5.3,46900.0,774,15.1,6753.91,22,15,0,2,2800.0,13.16,0,True,False,False,False,True,False,False,False,True,False,False,False,False,False,True
LN-12316,62,5.0,28300.0,756,5.76,16618.05,17,12,0,0,3100.0,11.39,0,False,False,True,False,False,True,False,False,False,False,True,False,False,True,False
LN-12317,59,17.6,33300.0,713,6.53,3844.06,16,7,3,0,1000.0,10.68,0,True,False,False,False,False,False,True,False,False,False,False,False,True,True,False
LN-12318,61,19.1,115500.0,684,15.43,14513.54,21,15,0,1,12100.0,12.32,0,True,False,False,False,False,False,True,False,True,False,False,False,False,True,False
LN-12319,31,5.2,60500.0,647,11.92,2791.02,15,9,0,0,11600.0,17.17,0,False,False,False,True,False,False,True,True,False,False,False,False,False,True,False
LN-12320,59,1.3,31900.0,679,8.32,3333.06,12,4,0,1,1400.0,15.26,0,False,False,False,True,False,True,False,False,False,True,False,False,False,True,False
LN-12321,44,7.2,39200.0,762,12.46,36444.7325,18,10,0,0,1000.0,12.67,0,True,False,False,False,True,False,False,False,True,False,False,False,False,False,True
LN-12322,66,0.5,35600.0,723,24.5,5524.34,23,12,0,0,9400.0,14.66,0,True,False,False,False,False,False,True,True,False,False,False,False,False,False,True
LN-12323,39,6.8,52900.0,690,19.76,15698.06,11,7,0,0,21300.0,15.0,0,True,False,False,False,False,True,False,False,True,False,False,False,False,False,True
LN-12324,24,10.8,59600.0,726,27.96,21995.71,17,11,0,0,26800.0,12.2,0,False,False,False,True,True,False,False,False,True,False,False,False,False,True,False
LN-12325,46,2.2,142987.5,707,13.87,5111.42,26,14,0,0,1100.0,15.22,0,True,False,False,False,True,False,False,True,False,False,False,False,False,False,True
LN-12326,58,4.5,18900.0,700,11.67,5302.49,18,9,0,0,8500.0,13.0,1,False,False,False,True,False,True,False,False,True,False,False,False,False,True,False
LN-12327,62,2.5,53100.0,729,16.93,17798.34,17,6,0,1,3000.0,14.6,0,True,False,False,False,False,False,True,False,False,False,False,True,False,False,True
LN-12328,52,2.6,45500.0,706,6.62,11207.39,17,9,0,1,1000.0,13.15,0,False,False,False,True,False,False,True,False,False,True,False,False,False,False,True
LN-12329,59,1.7,91200.0,723,13.18,5388.34,16,11,0,0,5700.0,13.05,0,True,False,False,False,False,False,True,False,True,False,False,False,False,True,False
LN-12330,65,6.5,65900.0,688,12.31,16614.72,19,11,0,1,11900.0,13.09,0,False,False,False,True,False,False,True,False,False,False,False,False,True,True,False
LN-12331,66,12.4,75000.0,667,44.05500000000001,23915.2,21,13,2,5,12900.0,18.28,1,False,False,False,True,False,False,True,True,False,False,False,False,False,True,False
LN-12332,56,12.7,65500.0,653,31.07,3215.15,20,12,0,0,1000.0,17.25,0,True,False,False,False,False,True,False,False,True,False,False,False,False,True,False
LN-12333,60,0.9,32400.0,647,22.72,295.89,23,13,0,0,14600.0,15.17,0,False,False,False,True,False,False,True,False,False,False,False,False,True,True,False
LN-12334,57,9.3,105500.0,600,20.17,3844.89,20,12,0,2,1000.0,20.54,1,True,False,False,False,False,False,True,False,True,False,False,False,False,False,True
LN-12335,53,6.0,84100.0,634,37.68,13468.33,13,8,0,0,3400.0,16.73,1,True,False,False,False,False,False,True,False,True,False,False,False,False,True,False
LN-12336,56,1.3,89600.0,633,20.07,29616.91,13,4,0,2,7900.0,16.21,1,True,False,False,False,False,True,False,True,False,False,False,False,False,True,False
LN-12337,23,3.0,108600.0,655,9.31,23858.93,13,7,0,0,34300.0,16.14,0,False,False,False,True,False,True,False,False,True,False,False,False,False,True,False
LN-12338,29,1.4,68200.0,758,8.83,3014.98,13,8,0,0,30700.0,12.89,0,True,False,False,False,False,True,False,False,True,False,False,False,False,True,False
LN-12339,28,10.9,122300.0,672,24.87,25543.6,17,11,0,0,1000.0,15.75,1,True,False,False,False,False,False,True,False,True,False,False,False,False,True,False
LN-12340,53,3.0,66700.0,692,22.3,19975.08,11,5,1,1,3600.0,14.66,0,True,False,False,False,False,False,True,True,False,False,False,False,False,True,False
LN-12341,26,5.7,48000.0,694,20.01,15909.21,13,5,1,0,9700.0,14.18,0,True,False,False,False,False,False,True,True,False,False,False,False,False,True,False
LN-12342,61,1.3,54000.0,759,28.69,13985.75,29,15,0,0,16600.0,14.33,0,False,False,False,True,False,False,True,False,True,False,False,False,False,True,False
LN-12343,59,5.7,53500.0,651,27.78,19746.53,17,10,0,5,15000.0,18.24,1,False,False,False,True,True,False,False,False,False,False,False,False,True,False,True
LN-12344,24,0.1,40700.0,669,4.14,23742.52,17,8,0,1,4100.0,14.93,0,False,False,False,True,True,False,False,False,True,False,False,False,False,True,False
LN-12345,33,2.1,132900.0,675,14.09,20518.49,15,5,0,1,3100.0,17.19,0,False,False,False,True,False,True,False,False,False,False,False,False,True,False,True
LN-12346,22,4.4,63800.0,737,21.26,1559.23,29,19,0,1,1000.0,14.37,0,False,False,False,True,True,False,False,False,False,False,True,False,False,False,True
LN-12347,25,3.0,57100.0,747,32.84,15368.29,18,8,0,0,25700.0,12.93,1,True,False,False,False,False,True,False,False,False,False,True,False,False,True,False
LN-12348,64,7.8,67100.0,704,23.21,22089.19,17,7,0,1,6700.0,14.45,1,True,False,False,False,False,False,True,False,True,False,False,False,False,True,False
LN-12349,47,1.2,142987.5,742,25.06,2465.21,21,12,0,4,28000.0,13.03,0,False,False,False,True,True,False,False,False,False,False,False,False,True,True,False
LN-12350,52,4.8,29100.0,689,7.33,2886.49,19,12,0,2,5500.0,14.01,0,False,False,True,False,False,False,True,False,True,False,False,False,False,False,True
LN-12351,41,2.3,34000.0,671,5.37,18500.06,16,8,0,0,15300.0,13.17,0,True,False,False,False,False,True,False,False,False,True,False,False,False,True,False
LN-12352,28,4.1,25400.0,739,19.48,5057.84,22,14,0,0,1000.0,13.27,0,False,False,True,False,False,False,True,False,True,False,False,False,False,True,False
LN-12353,58,0.5,47700.0,704,11.55,6123.93,19,13,0,0,21500.0,13.86,0,True,False,False,False,False,True,False,False,True,False,False,False,False,True,False
LN-12354,28,0.1,62000.0,643,21.58,5681.57,16,5,0,1,27900.0,15.02,0,True,False,False,False,False,True,False,False,False,False,False,False,True,True,False
LN-12355,23,10.8,41900.0,730,10.17,2871.77,16,9,0,0,4300.0,12.53,0,False,False,False,True,False,True,False,False,False,False,False,True,False,True,False
LN-12356,64,1.4,40300.0,670,11.34,33522.18,11,6,0,0,2100.0,17.12,0,False,False,False,True,False,False,True,False,False,True,False,False,False,False,True
LN-12357,23,7.7,58600.0,663,24.65,19670.11,12,9,0,0,3100.0,14.56,0,False,False,False,True,False,False,True,False,True,False,False,False,False,True,False
LN-12358,42,3.0,41100.0,725,15.99,3460.81,16,9,0,1,18500.0,14.42,1,True,False,False,False,False,False,True,False,True,False,False,False,False,True,False
LN-12359,26,3.0,64300.0,676,9.8,1345.76,24,12,0,1,4700.0,12.8,1,False,False,False,True,True,False,False,False,True,False,False,False,False,True,False
LN-12360,22,1.4,100000.0,699,14.57,5594.25,24,15,0,2,3700.0,14.93,0,True,False,False,False,True,False,False,True,False,False,False,False,False,False,True
LN-12361,43,4.9,78600.0,713,22.67,6440.05,20,12,0,0,34300.0,12.56,0,False,False,False,True,False,True,False,False,True,False,False,False,False,False,True
LN-12362,64,15.1,88000.0,641,15.19,85.41,9,6,0,0,15500.0,17.17,0,True,False,False,False,False,False,True,True,False,False,False,False,False,False,True
LN-12363,22,11.1,98400.0,699,21.14,26180.58,15,9,0,3,25000.0,13.76,1,False,False,False,True,True,False,False,False,False,False,True,False,False,True,False
LN-12364,58,3.1,63300.0,747,13.39,22868.59,13,5,0,2,19200.0,10.77,0,False,False,False,True,False,False,True,False,False,False,False,True,False,False,True
LN-12365,37,7.1,49600.0,632,31.29,22778.51,26,16,1,2,6600.0,16.41,0,False,False,False,True,False,False,True,False,True,False,False,False,False,True,False
LN-12366,55,0.7,35400.0,702,14.38,19666.6,18,14,0,0,15900.0,15.51,1,False,False,False,True,False,False,True,False,False,False,True,False,False,True,False
LN-12367,54,17.1,43700.0,639,11.07,15851.74,23,12,0,0,12400.0,15.82,0,False,False,False,True,True,False,False,False,True,False,False,False,False,True,False
LN-12368,43,15.0,40600.0,731,35.84,12078.55,19,10,0,1,15000.0,15.31,1,True,False,False,False,False,False,True,False,False,False,False,False,True,False,True
LN-12369,50,0.8,81000.0,731,16.06,36444.7325,17,10,0,3,5500.0,13.23,0,False,False,False,True,False,False,True,True,False,False,False,False,False,True,False
LN-12370,28,1.6,65600.0,662,20.95,14926.29,19,10,0,0,29500.0,16.4,0,False,False,False,True,False,True,False,False,False,False,False,True,False,True,False
LN-12371,42,0.5,79500.0,790,10.98,11938.98,22,16,0,3,27000.0,12.13,0,True,False,False,False,False,False,True,False,False,False,False,False,True,True,False
LN-12372,64,1.4,28600.0,735,20.57,18660.82,22,13,0,0,2200.0,12.48,0,False,False,False,True,False,True,False,True,False,False,False,False,False,True,False
LN-12373,56,7.6,119100.0,715,22.6,3392.59,14,10,0,0,3200.0,15.34,0,False,False,True,False,False,True,False,False,False,False,True,False,False,False,True
LN-12374,25,2.1,42800.0,713,9.33,36444.7325,25,16,0,0,19300.0,14.2,0,False,True,False,False,False,True,False,False,True,False,False,False,False,False,True
LN-12375,33,0.4,29600.0,729,25.86,232.18,17,10,0,0,1000.0,14.57,0,False,False,False,True,False,False,True,False,True,False,False,False,False,False,True
LN-12376,49,1.9,42500.0,630,14.93,12543.3,16,9,0,3,5700.0,15.51,1,False,False,False,True,False,False,True,False,True,False,False,False,False,True,False
LN-12377,51,17.9,142987.5,690,25.85,962.74,22,15,0,0,10600.0,16.61,0,False,False,False,True,True,False,False,False,False,False,False,True,False,True,False
LN-12378,67,4.5,43800.0,699,10.01,23032.87,25,17,0,0,3200.0,13.45,0,True,False,False,False,True,False,False,False,True,False,False,False,False,True,False
LN-12379,36,2.4,45300.0,660,11.4,36444.7325,26,13,0,0,20400.0,13.03,1,True,False,False,False,False,False,True,False,True,False,False,False,False,True,False
LN-12380,62,0.8,48700.0,703,17.59,6303.37,16,9,0,0,21900.0,10.13,0,True,False,False,False,False,False,True,False,False,False,False,False,True,True,False
LN-12381,50,19.3,49900.0,742,8.81,23352.76,20,13,0,0,22500.0,12.81,1,True,False,False,False,False,False,True,False,False,False,True,False,False,True,False
LN-12382,36,7.7,35200.0,659,17.94,4908.64,8,5,0,0,2200.0,14.53,1,False,False,False,True,False,True,False,False,True,False,False,False,False,True,False
LN-12383,32,1.5,58600.0,677,19.62,2083.73,22,11,0,0,1200.0,15.42,0,True,False,False,False,False,True,False,False,False,False,False,True,False,False,True
LN-12384,37,0.3,97900.0,639,17.57,3886.33,18,13,0,0,11400.0,17.15,0,True,False,False,False,False,False,True,False,True,False,False,False,False,False,True
LN-12385,36,0.3,64400.0,591,16.88,4311.72,17,9,1,5,22000.0,20.09,0,True,False,False,False,False,True,False,False,False,False,False,True,False,True,False
LN-12386,32,0.6,29400.0,719,7.65,11952.71,24,14,0,0,4800.0,13.93,0,False,False,True,False,False,True,False,False,False,False,False,False,True,True,False
LN-12387,28,3.9,44800.0,679,5.94,19084.33,19,9,0,1,3900.0,13.18,0,True,False,False,False,True,False,False,False,True,False,False,False,False,True,False
LN-12388,40,11.9,40000.0,682,15.5,2756.23,17,8,0,1,10200.0,14.99,1,False,False,False,True,False,False,True,False,True,False,False,False,False,True,False
LN-12389,23,3.1,55800.0,631,4.43,1108.1,20,10,0,3,9200.0,15.14,0,False,False,False,True,False,False,True,False,False,False,False,False,True,False,True
LN-12390,36,8.3,112600.0,671,3.89,3006.98,14,8,0,0,9100.0,14.47,0,True,False,False,False,False,False,True,False,True,False,False,False,False,True,False
LN-12391,50,2.7,49900.0,735,11.31,4220.89,16,8,0,1,7300.0,11.1,0,False,False,False,True,True,False,False,False,True,False,False,False,False,True,False
LN-12392,65,5.5,51600.0,680,8.7,3938.96,24,12,2,0,18200.0,13.86,0,False,False,True,False,True,False,False,False,False,False,False,False,True,True,False
LN-12393,43,5.9,142987.5,681,20.03,2980.77,21,13,0,1,13400.0,15.77,0,False,False,False,True,False,True,False,False,True,False,False,False,False,False,True
LN-12394,48,0.9,87700.0,690,15.48,7528.32,19,8,0,0,9400.0,12.6,0,True,False,False,False,False,False,True,False,False,False,False,False,True,True,False
LN-12395,60,2.0,74300.0,618,19.55,23253.87,12,3,0,0,17900.0,16.78,0,True,False,False,False,False,False,True,False,False,True,False,False,False,False,True
LN-12396,25,4.6,142987.5,711,25.65,1268.97,20,12,0,1,4200.0,11.39,0,False,False,False,True,False,False,True,False,True,False,False,False,False,True,False
LN-12397,40,0.3,70900.0,617,31.53,23768.63,16,7,0,0,31100.0,17.02,1,False,False,True,False,False,True,False,False,False,False,True,False,False,True,False
LN-12398,60,2.0,18200.0,633,23.96,8246.18,18,10,0,3,6800.0,17.7,1,True,False,False,False,False,False,True,False,True,False,False,False,False,True,False
LN-12399,64,3.4,85600.0,628,17.32,12962.25,21,12,0,0,5600.0,19.39,0,True,False,False,False,False,False,True,False,True,False,False,False,False,False,True
LN-12400,21,25.0,22600.0,671,8.23,20272.63,16,9,0,1,10200.0,15.68,0,False,False,False,True,True,False,False,False,True,False,False,False,False,True,False
LN-12401,50,2.9,69500.0,662,29.99,4354.51,25,15,0,2,4400.0,15.45,0,False,False,False,True,False,False,True,False,True,False,False,False,False,True,False
LN-12402,41,7.6,21100.0,680,7.15,36444.7325,29,12,0,0,4400.0,13.5,0,False,False,False,True,False,True,False,False,False,False,False,True,False,True,False
LN-12403,40,2.5,41900.0,635,26.03,1049.41,12,5,1,3,1100.0,16.38,1,False,False,False,True,False,False,True,False,True,False,False,False,False,True,False
LN-12404,26,7.2,44400.0,730,33.43,9000.84,23,13,0,0,14800.0,14.76,1,True,False,False,False,True,False,False,False,True,False,False,False,False,False,True
LN-12405,42,4.1,35500.0,722,20.27,3529.29,21,10,2,5,16000.0,14.39,1,False,False,True,False,False,True,False,False,False,False,False,False,True,True,False
LN-12406,38,9.8,44700.0,671,8.39,6289.9,19,9,0,0,16200.0,13.24,0,True,False,False,False,True,False,False,False,False,False,True,False,False,True,False
LN-12407,28,2.4,95600.0,656,11.83,7149.29,14,9,0,1,11700.0,16.4,1,False,False,True,False,False,True,False,False,False,True,False,False,False,True,False
LN-12408,59,4.2,36600.0,651,18.27,29512.51,17,11,0,0,16500.0,15.5,1,True,False,False,False,True,False,False,False,True,False,False,False,False,True,False
LN-12409,52,4.5,73100.0,664,9.72,6991.76,23,10,0,0,32900.0,12.83,1,True,False,False,False,True,False,False,False,True,False,False,False,False,True,False
LN-12410,53,2.4,31900.0,610,3.41,14365.87,19,9,0,0,5700.0,15.34,0,True,False,False,False,False,True,False,False,True,False,False,False,False,True,False
LN-12411,36,0.7,48800.0,632,17.17,36379.59,19,5,0,0,7900.0,16.42,0,True,False,False,False,True,False,False,False,False,False,False,False,True,True,False
LN-12412,32,0.4,64700.0,723,20.08,8187.26,26,19,2,0,4700.0,14.34,0,True,False,False,False,False,False,True,False,True,False,False,False,False,True,False
LN-12413,58,0.1,31300.0,695,21.23,6297.27,21,11,1,2,1000.0,15.06,0,False,False,False,True,False,False,True,False,False,False,False,False,True,True,False
LN-12414,54,9.3,26300.0,762,11.73,36444.7325,20,10,0,2,6000.0,11.87,0,False,False,False,True,False,False,True,False,True,False,False,False,False,False,True
LN-12415,34,1.2,71000.0,665,16.02,21100.57,20,11,0,0,1000.0,14.08,0,True,False,False,False,False,True,False,False,False,False,False,False,True,True,False
LN-12416,56,1.1,100500.0,662,17.77,33715.6,24,12,0,0,27400.0,18.01,0,True,False,False,False,False,True,False,False,True,False,False,False,False,False,True
LN-12417,53,3.0,51900.0,660,5.18,6074.54,19,13,0,0,17600.0,14.03,0,False,False,True,False,True,False,False,False,False,False,False,False,True,True,False
LN-12418,43,1.7,42100.0,664,11.46,14301.54,12,11,0,1,5100.0,14.01,0,False,False,True,False,False,False,True,False,True,False,False,False,False,False,True
LN-12419,65,3.2,59000.0,647,16.63,3445.96,18,13,0,0,5600.0,14.62,0,False,False,False,True,False,True,False,True,False,False,False,False,False,True,False
LN-12420,22,0.8,55900.0,694,19.95,24103.06,22,13,0,2,11800.0,11.73,1,True,False,False,False,False,False,True,False,True,False,False,False,False,True,False
LN-12421,61,14.5,61900.0,681,35.13,32450.94,19,11,0,2,22400.0,13.76,1,False,False,False,True,False,True,False,False,True,False,False,False,False,True,False
LN-12422,41,8.6,15000.0,655,19.01,3741.51,16,7,0,1,6800.0,14.63,1,True,False,False,False,False,False,True,False,False,False,False,False,True,True,False
LN-12423,22,9.0,30100.0,743,6.93,1330.27,21,15,1,1,1000.0,10.52,0,True,False,False,False,True,False,False,False,False,False,False,False,True,True,False
LN-12424,47,2.3,34000.0,775,9.24,2688.75,22,12,0,5,15300.0,9.82,0,False,False,False,True,False,False,True,False,True,False,False,False,False,True,False
LN-12425,29,6.5,58900.0,738,26.86,12023.23,15,5,0,3,26500.0,14.16,1,True,False,False,False,False,False,True,False,False,False,False,True,False,True,False
LN-12426,21,0.7,60000.0,708,42.34,3812.47,18,10,0,1,1300.0,16.48,1,True,False,False,False,True,False,False,False,True,False,False,False,False,True,False
LN-12427,31,3.0,76900.0,718,8.06,12213.6,17,12,0,1,20600.0,10.97,0,False,False,False,True,False,True,False,False,False,False,False,False,True,True,False
LN-12428,23,0.1,62400.0,773,11.21,5172.88,14,9,0,1,4100.0,13.13,0,True,False,False,False,False,False,True,True,False,False,False,False,False,True,False
LN-12429,43,4.0,26500.0,718,43.4,29843.21,18,9,1,0,2700.0,15.32,1,True,False,False,False,False,True,False,False,True,False,False,False,False,True,False
LN-12430,46,2.7,120100.0,651,37.63,7230.86,22,17,0,0,11000.0,17.89,0,False,False,True,False,False,False,True,False,False,False,False,False,True,False,True
LN-12431,24,3.3,109000.0,700,22.34,8260.83,17,6,0,1,11300.0,14.14,0,False,False,False,True,True,False,False,True,False,False,False,False,False,False,True
LN-12432,38,3.0,27100.0,711,11.35,5133.72,13,7,0,5,8900.0,12.5,0,False,False,False,True,False,True,False,False,False,False,False,True,False,True,False
LN-12433,26,2.5,65100.0,630,7.82,910.11,19,9,0,0,29300.0,17.6,0,True,False,False,False,False,False,True,False,True,False,False,False,False,True,False
LN-12434,55,5.7,39000.0,666,10.81,8166.0,12,7,1,0,3900.0,12.96,0,False,False,False,True,False,True,False,False,True,False,False,False,False,True,False
LN-12435,42,2.6,58500.0,735,12.69,17866.01,12,4,0,0,12900.0,12.52,0,False,False,True,False,False,False,True,False,True,False,False,False,False,True,False
LN-12436,63,5.9,96700.0,589,13.06,36444.7325,15,8,0,2,7400.0,16.25,1,False,False,False,True,True,False,False,False,False,False,False,False,True,True,False
LN-12437,35,1.2,142987.5,617,5.12,956.0,10,5,0,0,29000.0,13.19,0,True,False,False,False,True,False,False,False,False,True,False,False,False,True,False
LN-12438,42,7.5,81900.0,671,8.86,19158.11,24,11,0,1,2000.0,12.09,0,True,False,False,False,True,False,False,False,False,False,False,True,False,True,False
LN-12439,57,4.0,63700.0,698,16.93,3728.32,22,10,0,0,1200.0,15.45,0,False,False,False,True,False,False,True,False,True,False,False,False,False,False,True
LN-12440,62,1.1,44900.0,612,11.09,20766.88,19,14,0,2,20200.0,13.94,1,False,False,False,True,False,False,True,False,True,False,False,False,False,True,False
LN-12441,32,1.2,59900.0,674,6.77,5022.85,16,10,0,0,12100.0,12.19,0,True,False,False,False,False,False,True,False,True,False,False,False,False,True,False
LN-12442,67,4.5,114400.0,738,8.26,1458.33,15,10,0,1,34000.0,12.73,0,True,False,False,False,False,True,False,False,False,False,False,False,True,True,False
LN-12443,62,8.0,52900.0,683,13.97,11361.59,16,13,0,0,7300.0,15.8,0,False,False,False,True,False,True,False,False,False,False,False,False,True,False,True
LN-12444,58,2.4,33300.0,727,5.84,26920.98,13,5,1,1,13000.0,11.97,1,False,False,True,False,False,True,False,False,False,False,False,True,False,True,False
LN-12445,38,1.3,22200.0,650,32.2,2404.68,24,14,0,0,10000.0,15.06,1,False,False,False,True,True,False,False,False,False,True,False,False,False,True,False
LN-12446,65,9.1,71800.0,640,6.11,264.55,17,10,0,2,32300.0,14.29,0,False,False,False,True,False,False,True,True,False,False,False,False,False,False,True
LN-12447,55,5.0,62100.0,722,23.36,25833.62,12,9,0,2,1700.0,12.88,0,True,False,False,False,False,False,True,False,False,False,False,False,True,False,True
LN-12448,50,2.7,38000.0,698,41.94,14361.17,24,8,0,0,1900.0,16.56,0,False,False,False,True,False,False,True,False,False,False,True,False,False,False,True
LN-12449,44,3.0,95300.0,621,6.59,19846.71,21,9,2,0,10400.0,17.12,0,False,False,True,False,False,False,True,False,False,False,True,False,False,False,True
LN-12450,62,1.0,43000.0,640,7.6,740.43,21,11,0,0,1000.0,14.32,0,False,False,False,True,False,False,True,False,False,False,False,True,False,True,False
LN-12451,50,4.4,50300.0,758,14.12,26537.07,17,8,2,0,18200.0,12.64,1,False,False,False,True,False,True,False,False,True,False,False,False,False,True,False
LN-12452,34,2.0,53700.0,634,11.88,6519.28,15,7,1,1,24200.0,17.29,1,False,False,False,True,False,False,True,False,True,False,False,False,False,True,False
LN-12453,26,24.5,44700.0,727,27.33,27348.43,16,8,0,5,20100.0,14.09,1,True,False,False,False,False,False,True,False,False,True,False,False,False,True,False
LN-12454,23,2.9,61700.0,656,13.53,805.54,18,12,0,1,4300.0,13.29,0,True,False,False,False,True,False,False,False,True,False,False,False,False,True,False
LN-12455,36,3.0,102100.0,680,8.76,25933.83,20,10,1,0,22500.0,14.74,0,True,False,False,False,False,False,True,False,False,False,False,False,True,False,True
LN-12456,27,3.8,28900.0,695,24.22,13427.37,15,8,0,1,13000.0,17.02,1,False,False,False,True,False,True,False,False,False,False,False,True,False,False,True
LN-12457,34,11.2,70900.0,575,12.72,9696.46,13,6,0,2,1800.0,16.56,0,False,False,False,True,False,False,True,False,False,False,False,False,True,True,False
LN-12458,29,7.3,59600.0,607,8.61,765.26,16,9,0,4,11700.0,16.18,0,True,False,False,False,False,True,False,False,False,False,True,False,False,False,True
LN-12459,35,2.7,59000.0,684,9.58,13993.09,14,5,0,0,26600.0,14.95,0,False,False,False,True,True,False,False,False,True,False,False,False,False,True,False
LN-12460,41,5.7,87500.0,644,6.42,10928.9,18,9,1,1,4800.0,12.88,1,True,False,False,False,False,False,True,False,True,False,False,False,False,True,False
LN-12461,55,4.0,55700.0,730,3.27,15548.19,10,5,0,0,15100.0,11.84,0,False,False,False,True,False,True,False,False,False,False,False,True,False,True,False
LN-12462,22,3.1,70600.0,600,6.87,15135.7,18,8,0,0,1000.0,15.31,1,True,False,False,False,True,False,False,False,False,False,False,False,True,True,False
LN-12463,47,1.0,80300.0,708,13.73,7038.11,17,10,0,1,25200.0,12.62,1,False,False,False,True,False,True,False,True,False,False,False,False,False,True,False
LN-12464,22,2.8,41100.0,611,12.54,2748.15,18,11,0,0,3200.0,19.2,0,True,False,False,False,False,False,True,False,True,False,False,False,False,False,True
LN-12465,55,1.3,63900.0,662,5.46,30154.98,11,6,0,0,13100.0,13.38,0,False,False,False,True,False,True,False,False,True,False,False,False,False,True,False
LN-12466,38,11.1,47200.0,627,8.87,31177.91,14,7,1,0,10400.0,15.49,1,False,False,False,True,False,True,False,False,True,False,False,False,False,True,False
LN-12467,34,1.8,50400.0,775,22.36,2858.04,21,13,0,0,11100.0,13.93,0,False,False,False,True,True,False,False,False,False,False,False,True,False,False,True
LN-12468,40,3.0,45400.0,613,21.29,11952.23,14,7,0,2,4100.0,16.25,1,False,False,False,True,False,False,True,False,True,False,False,False,False,False,True
LN-12469,38,3.4,70200.0,674,16.32,2720.86,17,8,0,0,11500.0,15.44,0,False,False,False,True,False,False,True,False,True,False,False,False,False,True,False
LN-12470,30,4.5,56700.0,594,7.34,23698.77,22,12,0,1,12900.0,15.74,0,True,False,False,False,False,False,True,False,False,False,False,False,True,True,False
LN-12471,45,3.5,67300.0,760,27.18,1240.53,20,11,0,0,7800.0,11.02,0,True,False,False,False,False,False,True,False,False,False,True,False,False,True,False
LN-12472,22,0.6,53700.0,700,14.17,36444.7325,19,12,0,0,14000.0,12.84,1,True,False,False,False,False,False,True,False,False,False,False,False,True,True,False
LN-12473,45,2.1,22400.0,687,9.53,11325.85,21,8,1,5,3000.0,14.55,1,True,False,False,False,False,False,True,False,False,False,False,True,False,False,True
LN-12474,53,0.5,55100.0,754,7.54,278.15,13,6,0,1,10100.0,12.46,0,True,False,False,False,False,False,True,False,True,False,False,False,False,False,True
LN-12475,56,4.4,56100.0,687,23.58,25635.02,15,8,0,1,17700.0,13.7,1,False,False,False,True,False,False,True,False,True,False,False,False,False,True,False
LN-12476,51,2.7,61900.0,691,2.0,13841.57,25,13,0,1,6400.0,13.49,0,True,False,False,False,True,False,False,False,True,False,False,False,False,False,True
LN-12477,34,6.8,39100.0,687,18.52,14341.04,18,11,0,0,7400.0,12.53,1,False,False,False,True,False,False,True,False,False,False,False,True,False,True,False
LN-12478,21,1.1,28100.0,708,11.49,3859.54,16,12,2,1,2500.0,13.11,1,True,False,False,False,False,False,True,True,False,False,False,False,False,False,True
LN-12479,66,0.8,76400.0,655,29.26,4928.08,12,8,0,0,13400.0,14.45,1,False,False,False,True,False,False,True,False,False,True,False,False,False,True,False
LN-12480,36,2.3,46600.0,669,44.05500000000001,29499.27,22,15,0,2,1800.0,17.2,1,False,False,False,True,True,False,False,False,False,False,False,False,True,True,False
LN-12481,66,11.8,59500.0,721,9.58,12092.91,21,12,0,1,9700.0,11.39,0,True,False,False,False,True,False,False,False,False,False,True,False,False,True,False
LN-12482,23,5.6,46400.0,694,27.41,205.19,16,8,0,2,3300.0,18.17,1,False,False,False,True,True,False,False,False,False,False,False,False,True,False,True
LN-12483,55,2.4,54000.0,674,19.05,4759.38,13,8,0,2,3000.0,15.12,0,False,False,True,False,False,False,True,True,False,False,False,False,False,True,False
LN-12484,61,3.3,42300.0,610,17.86,10951.87,14,8,0,2,1400.0,15.66,1,True,False,False,False,True,False,False,False,True,False,False,False,False,False,True
LN-12485,26,0.4,31800.0,755,5.54,1922.12,20,14,0,0,6200.0,11.09,0,False,False,False,True,False,True,False,False,False,False,False,True,False,False,True
LN-12486,45,18.8,70300.0,647,10.9,1241.56,9,4,0,0,28300.0,15.71,0,False,False,False,True,False,False,True,False,False,True,False,False,False,True,False
LN-12487,33,4.9,38900.0,729,26.77,734.65,17,13,0,2,13000.0,14.81,1,True,False,False,False,False,True,False,False,True,False,False,False,False,False,True
LN-12488,54,1.5,59300.0,689,31.35,11949.84,20,10,2,0,21100.0,13.27,1,True,False,False,False,True,False,False,False,True,False,False,False,False,True,False
LN-12489,28,4.0,67900.0,615,37.15,4638.5,20,11,0,0,1700.0,17.05,1,False,False,False,True,True,False,False,False,False,False,False,True,False,True,False
LN-12490,41,0.5,39200.0,743,10.94,5614.7,15,10,1,0,5300.0,13.57,0,True,False,False,False,True,False,False,False,False,True,False,False,False,False,True
LN-12491,54,15.2,27900.0,693,20.92,743.02,21,11,0,0,6900.0,14.64,0,True,False,False,False,True,False,False,True,False,False,False,False,False,True,False
LN-12492,24,0.9,142987.5,747,11.25,16073.79,28,13,0,1,27500.0,13.39,0,False,False,False,True,False,False,True,False,False,False,True,False,False,False,True
LN-12493,45,4.7,40500.0,671,17.0,17468.08,21,12,0,3,15300.0,14.25,1,False,False,False,True,False,True,False,False,True,False,False,False,False,True,False
LN-12494,35,1.3,76300.0,715,20.74,21223.7,18,11,1,0,9400.0,12.45,0,True,False,False,False,False,False,True,True,False,False,False,False,False,True,False
LN-12495,24,5.7,142987.5,592,11.54,12655.03,15,10,0,2,5000.0,16.15,0,False,False,False,True,True,False,False,False,True,False,False,False,False,False,True
LN-12496,65,6.7,83700.0,655,21.73,17808.93,18,9,0,0,20000.0,16.62,1,True,False,False,False,False,False,True,False,True,False,False,False,False,True,False
LN-12497,32,5.0,45900.0,616,13.71,10331.02,19,8,0,1,20700.0,19.42,0,False,False,False,True,True,False,False,True,False,False,False,False,False,False,True
LN-12498,52,4.3,52200.0,661,15.06,8118.72,19,10,0,2,10800.0,15.09,0,True,False,False,False,False,False,True,False,True,False,False,False,False,True,False
LN-12499,52,10.0,34300.0,704,5.61,3610.22,22,14,0,1,1000.0,13.74,0,False,False,True,False,False,False,True,True,False,False,False,False,False,True,False
LN-12500,48,0.4,88000.0,650,10.54,658.26,12,6,0,0,4400.0,13.78,0,True,False,False,False,False,False,True,False,False,False,True,False,False,True,False
LN-12501,33,1.8,74000.0,723,10.66,4140.72,20,15,1,0,19200.0,12.39,1,False,False,False,True,False,False,True,False,True,False,False,False,False,True,False
LN-12502,51,3.0,40800.0,637,44.05500000000001,13809.97,16,7,1,3,6900.0,19.45,1,False,False,False,True,True,False,False,False,True,False,False,False,False,False,True
LN-12503,34,19.9,30500.0,724,9.14,31380.44,16,6,0,0,13700.0,12.73,0,True,False,False,False,False,False,True,False,False,False,False,False,True,True,False
LN-12504,40,2.2,26200.0,745,14.88,3552.02,14,7,0,0,10400.0,12.14,0,False,False,False,True,False,True,False,False,True,False,False,False,False,True,False
LN-12505,38,5.9,93200.0,731,9.27,13298.47,17,7,0,0,33400.0,16.38,1,False,False,False,True,False,False,True,False,False,False,False,False,True,False,True
LN-12506,49,5.2,57900.0,663,13.73,7806.68,18,13,1,2,5100.0,16.54,0,False,False,True,False,False,False,True,True,False,False,False,False,False,False,True
LN-12507,26,1.1,61000.0,574,16.81,11851.78,19,12,0,1,8300.0,20.24,1,False,False,False,True,False,False,True,False,False,False,False,True,False,False,True
LN-12508,52,1.2,34500.0,709,8.05,19.48,20,12,0,1,1000.0,12.98,1,False,False,False,True,False,False,True,True,False,False,False,False,False,True,False
LN-12509,49,1.5,24200.0,674,25.73,1570.23,15,7,1,1,10900.0,13.64,1,False,False,False,True,True,False,False,False,True,False,False,False,False,False,True
LN-12510,63,2.4,92000.0,631,8.33,2935.79,22,12,0,2,5500.0,15.71,0,True,False,False,False,False,True,False,False,True,False,False,False,False,True,False
LN-12511,22,1.2,55400.0,652,5.05,26869.83,13,8,0,0,17900.0,15.55,1,True,False,False,False,False,False,True,False,True,False,False,False,False,True,False
LN-12512,43,0.1,89200.0,752,15.97,496.46,22,14,0,0,1000.0,13.59,0,False,False,False,True,False,True,False,False,True,False,False,False,False,True,False
LN-12513,39,9.5,43800.0,623,42.91,10117.43,27,13,0,0,19700.0,18.12,1,False,False,False,True,False,False,True,True,False,False,False,False,False,True,False
LN-12514,51,15.2,47600.0,703,3.94,31680.1,15,12,0,0,21400.0,11.8,0,False,False,False,True,False,False,True,False,False,True,False,False,False,False,True
LN-12515,25,1.9,80200.0,691,6.18,12669.04,14,9,0,0,8900.0,13.74,0,True,False,False,False,False,True,False,False,True,False,False,False,False,False,True
LN-12516,39,1.9,81000.0,662,24.56,7949.18,23,14,0,1,9200.0,14.74,1,False,False,False,True,False,False,True,False,False,False,False,False,True,False,True
LN-12517,54,0.0,84000.0,712,9.12,5852.96,12,9,0,3,13400.0,14.19,0,False,False,True,False,False,True,False,False,False,False,False,False,True,True,False
LN-12518,30,5.1,46100.0,762,17.43,11744.22,23,15,0,1,20700.0,12.26,1,False,False,False,True,False,True,False,False,True,False,False,False,False,True,False
LN-12519,45,7.9,76000.0,665,28.27,7856.01,23,13,0,0,11400.0,15.07,1,False,True,False,False,True,False,False,False,True,False,False,False,False,True,False
LN-12520,22,0.7,99700.0,668,23.63,14666.13,13,8,0,1,1100.0,16.1,0,False,False,False,True,True,False,False,False,True,False,False,False,False,True,False
LN-12521,31,0.8,51100.0,711,16.72,11540.94,20,11,0,1,11700.0,15.05,1,True,False,False,False,False,False,True,False,True,False,False,False,False,True,False
LN-12522,51,7.0,40800.0,726,16.91,10055.54,25,12,0,2,7600.0,14.76,0,False,False,False,True,False,False,True,False,False,False,False,False,True,False,True
LN-12523,35,4.3,113400.0,674,16.7,36444.7325,16,6,2,4,20000.0,17.87,1,False,False,False,True,False,False,True,False,True,False,False,False,False,False,True
LN-12524,29,0.2,37800.0,665,18.48,21672.15,23,15,0,1,5100.0,13.84,0,False,False,True,False,False,False,True,True,False,False,False,False,False,True,False
LN-12525,43,4.4,76600.0,569,32.27,11264.21,20,14,0,1,34300.0,20.24,1,True,False,False,False,True,False,False,False,False,False,True,False,False,True,False
LN-12526,39,1.7,52500.0,641,7.14,9283.19,17,10,0,1,22500.0,13.01,1,False,False,False,True,True,False,False,False,False,False,False,False,True,True,False
LN-12527,29,2.1,19700.0,623,6.44,15445.81,22,12,0,2,5500.0,17.55,1,True,False,False,False,False,True,False,False,True,False,False,False,False,True,False
LN-12528,55,6.6,100800.0,714,21.75,19550.52,22,15,0,0,6100.0,14.47,1,True,False,False,False,False,True,False,False,True,False,False,False,False,True,False
LN-12529,41,7.5,15000.0,668,10.0,4198.73,14,7,0,0,6800.0,13.68,0,True,False,False,False,False,False,True,False,True,False,False,False,False,True,False
LN-12530,29,2.3,18200.0,666,5.37,13193.45,21,11,0,0,1500.0,13.43,0,False,False,False,True,False,True,False,False,True,False,False,False,False,False,True
LN-12531,48,13.2,72400.0,680,36.22,1742.45,19,9,0,1,16400.0,15.19,1,True,False,False,False,True,False,False,False,False,False,False,False,True,True,False
LN-12532,66,2.3,72400.0,636,17.84,6754.93,11,7,0,0,13200.0,15.46,0,True,False,False,False,False,True,False,False,False,False,True,False,False,True,False
LN-12533,27,6.6,38200.0,758,38.67,33452.24,15,9,0,0,5400.0,13.8,0,False,False,False,True,False,False,True,False,True,False,False,False,False,True,False
LN-12534,36,3.0,58800.0,745,23.33,4739.63,27,13,0,0,14200.0,13.71,0,False,False,True,False,False,True,False,False,True,False,False,False,False,False,True
LN-12535,36,10.3,15000.0,761,12.93,2010.16,25,15,0,0,1400.0,10.62,1,False,False,False,True,False,False,True,False,True,False,False,False,False,True,False
LN-12536,53,10.7,79900.0,714,15.68,1895.94,18,11,0,0,34300.0,14.5,1,False,False,False,True,False,True,False,False,True,False,False,False,False,True,False
LN-12537,24,0.4,62200.0,679,27.12,6005.13,19,15,0,1,1000.0,13.1,1,True,False,False,False,False,True,False,True,False,False,False,False,False,True,False
LN-12538,24,12.4,52800.0,761,5.24,3061.44,20,11,0,1,5600.0,11.46,0,True,False,False,False,False,True,False,False,True,False,False,False,False,True,False
LN-12539,59,7.9,54800.0,646,28.07,6680.78,21,9,2,3,24700.0,17.5,1,False,False,False,True,False,True,False,False,True,False,False,False,False,False,True
LN-12540,60,7.1,71100.0,636,15.04,15227.93,17,13,0,0,7100.0,15.54,0,False,False,False,True,True,False,False,False,True,False,False,False,False,True,False
LN-12541,37,1.0,53300.0,650,13.65,26288.21,19,10,0,0,24000.0,15.75,0,False,False,True,False,False,False,True,False,False,False,False,False,True,True,False
LN-12542,57,3.0,19300.0,706,44.05500000000001,1400.65,18,8,0,0,2300.0,16.21,1,False,False,False,True,True,False,False,False,True,False,False,False,False,False,True
LN-12543,59,8.5,142987.5,642,32.45,17553.35,11,6,0,0,1000.0,15.83,0,True,False,False,False,False,True,False,False,True,False,False,False,False,True,False
LN-12544,49,1.5,104900.0,672,8.89,1310.82,18,11,0,0,1600.0,13.56,0,True,False,False,False,False,True,False,True,False,False,False,False,False,True,False
LN-12545,56,13.7,26700.0,600,18.77,5725.49,21,5,0,0,12000.0,16.37,1,False,False,False,True,True,False,False,False,True,False,False,False,False,True,False
LN-12546,58,0.2,44800.0,704,8.05,36444.7325,17,12,0,1,1300.0,13.53,0,False,False,True,False,False,True,False,False,False,False,True,False,False,False,True
LN-12547,59,0.7,47600.0,604,20.78,853.8,21,13,1,0,14800.0,18.9,1,True,False,False,False,True,False,False,False,True,False,False,False,False,False,True
LN-12548,57,3.5,98100.0,633,43.83,277.76,24,10,0,0,8100.0,19.08,1,True,False,False,False,False,False,True,False,False,True,False,False,False,False,True
LN-12549,55,3.9,16500.0,741,36.03,4871.26,19,12,0,1,7400.0,13.91,1,True,False,False,False,False,False,True,False,False,False,True,False,False,True,False
LN-12550,27,4.7,41200.0,739,20.26,36220.85,23,10,0,1,4900.0,13.95,0,True,False,False,False,False,True,False,False,False,False,False,True,False,False,True
LN-12551,47,0.1,20600.0,699,18.92,242.9,21,13,0,0,1000.0,13.45,1,True,False,False,False,True,False,False,False,True,False,False,False,False,True,False
LN-12552,48,14.5,46300.0,694,14.34,3023.32,13,6,0,4,19300.0,15.72,1,False,False,True,False,True,False,False,False,True,False,False,False,False,False,True
LN-12553,42,0.2,41800.0,653,44.05500000000001,11090.74,16,8,0,0,12400.0,18.13,1,False,False,False,True,False,True,False,False,False,False,False,False,True,True,False
LN-12554,34,0.7,56600.0,641,25.59,3195.01,12,7,0,0,8000.0,16.24,1,False,False,False,True,False,True,False,False,True,False,False,False,False,True,False
LN-12555,27,0.1,38800.0,662,11.95,663.71,21,11,0,0,5500.0,14.11,0,False,False,False,True,False,False,True,False,True,False,False,False,False,False,True
LN-12556,57,3.8,35800.0,604,16.84,646.44,18,12,0,0,16100.0,18.29,1,False,False,False,True,True,False,False,False,False,False,False,False,True,True,False
LN-12557,42,12.1,76200.0,693,17.35,9828.86,16,11,0,0,1800.0,14.71,0,False,False,False,True,False,False,True,False,False,False,False,True,False,True,False
LN-12558,25,4.9,69600.0,682,9.25,9903.53,23,11,0,1,2100.0,14.3,0,False,False,True,False,True,False,False,True,False,False,False,False,False,True,False
LN-12559,22,3.0,73400.0,633,17.41,14709.46,21,9,0,3,1000.0,18.88,0,True,False,False,False,False,True,False,False,False,False,True,False,False,False,True
LN-12560,47,0.1,49200.0,758,21.74,1695.18,11,5,0,0,1100.0,14.02,0,True,False,False,False,False,True,False,False,True,False,False,False,False,False,True
LN-12561,41,3.5,39600.0,710,8.28,8314.21,14,5,0,0,17800.0,13.58,0,True,False,False,False,False,True,False,False,True,False,False,False,False,False,True
LN-12562,58,2.8,50700.0,715,28.73,11024.0,18,7,1,3,22100.0,13.51,1,True,False,False,False,True,False,False,False,True,False,False,False,False,True,False
LN-12563,35,3.1,71400.0,656,10.32,3018.14,18,8,0,0,1500.0,14.87,0,True,False,False,False,False,True,False,False,True,False,False,False,False,False,True
LN-12564,41,0.3,16400.0,680,12.05,9511.44,6,2,0,0,7400.0,14.23,0,False,False,True,False,True,False,False,False,True,False,False,False,False,True,False
LN-12565,30,5.2,67300.0,711,10.12,14781.82,24,16,0,0,14300.0,13.92,0,False,False,False,True,False,False,True,False,False,False,True,False,False,True,False
LN-12566,43,3.1,64200.0,688,8.89,36444.7325,23,11,0,0,6900.0,14.57,0,False,False,True,False,False,True,False,False,False,False,False,False,True,True,False
LN-12567,59,6.5,56100.0,760,31.6,10888.65,17,8,0,0,1200.0,12.25,1,True,False,False,False,False,True,False,False,False,False,False,False,True,False,True
LN-12568,25,3.0,49900.0,670,34.82,23695.86,14,10,0,1,12900.0,17.16,0,False,False,False,True,True,False,False,False,False,False,False,False,True,True,False
LN-12569,21,0.7,15000.0,655,10.92,21525.58,18,7,0,0,6800.0,15.26,1,True,False,False,False,True,False,False,False,False,True,False,False,False,False,True
LN-12570,33,4.7,42500.0,712,29.63,33814.43,23,18,0,5,7600.0,14.58,0,True,False,False,False,False,False,True,True,False,False,False,False,False,False,True
LN-12571,41,0.9,142987.5,617,5.66,15407.26,24,14,0,0,7700.0,15.85,0,False,False,False,True,False,False,True,False,False,False,False,True,False,True,False
LN-12572,46,9.3,54600.0,726,13.21,2875.86,20,15,0,2,24500.0,14.47,0,True,False,False,False,False,True,False,False,True,False,False,False,False,False,True
LN-12573,65,4.3,45800.0,615,6.87,4247.42,21,11,0,0,3300.0,14.09,1,False,False,False,True,False,False,True,False,True,False,False,False,False,True,False
LN-12574,41,0.8,54700.0,712,44.05500000000001,18427.84,13,8,0,0,2700.0,15.99,1,False,False,False,True,True,False,False,True,False,False,False,False,False,True,False
LN-12575,38,14.8,65800.0,648,32.18,8828.22,13,7,0,0,16700.0,14.59,0,False,False,True,False,False,False,True,False,True,False,False,False,False,True,False
LN-12576,57,3.3,77800.0,704,4.71,3473.14,12,5,3,4,15000.0,13.5,1,True,False,False,False,False,True,False,True,False,False,False,False,False,True,False
LN-12577,65,0.3,47800.0,725,9.3,12828.77,15,7,0,1,21500.0,10.91,0,False,False,True,False,False,False,True,False,True,False,False,False,False,True,False
LN-12578,52,4.4,68400.0,688,13.45,28442.13,15,7,0,0,5700.0,13.99,0,True,False,False,False,False,True,False,False,True,False,False,False,False,True,False
LN-12579,56,1.3,136200.0,620,15.25,5312.21,17,12,0,4,3200.0,15.64,0,False,False,False,True,False,False,True,False,False,False,False,False,True,True,False
LN-12580,37,7.3,94200.0,635,6.46,10883.36,16,9,1,1,7800.0,14.21,0,True,False,False,False,False,False,True,False,True,False,False,False,False,True,False
LN-12581,55,7.7,142987.5,644,24.26,10452.96,18,8,0,4,6800.0,13.63,0,True,False,False,False,False,False,True,False,True,False,False,False,False,True,False
LN-12582,31,17.4,37800.0,585,29.57,1629.49,22,11,0,1,17000.0,16.67,1,False,False,True,False,False,True,False,False,True,False,False,False,False,True,False
LN-12583,41,3.1,136200.0,736,19.42,1134.96,18,9,1,0,34300.0,12.61,0,False,False,False,True,True,False,False,False,True,False,False,False,False,True,False
LN-12584,46,2.7,35100.0,686,18.61,26424.93,21,13,1,1,7800.0,14.12,1,False,False,True,False,False,False,True,False,True,False,False,False,False,False,True
LN-12585,24,6.3,65800.0,623,10.15,32533.3,20,12,0,5,7400.0,15.19,1,False,False,True,False,False,True,False,False,True,False,False,False,False,True,False
LN-12586,54,0.6,81100.0,753,13.01,28151.15,19,7,0,0,8200.0,10.7,0,True,False,False,False,True,False,False,False,False,False,False,False,True,True,False
LN-12587,38,3.6,40900.0,645,18.06,6063.19,23,10,2,2,18400.0,15.17,1,False,False,True,False,True,False,False,True,False,False,False,False,False,True,False
LN-12588,60,3.0,56900.0,693,19.23,4069.73,23,15,0,0,11200.0,12.62,0,False,False,False,True,True,False,False,False,False,True,False,False,False,True,False
LN-12589,55,0.4,89400.0,639,15.92,34203.44,20,11,0,0,4800.0,15.95,1,False,False,True,False,True,False,False,False,True,False,False,False,False,False,True
LN-12590,61,2.4,36700.0,579,28.05,25726.72,21,12,0,0,16500.0,18.09,1,True,False,False,False,False,True,False,False,True,False,False,False,False,True,False
LN-12591,49,8.6,135700.0,612,21.61,20565.41,14,8,0,0,32800.0,16.88,1,False,False,False,True,False,True,False,False,False,False,False,True,False,True,False
LN-12592,49,8.7,25300.0,658,29.82,4880.92,19,11,0,2,11400.0,14.84,1,False,False,True,False,False,False,True,False,True,False,False,False,False,False,True
LN-12593,58,0.5,142987.5,725,17.04,12217.98,22,11,0,0,3000.0,12.92,0,True,False,False,False,False,True,False,False,True,False,False,False,False,True,False
LN-12594,62,0.4,94000.0,697,16.97,16655.72,19,6,0,0,22000.0,12.42,0,True,False,False,False,True,False,False,False,False,False,False,False,True,True,False
LN-12595,41,1.4,51600.0,687,26.57,10300.63,23,10,0,1,23200.0,13.2,1,True,False,False,False,False,True,False,True,False,False,False,False,False,True,False
LN-12596,62,9.3,43400.0,579,8.29,11055.77,15,6,0,4,16200.0,18.31,1,False,False,False,True,False,True,False,False,True,False,False,False,False,True,False
LN-12597,33,0.6,41000.0,744,44.05500000000001,16960.92,14,7,0,0,3900.0,17.86,1,True,False,False,False,True,False,False,False,True,False,False,False,False,False,True
LN-12598,61,5.7,50300.0,691,10.12,17471.75,19,15,1,0,1000.0,14.06,0,True,False,False,False,False,False,True,False,False,False,True,False,False,True,False
LN-12599,37,3.0,52800.0,674,9.42,3292.43,15,9,0,0,6800.0,13.62,0,False,False,False,True,True,False,False,False,True,False,False,False,False,True,False
LN-12600,29,4.4,108100.0,737,28.85,5944.84,15,8,0,0,8900.0,12.73,0,False,False,False,True,False,True,False,False,False,False,False,False,True,True,False
LN-12601,61,2.0,142987.5,742,22.46,18234.31,16,7,0,1,33700.0,15.54,0,False,False,False,True,False,False,True,False,False,False,True,False,False,False,True
LN-12602,21,7.0,60500.0,738,24.47,3636.76,20,8,0,5,13500.0,14.2,1,False,False,False,True,True,False,False,False,False,False,False,False,True,False,True
LN-12603,22,1.2,34000.0,668,17.3,29665.4,27,15,0,1,4600.0,14.63,1,True,False,False,False,False,True,False,False,True,False,False,False,False,False,True
LN-12604,49,4.6,40100.0,630,8.59,21908.26,21,13,0,0,16500.0,14.03,1,True,False,False,False,True,False,False,False,True,False,False,False,False,True,False
LN-12605,53,1.2,49000.0,729,39.42,27097.79,20,12,1,1,1400.0,15.9,1,False,False,True,False,False,True,False,False,False,True,False,False,False,False,True
LN-12606,30,5.6,30700.0,612,28.15,4233.9,19,10,0,0,3400.0,16.95,1,True,False,False,False,False,True,False,True,False,False,False,False,False,True,False
LN-12607,60,9.3,28300.0,777,11.01,1332.75,17,11,0,0,12700.0,11.96,0,False,False,False,True,True,False,False,False,False,False,False,True,False,True,False
LN-12608,41,0.6,142987.5,681,26.74,1272.2,22,9,1,1,4900.0,15.13,0,False,False,True,False,False,True,False,True,False,False,False,False,False,True,False
LN-12609,48,9.1,64000.0,627,11.62,9740.67,16,9,0,0,1000.0,14.12,0,True,False,False,False,False,True,False,False,True,False,False,False,False,True,False
LN-12610,31,4.1,34300.0,618,12.7,4376.32,11,2,3,0,9600.0,18.17,0,True,False,False,False,False,False,True,True,False,False,False,False,False,True,False
LN-12611,54,0.6,84900.0,616,13.34,3670.51,15,11,0,0,15000.0,14.83,1,True,False,False,False,True,False,False,False,True,False,False,False,False,True,False
LN-12612,28,2.5,28300.0,687,10.38,3018.6,18,12,1,3,12700.0,13.08,1,False,False,True,False,False,False,True,False,True,False,False,False,False,False,True
LN-12613,42,0.8,29600.0,680,17.1,9909.11,21,12,0,0,5100.0,14.21,1,True,False,False,False,True,False,False,False,False,False,False,False,True,True,False
LN-12614,28,5.4,34800.0,618,28.28,9531.41,18,8,0,0,7700.0,17.75,1,False,False,False,True,False,False,True,True,False,False,False,False,False,True,False
LN-12615,35,6.4,134600.0,662,21.11,6584.67,19,11,0,0,11400.0,14.13,0,True,False,False,False,False,True,False,False,False,False,True,False,False,True,False
LN-12616,37,0.5,47100.0,612,24.34,1788.13,24,11,0,0,1100.0,18.9,1,False,False,False,True,True,False,False,True,False,False,False,False,False,False,True
LN-12617,43,3.2,15000.0,709,18.9,31706.27,20,11,0,1,3100.0,13.93,1,False,False,False,True,False,False,True,True,False,False,False,False,False,False,True
LN-12618,44,7.6,105400.0,677,3.73,6702.05,22,10,0,2,6500.0,17.27,0,False,False,False,True,False,True,False,False,False,False,False,False,True,False,True
LN-12619,65,12.4,45800.0,661,44.05500000000001,1583.77,18,11,0,0,4400.0,18.23,1,False,False,False,True,True,False,False,False,True,False,False,False,False,True,False
LN-12620,39,3.2,19600.0,616,31.15,453.41,22,12,0,2,8800.0,16.18,1,False,False,False,True,True,False,False,False,True,False,False,False,False,True,False
LN-12621,25,13.5,45500.0,665,19.48,1986.89,25,15,0,0,14700.0,14.13,0,False,False,False,True,False,True,False,False,False,False,False,False,True,True,False
LN-12622,52,3.5,72200.0,659,7.86,4230.94,24,15,0,0,10900.0,14.83,1,True,False,False,False,False,True,False,True,False,False,False,False,False,True,False
LN-12623,64,2.3,67700.0,696,23.79,11934.06,17,10,0,0,20800.0,13.36,1,True,False,False,False,True,False,False,False,False,False,False,False,True,True,False
LN-12624,21,8.5,142987.5,688,16.3,36444.7325,15,9,1,0,13800.0,14.9,0,False,True,False,False,True,False,False,False,True,False,False,False,False,False,True
LN-12625,43,3.1,33900.0,720,18.3,3810.57,17,8,0,3,4800.0,15.49,0,False,False,False,True,True,False,False,False,True,False,False,False,False,True,False
LN-12626,57,2.9,55600.0,656,27.94,18716.59,18,8,0,0,1800.0,17.71,1,True,False,False,False,False,False,True,False,False,False,False,False,True,False,True
LN-12627,28,3.0,36900.0,587,20.55,29081.63,18,11,0,1,14300.0,18.27,1,False,False,True,False,True,False,False,False,True,False,False,False,False,True,False
LN-12628,33,8.4,23200.0,730,34.67,5962.53,25,8,0,3,3300.0,16.49,1,False,False,False,True,False,True,False,False,True,False,False,False,False,True,False
LN-12629,28,8.0,88200.0,633,12.37,3504.68,23,8,0,0,5400.0,14.52,0,True,False,False,False,False,False,True,False,False,False,False,False,True,True,False
LN-12630,43,2.3,69900.0,625,5.44,8105.26,14,5,0,0,22200.0,15.12,0,True,False,False,False,False,False,True,False,True,False,False,False,False,True,False
LN-12631,63,1.8,63300.0,678,15.87,27242.82,11,6,0,0,3500.0,14.91,1,False,False,False,True,False,False,True,False,True,False,False,False,False,False,True
LN-12632,21,3.0,68500.0,695,12.61,132.51,14,8,0,0,10800.0,13.72,0,True,False,False,False,False,False,True,False,False,False,False,False,True,False,True
LN-12633,65,3.8,37200.0,653,21.96,8001.14,15,9,0,1,1400.0,15.25,0,True,False,False,False,False,False,True,False,True,False,False,False,False,True,False
LN-12634,44,1.2,31200.0,653,9.41,17005.76,26,20,2,2,7500.0,15.01,1,False,False,False,True,False,False,True,False,True,False,False,False,False,False,True
LN-12635,55,7.1,55300.0,660,12.38,11029.45,16,8,1,1,24900.0,14.78,1,False,False,False,True,False,True,False,False,True,False,False,False,False,False,True
LN-12636,44,3.0,102600.0,751,22.47,8254.08,24,13,0,0,34300.0,13.11,0,False,False,False,True,False,False,True,False,False,False,False,True,False,False,True
LN-12637,37,1.8,131200.0,680,14.03,9678.83,12,6,0,0,34300.0,13.28,0,False,False,False,True,False,False,True,False,True,False,False,False,False,True,False
LN-12638,25,0.5,83900.0,632,29.17,11586.77,18,10,1,1,12700.0,17.2,1,True,False,False,False,False,False,True,False,True,False,False,False,False,True,False
LN-12639,40,1.2,55100.0,632,9.53,13751.28,20,13,0,4,4900.0,14.09,1,True,False,False,False,False,False,True,False,False,False,False,True,False,True,False
LN-12640,41,13.4,62800.0,667,7.48,5284.14,21,10,0,1,6100.0,15.17,0,False,False,False,True,False,False,True,False,False,False,True,False,False,True,False
LN-12641,60,1.6,54500.0,692,23.97,8742.17,20,12,1,0,3200.0,15.34,0,False,False,True,False,False,True,False,False,True,False,False,False,False,True,False
LN-12642,51,0.8,30800.0,704,6.66,3835.36,15,8,0,0,1400.0,14.24,0,False,False,False,True,True,False,False,False,False,False,False,False,True,False,True
LN-12643,66,2.8,54900.0,686,4.26,36444.7325,22,13,2,3,2600.0,12.54,0,False,False,False,True,True,False,False,False,True,False,False,False,False,True,False
LN-12644,56,1.7,26000.0,638,7.39,2488.54,15,12,1,0,8800.0,14.93,1,False,False,False,True,True,False,False,True,False,False,False,False,False,True,False
LN-12645,31,0.2,50600.0,659,30.46,1959.51,22,9,0,0,1000.0,16.9,1,True,False,False,False,False,False,True,False,True,False,False,False,False,False,True
LN-12646,35,1.8,133200.0,717,11.21,3757.18,14,10,1,1,34300.0,12.69,0,False,False,False,True,False,False,True,True,False,False,False,False,False,True,False
LN-12647,39,3.5,85200.0,623,12.82,30316.88,16,8,0,0,11500.0,15.18,0,False,False,False,True,False,False,True,False,True,False,False,False,False,False,True
LN-12648,27,3.6,32600.0,657,25.0,12905.41,14,5,0,0,2700.0,15.8,0,False,False,False,True,True,False,False,False,False,False,True,False,False,True,False
LN-12649,48,2.0,52100.0,710,27.96,7304.07,17,11,0,0,7500.0,15.61,0,True,False,False,False,False,False,True,False,False,True,False,False,False,False,True
LN-12650,63,2.7,34200.0,724,25.35,31146.64,16,9,1,4,6600.0,15.29,1,False,True,False,False,False,True,False,False,False,False,False,False,True,True,False
LN-12651,25,15.2,52300.0,670,23.93,27648.7,21,12,0,0,23500.0,14.97,1,False,False,False,True,False,False,True,False,True,False,False,False,False,False,True
LN-12652,25,2.1,96000.0,659,10.73,6161.8,15,11,2,3,1800.0,13.05,0,False,False,False,True,False,False,True,False,True,False,False,False,False,True,False
LN-12653,50,1.3,77600.0,614,17.45,9951.48,18,10,0,0,7900.0,17.63,0,True,False,False,False,True,False,False,False,True,False,False,False,False,True,False
LN-12654,52,1.3,142987.5,706,6.61,28293.87,16,9,0,2,17400.0,10.82,0,True,False,False,False,True,False,False,False,False,False,True,False,False,True,False
LN-12655,28,2.8,104400.0,746,13.29,4617.34,14,11,0,4,6500.0,14.64,0,False,False,False,True,True,False,False,False,True,False,False,False,False,False,True
LN-12656,30,6.4,60600.0,808,4.95,6281.61,20,11,0,1,6200.0,10.66,0,False,False,True,False,False,True,False,False,True,False,False,False,False,True,False
LN-12657,58,1.0,78600.0,699,29.19,18901.28,18,13,0,2,5800.0,16.36,0,True,False,False,False,True,False,False,False,False,True,False,False,False,False,True
LN-12658,67,5.6,48500.0,677,12.83,14393.35,14,5,1,0,20100.0,13.24,0,True,False,False,False,False,True,False,False,False,False,False,False,True,False,True
LN-12659,52,0.1,29100.0,634,17.13,598.48,18,9,0,0,1800.0,15.59,1,True,False,False,False,True,False,False,False,False,True,False,False,False,True,False
LN-12660,48,2.4,111100.0,586,11.71,1498.28,17,13,0,1,27200.0,17.82,0,False,False,True,False,False,False,True,True,False,False,False,False,False,False,True
LN-12661,37,6.7,94400.0,689,31.29,22470.21,19,8,0,2,1000.0,15.5,0,True,False,False,False,False,True,False,False,True,False,False,False,False,True,False
LN-12662,51,1.9,47400.0,798,6.26,362.28,17,10,0,1,5400.0,11.33,0,False,False,False,True,False,True,False,False,True,False,False,False,False,False,True
LN-12663,28,3.7,63000.0,744,7.86,30298.13,21,13,1,0,6900.0,11.62,0,False,False,False,True,False,True,False,False,True,False,False,False,False,False,True
LN-12664,60,1.0,107200.0,736,16.91,3805.38,26,16,0,0,7000.0,13.77,0,True,False,False,False,True,False,False,False,True,False,False,False,False,True,False
LN-12665,45,6.1,86300.0,692,17.45,10946.96,9,5,1,2,2900.0,15.58,0,False,False,False,True,True,False,False,False,True,False,False,False,False,False,True
LN-12666,29,0.2,24200.0,698,29.37,9977.35,17,12,0,0,10900.0,15.33,0,True,False,False,False,False,True,False,False,False,False,True,False,False,True,False
LN-12667,22,8.6,61900.0,559,19.03,6055.22,20,14,0,0,8500.0,19.07,1,True,False,False,False,False,True,False,False,False,False,False,False,True,False,True
LN-12668,35,1.0,49400.0,718,17.37,383.3,19,10,1,0,11700.0,14.58,0,True,False,False,False,False,True,False,False,True,False,False,False,False,False,True
LN-12669,23,9.3,99900.0,651,10.08,2565.32,18,5,1,0,13400.0,13.1,0,False,True,False,False,True,False,False,False,True,False,False,False,False,False,True
LN-12670,56,2.0,95500.0,645,31.39,11453.32,19,11,0,0,3000.0,17.05,1,False,False,False,True,False,True,False,False,False,False,True,False,False,True,False
LN-12671,24,5.8,111900.0,664,14.61,7095.16,22,13,0,2,34300.0,16.61,1,False,False,True,False,False,False,True,False,True,False,False,False,False,True,False
LN-12672,34,1.7,29300.0,662,10.51,6409.89,13,4,1,2,13200.0,15.29,0,True,False,False,False,False,True,False,False,True,False,False,False,False,True,False
LN-12673,61,10.6,35200.0,644,9.57,1233.74,20,13,0,1,15800.0,15.65,1,False,False,False,True,False,False,True,False,False,False,False,True,False,True,False
LN-12674,61,0.6,100000.0,681,17.23,5116.48,11,7,0,1,10600.0,15.21,1,True,False,False,False,True,False,False,False,False,False,True,False,False,True,False
LN-12675,45,0.9,39100.0,652,6.03,8969.48,19,8,0,1,17600.0,16.77,1,False,False,False,True,False,False,True,False,True,False,False,False,False,False,True
LN-12676,30,3.1,23500.0,685,6.36,970.52,18,9,0,0,10600.0,14.05,0,True,False,False,False,False,True,False,False,False,False,False,False,True,False,True
LN-12677,41,0.4,72600.0,606,6.35,828.29,17,13,0,1,8400.0,17.0,0,True,False,False,False,True,False,False,False,True,False,False,False,False,True,False
LN-12678,56,1.0,40100.0,669,41.1,8116.74,19,9,0,5,18000.0,17.13,1,False,False,False,True,False,False,True,False,True,False,False,False,False,True,False
LN-12679,32,13.0,142987.5,625,35.53,9885.97,18,8,1,0,12800.0,17.62,1,True,False,False,False,False,False,True,False,True,False,False,False,False,True,False
LN-12680,47,16.9,63800.0,648,9.02,3575.08,14,9,2,5,1000.0,16.31,0,True,False,False,False,False,True,False,False,False,False,False,False,True,True,False
LN-12681,60,2.1,59200.0,687,19.31,4730.14,13,8,0,5,26600.0,13.44,1,False,False,False,True,False,False,True,False,False,True,False,False,False,True,False
LN-12682,22,11.6,44200.0,600,24.42,19126.93,11,7,0,0,7900.0,16.67,1,False,False,False,True,False,False,True,False,False,False,False,False,True,True,False
LN-12683,33,3.5,130000.0,639,20.85,24412.34,17,9,0,3,11900.0,13.09,0,False,False,False,True,True,False,False,False,True,False,False,False,False,True,False
LN-12684,52,1.4,66000.0,708,7.36,4720.58,15,7,0,1,7300.0,11.52,0,True,False,False,False,True,False,False,False,False,False,False,False,True,True,False
LN-12685,51,5.5,43300.0,609,9.9,5275.36,18,13,2,0,1500.0,15.48,0,False,False,True,False,True,False,False,False,True,False,False,False,False,True,False
LN-12686,36,4.8,35000.0,769,19.12,21286.56,26,13,0,0,15800.0,11.56,0,False,False,True,False,True,False,False,True,False,False,False,False,False,True,False
LN-12687,52,20.3,52000.0,740,6.2,36444.7325,18,9,0,1,16100.0,13.05,0,True,False,False,False,False,False,True,False,True,False,False,False,False,False,True
LN-12688,52,1.4,31600.0,655,30.21,4638.42,21,16,0,2,14200.0,18.21,1,True,False,False,False,False,False,True,False,False,False,True,False,False,False,True
LN-12689,54,5.0,95400.0,641,7.22,18655.23,13,7,0,0,9300.0,13.17,0,False,False,False,True,False,False,True,False,False,False,False,False,True,True,False
LN-12690,31,0.2,20000.0,690,17.93,7840.02,19,10,0,1,9000.0,14.19,1,True,False,False,False,True,False,False,False,False,False,False,False,True,True,False
LN-12691,30,0.5,50200.0,608,26.51,3673.87,22,13,0,1,22400.0,16.18,1,False,False,False,True,False,True,False,False,False,False,False,True,False,True,False
LN-12692,35,0.0,75800.0,580,28.34,13740.34,18,7,0,0,5700.0,16.81,1,False,False,False,True,False,False,True,False,False,False,True,False,False,True,False
LN-12693,37,25.0,65400.0,657,28.58,7451.04,17,10,1,3,1000.0,17.35,1,True,False,False,False,False,False,True,False,False,False,True,False,False,False,True
LN-12694,60,7.3,36500.0,673,10.19,3746.36,15,11,0,4,16400.0,15.1,0,False,False,False,True,False,True,False,False,False,False,False,True,False,False,True
LN-12695,38,7.0,77900.0,685,10.98,1361.11,18,9,0,1,2900.0,14.25,0,True,False,False,False,False,True,False,False,False,False,True,False,False,True,False
LN-12696,29,3.2,33300.0,649,20.12,24204.76,17,9,0,0,15000.0,17.24,0,True,False,False,False,True,False,False,False,False,False,False,True,False,False,True
LN-12697,45,1.6,53500.0,744,23.94,25310.68,23,7,0,3,13500.0,12.23,0,False,False,False,True,False,True,False,False,False,False,False,False,True,True,False
LN-12698,60,0.7,77500.0,605,23.3,935.04,18,11,0,2,14100.0,19.52,0,False,False,False,True,True,False,False,False,False,False,False,True,False,False,True
LN-12699,34,1.5,69900.0,623,24.92,13066.15,14,8,0,0,4000.0,15.66,0,True,False,False,False,False,True,False,False,True,False,False,False,False,True,False
LN-12700,45,2.1,37400.0,704,21.65,2129.12,22,12,1,1,7200.0,12.64,0,True,False,False,False,True,False,False,False,True,False,False,False,False,True,False
LN-12701,42,6.4,104700.0,622,19.43,12472.36,16,7,0,0,5200.0,16.83,0,False,False,False,True,True,False,False,False,False,False,False,False,True,True,False
LN-12702,50,3.5,56800.0,620,10.76,28581.77,21,12,0,0,3000.0,15.98,1,False,False,False,True,True,False,False,False,True,False,False,False,False,True,False
LN-12703,40,0.4,81500.0,686,19.76,3616.74,18,8,0,0,18000.0,14.36,1,True,False,False,False,False,False,True,True,False,False,False,False,False,False,True
LN-12704,41,0.1,125600.0,627,38.57,5131.23,16,11,1,0,1400.0,17.72,1,True,False,False,False,False,False,True,False,False,False,False,True,False,False,True
LN-12705,64,0.5,100200.0,673,13.58,19024.55,15,9,0,3,10000.0,15.71,1,False,False,False,True,False,True,False,False,True,False,False,False,False,False,True
LN-12706,52,2.4,100300.0,645,12.78,15953.24,23,15,0,0,10800.0,15.38,1,False,False,False,True,False,True,False,False,False,False,False,False,True,True,False
LN-12707,66,12.2,60200.0,637,22.8,6304.27,19,7,0,1,27100.0,14.89,1,False,False,True,False,False,True,False,False,True,False,False,False,False,True,False
LN-12708,41,4.6,83800.0,575,7.21,22649.84,20,13,0,4,28500.0,16.11,1,True,False,False,False,True,False,False,False,True,False,False,False,False,True,False
LN-12709,55,7.3,60900.0,687,17.81,30396.89,19,11,0,1,9500.0,14.05,1,False,True,False,False,False,False,True,True,False,False,False,False,False,False,True
LN-12710,52,2.8,27900.0,618,29.49,7231.86,19,13,1,2,12600.0,14.74,1,True,False,False,False,False,True,False,False,True,False,False,False,False,True,False
LN-12711,50,2.0,64000.0,672,17.9,483.01,20,8,2,3,21900.0,17.27,1,False,False,True,False,False,False,True,False,False,False,False,False,True,False,True
LN-12712,59,0.5,62400.0,654,17.84,8546.49,22,11,0,1,1000.0,15.49,1,False,False,False,True,True,False,False,False,True,False,False,False,False,True,False
LN-12713,32,9.4,74700.0,670,3.48,16150.24,20,7,0,1,33600.0,14.93,1,True,False,False,False,True,False,False,False,True,False,False,False,False,True,False
LN-12714,61,6.9,50500.0,673,13.78,2982.09,16,12,0,0,16300.0,14.9,1,False,False,False,True,False,True,False,False,True,False,False,False,False,False,True
LN-12715,67,0.8,35600.0,690,8.56,1256.73,27,17,1,1,15600.0,13.14,1,True,False,False,False,False,False,True,False,False,False,False,False,True,False,True
LN-12716,38,3.2,77700.0,644,6.84,4029.28,13,8,0,0,17500.0,13.59,0,True,False,False,False,True,False,False,False,True,False,False,False,False,True,False
LN-12717,41,3.0,26300.0,742,15.3,139.85,18,9,3,1,3600.0,11.13,0,False,False,False,True,False,True,False,False,False,False,True,False,False,True,False
LN-12718,33,4.4,120900.0,588,23.91,15083.07,21,13,0,0,1000.0,17.17,0,True,False,False,False,False,False,True,False,False,False,True,False,False,True,False
LN-12719,41,13.2,47700.0,669,14.62,1894.85,13,6,0,3,3700.0,13.6,1,True,False,False,False,True,False,False,True,False,False,False,False,False,False,True
LN-12720,28,3.9,62000.0,722,26.95,15433.0,20,13,0,3,22200.0,13.29,1,False,False,False,True,True,False,False,False,False,False,False,True,False,True,False
LN-12721,66,3.5,73700.0,704,23.67,3207.47,21,11,0,0,12700.0,13.38,0,True,False,False,False,False,True,False,False,True,False,False,False,False,True,False
LN-12722,60,0.2,75000.0,631,11.17,36444.7325,23,13,0,1,6300.0,16.45,0,False,False,False,True,False,True,False,False,True,False,False,False,False,True,False
LN-12723,66,0.3,25000.0,640,12.15,9106.2,16,9,0,4,3900.0,15.84,1,False,False,False,True,False,False,True,False,True,False,False,False,False,True,False
LN-12724,27,0.9,85200.0,630,4.31,506.61,21,11,0,1,22500.0,14.43,0,True,False,False,False,False,True,False,True,False,False,False,False,False,True,False
LN-12725,43,0.1,64000.0,710,44.05500000000001,17776.7,27,19,2,2,8600.0,16.23,1,False,False,False,True,False,True,False,False,False,False,False,False,True,True,False
LN-12726,64,6.1,38200.0,643,9.0,6333.43,14,5,0,0,13200.0,13.53,1,False,False,True,False,False,False,True,False,True,False,False,False,False,True,False
LN-12727,52,5.8,35900.0,693,18.21,11217.16,21,10,0,0,1000.0,12.47,0,False,False,False,True,False,False,True,False,False,False,False,False,True,True,False
LN-12728,31,0.7,45100.0,693,15.04,36243.55,25,14,1,0,7900.0,13.61,0,True,False,False,False,False,False,True,False,True,False,False,False,False,True,False
LN-12729,42,8.1,26500.0,798,37.42,8739.57,16,9,1,0,1000.0,12.28,1,True,False,False,False,False,False,True,False,False,False,False,True,False,True,False
LN-12730,42,0.8,139700.0,696,19.69,19578.75,21,16,0,3,21700.0,13.83,0,False,False,False,True,False,True,False,False,False,False,False,True,False,True,False
LN-12731,63,1.6,122700.0,639,16.28,4328.07,16,9,0,0,4000.0,17.18,1,False,False,False,True,False,True,False,True,False,False,False,False,False,True,False
LN-12732,45,1.3,69500.0,607,32.61,15043.04,18,10,0,0,2600.0,19.71,0,True,False,False,False,False,True,False,False,False,False,False,False,True,False,True
LN-12733,42,2.1,47900.0,666,18.21,1255.3,17,10,0,2,21600.0,16.09,0,True,False,False,False,False,True,False,False,False,False,False,True,False,True,False
LN-12734,48,1.3,48600.0,674,9.59,26858.33,16,7,1,1,1000.0,13.24,0,False,False,False,True,False,True,False,False,True,False,False,False,False,True,False
LN-12735,49,3.0,82200.0,569,22.11,2673.93,12,8,0,0,3100.0,19.66,1,True,False,False,False,True,False,False,False,False,False,False,True,False,False,True
LN-12736,33,2.4,142500.0,644,6.63,4313.22,18,12,0,3,3900.0,13.37,0,False,False,False,True,False,True,False,False,True,False,False,False,False,True,False
LN-12737,38,19.4,39600.0,695,8.7,36444.7325,18,10,0,2,17800.0,13.28,1,False,False,False,True,True,False,False,False,True,False,False,False,False,False,True
LN-12738,22,0.3,29300.0,653,12.52,2024.06,21,10,0,4,13200.0,15.2,1,True,False,False,False,False,True,False,False,True,False,False,False,False,True,False
LN-12739,49,0.7,126900.0,728,7.46,3522.95,16,13,0,1,34300.0,10.93,0,False,False,False,True,False,True,False,False,False,False,False,False,True,True,False
LN-12740,41,0.2,20300.0,602,13.41,10415.13,17,9,0,1,9100.0,15.56,1,True,False,False,False,False,False,True,False,False,False,True,False,False,True,False
LN-12741,35,4.4,31100.0,714,2.45,36444.7325,22,13,0,0,3800.0,13.56,0,True,False,False,False,False,True,False,False,True,False,False,False,False,False,True
LN-12742,47,0.3,47300.0,726,17.94,14109.27,17,8,0,0,2600.0,12.99,0,False,False,True,False,True,False,False,False,False,False,False,False,True,False,True
LN-12743,51,3.0,23000.0,728,21.4,1455.03,26,15,0,0,10400.0,14.27,1,True,False,False,False,True,False,False,False,False,False,False,False,True,True,False
LN-12744,35,3.2,99900.0,602,11.48,16545.49,17,7,0,1,32400.0,16.1,0,False,False,True,False,True,False,False,True,False,False,False,False,False,True,False
LN-12745,43,3.4,86800.0,696,5.09,6666.02,13,8,0,0,34000.0,12.63,0,True,False,False,False,False,False,True,False,False,False,False,False,True,True,False
LN-12746,44,3.7,39500.0,647,16.02,36444.7325,15,6,2,3,17800.0,15.58,1,True,False,False,False,False,True,False,False,True,False,False,False,False,True,False
LN-12747,64,0.8,109500.0,610,23.64,11889.49,19,9,0,1,22100.0,16.91,0,False,False,True,False,False,True,False,False,True,False,False,False,False,True,False
LN-12748,33,1.0,120200.0,659,6.22,9110.31,15,6,1,0,15200.0,14.45,0,True,False,False,False,False,True,False,False,True,False,False,False,False,True,False
LN-12749,42,1.7,50900.0,635,44.05500000000001,9777.41,18,8,3,0,18600.0,19.35,1,False,False,False,True,False,False,True,False,False,False,False,False,True,False,True
LN-12750,63,4.1,42300.0,726,18.29,12311.99,22,12,0,1,1700.0,10.67,0,True,False,False,False,True,False,False,False,True,False,False,False,False,False,True
LN-12751,57,1.1,142987.5,706,24.28,15793.58,15,9,2,2,5600.0,12.35,0,False,False,True,False,True,False,False,False,True,False,False,False,False,True,False
LN-12752,53,0.6,80600.0,622,44.05500000000001,978.71,18,8,0,2,8600.0,19.63,1,True,False,False,False,False,True,False,False,False,False,False,False,True,False,True
LN-12753,23,15.8,62400.0,644,20.6,1680.38,17,10,3,1,15300.0,17.33,1,True,False,False,False,False,False,True,False,True,False,False,False,False,False,True
LN-12754,39,0.1,114700.0,661,9.38,4288.29,24,16,1,0,7600.0,17.89,1,True,False,False,False,False,False,True,False,True,False,False,False,False,False,True
LN-12755,43,7.3,64000.0,676,10.71,7800.0,16,7,1,2,6600.0,13.21,0,False,True,False,False,False,True,False,False,False,False,False,False,True,True,False
LN-12756,49,7.0,41000.0,730,28.65,4471.34,18,10,0,2,11600.0,12.85,1,False,False,False,True,False,False,True,False,False,False,True,False,False,True,False
LN-12757,50,1.6,56600.0,715,25.92,2887.11,24,16,1,2,7000.0,14.3,0,True,False,False,False,True,False,False,False,False,False,False,True,False,True,False
LN-12758,59,0.7,95900.0,683,28.95,31087.96,21,11,2,0,1100.0,15.43,0,False,False,False,True,False,True,False,False,True,False,False,False,False,True,False
LN-12759,64,0.7,18100.0,667,22.87,397.73,22,9,0,1,8100.0,15.49,1,True,False,False,False,False,True,False,False,True,False,False,False,False,True,False
LN-12760,67,5.4,46200.0,591,20.99,33503.35,11,4,0,4,20800.0,17.16,1,True,False,False,False,False,True,False,False,False,True,False,False,False,True,False
LN-12761,45,4.6,115900.0,745,2.96,28533.18,17,9,0,0,1000.0,8.785000000000002,0,False,False,False,True,False,False,True,False,True,False,False,False,False,True,False
LN-12762,57,6.9,40900.0,658,24.75,13815.87,14,10,0,1,10500.0,16.86,0,False,False,False,True,True,False,False,False,False,True,False,False,False,False,True
LN-12763,67,12.5,126800.0,758,20.29,396.91,18,9,0,0,17500.0,12.01,0,True,False,False,False,False,True,False,True,False,False,False,False,False,True,False
LN-12764,28,5.3,118000.0,690,8.05,3064.21,16,8,0,0,13200.0,11.36,0,False,False,False,True,True,False,False,False,False,False,False,False,True,True,False
LN-12765,62,0.8,52300.0,781,10.74,36444.7325,18,12,2,0,6100.0,12.26,0,False,False,False,True,False,True,False,False,False,False,False,True,False,False,True
LN-12766,36,1.3,39600.0,710,26.75,28367.19,16,6,0,3,17800.0,15.0,1,True,False,False,False,False,True,False,False,True,False,False,False,False,True,False
LN-12767,28,8.3,46300.0,608,44.05500000000001,36444.7325,15,11,0,0,13400.0,20.585,1,False,False,False,True,False,False,True,True,False,False,False,False,False,False,True
LN-12768,21,1.1,142987.5,649,29.62,36444.7325,21,12,0,5,3800.0,15.81,0,True,False,False,False,False,True,False,False,True,False,False,False,False,True,False
LN-12769,64,0.3,142987.5,672,39.33,792.23,16,11,0,2,13200.0,16.61,1,False,False,True,False,True,False,False,False,False,False,False,False,True,True,False
LN-12770,25,5.5,58000.0,636,5.87,10151.74,18,7,0,0,4500.0,14.74,0,False,False,False,True,True,False,False,False,True,False,False,False,False,False,True
LN-12771,23,3.0,38800.0,661,30.69,21559.16,16,12,0,0,12700.0,14.34,1,False,False,False,True,True,False,False,False,False,False,False,False,True,True,False
LN-12772,21,11.4,57800.0,612,25.36,4622.81,21,12,0,0,20200.0,17.03,1,True,False,False,False,False,False,True,False,True,False,False,False,False,True,False
LN-12773,24,4.7,62000.0,680,19.56,6863.03,25,11,0,3,5000.0,12.7,1,True,False,False,False,True,False,False,False,False,False,False,False,True,True,False
LN-12774,60,0.4,27300.0,692,12.11,4004.52,24,15,0,0,4600.0,13.36,0,False,False,True,False,True,False,False,False,False,True,False,False,False,True,False
LN-12775,55,13.3,56600.0,630,21.49,465.79,20,14,0,1,18200.0,17.2,1,False,False,True,False,False,False,True,False,False,False,False,False,True,False,True
LN-12776,52,1.3,112100.0,777,27.54,905.91,14,10,0,0,9900.0,12.06,0,True,False,False,False,True,False,False,True,False,False,False,False,False,False,True
LN-12777,62,1.9,20100.0,683,16.88,260.1,19,11,0,0,2100.0,16.52,1,False,False,False,True,False,False,True,False,False,False,True,False,False,True,False
LN-12778,54,2.3,85400.0,639,10.36,8990.12,20,11,0,1,11000.0,14.36,1,False,False,False,True,False,True,False,False,False,False,False,False,True,True,False
LN-12779,63,0.2,115400.0,599,35.96,11561.31,15,7,0,0,15200.0,18.66,1,False,False,False,True,False,False,True,False,True,False,False,False,False,True,False
LN-12780,45,3.1,39800.0,683,13.91,4412.86,20,13,0,0,9500.0,14.73,1,False,False,False,True,True,False,False,True,False,False,False,False,False,False,True
LN-12781,30,0.6,137600.0,667,19.97,20994.65,19,9,0,0,13700.0,16.08,0,True,False,False,False,False,False,True,True,False,False,False,False,False,True,False
LN-12782,41,2.3,37100.0,719,3.79,26272.51,13,2,0,0,6400.0,11.59,0,True,False,False,False,False,True,False,False,False,False,False,False,True,True,False
LN-12783,66,1.9,69100.0,673,9.77,1806.36,15,6,0,2,29400.0,13.43,0,False,False,False,True,False,True,False,False,False,False,False,False,True,False,True
LN-12784,59,6.7,45800.0,620,31.07,639.85,17,9,0,1,3800.0,17.84,0,True,False,False,False,False,False,True,False,False,False,False,False,True,True,False
LN-12785,47,7.3,45800.0,764,29.71,4617.02,21,8,0,1,4600.0,10.83,0,False,False,False,True,False,True,False,False,True,False,False,False,False,True,False
LN-12786,47,0.7,38600.0,702,21.36,14978.76,12,3,0,0,17400.0,12.93,0,False,False,False,True,False,False,True,False,False,False,False,False,True,True,False
LN-12787,22,2.1,79600.0,667,4.29,8497.28,20,11,0,0,1000.0,14.09,0,True,False,False,False,False,True,False,False,True,False,False,False,False,False,True
LN-12788,61,2.1,86400.0,688,10.69,8035.28,21,13,0,2,34300.0,12.97,0,False,False,False,True,True,False,False,False,True,False,False,False,False,True,False
LN-12789,33,0.7,52300.0,704,44.05500000000001,1984.3,13,5,1,0,13900.0,15.38,1,False,False,False,True,True,False,False,True,False,False,False,False,False,True,False
LN-12790,29,7.2,25600.0,609,17.13,5196.27,21,9,0,0,11500.0,16.07,0,False,False,False,True,True,False,False,False,False,False,False,True,False,True,False
LN-12791,56,5.5,67600.0,688,26.92,36444.7325,22,15,0,0,12300.0,14.99,0,False,False,False,True,False,False,True,False,False,False,False,True,False,True,False
LN-12792,42,1.0,68300.0,657,10.45,4996.38,22,9,1,0,21600.0,13.7,0,True,False,False,False,False,False,True,False,False,False,False,False,True,True,False
LN-12793,62,2.1,48100.0,705,16.7,10741.18,15,9,0,1,8000.0,14.0,0,False,False,True,False,False,True,False,False,False,False,True,False,False,True,False
LN-12794,46,0.5,142987.5,643,10.54,721.45,25,15,0,0,12000.0,13.96,0,False,False,False,True,False,False,True,False,True,False,False,False,False,True,False
LN-12795,32,4.5,22900.0,650,13.1,791.81,23,14,0,0,10300.0,13.42,1,False,False,False,True,True,False,False,False,False,True,False,False,False,True,False
LN-12796,37,0.6,16000.0,763,9.4,6625.06,22,13,1,1,7200.0,10.68,1,True,False,False,False,False,False,True,False,True,False,False,False,False,False,True
LN-12797,34,19.2,36200.0,742,14.64,11119.5,10,5,3,2,1000.0,12.63,0,False,False,True,False,True,False,False,False,True,False,False,False,False,False,True
LN-12798,34,6.8,80100.0,515,15.09,5589.1,18,9,0,0,1600.0,20.585,1,False,False,False,True,False,False,True,True,False,False,False,False,False,False,True
LN-12799,54,2.2,30300.0,738,25.06,2366.98,20,11,0,0,13600.0,14.06,1,False,False,False,True,True,False,False,False,True,False,False,False,False,False,True
LN-12800,40,3.0,31600.0,676,4.98,15979.73,15,9,1,0,5900.0,13.91,0,True,False,False,False,False,False,True,False,False,False,False,False,True,False,True
LN-12801,31,10.9,91400.0,645,7.05,1810.49,16,8,1,1,15900.0,14.58,0,True,False,False,False,False,False,True,False,False,False,False,False,True,True,False
LN-12802,36,3.6,69900.0,630,16.84,13232.05,15,13,1,0,3600.0,15.44,0,False,False,False,True,False,True,False,False,False,False,False,True,False,False,True
LN-12803,51,0.9,66700.0,633,7.67,36444.7325,16,6,0,0,13900.0,13.01,0,True,False,False,False,False,False,True,False,False,False,True,False,False,True,False
LN-12804,26,2.1,83300.0,646,8.29,7630.7,23,11,0,0,9100.0,13.51,0,False,False,False,True,False,True,False,False,False,False,False,True,False,True,False
LN-12805,39,8.3,42900.0,624,38.76,2684.23,12,6,0,2,1800.0,17.57,1,True,False,False,False,False,True,False,False,False,False,True,False,False,False,True
LN-12806,57,4.7,44000.0,612,24.13,22140.54,25,14,0,0,19800.0,19.93,1,True,False,False,False,False,False,True,False,False,False,True,False,False,True,False
LN-12807,24,4.7,84600.0,628,14.67,8449.92,21,7,0,2,22000.0,18.08,1,False,False,True,False,True,False,False,False,True,False,False,False,False,True,False
LN-12808,67,9.1,25900.0,696,10.14,30802.05,21,19,0,0,11700.0,16.53,1,True,False,False,False,False,True,False,False,False,False,False,False,True,False,True
LN-12809,24,10.1,16700.0,683,40.48,15300.73,20,14,0,1,7500.0,14.62,1,False,False,False,True,True,False,False,False,True,False,False,False,False,True,False
LN-12810,40,11.4,42700.0,708,6.15,6758.27,14,6,1,4,1000.0,14.64,0,False,False,False,True,False,True,False,False,True,False,False,False,False,True,False
LN-12811,30,0.4,90400.0,677,28.75,11528.69,20,10,0,4,9800.0,14.48,1,False,False,True,False,False,True,False,False,True,False,False,False,False,True,False
LN-12812,44,3.5,62400.0,615,41.9,2235.44,19,12,0,0,19500.0,20.35,1,False,False,False,True,False,False,True,True,False,False,False,False,False,True,False
LN-12813,55,3.0,86800.0,705,16.91,5877.2,7,4,0,0,3400.0,15.02,0,False,False,False,True,False,False,True,False,False,False,False,False,True,False,True
LN-12814,46,6.4,17900.0,630,20.68,10813.02,15,8,0,3,8100.0,16.0,1,False,False,False,True,False,True,False,False,False,False,False,False,True,False,True
LN-12815,57,4.2,64400.0,712,21.4,10700.4,21,11,0,0,29000.0,15.61,1,True,False,False,False,False,True,False,True,False,False,False,False,False,True,False
LN-12816,58,0.8,77600.0,622,24.86,10617.95,19,10,0,3,19600.0,18.72,1,True,False,False,False,False,True,False,False,True,False,False,False,False,True,False
LN-12817,41,7.2,25800.0,646,19.18,16329.21,17,4,1,1,11100.0,15.29,1,False,False,False,True,False,True,False,False,True,False,False,False,False,False,True
LN-12818,60,5.7,87000.0,662,20.43,1339.94,20,6,0,3,5200.0,16.54,1,False,False,False,True,False,True,False,False,True,False,False,False,False,False,True
LN-12819,59,0.4,51000.0,714,9.93,918.13,23,8,0,1,14200.0,10.32,0,True,False,False,False,False,False,True,False,True,False,False,False,False,True,False
LN-12820,41,2.8,142987.5,689,4.15,1922.32,17,9,0,5,17500.0,12.51,0,True,False,False,False,False,False,True,False,False,False,False,False,True,True,False
LN-12821,30,0.9,16400.0,681,27.7,18865.38,13,8,0,0,7400.0,14.66,1,True,False,False,False,False,True,False,True,False,False,False,False,False,True,False
LN-12822,58,1.9,115000.0,774,7.26,804.63,19,10,2,0,19700.0,10.02,0,False,False,True,False,False,False,True,False,False,False,True,False,False,True,False
LN-12823,66,0.1,43600.0,588,37.13,3062.35,10,5,0,0,4600.0,20.585,1,False,False,True,False,False,False,True,False,False,False,False,True,False,True,False
LN-12824,24,2.3,22300.0,628,15.23,3528.85,26,16,0,0,9900.0,14.22,0,False,False,False,True,False,False,True,False,False,False,True,False,False,True,False
LN-12825,65,3.6,40500.0,626,44.05500000000001,12504.0,22,11,0,0,11100.0,18.22,1,False,False,True,False,True,False,False,False,False,False,True,False,False,True,False
LN-12826,40,4.3,63100.0,591,20.31,6162.54,22,11,0,3,1300.0,18.32,1,False,False,False,True,True,False,False,False,True,False,False,False,False,True,False
LN-12827,37,4.9,95900.0,644,12.58,2662.63,16,6,0,1,2700.0,13.52,0,False,False,False,True,False,False,True,False,False,False,False,True,False,True,False
LN-12828,27,3.0,139700.0,714,23.84,7163.98,14,9,0,1,5100.0,13.7,0,False,False,True,False,False,False,True,False,True,False,False,False,False,False,True
LN-12829,24,1.1,118400.0,650,44.05500000000001,13879.4,16,8,0,0,1000.0,18.8,1,False,False,False,True,False,True,False,False,True,False,False,False,False,True,False
LN-12830,49,0.6,31900.0,663,17.6,18504.26,17,10,0,5,3700.0,16.51,1,False,False,False,True,False,True,False,True,False,False,False,False,False,True,False
LN-12831,34,8.6,100900.0,594,17.08,1587.07,12,9,1,0,10300.0,16.54,0,False,False,False,True,True,False,False,False,True,False,False,False,False,True,False
LN-12832,23,0.8,67200.0,640,16.2,15051.22,15,9,0,0,10900.0,17.55,0,True,False,False,False,True,False,False,False,False,False,False,False,True,False,True
LN-12833,44,3.0,37800.0,657,12.43,54.39,14,11,1,2,4000.0,17.54,0,False,False,False,True,False,True,False,True,False,False,False,False,False,False,True
LN-12834,57,8.3,48200.0,712,19.28,15462.33,20,12,0,2,21700.0,12.97,1,True,False,False,False,False,False,True,False,True,False,False,False,False,True,False
LN-12835,36,3.1,36700.0,596,21.01,12981.2,24,17,0,0,8800.0,18.26,0,False,False,True,False,True,False,False,False,True,False,False,False,False,True,False
LN-12836,24,17.9,55300.0,657,44.05500000000001,7588.39,18,7,3,1,14200.0,16.95,1,True,False,False,False,True,False,False,False,False,True,False,False,False,True,False
LN-12837,44,0.5,36300.0,734,12.59,1766.33,20,14,0,0,1000.0,10.6,0,False,False,False,True,False,True,False,False,False,False,False,False,True,True,False
LN-12838,54,1.6,30800.0,658,39.89,17355.03,20,9,0,0,7100.0,17.84,1,False,False,True,False,False,True,False,True,False,False,False,False,False,False,True
LN-12839,50,4.6,70500.0,574,21.77,893.49,26,11,0,2,10900.0,17.78,1,False,False,False,True,False,False,True,False,True,False,False,False,False,True,False
LN-12840,38,1.9,76600.0,744,23.97,27110.7,22,12,0,2,5200.0,12.7,0,False,False,False,True,False,True,False,False,False,True,False,False,False,False,True
LN-12841,39,11.9,48900.0,717,11.44,17818.02,19,14,0,0,2600.0,12.26,0,False,False,False,True,True,False,False,False,True,False,False,False,False,True,False
LN-12842,51,0.3,114900.0,723,15.38,16209.44,19,10,0,0,3100.0,12.52,0,True,False,False,False,True,False,False,False,True,False,False,False,False,True,False
LN-12843,39,3.6,46900.0,593,13.64,16848.33,23,14,0,0,8800.0,18.15,0,False,False,False,True,False,True,False,False,True,False,False,False,False,False,True
LN-12844,66,4.0,45900.0,756,25.34,839.58,17,11,0,1,1000.0,13.78,0,False,False,False,True,True,False,False,False,False,False,False,True,False,True,False
LN-12845,39,4.8,77900.0,641,8.85,36444.7325,29,16,0,3,3700.0,16.14,0,False,False,False,True,False,False,True,False,False,False,False,False,True,True,False
LN-12846,42,1.3,50400.0,655,8.53,23473.92,16,10,0,1,17800.0,15.32,1,False,False,False,True,False,False,True,True,False,False,False,False,False,False,True
LN-12847,44,2.0,56800.0,645,3.43,8509.7,19,9,0,1,3400.0,14.68,1,True,False,False,False,False,True,False,False,True,False,False,False,False,False,True
LN-12848,65,8.4,15000.0,727,24.04,15249.91,18,9,0,0,1700.0,14.97,1,True,False,False,False,False,False,True,False,False,True,False,False,False,True,False
LN-12849,32,1.0,54700.0,671,7.15,16130.65,18,8,0,3,1200.0,13.68,1,True,False,False,False,False,True,False,False,True,False,False,False,False,True,False
LN-12850,50,7.9,19800.0,704,16.59,21248.34,19,14,0,0,8900.0,12.78,1,False,False,False,True,False,False,True,False,True,False,False,False,False,True,False
LN-12851,58,3.7,27700.0,684,6.35,3538.48,19,12,1,0,1300.0,13.52,0,False,False,False,True,True,False,False,True,False,False,False,False,False,True,False
LN-12852,51,6.5,26000.0,675,16.87,5583.59,21,11,0,0,8000.0,13.26,1,False,False,True,False,True,False,False,True,False,False,False,False,False,False,True
LN-12853,56,5.6,30500.0,633,16.25,19294.39,19,8,0,0,10000.0,16.18,0,False,False,False,True,False,True,False,False,True,False,False,False,False,False,True
LN-12854,39,1.0,40100.0,771,11.81,17583.21,25,12,0,4,18000.0,11.33,1,False,False,True,False,False,False,True,False,True,False,False,False,False,False,True
LN-12855,65,3.8,41500.0,607,21.09,8873.19,9,4,3,0,18700.0,17.02,1,False,False,False,True,False,True,False,False,True,False,False,False,False,False,True
LN-12856,56,9.1,78100.0,701,11.36,6054.25,13,7,0,1,3800.0,13.63,0,False,False,True,False,True,False,False,False,False,False,False,False,True,True,False
LN-12857,50,2.5,61200.0,699,27.31,36444.7325,14,7,0,0,1200.0,15.81,0,False,False,False,True,False,True,False,False,False,False,True,False,False,True,False
LN-12858,53,15.3,19000.0,738,31.08,6434.16,14,9,3,0,8100.0,15.6,1,False,False,False,True,False,False,True,False,True,False,False,False,False,True,False
LN-12859,38,2.7,56700.0,749,32.15,17326.36,15,8,0,1,1500.0,12.71,0,True,False,False,False,False,False,True,False,True,False,False,False,False,True,False
LN-12860,48,0.7,64500.0,673,16.75,6385.46,21,12,0,2,28700.0,14.16,0,True,False,False,False,False,False,True,False,False,True,False,False,False,True,False
LN-12861,67,2.2,45200.0,707,23.37,4449.92,21,12,0,0,17000.0,13.13,1,False,False,False,True,False,False,True,False,True,False,False,False,False,True,False
LN-12862,31,13.6,52400.0,768,16.72,12293.09,10,4,0,2,23600.0,12.11,0,True,False,False,False,True,False,False,False,False,False,True,False,False,True,False
LN-12863,65,1.7,60200.0,677,21.8,19779.14,17,7,0,3,11800.0,12.54,1,True,False,False,False,True,False,False,True,False,False,False,False,False,True,False
LN-12864,53,9.1,82500.0,627,17.25,36444.7325,21,15,0,3,6300.0,15.55,0,False,False,False,True,False,False,True,False,True,False,False,False,False,True,False
LN-12865,37,9.6,22800.0,661,18.32,1934.77,25,8,0,0,9700.0,15.36,1,False,False,False,True,False,False,True,False,False,False,False,False,True,True,False
LN-12866,26,1.9,47400.0,615,38.16,25060.77,14,9,1,0,2500.0,17.33,1,True,False,False,False,False,False,True,False,True,False,False,False,False,True,False
LN-12867,24,0.4,124200.0,699,4.33,8911.63,12,8,0,1,8700.0,12.16,0,False,False,False,True,True,False,False,False,False,False,False,False,True,True,False
LN-12868,40,5.8,118100.0,733,18.79,1368.01,20,7,1,1,34300.0,13.94,0,True,False,False,False,False,True,False,False,False,False,False,True,False,True,False
LN-12869,67,1.7,86500.0,674,18.71,18980.63,21,12,0,0,16400.0,14.56,1,False,False,False,True,False,True,False,False,False,False,False,False,True,True,False
LN-12870,47,6.9,72800.0,599,11.12,4833.42,11,5,0,0,1000.0,17.86,0,False,False,False,True,False,True,False,False,True,False,False,False,False,True,False
LN-12871,35,2.6,134600.0,731,22.99,24322.17,25,15,0,1,18100.0,15.11,0,False,False,False,True,False,True,False,False,True,False,False,False,False,True,False
LN-12872,26,3.0,142987.5,591,16.21,2060.88,19,8,0,0,1500.0,17.72,1,True,False,False,False,False,True,False,False,False,False,False,True,False,True,False
LN-12873,67,6.8,50500.0,603,12.0,14899.75,16,7,0,0,6900.0,16.02,1,False,False,False,True,False,False,True,False,True,False,False,False,False,True,False
LN-12874,34,2.2,31800.0,671,18.2,4293.76,14,8,0,1,14300.0,16.58,1,False,False,False,True,False,True,False,True,False,False,False,False,False,True,False
LN-12875,31,2.6,46700.0,693,39.41,3570.34,18,9,0,1,1900.0,12.64,0,False,False,False,True,False,True,False,False,True,False,False,False,False,True,False
LN-12876,59,2.1,142987.5,701,44.05500000000001,618.81,17,6,0,0,4800.0,14.94,0,False,False,True,False,False,False,True,False,True,False,False,False,False,True,False
LN-12877,29,2.1,22900.0,677,14.61,7891.25,13,7,1,2,3000.0,15.13,1,False,False,False,True,False,False,True,False,True,False,False,False,False,True,False
LN-12878,46,3.4,41800.0,768,13.65,5961.15,17,9,0,0,18800.0,14.19,1,True,False,False,False,False,False,True,False,False,False,False,False,True,True,False
LN-12879,36,7.4,24900.0,683,16.12,764.1,19,9,0,0,2200.0,14.95,0,False,False,False,True,False,True,False,False,False,False,False,True,False,True,False
LN-12880,25,2.0,58000.0,732,5.48,3084.16,21,12,1,4,10700.0,12.94,0,False,False,False,True,False,True,False,False,True,False,False,False,False,False,True
LN-12881,30,3.3,28000.0,719,15.07,8016.11,15,5,0,0,4500.0,12.34,1,True,False,False,False,True,False,False,False,False,False,False,False,True,True,False
LN-12882,23,5.0,51000.0,615,4.22,19820.09,14,11,1,0,9900.0,16.03,0,True,False,False,False,False,False,True,False,False,True,False,False,False,True,False
LN-12883,33,1.4,18500.0,672,4.19,31816.84,17,10,0,0,2600.0,14.92,0,False,False,True,False,False,False,True,False,False,False,True,False,False,True,False
LN-12884,63,1.5,76100.0,786,9.75,8691.5,21,10,0,0,19800.0,11.23,0,False,False,True,False,False,False,True,False,True,False,False,False,False,True,False
LN-12885,50,12.2,106100.0,655,21.88,6196.23,25,14,1,0,14400.0,15.57,1,True,False,False,False,False,True,False,False,True,False,False,False,False,True,False
LN-12886,65,5.8,43900.0,646,8.8,36444.7325,11,7,0,4,1000.0,15.97,0,True,False,False,False,False,True,False,False,True,False,False,False,False,True,False
LN-12887,26,3.9,50300.0,689,19.58,36444.7325,15,9,0,0,22600.0,14.58,1,True,False,False,False,False,True,False,False,True,False,False,False,False,True,False
LN-12888,37,4.7,49500.0,657,13.73,2534.76,12,5,1,0,22300.0,15.39,1,False,False,False,True,False,False,True,True,False,False,False,False,False,True,False
LN-12889,65,0.1,59800.0,640,11.22,9097.49,16,9,0,3,4900.0,16.28,0,False,False,True,False,False,True,False,False,True,False,False,False,False,True,False
LN-12890,39,4.3,53100.0,656,28.12,20638.41,14,9,0,0,4800.0,14.84,1,True,False,False,False,True,False,False,False,False,False,False,False,True,True,False
LN-12891,62,3.2,82700.0,752,17.6,20729.13,18,9,0,1,9700.0,12.02,0,True,False,False,False,True,False,False,False,False,False,False,False,True,True,False
LN-12892,55,3.6,106700.0,673,21.26,13861.38,16,8,0,0,13500.0,16.0,0,False,False,False,True,True,False,False,False,True,False,False,False,False,False,True
LN-12893,66,3.0,34600.0,614,13.65,7651.84,24,13,0,3,4800.0,14.7,0,False,False,False,True,True,False,False,False,True,False,False,False,False,True,False
LN-12894,46,0.4,45700.0,604,25.92,6203.26,22,13,0,0,20600.0,16.14,1,False,False,True,False,True,False,False,False,False,False,False,False,True,True,False
LN-12895,25,1.0,89000.0,790,7.59,19704.29,13,10,0,1,1100.0,10.28,0,False,False,False,True,False,False,True,False,True,False,False,False,False,False,True
LN-12896,49,13.5,24800.0,669,31.85,3069.91,18,9,1,2,7100.0,17.09,1,False,False,False,True,False,False,True,False,True,False,False,False,False,True,False
LN-12897,57,2.4,18300.0,702,2.68,6712.42,20,11,0,0,8200.0,12.22,1,False,False,False,True,False,False,True,False,False,False,False,False,True,True,False
LN-12898,40,2.8,61400.0,641,3.06,10040.46,29,16,3,2,22500.0,14.59,1,True,False,False,False,False,True,False,False,False,False,False,False,True,True,False
LN-12899,41,0.2,71200.0,696,11.87,21390.07,15,10,0,2,28800.0,13.75,0,False,False,False,True,True,False,False,False,False,False,False,True,False,True,False
LN-12900,30,0.2,36400.0,753,13.57,5617.99,17,11,1,4,3900.0,12.45,0,True,False,False,False,False,False,True,False,False,True,False,False,False,True,False
LN-12901,25,5.7,39400.0,647,13.27,9546.3,13,6,0,3,3900.0,16.66,1,False,False,False,True,False,True,False,False,False,True,False,False,False,False,True
LN-12902,56,3.5,35700.0,703,8.84,3928.12,18,10,0,0,6400.0,12.99,0,False,False,True,False,True,False,False,False,True,False,False,False,False,True,False
LN-12903,26,3.2,33600.0,610,40.74,21761.63,20,14,0,1,7800.0,18.27,1,True,False,False,False,True,False,False,False,False,False,True,False,False,True,False
LN-12904,46,1.3,79300.0,781,15.68,18475.65,12,9,0,3,26400.0,13.28,0,False,False,False,True,False,True,False,False,False,False,False,False,True,False,True
LN-12905,24,6.1,28300.0,693,32.2,20584.13,18,12,2,0,1000.0,14.51,1,True,False,False,False,True,False,False,True,False,False,False,False,False,True,False
LN-12906,59,0.8,46800.0,659,4.54,710.33,19,11,0,1,16200.0,15.61,0,False,False,False,True,False,False,True,True,False,False,False,False,False,True,False
LN-12907,59,0.9,32900.0,665,9.14,8007.37,14,7,0,0,3500.0,13.47,1,False,False,False,True,False,False,True,False,False,False,False,False,True,True,False
LN-12908,55,2.8,24300.0,654,7.62,1752.01,20,13,0,1,10900.0,14.04,1,True,False,False,False,False,True,False,False,True,False,False,False,False,True,False
LN-12909,21,1.5,87400.0,657,3.9,13441.48,16,9,0,2,5300.0,14.84,0,False,False,False,True,False,True,False,False,False,False,True,False,False,True,False
LN-12910,44,1.3,40700.0,558,18.5,4476.98,13,10,0,1,10800.0,20.585,1,False,False,False,True,False,False,True,True,False,False,False,False,False,True,False
LN-12911,56,4.7,60100.0,675,11.62,17877.28,17,13,0,5,5600.0,11.71,0,False,False,False,True,True,False,False,False,False,False,False,False,True,True,False
LN-12912,26,4.7,23600.0,673,6.26,808.65,16,7,0,0,7800.0,15.7,0,False,False,False,True,True,False,False,False,True,False,False,False,False,False,True
LN-12913,61,7.8,36000.0,704,9.71,8640.32,15,7,0,1,10300.0,13.52,0,False,False,True,False,True,False,False,False,True,False,False,False,False,True,False
LN-12914,66,2.4,82100.0,654,23.6,1584.08,14,6,0,0,19300.0,15.12,1,False,False,False,True,False,False,True,False,False,False,True,False,False,True,False
LN-12915,64,0.3,142987.5,641,35.56,9794.61,14,9,0,4,1800.0,17.46,1,False,False,True,False,False,True,False,True,False,False,False,False,False,True,False
LN-12916,51,1.4,18300.0,680,11.87,11218.08,20,12,0,3,6100.0,13.45,1,False,False,True,False,False,False,True,False,True,False,False,False,False,False,True
LN-12917,40,17.6,48500.0,599,10.47,7441.96,18,10,3,5,14300.0,15.42,1,False,False,False,True,False,False,True,False,False,False,True,False,False,True,False
LN-12918,44,3.0,68000.0,687,12.37,3936.16,19,10,0,5,12400.0,15.22,1,False,False,False,True,False,True,False,True,False,False,False,False,False,False,True
LN-12919,45,5.6,38600.0,587,10.09,394.34,24,13,0,3,17400.0,15.51,1,True,False,False,False,False,False,True,False,False,False,True,False,False,True,False
LN-12920,56,0.0,86400.0,736,10.55,13020.57,16,9,0,3,30800.0,12.17,0,False,False,False,True,False,False,True,False,True,False,False,False,False,True,False
LN-12921,41,3.3,33600.0,714,37.58,24523.51,17,11,0,0,1400.0,14.06,1,False,False,False,True,True,False,False,True,False,False,False,False,False,True,False
LN-12922,50,0.2,59000.0,634,24.28,15875.23,13,7,0,0,17500.0,15.81,1,False,False,False,True,False,False,True,False,True,False,False,False,False,True,False
LN-12923,44,3.8,40700.0,713,26.49,26821.14,19,8,0,3,4700.0,16.29,0,True,False,False,False,True,False,False,False,True,False,False,False,False,False,True
LN-12924,64,11.4,105900.0,686,8.73,31825.86,14,8,0,1,9200.0,12.05,0,True,False,False,False,False,True,False,False,True,False,False,False,False,True,False
LN-12925,62,15.5,37300.0,630,23.46,7164.15,19,12,0,3,13800.0,16.38,1,False,False,False,True,True,False,False,False,False,False,True,False,False,True,False
LN-12926,50,3.5,44600.0,579,14.08,14367.6,19,11,1,2,2300.0,17.87,1,False,False,False,True,False,False,True,False,True,False,False,False,False,True,False
LN-12927,42,2.8,91100.0,696,7.93,6077.6,19,9,0,0,6000.0,13.37,0,False,False,True,False,False,True,False,False,False,False,False,False,True,True,False
LN-12928,48,13.1,30800.0,640,44.05500000000001,30240.35,13,9,0,3,13900.0,17.61,1,True,False,False,False,False,False,True,True,False,False,False,False,False,True,False
LN-12929,27,5.0,56300.0,735,20.66,9933.12,18,9,1,2,2100.0,14.27,1,True,False,False,False,True,False,False,False,True,False,False,False,False,False,True
LN-12930,55,0.3,19900.0,681,37.01,16753.71,19,7,0,1,1200.0,15.63,1,True,False,False,False,False,False,True,False,True,False,False,False,False,False,True
LN-12931,48,2.8,29800.0,645,29.84,175.5,17,10,0,1,13400.0,15.86,0,False,False,False,True,False,False,True,False,False,True,False,False,False,True,False
LN-12932,34,1.2,66800.0,770,4.29,10283.51,14,11,1,1,7900.0,13.31,0,True,False,False,False,True,False,False,False,True,False,False,False,False,False,True
LN-12933,30,2.9,31400.0,709,8.89,16257.13,18,9,0,0,14100.0,13.49,0,False,False,False,True,False,False,True,False,False,False,False,False,True,True,False
LN-12934,36,2.7,40200.0,497,23.41,3564.81,23,17,0,2,5100.0,20.585,1,False,False,False,True,False,False,True,False,False,False,False,False,True,False,True
LN-12935,36,3.9,71100.0,656,13.22,173.74,14,9,0,3,3100.0,15.31,0,True,False,False,False,False,True,False,False,False,False,True,False,False,True,False
LN-12936,51,2.0,39400.0,611,20.87,16333.73,17,13,0,0,3300.0,16.85,1,False,False,False,True,False,True,False,False,True,False,False,False,False,False,True
LN-12937,62,0.8,85200.0,640,29.33,4951.43,12,8,0,0,3000.0,16.9,1,False,True,False,False,False,False,True,False,True,False,False,False,False,True,False
LN-12938,45,3.2,61000.0,673,4.15,6719.97,16,7,1,0,4000.0,13.95,1,False,False,False,True,False,True,False,False,True,False,False,False,False,False,True
LN-12939,33,8.0,68800.0,698,19.92,9907.87,20,10,0,2,3500.0,14.26,0,False,False,True,False,False,False,True,False,True,False,False,False,False,False,True
LN-12940,26,4.9,107200.0,693,11.56,1401.79,12,7,0,2,23500.0,14.3,0,False,False,True,False,False,True,False,False,False,False,True,False,False,False,True
LN-12941,64,1.9,64600.0,734,24.92,1311.79,16,6,0,0,10700.0,12.48,0,False,False,False,True,True,False,False,False,False,True,False,False,False,True,False
LN-12942,29,12.3,126300.0,712,32.18,36444.7325,19,10,0,0,4900.0,14.66,0,True,False,False,False,False,True,False,False,True,False,False,False,False,True,False
LN-12943,65,10.9,89400.0,709,15.65,4966.14,16,9,0,2,5900.0,13.76,0,False,False,False,True,False,True,False,True,False,False,False,False,False,True,False
LN-12944,56,1.1,40600.0,690,14.44,3540.91,19,14,0,0,18300.0,14.45,0,False,False,True,False,False,False,True,False,True,False,False,False,False,False,True
LN-12945,63,0.2,110300.0,744,20.64,586.98,13,6,0,0,2800.0,9.12,0,True,False,False,False,False,False,True,False,True,False,False,False,False,True,False
LN-12946,40,6.1,62600.0,664,24.67,2292.89,16,9,0,0,28200.0,15.38,0,True,False,False,False,False,False,True,False,True,False,False,False,False,False,True
LN-12947,38,7.9,43600.0,665,44.05500000000001,6764.29,12,8,1,3,18700.0,15.78,1,True,False,False,False,False,True,False,False,True,False,False,False,False,True,False
LN-12948,63,15.5,63100.0,585,3.15,5023.94,20,12,0,0,13300.0,16.68,1,False,False,False,True,False,True,False,False,True,False,False,False,False,True,False
LN-12949,41,9.9,99900.0,733,44.05500000000001,6631.9,24,19,1,0,13700.0,13.91,1,False,False,False,True,True,False,False,True,False,False,False,False,False,True,False
LN-12950,24,4.1,69600.0,676,30.29,14605.09,24,12,0,4,7700.0,14.89,0,False,False,False,True,False,False,True,False,False,False,False,False,True,True,False
LN-12951,53,3.4,142987.5,827,36.75,12319.61,16,11,0,0,8100.0,12.18,0,True,False,False,False,False,True,False,False,True,False,False,False,False,True,False
LN-12952,47,0.1,98500.0,660,15.48,8154.55,20,11,0,1,22300.0,13.88,0,True,False,False,False,False,True,False,False,False,True,False,False,False,True,False
LN-12953,27,1.3,72200.0,684,12.75,20237.22,18,14,0,0,23300.0,14.08,0,True,False,False,False,False,True,False,False,False,False,False,False,True,True,False
LN-12954,26,2.8,30800.0,707,4.8,23366.19,15,8,3,1,11900.0,12.72,1,False,False,False,True,True,False,False,False,True,False,False,False,False,False,True
LN-12955,35,4.5,49100.0,625,10.56,10722.99,21,12,0,0,20500.0,15.98,1,True,False,False,False,False,False,True,False,False,False,False,True,False,False,True
LN-12956,38,3.7,56400.0,698,23.54,1500.92,16,8,0,1,23300.0,12.85,0,False,False,False,True,False,False,True,False,True,False,False,False,False,True,False
LN-12957,52,6.1,79500.0,682,10.41,6254.13,15,11,0,0,5700.0,14.08,0,True,False,False,False,False,True,False,False,False,True,False,False,False,False,True
LN-12958,31,1.5,76900.0,665,17.42,12076.67,19,12,0,2,13700.0,15.42,0,False,True,False,False,False,False,True,True,False,False,False,False,False,True,False
LN-12959,40,3.7,59500.0,739,21.61,778.96,18,12,0,1,8000.0,11.62,0,False,False,False,True,False,False,True,False,True,False,False,False,False,True,False
LN-12960,44,0.4,57900.0,635,25.28,241.29,17,9,0,3,1400.0,15.54,1,False,False,False,True,False,False,True,False,False,False,False,False,True,True,False
LN-12961,35,2.4,80500.0,694,44.05500000000001,35555.56,16,11,0,0,14600.0,20.11,1,False,False,False,True,False,False,True,True,False,False,False,False,False,False,True
LN-12962,27,6.2,33800.0,753,17.24,15714.87,21,11,2,2,12400.0,13.29,0,True,False,False,False,False,True,False,False,False,False,False,True,False,False,True
LN-12963,41,5.3,137700.0,645,24.35,1994.18,24,16,0,4,1500.0,16.41,0,True,False,False,False,False,False,True,True,False,False,False,False,False,True,False
LN-12964,62,21.0,17600.0,665,13.49,7068.18,24,9,2,0,1000.0,14.75,0,True,False,False,False,False,True,False,False,True,False,False,False,False,False,True
LN-12965,46,1.5,120600.0,797,7.96,2581.47,27,15,0,0,4000.0,11.08,0,False,False,False,True,False,True,False,True,False,False,False,False,False,True,False
LN-12966,64,3.1,52800.0,704,11.3,124.06,13,9,0,2,23800.0,14.52,1,True,False,False,False,False,True,False,False,False,False,True,False,False,True,False
LN-12967,34,1.8,94000.0,655,14.97,5964.91,11,9,0,0,1000.0,14.21,0,True,False,False,False,True,False,False,False,False,False,False,False,True,True,False
LN-12968,57,2.6,66200.0,720,21.56,12542.61,22,13,0,0,8600.0,14.67,1,False,False,False,True,False,False,True,True,False,False,False,False,False,True,False
LN-12969,41,8.8,65500.0,652,44.05500000000001,36444.7325,24,10,0,1,2800.0,19.02,1,True,False,False,False,True,False,False,False,False,False,False,True,False,True,False
LN-12970,38,3.0,73500.0,602,16.37,17627.49,27,18,0,3,4100.0,14.26,1,False,False,False,True,False,True,False,False,True,False,False,False,False,True,False
LN-12971,25,9.6,84500.0,749,12.11,3138.53,23,11,0,0,20600.0,12.73,0,True,False,False,False,True,False,False,False,True,False,False,False,False,True,False
LN-12972,23,1.0,45200.0,625,12.05,4917.51,24,14,0,0,20300.0,14.75,0,False,False,True,False,False,True,False,False,False,False,False,True,False,True,False
LN-12973,43,9.3,95700.0,803,19.79,8822.15,13,6,0,0,12200.0,12.18,0,False,False,False,True,False,True,False,False,False,False,True,False,False,True,False
LN-12974,46,0.3,29800.0,656,19.49,2547.53,13,5,1,3,13400.0,15.31,1,True,False,False,False,True,False,False,True,False,False,False,False,False,False,True
LN-12975,57,9.9,54000.0,787,18.61,21473.25,17,4,0,0,24300.0,11.73,0,True,False,False,False,True,False,False,False,True,False,False,False,False,True,False
LN-12976,44,1.8,85800.0,612,15.42,2206.57,26,18,0,0,3500.0,14.24,1,False,False,False,True,False,False,True,False,True,False,False,False,False,True,False
LN-12977,39,1.7,93600.0,731,26.0,4109.43,18,8,0,4,14500.0,14.73,1,True,False,False,False,False,False,True,False,True,False,False,False,False,True,False
LN-12978,45,3.2,69800.0,705,3.87,10341.65,16,12,0,1,21100.0,13.54,0,True,False,False,False,False,True,False,True,False,False,False,False,False,False,True
LN-12979,41,12.7,43600.0,722,23.34,1578.05,12,7,0,2,11500.0,16.01,0,False,False,False,True,True,False,False,False,True,False,False,False,False,False,True
LN-12980,32,0.2,88700.0,728,12.77,11757.64,18,9,1,0,22900.0,12.57,0,False,False,False,True,False,False,True,False,False,False,False,False,True,False,True
LN-12981,61,2.0,37500.0,655,21.0,34637.2,17,10,0,0,13900.0,15.68,0,False,False,False,True,False,True,False,False,False,False,False,False,True,True,False
LN-12982,53,8.7,142000.0,615,22.98,14113.8,19,10,0,3,4700.0,18.68,1,False,False,False,True,False,True,False,False,False,False,False,False,True,True,False
LN-12983,24,2.3,51700.0,677,11.92,20105.94,13,4,0,5,16200.0,13.96,0,False,False,False,True,True,False,False,True,False,False,False,False,False,True,False
LN-12984,62,1.0,23200.0,691,44.05500000000001,6925.6,20,9,0,1,10400.0,18.42,1,False,False,False,True,False,True,False,False,True,False,False,False,False,False,True
LN-12985,27,2.5,28100.0,656,8.79,5455.56,20,12,0,3,12600.0,15.25,1,False,False,False,True,False,True,False,False,False,False,False,False,True,True,False
LN-12986,42,2.2,55500.0,694,34.5,4780.73,16,8,0,2,1400.0,14.39,1,False,False,True,False,True,False,False,False,True,False,False,False,False,False,True
LN-12987,53,11.1,58500.0,696,15.33,12962.15,16,12,0,1,1900.0,13.03,0,False,False,False,True,False,True,False,False,False,False,False,True,False,True,False
LN-12988,37,6.5,142987.5,634,28.35,8771.08,27,15,0,4,23600.0,18.05,0,True,False,False,False,False,True,False,False,True,False,False,False,False,True,False
LN-12989,44,3.2,30600.0,700,5.1,7671.17,19,10,0,0,7900.0,10.25,0,True,False,False,False,False,False,True,False,True,False,False,False,False,True,False
LN-12990,54,20.0,55400.0,667,22.35,1274.28,21,10,0,3,3400.0,16.49,1,True,False,False,False,False,True,False,False,True,False,False,False,False,True,False
LN-12991,48,2.8,30300.0,645,16.11,13427.24,9,3,0,0,1400.0,14.64,0,False,False,False,True,False,False,True,False,True,False,False,False,False,True,False
LN-12992,63,0.3,41300.0,719,23.54,15508.53,14,9,0,0,4300.0,16.04,0,False,False,True,False,False,False,True,False,True,False,False,False,False,True,False
LN-12993,61,1.4,136800.0,641,23.47,2620.83,22,9,0,2,4900.0,17.59,0,True,False,False,False,False,True,False,False,True,False,False,False,False,False,True
LN-12994,59,2.6,29000.0,657,27.16,17110.67,17,9,1,3,13000.0,14.89,1,True,False,False,False,False,True,False,False,False,False,False,False,True,True,False
LN-12995,42,0.8,74800.0,684,34.11,25382.72,19,14,0,0,25200.0,16.72,1,False,False,False,True,False,True,False,False,True,False,False,False,False,True,False
LN-12996,37,13.3,67200.0,749,39.43,2302.99,14,8,0,1,1100.0,15.61,1,False,False,False,True,False,False,True,False,True,False,False,False,False,True,False
LN-12997,54,6.6,53500.0,690,6.13,7218.67,17,9,0,1,19300.0,13.84,0,True,False,False,False,False,True,False,False,False,False,False,False,True,True,False
LN-12998,26,1.4,72100.0,706,4.65,25067.62,18,11,0,0,11600.0,12.94,0,False,False,False,True,False,True,False,False,False,True,False,False,False,False,True
LN-12999,66,4.0,28600.0,665,12.54,8016.73,15,11,1,0,3600.0,17.15,1,True,False,False,False,False,True,False,True,False,False,False,False,False,False,True
LN-13000,26,5.8,134700.0,676,18.9,20265.26,20,11,0,0,19200.0,13.47,1,False,False,False,True,False,False,True,False,True,False,False,False,False,True,False
LN-13001,54,12.8,142987.5,678,12.86,2916.37,19,13,0,0,1000.0,15.32,0,True,False,False,False,False,True,False,False,True,False,False,False,False,True,False
LN-13002,21,9.6,55600.0,695,28.57,792.8,20,8,0,1,18400.0,11.86,1,False,False,True,False,True,False,False,False,False,False,True,False,False,True,False
LN-13003,30,3.3,142987.5,665,37.41,735.7,17,7,0,0,31600.0,16.55,0,True,False,False,False,False,False,True,False,True,False,False,False,False,True,False
LN-13004,41,6.7,43500.0,747,26.22,36444.7325,12,7,2,2,19600.0,12.22,1,True,False,False,False,False,False,True,False,False,False,True,False,False,True,False
LN-13005,25,3.7,67500.0,661,6.71,2159.83,19,14,0,1,20700.0,12.44,0,True,False,False,False,False,True,False,True,False,False,False,False,False,True,False
LN-13006,22,3.6,119100.0,595,34.74,24020.1,20,11,0,3,34300.0,20.01,1,True,False,False,False,False,True,False,False,True,False,False,False,False,True,False
LN-13007,42,0.5,42100.0,817,11.57,4552.81,24,13,0,1,17200.0,8.785000000000002,0,False,False,True,False,False,True,False,False,False,False,True,False,False,True,False
LN-13008,22,0.6,25300.0,664,3.38,490.97,20,8,0,0,11400.0,16.38,0,False,False,True,False,False,True,False,False,True,False,False,False,False,False,True
LN-13009,30,3.4,22300.0,746,7.73,3308.68,24,17,0,0,1000.0,9.61,0,True,False,False,False,False,True,False,False,True,False,False,False,False,True,False
LN-13010,54,1.4,142987.5,750,28.28,8450.32,10,5,1,0,2700.0,14.23,0,False,False,False,True,False,True,False,False,True,False,False,False,False,True,False
LN-13011,36,0.1,40500.0,727,23.81,1354.96,22,12,1,0,18200.0,13.41,1,True,False,False,False,False,False,True,True,False,False,False,False,False,False,True
LN-13012,59,5.8,48900.0,670,16.76,30637.71,16,11,0,0,22000.0,12.26,0,False,False,False,True,False,False,True,False,True,False,False,False,False,True,False
LN-13013,42,0.1,29400.0,694,13.57,27617.23,15,10,0,1,13200.0,13.03,1,False,False,False,True,False,True,False,False,False,False,False,False,True,True,False
LN-13014,32,4.1,91300.0,616,7.15,1938.2,22,11,2,2,12100.0,16.24,1,True,False,False,False,False,False,True,False,True,False,False,False,False,True,False
LN-13015,44,3.5,35200.0,780,12.37,16032.16,21,13,0,0,2800.0,9.65,0,True,False,False,False,True,False,False,False,True,False,False,False,False,True,False
LN-13016,67,15.6,41300.0,637,5.97,7409.98,11,1,0,0,18600.0,15.11,0,False,False,True,False,True,False,False,False,False,False,False,False,True,True,False
LN-13017,60,3.0,63900.0,667,23.72,36444.7325,16,6,0,3,14700.0,16.08,1,False,False,False,True,True,False,False,False,False,False,False,False,True,True,False
LN-13018,58,0.3,30200.0,685,27.94,683.98,21,11,0,1,9400.0,16.81,1,False,False,False,True,True,False,False,False,False,False,False,True,False,True,False
LN-13019,30,3.6,49100.0,675,24.44,7641.99,20,10,2,0,22100.0,15.13,1,True,False,False,False,False,True,False,False,False,False,True,False,False,True,False
LN-13020,55,8.3,117200.0,647,29.34,4033.61,24,16,0,0,34300.0,17.74,1,False,False,False,True,True,False,False,True,False,False,False,False,False,True,False
LN-13021,52,25.0,68600.0,750,18.38,15552.11,14,5,0,0,6500.0,13.19,0,True,False,False,False,False,False,True,False,True,False,False,False,False,True,False
LN-13022,27,2.5,58200.0,728,28.57,1413.71,23,13,0,0,10200.0,13.58,0,False,False,False,True,False,False,True,False,True,False,False,False,False,True,False
LN-13023,41,1.7,61000.0,696,2.15,11869.84,12,7,0,3,1700.0,14.98,0,False,False,False,True,True,False,False,False,False,False,False,False,True,False,True
LN-13024,40,10.7,43700.0,660,15.75,35491.84,29,13,0,1,19700.0,15.91,0,False,True,False,False,False,False,True,False,False,True,False,False,False,True,False
LN-13025,46,1.0,142987.5,733,24.06,7259.01,23,18,0,2,1800.0,12.97,1,False,False,False,True,True,False,False,True,False,False,False,False,False,True,False
LN-13026,24,4.3,34700.0,657,11.38,7266.71,22,12,0,2,15600.0,15.44,1,False,False,False,True,False,True,False,False,False,False,False,False,True,True,False
LN-13027,66,2.3,60800.0,759,15.08,8215.06,17,9,0,0,3000.0,11.94,0,False,False,False,True,True,False,False,False,True,False,False,False,False,True,False
LN-13028,42,0.2,57700.0,686,15.32,6448.26,16,11,0,0,26000.0,14.63,0,False,False,True,False,False,False,True,False,True,False,False,False,False,True,False
LN-13029,35,1.9,94400.0,741,17.22,7119.1,13,10,1,4,8400.0,14.62,0,True,False,False,False,False,True,False,False,False,False,False,True,False,True,False
LN-13030,60,1.4,99400.0,674,9.25,7466.42,24,13,0,0,12600.0,13.91,0,False,False,False,True,False,False,True,False,False,False,True,False,False,False,True
LN-13031,41,5.2,53200.0,684,15.39,36444.7325,19,10,0,0,1000.0,15.35,0,False,False,False,True,True,False,False,False,False,False,False,False,True,False,True
LN-13032,35,13.4,63600.0,741,27.89,1485.5,23,14,0,0,7000.0,13.26,0,True,False,False,False,False,False,True,False,False,False,False,True,False,True,False
LN-13033,42,1.4,64900.0,790,7.03,4031.07,23,10,0,1,9500.0,10.93,0,False,False,False,True,False,True,False,False,False,False,False,False,True,True,False
LN-13034,48,7.5,15500.0,758,9.59,2840.63,20,12,0,0,1000.0,10.67,0,True,False,False,False,False,False,True,False,True,False,False,False,False,True,False
LN-13035,34,0.3,22600.0,724,16.31,9428.1,26,14,0,0,10200.0,12.16,1,False,False,False,True,False,False,True,False,False,False,False,False,True,True,False
LN-13036,47,3.5,38800.0,709,23.76,33.75,15,10,0,0,17500.0,13.84,0,False,False,False,True,False,True,False,False,False,False,False,False,True,True,False
LN-13037,61,0.3,39800.0,655,7.06,30474.68,16,13,0,0,1000.0,14.87,0,True,False,False,False,False,False,True,False,False,False,False,False,True,True,False
LN-13038,60,12.2,28000.0,695,11.18,9088.92,28,16,0,0,9500.0,12.81,0,False,False,False,True,False,True,False,False,False,False,False,False,True,True,False
LN-13039,48,6.5,81800.0,634,39.0,27169.28,17,9,0,0,1000.0,14.35,1,True,False,False,False,False,False,True,False,False,True,False,False,False,True,False
LN-13040,46,4.8,54200.0,699,17.52,5076.8,15,7,1,0,24400.0,13.59,0,False,False,False,True,False,False,True,False,True,False,False,False,False,False,True
LN-13041,22,7.8,48100.0,702,22.88,1949.24,23,13,0,1,2500.0,15.76,1,False,False,False,True,False,True,False,False,True,False,False,False,False,True,False
LN-13042,45,4.7,27100.0,582,29.48,2562.66,10,6,0,4,1000.0,20.585,1,False,True,False,False,False,False,True,False,True,False,False,False,False,False,True
LN-13043,23,15.6,52900.0,682,17.58,7635.13,18,9,0,2,23800.0,14.69,0,False,False,False,True,False,False,True,False,False,False,True,False,False,False,True
LN-13044,28,5.6,15000.0,701,7.23,493.23,29,17,1,2,6800.0,15.0,1,True,False,False,False,True,False,False,False,True,False,False,False,False,True,False
LN-13045,64,11.6,49500.0,676,14.33,18268.34,21,13,0,1,1400.0,13.82,0,False,False,False,True,False,False,True,False,True,False,False,False,False,True,False
LN-13046,53,3.3,56100.0,698,23.72,18764.2,17,7,0,4,14600.0,12.42,1,True,False,False,False,False,False,True,False,False,False,True,False,False,True,False
LN-13047,62,0.6,61900.0,613,25.15,14526.13,19,10,0,4,17100.0,16.73,1,True,False,False,False,False,False,True,False,True,False,False,False,False,True,False
LN-13048,55,3.4,22900.0,641,11.61,27199.65,17,11,0,2,10300.0,15.99,1,False,False,False,True,False,True,False,False,True,False,False,False,False,True,False
LN-13049,26,0.6,61300.0,732,10.84,9568.16,20,10,0,1,5700.0,11.46,0,True,False,False,False,False,True,False,False,True,False,False,False,False,True,False
LN-13050,59,4.0,30600.0,680,10.82,7831.42,24,11,0,0,7700.0,14.53,1,True,False,False,False,False,False,True,False,False,False,False,False,True,True,False
LN-13051,43,3.0,34700.0,697,25.3,9039.25,24,11,0,0,15600.0,14.74,0,False,False,False,True,True,False,False,False,True,False,False,False,False,True,False
LN-13052,45,4.4,80400.0,653,12.2,2410.04,18,9,0,0,10700.0,14.44,1,True,False,False,False,False,False,True,True,False,False,False,False,False,True,False
LN-13053,63,0.0,142987.5,681,4.07,8616.44,17,9,0,1,7100.0,14.17,0,True,False,False,False,False,True,False,False,True,False,False,False,False,True,False
LN-13054,39,1.0,55700.0,565,13.5,9364.27,14,6,0,0,17200.0,20.17,1,False,False,False,True,False,True,False,False,False,True,False,False,False,False,True
LN-13055,25,3.0,34600.0,722,23.43,17357.11,11,5,0,2,1100.0,13.69,0,False,False,False,True,False,True,False,False,True,False,False,False,False,True,False
LN-13056,31,13.5,60100.0,770,28.42,5131.05,15,8,0,0,4800.0,13.04,0,False,False,False,True,True,False,False,False,True,False,False,False,False,True,False
LN-13057,32,2.2,90800.0,627,11.36,1161.13,15,7,0,0,3600.0,13.8,0,False,False,False,True,False,True,False,False,True,False,False,False,False,True,False
LN-13058,30,2.5,76200.0,633,16.19,10919.6,14,9,0,0,16000.0,17.41,1,True,False,False,False,True,False,False,False,True,False,False,False,False,True,False
LN-13059,28,5.6,142987.5,702,15.68,18611.67,22,17,0,1,13000.0,12.85,0,True,False,False,False,False,False,True,False,True,False,False,False,False,True,False
LN-13060,44,4.2,36600.0,754,14.42,36444.7325,13,4,0,0,16500.0,11.69,0,False,False,True,False,False,False,True,False,False,False,True,False,False,False,True
LN-13061,48,1.6,62200.0,680,14.37,1135.09,16,6,0,0,7800.0,15.15,0,False,False,False,True,False,False,True,False,True,False,False,False,False,True,False
LN-13062,61,2.4,127000.0,619,4.17,16461.65,13,6,0,1,2700.0,14.77,0,False,False,False,True,False,True,False,False,True,False,False,False,False,True,False
LN-13063,56,1.1,122700.0,670,21.64,10871.34,13,8,0,3,2800.0,14.16,1,True,False,False,False,False,False,True,False,True,False,False,False,False,True,False
LN-13064,57,15.2,18500.0,629,28.89,185.47,24,16,0,1,8300.0,17.53,1,True,False,False,False,False,False,True,False,False,False,False,False,True,False,True
LN-13065,41,0.6,54100.0,647,14.64,15200.46,13,8,3,1,1100.0,13.71,1,True,False,False,False,False,True,False,False,True,False,False,False,False,True,False
LN-13066,28,2.1,122600.0,665,8.41,318.61,16,8,0,2,12600.0,13.25,0,False,False,False,True,False,False,True,False,True,False,False,False,False,True,False
LN-13067,29,0.1,142987.5,634,20.58,18459.71,12,7,0,1,3700.0,17.29,0,False,False,False,True,False,False,True,False,False,False,False,False,True,True,False
LN-13068,67,1.1,79800.0,641,44.05500000000001,15332.39,14,6,0,0,3400.0,20.15,1,False,False,False,True,False,False,True,False,False,True,False,False,False,False,True
LN-13069,35,6.8,44300.0,684,20.17,13973.95,25,13,1,0,1500.0,14.5,1,False,True,False,False,True,False,False,False,True,False,False,False,False,True,False
LN-13070,66,1.0,31100.0,691,18.17,1533.95,13,7,1,3,14000.0,13.23,1,False,False,False,True,False,False,True,False,True,False,False,False,False,True,False
LN-13071,60,0.4,142987.5,609,8.91,30164.56,22,9,2,4,1000.0,17.42,0,False,False,True,False,False,True,False,False,False,False,False,True,False,False,True
LN-13072,38,2.9,80900.0,700,4.45,27501.3,17,7,1,1,2200.0,11.38,0,True,False,False,False,False,True,False,False,False,False,False,False,True,False,True
LN-13073,62,0.0,34000.0,661,15.3,27662.38,14,7,0,1,6400.0,17.18,0,False,False,False,True,False,True,False,False,True,False,False,False,False,False,True
LN-13074,40,0.4,48400.0,716,20.26,5362.24,29,18,0,0,8500.0,13.33,0,True,False,False,False,False,False,True,False,True,False,False,False,False,True,False
LN-13075,26,7.4,64300.0,719,34.44,8131.37,18,7,0,1,28900.0,13.21,0,True,False,False,False,False,False,True,False,False,False,False,True,False,True,False
LN-13076,32,6.6,73100.0,653,17.73,1464.59,16,10,0,0,3900.0,17.01,0,False,False,True,False,False,True,False,False,True,False,False,False,False,True,False
LN-13077,22,11.1,33000.0,711,5.26,629.36,19,11,0,0,14800.0,12.42,0,False,False,False,True,False,False,True,False,False,True,False,False,False,True,False
LN-13078,27,3.0,38600.0,638,9.02,726.91,17,7,0,0,15000.0,15.49,1,False,False,False,True,False,False,True,True,False,False,False,False,False,False,True
LN-13079,36,5.2,21800.0,746,18.56,10093.35,18,12,2,1,9800.0,14.77,1,False,False,False,True,False,False,True,False,False,False,False,True,False,True,False
LN-13080,23,0.2,96000.0,640,18.51,4652.74,16,8,2,0,4300.0,15.07,1,False,False,False,True,True,False,False,False,False,False,True,False,False,True,False
LN-13081,65,6.9,44900.0,698,24.92,10397.32,16,9,0,0,2400.0,15.26,0,True,False,False,False,False,True,False,False,False,False,False,True,False,True,False
LN-13082,23,8.4,70000.0,671,9.87,10777.41,24,12,0,1,2700.0,15.85,0,True,False,False,False,False,True,False,False,True,False,False,False,False,False,True
LN-13083,47,7.2,118400.0,629,35.06,28509.92,21,8,1,2,5900.0,16.36,1,False,False,False,True,False,True,False,False,True,False,False,False,False,True,False
LN-13084,63,3.0,61100.0,725,21.36,25673.69,12,5,0,2,2100.0,13.04,0,True,False,False,False,True,False,False,False,False,True,False,False,False,True,False
LN-13085,60,1.2,50900.0,649,9.68,15215.03,19,12,0,0,22900.0,14.4,0,True,False,False,False,False,True,False,False,True,False,False,False,False,True,False
LN-13086,58,8.4,60300.0,595,14.04,20478.22,14,11,0,1,8300.0,14.66,1,False,False,False,True,False,True,False,True,False,False,False,False,False,True,False
LN-13087,53,5.8,56100.0,536,7.26,37.98,10,3,0,3,10800.0,15.77,0,False,False,False,True,True,False,False,False,False,False,False,False,True,True,False
LN-13088,48,17.8,107500.0,636,24.76,187.88,11,6,0,3,13400.0,14.72,1,True,False,False,False,False,True,False,False,False,False,False,True,False,False,True
LN-13089,21,0.8,64300.0,749,30.95,7362.88,25,16,1,0,3100.0,12.67,0,True,False,False,False,False,False,True,True,False,False,False,False,False,True,False
LN-13090,28,1.2,40200.0,743,41.62,12725.18,25,13,0,0,9200.0,14.06,1,True,False,False,False,False,False,True,False,False,True,False,False,False,False,True
LN-13091,57,1.1,96400.0,644,15.88,18963.46,15,12,0,3,1000.0,15.24,1,False,False,False,True,True,False,False,True,False,False,False,False,False,False,True
LN-13092,52,7.1,106600.0,661,19.01,7114.56,18,12,0,0,34300.0,14.56,0,False,False,False,True,True,False,False,False,False,True,False,False,False,True,False
LN-13093,63,0.9,25900.0,657,18.04,33794.44,21,11,0,2,9000.0,16.12,0,False,False,False,True,False,True,False,False,False,False,False,False,True,False,True
LN-13094,57,0.3,125900.0,613,29.95,20247.84,17,10,0,3,1000.0,18.1,1,True,False,False,False,False,True,False,False,False,False,False,True,False,False,True
LN-13095,24,25.0,66200.0,633,10.45,1301.12,19,11,0,1,12800.0,14.43,0,True,False,False,False,False,True,False,False,False,False,True,False,False,True,False
LN-13096,50,0.1,63300.0,729,14.05,6961.64,10,5,0,1,1500.0,14.81,0,False,False,False,True,False,True,False,False,False,False,False,True,False,True,False
LN-13097,26,8.1,94200.0,705,19.49,36444.7325,18,8,1,0,21800.0,13.46,0,True,False,False,False,False,True,False,False,True,False,False,False,False,True,False
LN-13098,66,2.0,39700.0,694,28.93,6330.41,16,8,0,0,17900.0,16.0,1,True,False,False,False,False,False,True,False,False,False,True,False,False,True,False
LN-13099,39,8.3,91600.0,613,33.22,5858.4,17,10,1,1,34300.0,16.26,1,True,False,False,False,True,False,False,False,False,False,False,False,True,True,False
LN-13100,52,3.6,44000.0,685,27.24,4179.05,17,9,0,2,7800.0,17.56,1,False,False,True,False,True,False,False,False,False,False,False,False,True,False,True
LN-13101,29,10.4,24100.0,565,14.82,7997.81,15,7,0,0,10800.0,17.15,1,False,False,False,True,False,True,False,False,False,False,True,False,False,True,False
LN-13102,32,11.7,31300.0,722,22.83,15705.65,18,8,0,0,2400.0,17.78,0,False,False,True,False,False,False,True,True,False,False,False,False,False,False,True
LN-13103,31,0.0,74000.0,693,16.67,583.63,19,12,2,0,1100.0,12.28,0,False,False,False,True,False,False,True,False,False,False,False,False,True,True,False
LN-13104,66,0.4,32200.0,613,12.13,21674.02,22,15,0,1,14500.0,15.77,1,False,False,False,True,False,True,False,False,True,False,False,False,False,False,True
LN-13105,36,1.3,131300.0,761,17.94,29951.07,19,9,0,1,16600.0,11.56,0,True,False,False,False,False,True,False,True,False,False,False,False,False,True,False
LN-13106,21,5.0,104200.0,590,44.05500000000001,18229.28,17,12,0,0,33300.0,20.18,1,False,False,True,False,False,True,False,True,False,False,False,False,False,True,False
LN-13107,65,9.9,112800.0,707,10.31,29671.21,30,17,1,0,34300.0,11.49,0,True,False,False,False,False,True,False,False,False,False,False,False,True,True,False
LN-13108,41,2.8,58000.0,708,11.09,1196.58,9,6,0,2,6000.0,14.7,0,True,False,False,False,False,True,False,False,True,False,False,False,False,True,False
LN-13109,50,4.2,62400.0,618,15.94,7176.39,8,5,1,0,5400.0,18.84,1,True,False,False,False,True,False,False,False,False,False,False,True,False,False,True
LN-13110,33,0.9,28100.0,678,28.31,884.31,20,11,1,0,8200.0,14.86,1,True,False,False,False,False,False,True,False,False,False,True,False,False,True,False
LN-13111,54,7.4,93700.0,598,5.19,21755.99,13,5,0,0,15300.0,18.19,0,False,False,False,True,False,True,False,False,True,False,False,False,False,False,True
LN-13112,24,15.4,66800.0,538,25.59,36444.7325,13,6,0,2,1000.0,20.585,1,True,False,False,False,True,False,False,False,True,False,False,False,False,True,False
LN-13113,48,1.4,74000.0,627,11.85,4241.61,16,11,0,0,10700.0,15.57,0,True,False,False,False,False,True,False,False,True,False,False,False,False,True,False
LN-13114,58,3.1,137100.0,649,24.46,9198.8,11,4,0,1,1000.0,15.09,1,True,False,False,False,False,True,False,False,True,False,False,False,False,True,False
LN-13115,51,0.4,38800.0,712,19.66,4240.32,19,10,0,0,8400.0,16.03,0,False,False,False,True,False,True,False,False,False,False,False,False,True,False,True
LN-13116,47,3.7,50500.0,683,13.79,5714.63,16,10,0,0,1200.0,16.3,0,True,False,False,False,True,False,False,False,True,False,False,False,False,False,True
LN-13117,25,3.1,64800.0,685,6.75,7767.94,24,13,1,1,11600.0,11.82,0,False,False,True,False,False,False,True,False,True,False,False,False,False,True,False
LN-13118,45,0.7,32400.0,629,28.91,18773.72,21,14,0,0,5300.0,18.58,1,True,False,False,False,False,True,False,False,True,False,False,False,False,True,False
LN-13119,23,2.6,48900.0,653,15.63,1907.91,20,12,0,3,9100.0,13.83,1,False,False,True,False,False,False,True,False,True,False,False,False,False,True,False
LN-13120,53,1.8,71000.0,634,13.75,2050.23,22,10,0,2,32000.0,15.97,1,False,False,False,True,False,False,True,False,False,False,True,False,False,True,False
LN-13121,24,3.3,45300.0,619,10.67,2705.69,17,9,1,2,5800.0,14.77,0,True,False,False,False,False,True,False,False,False,False,False,False,True,True,False
LN-13122,45,4.0,111300.0,650,20.67,655.4,22,12,0,1,17800.0,15.75,0,True,False,False,False,False,False,True,False,True,False,False,False,False,True,False
LN-13123,40,0.0,23600.0,684,28.48,12375.87,21,13,0,0,10600.0,15.23,1,True,False,False,False,True,False,False,False,True,False,False,False,False,True,False
LN-13124,54,6.4,100500.0,651,16.74,2526.64,18,11,0,1,28400.0,17.89,1,True,False,False,False,True,False,False,False,True,False,False,False,False,True,False
LN-13125,46,5.6,77900.0,664,10.65,6905.18,22,7,0,0,5700.0,13.36,0,True,False,False,False,False,False,True,True,False,False,False,False,False,False,True
LN-13126,25,2.1,39600.0,715,32.39,13884.7,17,10,0,0,1000.0,13.49,1,True,False,False,False,False,True,False,False,True,False,False,False,False,True,False
LN-13127,55,0.2,32600.0,655,8.5,7151.08,6,3,0,1,14700.0,13.86,0,True,False,False,False,False,True,False,False,True,False,False,False,False,True,False
LN-13128,48,6.3,17300.0,613,15.09,28375.71,12,7,1,0,6300.0,17.69,1,False,False,False,True,True,False,False,False,False,False,False,True,False,False,True
LN-13129,49,14.0,35000.0,708,30.06,17592.79,24,18,1,0,3000.0,14.07,1,True,False,False,False,False,True,False,True,False,False,False,False,False,True,False
LN-13130,29,1.2,96400.0,693,14.34,3826.31,31,13,1,1,34300.0,11.03,0,False,False,False,True,False,False,True,False,False,False,False,False,True,True,False
LN-13131,58,1.8,52500.0,696,6.42,1676.8,21,15,0,1,3000.0,13.83,0,False,False,False,True,True,False,False,False,False,False,False,True,False,True,False
LN-13132,26,0.9,102700.0,711,18.89,26981.46,13,6,0,3,10500.0,15.06,1,True,False,False,False,True,False,False,False,True,False,False,False,False,True,False
LN-13133,39,3.9,38500.0,703,32.89,6068.22,16,7,0,2,17300.0,16.35,1,False,False,False,True,False,True,False,False,True,False,False,False,False,False,True
LN-13134,64,0.8,79900.0,681,11.95,5785.14,20,10,0,0,18400.0,13.32,0,True,False,False,False,True,False,False,False,True,False,False,False,False,True,False
LN-13135,31,2.0,36500.0,800,12.92,19929.03,13,6,1,2,1000.0,10.38,0,False,False,False,True,True,False,False,False,False,False,False,True,False,True,False
LN-13136,22,5.4,31900.0,616,28.71,112.79,13,6,0,4,3200.0,16.82,1,False,False,False,True,False,True,False,False,True,False,False,False,False,False,True
LN-13137,67,3.7,51100.0,651,2.0,7198.34,23,13,1,1,23000.0,15.3,0,True,False,False,False,False,True,False,False,True,False,False,False,False,True,False
LN-13138,64,2.2,37600.0,728,33.38,15034.6,16,6,0,2,11300.0,14.67,1,False,False,False,True,True,False,False,False,True,False,False,False,False,True,False
LN-13139,64,2.5,23200.0,687,11.36,22660.81,19,8,0,0,10400.0,13.98,0,True,False,False,False,False,False,True,False,True,False,False,False,False,False,True
LN-13140,29,3.7,49000.0,718,5.38,25975.69,21,12,0,5,7200.0,12.25,0,False,False,False,True,False,False,True,False,False,False,False,True,False,True,False
LN-13141,41,0.0,57400.0,688,14.67,7521.13,11,6,1,0,19100.0,15.1,0,False,False,False,True,False,False,True,False,True,False,False,False,False,True,False
LN-13142,44,0.4,108800.0,749,23.57,22583.43,24,13,0,2,4800.0,14.01,0,False,False,False,True,True,False,False,False,False,False,False,True,False,True,False
LN-13143,54,9.6,90700.0,630,13.82,437.0,16,10,0,0,3700.0,15.56,0,False,False,False,True,True,False,False,False,True,False,False,False,False,True,False
LN-13144,42,3.0,106000.0,747,7.78,4373.47,15,11,0,0,34300.0,13.99,0,True,False,False,False,False,False,True,True,False,False,False,False,False,True,False
LN-13145,23,3.0,80500.0,739,28.48,126.65,15,9,0,0,2400.0,15.97,1,False,False,False,True,True,False,False,False,True,False,False,False,False,False,True
LN-13146,32,11.4,65100.0,619,15.35,2171.44,21,9,0,0,29300.0,16.75,1,True,False,False,False,True,False,False,True,False,False,False,False,False,True,False
LN-13147,48,1.4,27600.0,712,4.8,15480.09,21,11,0,2,12400.0,11.83,0,False,False,True,False,True,False,False,False,False,False,False,True,False,True,False
LN-13148,50,3.0,58800.0,678,5.19,53.21,17,7,0,4,17600.0,12.98,0,True,False,False,False,False,False,True,False,True,False,False,False,False,True,False
LN-13149,46,3.8,75200.0,650,20.68,8884.26,12,5,0,0,12200.0,15.8,1,True,False,False,False,False,True,False,False,True,False,False,False,False,True,False
LN-13150,41,9.6,120800.0,586,6.47,6412.94,14,8,0,1,1000.0,16.33,1,False,False,False,True,False,True,False,True,False,False,False,False,False,True,False
LN-13151,48,12.8,79000.0,629,42.01,1573.21,16,11,0,2,14100.0,19.97,0,False,False,False,True,False,True,False,True,False,False,False,False,False,True,False
LN-13152,46,6.1,107200.0,715,17.61,13886.38,17,9,0,0,20700.0,12.1,0,False,False,True,False,False,True,False,True,False,False,False,False,False,True,False
LN-13153,53,0.4,30700.0,721,9.86,14175.73,15,5,0,4,13800.0,13.02,0,True,False,False,False,True,False,False,False,False,False,False,True,False,True,False
LN-13154,41,5.0,45300.0,669,9.7,15550.8,13,5,0,0,2600.0,11.67,0,True,False,False,False,False,False,True,False,True,False,False,False,False,True,False
LN-13155,55,2.4,68600.0,721,17.17,17393.75,22,10,0,3,11000.0,13.45,0,True,False,False,False,True,False,False,False,True,False,False,False,False,True,False
LN-13156,54,2.9,102600.0,727,36.7,4539.9,11,5,0,5,11200.0,15.42,0,False,False,False,True,False,False,True,False,False,False,True,False,False,True,False
LN-13157,61,0.2,50000.0,688,11.22,36444.7325,22,12,0,0,14800.0,15.31,1,False,False,False,True,False,False,True,False,False,True,False,False,False,True,False
LN-13158,67,1.0,51800.0,644,14.16,909.02,26,17,0,3,23300.0,14.52,1,True,False,False,False,False,False,True,False,True,False,False,False,False,True,False
LN-13159,38,7.0,79100.0,702,20.36,12519.11,20,12,0,1,16800.0,13.01,0,True,False,False,False,False,False,True,False,False,False,False,False,True,True,False
LN-13160,31,3.0,29200.0,704,14.32,36444.7325,25,13,0,2,2100.0,14.55,1,True,False,False,False,False,False,True,False,False,True,False,False,False,True,False
LN-13161,43,1.6,131100.0,714,6.33,3048.04,18,11,3,0,1000.0,13.79,0,False,False,True,False,True,False,False,True,False,False,False,False,False,True,False
LN-13162,42,2.2,33400.0,723,17.23,3910.84,14,6,1,2,2100.0,12.67,1,False,False,False,True,False,True,False,False,False,False,True,False,False,True,False
LN-13163,37,8.7,18900.0,612,11.06,10295.62,24,14,1,1,1000.0,13.65,0,False,False,False,True,False,True,False,False,False,False,False,False,True,True,False
LN-13164,25,6.2,54500.0,655,13.85,18238.33,13,9,0,1,8000.0,13.58,0,False,False,True,False,False,True,False,False,False,False,False,False,True,True,False
LN-13165,64,1.4,137900.0,585,39.54,4786.89,15,7,2,1,4700.0,20.03,1,True,False,False,False,False,False,True,False,True,False,False,False,False,False,True
LN-13166,31,0.6,74800.0,717,14.32,21751.52,13,6,0,1,1000.0,12.2,0,True,False,False,False,False,False,True,False,False,True,False,False,False,False,True
LN-13167,50,1.3,81900.0,669,3.23,3309.73,19,12,0,0,1200.0,14.42,0,False,False,False,True,False,True,False,False,False,False,True,False,False,True,False
LN-13168,35,11.4,55400.0,702,13.45,24892.65,18,6,0,4,7100.0,13.38,1,False,False,False,True,False,True,False,False,True,False,False,False,False,False,True
LN-13169,47,3.9,49800.0,606,15.68,3499.53,13,8,0,0,22400.0,17.48,1,True,False,False,False,True,False,False,False,False,False,False,False,True,False,True
LN-13170,55,3.4,23200.0,750,23.33,11530.29,20,10,0,3,10400.0,13.88,1,False,False,False,True,False,True,False,False,False,False,False,False,True,True,False
LN-13171,53,4.1,15600.0,620,18.83,5314.1,20,8,0,0,1000.0,16.81,1,True,False,False,False,False,True,False,False,False,True,False,False,False,True,False
LN-13172,40,2.1,60400.0,719,18.65,4660.22,19,13,0,3,24900.0,16.52,1,False,False,True,False,False,True,False,False,True,False,False,False,False,False,True
LN-13173,36,7.4,111500.0,686,19.61,5243.39,27,12,0,2,9200.0,15.99,0,True,False,False,False,True,False,False,False,False,True,False,False,False,True,False
LN-13174,54,3.3,65500.0,671,25.24,8298.62,24,12,1,0,13600.0,14.0,1,False,False,False,True,False,False,True,False,True,False,False,False,False,True,False
LN-13175,22,0.6,76300.0,666,6.24,22375.72,16,11,2,1,9900.0,14.6,0,True,False,False,False,False,True,False,False,False,False,False,False,True,True,False
LN-13176,55,0.6,129400.0,648,44.05500000000001,17091.36,14,7,0,0,34300.0,18.96,1,False,False,False,True,False,True,False,False,True,False,False,False,False,False,True
LN-13177,60,3.5,64900.0,745,12.98,7159.67,23,10,2,0,9100.0,13.32,1,False,False,False,True,True,False,False,False,True,False,False,False,False,True,False
LN-13178,48,12.4,50600.0,681,8.18,3978.11,20,9,0,0,2600.0,14.19,1,False,False,False,True,False,False,True,False,True,False,False,False,False,True,False
LN-13179,67,1.7,34500.0,617,20.69,23114.55,19,9,0,0,15500.0,16.01,1,False,False,False,True,False,True,False,False,False,False,True,False,False,True,False
LN-13180,59,9.2,142987.5,661,13.94,24499.74,19,13,0,4,10100.0,15.23,0,False,False,True,False,False,False,True,False,True,False,False,False,False,True,False
LN-13181,26,6.5,72400.0,686,27.21,7254.52,15,10,0,0,1700.0,14.48,0,False,False,False,True,False,True,False,False,False,False,False,True,False,True,False
LN-13182,29,1.3,32200.0,725,11.41,14282.65,15,8,0,0,8700.0,11.64,0,False,False,False,True,False,False,True,False,False,False,False,False,True,True,False
LN-13183,40,0.2,28400.0,650,29.29,5530.41,25,13,0,1,12800.0,17.11,1,False,False,True,False,False,False,True,False,True,False,False,False,False,False,True
LN-13184,21,0.5,107900.0,653,8.29,1937.5,16,6,0,5,4900.0,14.77,1,False,False,False,True,False,True,False,False,True,False,False,False,False,True,False
LN-13185,28,5.9,30600.0,681,42.27,4654.15,14,8,0,0,13800.0,17.85,1,True,False,False,False,False,False,True,False,False,False,False,False,True,True,False
LN-13186,43,1.0,142987.5,724,16.12,13751.63,22,13,1,0,26600.0,12.23,0,False,False,False,True,False,False,True,False,True,False,False,False,False,True,False
LN-13187,23,2.1,15000.0,612,35.8,17605.35,10,7,0,1,6800.0,15.68,1,False,False,False,True,False,False,True,True,False,False,False,False,False,True,False
LN-13188,24,3.1,118500.0,705,7.44,22898.61,15,11,0,3,1000.0,12.5,0,False,False,True,False,False,False,True,False,False,False,False,False,True,True,False
LN-13189,45,5.8,70800.0,657,24.57,214.46,20,14,0,2,12300.0,16.95,0,False,False,False,True,True,False,False,False,False,False,False,False,True,False,True
LN-13190,67,0.5,57800.0,664,24.22,7995.87,23,12,0,1,7500.0,16.61,0,True,False,False,False,False,True,False,False,True,False,False,False,False,False,True
LN-13191,58,2.3,49200.0,780,14.63,3841.18,17,11,0,0,18000.0,10.61,0,False,False,False,True,True,False,False,False,False,True,False,False,False,True,False
LN-13192,35,3.0,142987.5,670,3.36,13822.62,20,9,1,2,4300.0,14.67,0,False,False,False,True,False,True,False,True,False,False,False,False,False,True,False
LN-13193,41,3.5,79900.0,718,24.7,3377.72,18,9,0,2,13000.0,14.07,0,False,False,False,True,True,False,False,False,False,False,False,True,False,True,False
LN-13194,55,7.7,33000.0,716,13.34,10024.28,24,11,0,2,11300.0,14.58,0,False,False,False,True,False,True,False,False,True,False,False,False,False,False,True
LN-13195,66,0.8,21000.0,621,32.56,14935.98,22,13,0,0,9400.0,15.23,1,False,False,False,True,False,True,False,False,False,False,False,False,True,True,False
LN-13196,34,7.4,59700.0,588,27.77,17639.5,22,12,0,0,1700.0,18.9,0,True,False,False,False,False,True,False,False,False,False,False,False,True,False,True
LN-13197,56,5.3,54100.0,721,32.47,3767.79,22,12,0,0,9400.0,14.06,0,True,False,False,False,True,False,False,False,True,False,False,False,False,True,False
LN-13198,32,3.7,23500.0,626,22.34,1103.18,18,5,0,2,10600.0,18.48,1,False,False,False,True,False,True,False,True,False,False,False,False,False,True,False
LN-13199,37,5.4,52600.0,597,17.5,2961.76,18,8,2,1,23700.0,17.87,1,False,False,False,True,False,False,True,False,True,False,False,False,False,False,True
LN-13200,59,2.4,39500.0,731,36.51,10969.46,21,11,0,0,8600.0,13.44,1,False,False,True,False,False,False,True,False,True,False,False,False,False,True,False
LN-13201,29,0.7,54500.0,629,44.05500000000001,495.48,18,9,1,0,14300.0,19.32,1,False,False,True,False,False,True,False,False,True,False,False,False,False,False,True
LN-13202,55,4.9,80800.0,641,16.56,2075.99,20,13,0,4,11800.0,16.69,1,True,False,False,False,False,True,False,False,True,False,False,False,False,True,False
LN-13203,33,3.3,123100.0,779,32.17,36444.7325,16,8,0,0,3000.0,12.65,0,False,False,True,False,False,False,True,True,False,False,False,False,False,False,True
LN-13204,35,4.6,89300.0,597,10.72,5781.64,13,3,0,1,2900.0,15.43,0,False,False,False,True,False,True,False,True,False,False,False,False,False,True,False
LN-13205,38,1.9,36400.0,617,8.01,8234.69,20,14,0,0,16400.0,17.7,1,False,False,False,True,False,True,False,False,False,False,False,False,True,False,True
LN-13206,53,10.7,66400.0,657,10.84,132.82,19,10,2,2,10400.0,15.01,0,True,False,False,False,True,False,False,False,False,False,True,False,False,True,False
LN-13207,26,4.0,56100.0,668,10.25,10755.15,16,9,1,0,25200.0,13.86,1,True,False,False,False,False,False,True,False,True,False,False,False,False,True,False
LN-13208,47,0.4,26000.0,635,25.16,4721.82,21,9,0,1,11700.0,14.8,1,True,False,False,False,False,False,True,False,False,False,True,False,False,True,False
LN-13209,43,3.0,67400.0,622,12.18,9065.21,29,26,0,1,4900.0,16.44,1,False,False,False,True,True,False,False,False,True,False,False,False,False,True,False
LN-13210,47,6.4,142987.5,755,8.47,8961.57,14,10,3,2,1500.0,12.21,0,False,True,False,False,False,True,False,False,True,False,False,False,False,True,False
LN-13211,54,7.1,55200.0,693,8.53,36444.7325,16,12,0,1,5900.0,12.06,0,True,False,False,False,False,False,True,False,True,False,False,False,False,True,False
LN-13212,66,3.1,22500.0,709,22.06,3747.91,18,12,0,1,1000.0,14.21,0,False,False,False,True,True,False,False,False,False,False,True,False,False,True,False
LN-13213,58,10.1,55100.0,673,25.07,10139.73,20,10,1,0,21300.0,15.05,1,True,False,False,False,False,True,False,False,True,False,False,False,False,True,False
LN-13214,34,1.4,27800.0,694,23.0,5766.52,9,7,1,5,2200.0,14.27,1,False,False,False,True,False,True,False,False,True,False,False,False,False,False,True
LN-13215,56,2.4,87100.0,727,24.52,6578.17,20,10,0,1,28200.0,12.86,1,False,False,False,True,True,False,False,False,True,False,False,False,False,True,False
LN-13216,28,10.3,72300.0,630,13.35,685.95,21,9,0,2,7500.0,15.55,1,False,False,False,True,True,False,False,False,False,False,True,False,False,True,False
LN-13217,55,10.2,49300.0,693,44.05500000000001,13994.46,24,18,0,0,4600.0,14.69,1,False,False,False,True,False,False,True,False,False,False,False,False,True,True,False
LN-13218,39,5.2,45200.0,715,13.55,2607.21,18,14,2,0,9700.0,13.59,0,False,False,False,True,False,False,True,True,False,False,False,False,False,True,False
LN-13219,50,8.8,48200.0,757,11.75,7584.37,23,7,0,0,13000.0,10.56,0,True,False,False,False,False,False,True,False,True,False,False,False,False,True,False
LN-13220,34,0.4,54400.0,777,24.77,6835.65,12,6,0,0,16900.0,12.01,0,False,False,False,True,False,False,True,True,False,False,False,False,False,False,True
LN-13221,40,9.0,35400.0,683,13.23,7576.52,19,13,1,1,5800.0,15.51,0,True,False,False,False,False,False,True,False,False,False,False,False,True,False,True
LN-13222,45,1.7,25300.0,737,11.6,5650.53,19,12,0,0,11400.0,12.5,0,False,False,False,True,False,True,False,False,True,False,False,False,False,False,True
LN-13223,60,0.9,101300.0,546,13.92,3330.97,15,4,0,0,7700.0,18.08,1,False,False,False,True,True,False,False,False,False,False,False,False,True,True,False
LN-13224,44,1.2,43800.0,758,18.44,7146.02,18,11,0,0,19700.0,11.79,0,False,False,True,False,True,False,False,False,False,False,True,False,False,True,False
LN-13225,34,2.4,59400.0,644,29.3,567.86,14,6,0,0,1000.0,15.51,0,True,False,False,False,False,True,False,False,True,False,False,False,False,True,False
LN-13226,46,1.3,63400.0,668,5.08,3329.97,9,6,0,0,21100.0,14.11,1,False,False,True,False,False,True,False,False,False,False,True,False,False,False,True
LN-13227,58,1.7,64700.0,702,29.39,18436.95,18,10,0,2,11200.0,15.57,0,False,True,False,False,False,False,True,False,True,False,False,False,False,False,True
LN-13228,43,0.7,28400.0,672,6.19,22204.39,26,11,1,2,12800.0,14.67,0,False,False,False,True,False,False,True,False,False,False,False,False,True,False,True
LN-13229,42,1.6,21600.0,690,6.81,15076.23,17,13,0,0,6500.0,13.8,0,False,False,False,True,False,False,True,False,False,False,False,False,True,True,False
LN-13230,39,3.8,39200.0,759,19.02,12014.47,28,17,0,1,11000.0,12.62,0,True,False,False,False,True,False,False,False,True,False,False,False,False,True,False
LN-13231,66,2.6,67300.0,661,5.38,20008.98,28,16,0,2,30300.0,15.44,0,False,True,False,False,False,False,True,False,True,False,False,False,False,True,False
LN-13232,23,1.9,36300.0,626,11.41,1641.26,20,10,0,0,6800.0,13.77,0,True,False,False,False,True,False,False,False,True,False,False,False,False,True,False
LN-13233,62,6.2,44600.0,771,27.53,8939.71,17,13,0,1,1600.0,14.33,0,True,False,False,False,False,True,False,False,False,False,False,False,True,False,True
LN-13234,39,10.1,142987.5,706,24.73,1483.86,12,7,0,2,17800.0,13.68,0,True,False,False,False,False,False,True,False,True,False,False,False,False,True,False
LN-13235,29,6.4,19600.0,776,29.28,18053.7,18,11,0,1,8800.0,14.0,0,False,False,False,True,False,False,True,False,True,False,False,False,False,False,True
LN-13236,48,1.8,35800.0,723,10.92,8821.55,12,10,0,1,7700.0,13.84,0,True,False,False,False,False,True,False,True,False,False,False,False,False,False,True
LN-13237,40,6.1,142987.5,614,13.61,19930.35,24,14,0,1,21100.0,15.45,0,True,False,False,False,True,False,False,False,True,False,False,False,False,True,False
LN-13238,65,0.7,52900.0,712,6.42,19257.19,16,6,2,1,11600.0,15.25,0,True,False,False,False,False,True,False,False,True,False,False,False,False,False,True
LN-13239,27,0.6,36700.0,631,13.9,7533.09,17,11,0,2,14000.0,17.53,1,False,False,False,True,False,False,True,False,True,False,False,False,False,False,True
LN-13240,34,1.9,103000.0,680,6.62,8242.98,17,9,0,1,34300.0,13.97,0,False,False,False,True,False,True,False,True,False,False,False,False,False,True,False
LN-13241,29,7.4,55800.0,676,44.05500000000001,344.1,18,11,0,0,1000.0,20.585,1,False,False,False,True,False,False,True,False,False,False,False,False,True,False,True
LN-13242,39,1.3,44700.0,599,21.0,8895.79,16,11,0,0,4300.0,16.04,1,False,False,False,True,True,False,False,False,False,False,True,False,False,True,False
LN-13243,67,0.3,60200.0,639,18.34,13578.52,22,13,0,1,27100.0,15.75,1,False,False,True,False,True,False,False,False,True,False,False,False,False,True,False
LN-13244,34,0.6,37700.0,790,10.51,3193.48,18,10,0,0,17000.0,10.94,1,False,False,False,True,False,True,False,False,False,False,False,False,True,True,False
LN-13245,58,8.8,31000.0,692,9.9,36444.7325,15,9,0,0,2900.0,12.07,0,False,False,False,True,False,True,False,True,False,False,False,False,False,True,False
LN-13246,56,4.5,50900.0,671,12.42,36444.7325,14,7,0,0,2600.0,14.42,0,False,False,False,True,False,True,False,False,False,False,False,True,False,False,True
LN-13247,60,1.3,31100.0,771,19.71,3989.32,22,8,1,0,14000.0,12.8,0,True,False,False,False,False,False,True,False,False,False,False,True,False,True,False
LN-13248,37,3.6,54500.0,660,8.08,14978.16,16,12,0,0,11300.0,13.63,0,True,False,False,False,False,False,True,False,True,False,False,False,False,True,False
LN-13249,50,3.4,65800.0,675,6.5,365.53,15,7,0,0,27600.0,14.67,0,False,False,False,True,False,True,False,False,False,False,True,False,False,True,False
LN-13250,29,4.8,86600.0,730,2.0,13150.49,10,10,0,1,34300.0,10.74,0,False,False,False,True,True,False,False,False,False,False,False,False,True,True,False
LN-13251,53,1.2,100700.0,660,21.3,11738.52,12,11,0,5,1000.0,17.71,0,False,False,False,True,False,True,False,False,True,False,False,False,False,True,False
LN-13252,45,9.0,43300.0,643,14.94,20722.43,18,12,0,3,19500.0,13.51,1,True,False,False,False,False,False,True,False,False,False,False,False,True,False,True
LN-13253,34,1.7,71300.0,567,12.37,4355.16,14,8,0,2,17600.0,19.76,1,False,False,False,True,True,False,False,False,True,False,False,False,False,False,True
LN-13254,31,5.3,71000.0,633,7.99,25245.81,15,11,0,2,25200.0,15.38,0,False,False,True,False,False,False,True,False,False,False,False,False,True,True,False
LN-13255,55,0.1,64900.0,633,12.4,23421.03,19,9,1,1,13900.0,14.6,1,True,False,False,False,False,False,True,False,True,False,False,False,False,False,True
LN-13256,61,2.1,41600.0,688,32.9,13289.52,22,16,2,0,5100.0,15.05,1,False,False,False,True,False,False,True,False,False,False,False,False,True,True,False
LN-13257,34,2.0,30800.0,649,9.57,7671.52,21,12,0,0,12800.0,13.39,1,True,False,False,False,False,True,False,False,True,False,False,False,False,False,True
LN-13258,50,3.5,71400.0,788,22.76,11560.63,13,6,0,0,10200.0,11.73,0,False,False,False,True,False,True,False,False,True,False,False,False,False,True,False
LN-13259,61,0.3,21200.0,627,24.71,15710.17,17,11,0,1,9500.0,15.9,1,True,False,False,False,False,True,False,False,False,False,False,False,True,True,False
LN-13260,24,7.0,46800.0,750,7.58,36444.7325,17,9,0,0,11300.0,9.97,0,False,False,False,True,False,True,False,False,True,False,False,False,False,False,True
LN-13261,24,1.1,15000.0,691,8.54,1557.59,17,11,0,0,1000.0,13.47,0,True,False,False,False,False,False,True,False,True,False,False,False,False,True,False
LN-13262,48,5.1,26000.0,720,15.44,4506.32,22,14,0,1,11700.0,14.07,1,True,False,False,False,True,False,False,False,True,False,False,False,False,False,True
LN-13263,28,3.0,33400.0,717,44.05500000000001,18208.67,20,9,0,0,1000.0,18.92,1,False,False,True,False,False,False,True,True,False,False,False,False,False,False,True
LN-13264,22,3.7,99000.0,569,27.65,6314.93,19,11,0,0,34300.0,19.7,1,False,False,False,True,True,False,False,False,False,False,True,False,False,True,False
LN-13265,61,6.1,79100.0,679,15.46,13394.47,18,8,0,2,9300.0,11.34,0,False,False,False,True,False,True,False,False,True,False,False,False,False,True,False
LN-13266,66,4.9,39900.0,667,28.19,1714.23,23,15,1,0,18000.0,15.98,1,True,False,False,False,False,True,False,False,True,False,False,False,False,False,True
LN-13267,42,2.0,80900.0,623,3.16,14819.85,18,11,0,0,1000.0,16.34,0,False,False,True,False,False,True,False,False,True,False,False,False,False,True,False
LN-13268,61,7.4,88300.0,703,14.67,13452.64,16,11,2,0,10700.0,12.43,0,False,False,True,False,False,True,False,False,True,False,False,False,False,False,True
LN-13269,36,1.6,49600.0,766,3.03,10577.46,16,9,0,1,3600.0,9.5,0,False,False,False,True,False,False,True,False,True,False,False,False,False,True,False
LN-13270,49,3.8,25300.0,546,17.63,17390.19,20,12,0,0,11400.0,19.64,1,False,False,False,True,True,False,False,False,True,False,False,False,False,False,True
LN-13271,50,6.2,48300.0,653,24.04,25454.39,16,14,0,2,9700.0,15.09,1,True,False,False,False,False,False,True,False,False,False,False,True,False,True,False
LN-13272,32,2.1,51300.0,618,11.38,21214.36,21,12,0,0,11700.0,17.74,0,False,False,False,True,False,False,True,False,True,False,False,False,False,True,False
LN-13273,55,1.6,27500.0,684,11.02,1637.73,18,13,0,0,6200.0,13.91,1,False,False,False,True,False,True,False,False,False,False,False,True,False,True,False
LN-13274,31,2.8,66300.0,664,15.68,16369.39,18,8,1,0,1000.0,15.75,1,False,False,False,True,True,False,False,False,True,False,False,False,False,False,True
LN-13275,66,3.0,63200.0,650,12.0,7168.91,21,12,0,1,1600.0,13.76,1,True,False,False,False,False,False,True,False,False,True,False,False,False,True,False
LN-13276,41,12.0,69200.0,714,13.17,4875.46,25,13,0,2,27400.0,11.58,0,False,False,True,False,True,False,False,False,False,False,True,False,False,True,False
LN-13277,41,3.5,63200.0,762,29.85,25408.17,19,8,0,0,17000.0,12.83,0,False,True,False,False,True,False,False,False,True,False,False,False,False,True,False
LN-13278,25,4.9,80900.0,813,24.77,9841.22,17,13,0,0,20500.0,11.57,0,False,False,False,True,False,True,False,False,False,False,False,True,False,False,True
LN-13279,40,10.5,49100.0,643,19.85,8347.44,23,14,0,0,1800.0,14.25,0,True,False,False,False,False,True,False,False,True,False,False,False,False,True,False
LN-13280,57,0.5,60500.0,589,5.58,18423.07,19,15,0,3,1000.0,16.58,1,True,False,False,False,True,False,False,True,False,False,False,False,False,True,False
LN-13281,23,1.2,43500.0,708,21.96,9670.65,15,11,0,0,1000.0,13.87,0,False,False,False,True,False,False,True,False,False,False,False,False,True,True,False
LN-13282,64,5.6,39300.0,761,15.32,23423.78,14,11,1,1,10300.0,11.2,1,True,False,False,False,False,True,False,False,False,False,True,False,False,True,False
LN-13283,53,7.8,113100.0,721,2.0,1303.07,22,12,1,0,9700.0,13.22,0,False,False,False,True,True,False,False,False,False,True,False,False,False,True,False
LN-13284,29,8.8,17600.0,760,12.11,17960.44,15,9,1,1,1600.0,11.33,0,False,False,False,True,True,False,False,False,False,True,False,False,False,True,False
LN-13285,29,2.4,87700.0,669,13.23,2147.15,21,15,1,3,6000.0,14.06,0,False,False,False,True,True,False,False,False,True,False,False,False,False,True,False
LN-13286,24,0.4,38500.0,650,33.3,3062.29,15,9,0,1,10600.0,17.92,1,False,False,False,True,False,False,True,False,True,False,False,False,False,True,False
LN-13287,55,2.6,35900.0,686,27.07,2373.39,21,13,1,4,15800.0,14.73,1,True,False,False,False,False,False,True,False,True,False,False,False,False,True,False
LN-13288,37,1.2,62600.0,663,13.08,3268.34,24,15,0,1,23300.0,14.05,0,False,False,False,True,False,False,True,False,False,True,False,False,False,True,False
LN-13289,54,1.5,23900.0,713,37.58,15793.64,17,9,0,4,10800.0,14.49,1,False,False,False,True,False,True,False,False,False,True,False,False,False,False,True
LN-13290,44,6.7,34600.0,728,25.9,12782.07,18,9,0,1,1000.0,14.55,1,False,False,False,True,False,False,True,False,True,False,False,False,False,False,True
LN-13291,52,0.4,34000.0,732,9.84,3132.97,19,11,1,1,12300.0,13.18,1,True,False,False,False,False,False,True,False,True,False,False,False,False,True,False
LN-13292,21,7.9,48000.0,706,9.69,3779.4,21,10,0,2,1300.0,13.38,0,True,False,False,False,False,True,False,False,True,False,False,False,False,False,True
LN-13293,28,2.5,34800.0,692,17.47,1254.92,25,14,0,0,11700.0,12.36,1,True,False,False,False,True,False,False,True,False,False,False,False,False,True,False
LN-13294,65,4.1,130700.0,720,8.43,6422.15,23,13,2,0,6600.0,13.55,0,True,False,False,False,True,False,False,False,True,False,False,False,False,True,False
LN-13295,43,0.4,142987.5,582,40.08,5709.08,21,14,0,0,4700.0,20.585,1,False,False,False,True,True,False,False,False,False,False,False,False,True,False,True
LN-13296,67,1.9,17800.0,691,17.76,1891.3,17,11,0,0,8000.0,14.71,1,False,False,False,True,False,False,True,False,False,False,False,False,True,True,False
LN-13297,60,0.4,73100.0,683,8.82,21594.48,15,7,0,3,6700.0,13.66,0,True,False,False,False,False,False,True,False,True,False,False,False,False,True,False
LN-13298,32,14.7,86900.0,691,34.69,22974.86,19,6,0,0,24800.0,16.87,1,False,False,False,True,True,False,False,False,False,False,True,False,False,False,True
LN-13299,32,7.4,73000.0,676,2.94,1385.56,16,8,0,0,3600.0,11.44,0,False,False,False,True,False,True,False,True,False,False,False,False,False,True,False
LN-13300,66,2.8,37700.0,702,17.83,3716.94,19,14,0,0,2100.0,12.96,0,True,False,False,False,False,True,False,True,False,False,False,False,False,True,False
LN-13301,67,1.1,47400.0,651,14.92,15985.72,28,18,2,1,21300.0,16.87,1,False,False,False,True,False,False,True,False,False,False,True,False,False,False,True
LN-13302,35,12.2,35900.0,736,6.39,24479.58,13,7,0,2,3900.0,13.07,0,False,False,False,True,False,False,True,False,True,False,False,False,False,False,True
LN-13303,61,3.0,43000.0,704,36.37,892.45,24,12,0,1,1000.0,16.16,1,True,False,False,False,False,True,False,False,True,False,False,False,False,True,False
LN-13304,39,0.8,27800.0,688,11.68,27918.89,28,18,0,1,6900.0,15.46,1,False,False,False,True,True,False,False,False,True,False,False,False,False,True,False
LN-13305,46,3.7,50900.0,645,10.74,763.42,23,11,1,0,22900.0,13.44,1,True,False,False,False,True,False,False,False,False,False,False,False,True,True,False
LN-13306,49,13.0,23700.0,721,24.93,12054.38,17,9,0,5,7900.0,15.2,1,True,False,False,False,False,True,False,True,False,False,False,False,False,False,True
LN-13307,42,0.0,48500.0,690,17.39,267.87,23,11,0,0,8900.0,13.7,0,True,False,False,False,False,True,False,False,False,False,True,False,False,True,False
LN-13308,60,1.2,27300.0,642,9.01,31617.32,19,10,0,0,1000.0,14.34,0,True,False,False,False,True,False,False,False,False,False,False,True,False,True,False
LN-13309,41,12.5,60700.0,677,11.59,5237.72,17,9,0,2,17400.0,16.93,0,False,False,False,True,False,True,False,False,False,False,False,False,True,True,False
LN-13310,58,0.8,37300.0,711,33.67,12556.9,17,11,0,0,5900.0,12.76,1,False,False,False,True,False,True,False,False,True,False,False,False,False,True,False
LN-13311,40,0.5,63600.0,708,13.86,2449.24,17,8,0,2,18300.0,12.93,0,False,False,False,True,True,False,False,False,True,False,False,False,False,True,False
LN-13312,49,3.8,98200.0,704,44.05500000000001,4650.12,14,6,0,0,7400.0,15.48,0,False,False,False,True,True,False,False,False,True,False,False,False,False,True,False
LN-13313,24,8.9,129900.0,685,8.33,16506.56,14,6,0,0,10500.0,14.5,0,False,True,False,False,True,False,False,False,False,False,False,False,True,False,True
LN-13314,27,3.0,15000.0,731,12.73,36444.7325,15,12,1,0,6800.0,9.96,1,True,False,False,False,False,False,True,False,True,False,False,False,False,True,False
LN-13315,48,23.5,34200.0,742,10.07,36444.7325,13,7,0,2,3100.0,11.58,0,False,False,False,True,False,True,False,False,True,False,False,False,False,False,True
LN-13316,48,5.1,45900.0,717,23.82,19908.55,12,3,0,0,4900.0,14.72,0,False,False,False,True,True,False,False,True,False,False,False,False,False,False,True
LN-13317,24,0.3,69800.0,651,44.05500000000001,22542.96,30,16,0,1,12300.0,16.88,1,False,False,False,True,False,False,True,False,False,False,True,False,False,False,True
LN-13318,42,22.2,21900.0,627,16.66,36444.7325,17,11,0,1,9900.0,17.11,0,False,False,False,True,True,False,False,False,True,False,False,False,False,True,False
LN-13319,32,2.4,31600.0,653,18.49,493.82,18,7,0,2,14200.0,15.98,1,False,False,False,True,False,False,True,False,True,False,False,False,False,True,False
LN-13320,65,1.5,58200.0,778,12.32,2238.13,17,11,0,0,10400.0,8.88,0,True,False,False,False,True,False,False,False,False,False,True,False,False,True,False
LN-13321,23,3.7,56800.0,694,5.97,649.39,24,17,0,0,1100.0,13.69,0,True,False,False,False,False,True,False,False,True,False,False,False,False,False,True
LN-13322,42,1.6,66700.0,786,13.92,8345.67,20,11,0,2,30000.0,11.11,0,True,False,False,False,False,False,True,False,True,False,False,False,False,True,False
LN-13323,64,0.4,69100.0,674,20.85,36444.7325,20,14,0,0,7600.0,13.15,0,False,False,False,True,False,True,False,False,True,False,False,False,False,True,False
LN-13324,22,0.0,65300.0,667,11.21,10479.81,18,12,1,5,1500.0,12.36,0,False,False,False,True,False,True,False,False,True,False,False,False,False,True,False
LN-13325,44,2.7,60300.0,676,6.44,9727.07,21,12,0,0,27100.0,13.43,0,True,False,False,False,False,True,False,False,True,False,False,False,False,False,True
LN-13326,54,8.2,55900.0,675,2.16,21031.83,23,12,0,0,4600.0,17.5,0,True,False,False,False,False,True,False,False,False,False,True,False,False,False,True
LN-13327,47,3.8,78100.0,641,37.53,31732.27,16,6,0,0,15000.0,18.5,1,True,False,False,False,True,False,False,False,False,False,False,True,False,True,False
LN-13328,61,25.0,15800.0,623,12.21,14390.02,18,9,0,0,2200.0,15.01,1,False,False,True,False,False,True,False,False,False,False,False,False,True,True,False
LN-13329,21,1.5,126700.0,705,20.31,27088.74,26,12,0,2,17800.0,12.17,0,True,False,False,False,False,True,False,False,True,False,False,False,False,True,False
LN-13330,28,1.5,16100.0,733,28.91,2311.61,16,9,0,1,7200.0,12.57,1,True,False,False,False,False,False,True,False,False,False,False,False,True,True,False
LN-13331,43,0.8,29900.0,802,32.34,8399.81,12,7,0,0,13500.0,13.45,0,False,False,False,True,True,False,False,False,True,False,False,False,False,True,False
LN-13332,58,0.8,47800.0,658,11.01,5442.1,24,13,1,3,1900.0,16.97,0,True,False,False,False,False,False,True,False,True,False,False,False,False,True,False
LN-13333,26,1.5,78400.0,662,19.81,4850.97,22,11,0,2,20500.0,14.13,1,False,False,False,True,False,True,False,False,False,False,False,False,True,True,False
LN-13334,42,7.1,15000.0,641,21.12,2893.4,14,7,0,0,6800.0,16.25,1,False,False,False,True,True,False,False,False,False,False,False,True,False,True,False
LN-13335,45,10.6,53300.0,736,26.55,26931.41,23,14,0,0,22600.0,12.96,0,True,False,False,False,False,False,True,False,False,False,False,False,True,True,False
LN-13336,38,16.6,83800.0,721,20.98,7182.1,18,11,0,0,5700.0,14.83,0,False,False,False,True,False,True,False,False,True,False,False,False,False,True,False
LN-13337,37,1.2,93600.0,636,18.5,9066.76,19,11,0,1,7200.0,15.52,0,False,False,False,True,False,False,True,False,False,False,False,True,False,False,True
LN-13338,32,9.6,36900.0,635,8.42,3880.72,18,14,0,1,5900.0,16.23,0,False,False,False,True,True,False,False,False,True,False,False,False,False,True,False
LN-13339,26,1.8,45900.0,728,23.46,36444.7325,16,6,0,0,20400.0,11.67,0,False,False,False,True,False,True,False,False,False,False,False,True,False,True,False
LN-13340,46,0.5,38600.0,699,15.69,11336.59,20,11,0,1,17400.0,14.72,1,False,False,False,True,True,False,False,False,True,False,False,False,False,True,False
LN-13341,47,9.2,43700.0,718,34.91,8.33,25,12,0,5,4000.0,13.5,1,False,False,False,True,True,False,False,False,False,False,False,True,False,True,False
LN-13342,28,4.5,30700.0,636,23.57,3741.93,12,8,0,1,11900.0,15.86,1,False,False,False,True,False,True,False,False,True,False,False,False,False,True,False
LN-13343,39,0.8,33200.0,586,3.96,36444.7325,13,7,0,1,1900.0,16.49,0,False,False,False,True,False,True,False,False,False,False,False,False,True,False,True
LN-13344,62,2.5,68800.0,636,8.02,36444.7325,22,9,2,0,1000.0,17.34,0,False,True,False,False,False,True,False,False,True,False,False,False,False,True,False
LN-13345,21,1.5,58200.0,714,12.37,9439.38,26,16,0,0,13200.0,14.03,0,False,False,False,True,False,True,False,False,True,False,False,False,False,True,False
LN-13346,49,6.0,71000.0,786,15.43,9964.58,16,10,0,4,25700.0,10.29,0,False,False,False,True,False,True,False,False,True,False,False,False,False,True,False
LN-13347,65,2.7,60900.0,659,44.05500000000001,27823.17,26,15,0,2,27400.0,16.56,1,True,False,False,False,True,False,False,False,False,False,True,False,False,True,False
LN-13348,55,20.4,79800.0,794,25.15,14795.3,26,15,0,1,13600.0,12.88,0,True,False,False,False,False,True,False,False,False,False,False,False,True,True,False
LN-13349,60,0.3,87800.0,721,10.09,32297.22,10,5,0,0,23200.0,8.785000000000002,0,True,False,False,False,False,False,True,False,True,False,False,False,False,True,False
LN-13350,34,2.0,20800.0,610,25.57,7827.13,24,14,0,2,7300.0,18.8,1,False,False,False,True,False,True,False,True,False,False,False,False,False,False,True
LN-13351,55,3.0,33900.0,691,17.98,36444.7325,19,9,0,1,15300.0,13.88,1,True,False,False,False,False,True,False,False,False,True,False,False,False,False,True
LN-13352,65,3.1,47700.0,723,25.71,9306.61,20,11,0,1,20900.0,17.33,0,True,False,False,False,False,False,True,False,True,False,False,False,False,False,True
LN-13353,40,1.7,53500.0,559,13.11,12422.21,15,10,0,1,5200.0,20.585,1,True,False,False,False,False,True,False,False,True,False,False,False,False,True,False
LN-13354,33,5.9,37500.0,712,44.05500000000001,1034.11,22,8,0,3,12700.0,16.09,1,True,False,False,False,False,True,False,False,False,False,False,True,False,True,False
LN-13355,58,9.3,89500.0,739,37.42,11349.56,16,10,0,0,1000.0,14.61,0,False,False,True,False,False,True,False,False,False,False,True,False,False,False,True
LN-13356,66,12.6,142987.5,700,23.03,17520.63,26,14,0,0,2200.0,14.22,0,False,False,True,False,False,False,True,False,False,False,False,False,True,True,False
LN-13357,28,7.4,60000.0,677,12.14,6942.92,23,16,0,3,27000.0,14.26,0,True,False,False,False,False,True,False,False,True,False,False,False,False,False,True
LN-13358,63,8.6,56700.0,671,25.69,8376.43,17,6,0,0,1000.0,14.33,1,False,False,False,True,True,False,False,False,False,True,False,False,False,True,False
LN-13359,40,3.6,86400.0,668,5.99,5997.19,14,5,1,3,3200.0,15.08,0,True,False,False,False,True,False,False,False,True,False,False,False,False,False,True
LN-13360,53,7.9,19400.0,621,38.98,36444.7325,20,12,0,0,2100.0,18.69,1,True,False,False,False,False,True,False,False,False,False,False,False,True,True,False
LN-13361,46,1.6,55000.0,646,34.26,7769.47,18,12,0,2,16800.0,16.93,0,False,False,False,True,False,False,True,False,True,False,False,False,False,True,False
LN-13362,59,2.3,92800.0,659,21.5,1619.0,19,9,0,3,1600.0,15.68,0,False,True,False,False,True,False,False,False,True,False,False,False,False,True,False
LN-13363,41,1.7,38000.0,686,8.62,351.57,16,10,0,1,1000.0,12.68,0,False,False,False,True,False,True,False,False,False,False,True,False,False,True,False
LN-13364,62,2.8,27600.0,652,13.05,17765.64,24,12,0,1,12400.0,14.76,0,True,False,False,False,False,False,True,False,True,False,False,False,False,False,True
LN-13365,63,1.5,48900.0,637,3.12,9520.19,24,10,0,0,22000.0,13.43,0,False,False,True,False,False,False,True,False,True,False,False,False,False,True,False
LN-13366,61,14.7,52400.0,718,3.23,33.29,20,11,0,0,6200.0,13.91,0,False,False,False,True,False,False,True,False,False,False,False,False,True,False,True
LN-13367,29,1.7,32900.0,699,14.21,5785.35,20,9,0,3,1500.0,14.56,0,True,False,False,False,False,False,True,False,False,False,False,False,True,False,True
LN-13368,44,0.5,142987.5,653,8.08,29447.77,15,10,0,2,15900.0,15.69,1,False,False,False,True,False,False,True,False,True,False,False,False,False,False,True
LN-13369,57,3.4,41600.0,705,4.11,35421.72,17,7,0,0,18700.0,13.88,0,False,False,False,True,True,False,False,False,False,False,False,True,False,False,True
LN-13370,61,0.3,28700.0,657,12.11,660.56,24,15,3,2,12900.0,15.58,1,False,False,False,True,False,True,False,False,True,False,False,False,False,False,True
LN-13371,37,0.5,51500.0,683,12.8,1580.76,21,13,1,0,2000.0,14.0,0,False,False,False,True,False,True,False,True,False,False,False,False,False,True,False
LN-13372,44,1.1,89300.0,729,6.74,58.59,18,7,0,1,12800.0,14.47,0,False,False,False,True,True,False,False,False,True,False,False,False,False,False,True
LN-13373,41,2.8,54700.0,650,19.3,24360.84,20,11,0,0,7900.0,16.38,1,False,True,False,False,True,False,False,False,True,False,False,False,False,True,False
LN-13374,59,2.6,70800.0,621,28.09,882.29,18,8,0,0,2400.0,16.87,1,False,True,False,False,True,False,False,False,False,False,False,True,False,True,False
LN-13375,61,7.2,33500.0,673,19.98,1370.13,17,8,0,0,15100.0,14.2,0,False,False,False,True,True,False,False,False,True,False,False,False,False,True,False
LN-13376,59,6.1,122800.0,612,15.42,3099.38,19,10,0,1,21300.0,18.58,0,True,False,False,False,False,True,False,False,False,False,False,False,True,False,True
LN-13377,33,2.5,73800.0,666,16.21,29903.11,15,10,0,1,33200.0,15.08,1,False,False,False,True,True,False,False,False,True,False,False,False,False,True,False
LN-13378,31,1.8,96400.0,666,13.55,13986.03,12,6,0,1,1300.0,14.1,0,False,False,False,True,False,True,False,False,True,False,False,False,False,True,False
LN-13379,66,1.7,66200.0,557,12.04,11512.93,23,16,0,0,3800.0,16.29,0,False,False,False,True,False,False,True,False,False,False,False,True,False,True,False
LN-13380,39,6.7,85300.0,707,19.74,18426.27,20,13,0,0,24600.0,15.69,0,False,False,True,False,False,True,False,False,False,False,False,False,True,True,False
LN-13381,31,0.2,33500.0,671,20.37,14182.02,15,8,1,0,7000.0,13.51,0,False,False,True,False,False,True,False,False,False,False,False,False,True,True,False
LN-13382,33,0.1,41300.0,739,16.29,16441.6,20,8,0,3,9000.0,12.7,0,False,False,False,True,True,False,False,False,True,False,False,False,False,True,False
LN-13383,66,7.1,113600.0,691,12.32,918.12,24,11,1,3,13200.0,15.76,0,False,False,False,True,False,False,True,False,False,False,False,False,True,True,False
LN-13384,65,2.9,127800.0,717,8.53,10692.31,14,9,0,2,7400.0,12.03,0,False,False,False,True,False,True,False,False,False,False,True,False,False,True,False
LN-13385,21,0.6,28800.0,740,5.12,16790.48,10,4,0,0,1000.0,11.38,0,True,False,False,False,False,False,True,False,False,False,False,False,True,True,False
LN-13386,60,1.2,62200.0,673,8.54,10007.09,24,9,0,2,13000.0,15.87,1,True,False,False,False,False,False,True,False,True,False,False,False,False,False,True
LN-13387,64,12.1,42700.0,680,12.25,142.38,17,10,0,0,3600.0,13.49,0,False,False,False,True,False,False,True,False,False,False,False,False,True,False,True
LN-13388,39,3.0,36900.0,601,13.0,2845.69,15,10,0,1,16600.0,14.5,1,True,False,False,False,False,True,False,True,False,False,False,False,False,True,False
LN-13389,32,5.6,63400.0,742,44.05500000000001,36444.7325,18,12,0,1,16400.0,15.18,1,False,False,False,True,True,False,False,False,True,False,False,False,False,True,False
LN-13390,28,3.0,101500.0,673,26.45,14636.94,26,15,3,0,25700.0,16.38,0,False,False,True,False,False,False,True,False,False,False,False,True,False,False,True
LN-13391,28,3.3,69500.0,630,19.8,13996.46,18,13,0,1,31300.0,16.21,1,True,False,False,False,False,True,False,False,True,False,False,False,False,True,False
LN-13392,65,16.6,45400.0,717,23.06,12954.63,21,12,0,0,1000.0,16.3,0,False,False,False,True,False,False,True,False,False,False,False,False,True,False,True
LN-13393,32,15.2,71900.0,571,44.05500000000001,1640.95,19,9,0,0,2300.0,19.38,1,True,False,False,False,False,False,True,False,False,False,False,False,True,True,False
LN-13394,53,1.1,44400.0,659,10.25,49.09,20,11,0,0,20000.0,15.26,1,True,False,False,False,False,True,False,True,False,False,False,False,False,False,True
LN-13395,65,7.5,68000.0,725,40.04,6971.81,24,9,0,1,30300.0,16.51,1,False,False,False,True,False,False,True,False,True,False,False,False,False,True,False
LN-13396,46,1.0,116800.0,658,2.24,7050.85,21,12,3,0,1000.0,14.49,0,False,False,False,True,False,True,False,False,True,False,False,False,False,False,True
LN-13397,59,1.1,17300.0,644,14.07,20043.35,25,19,0,0,7800.0,18.6,1,False,False,True,False,False,False,True,False,True,False,False,False,False,False,True
LN-13398,48,5.1,84000.0,659,7.73,2404.37,25,14,0,3,8500.0,13.95,1,False,False,False,True,False,False,True,False,False,False,False,False,True,True,False
LN-13399,25,2.3,23200.0,580,4.84,3860.84,17,6,0,4,8700.0,15.69,0,False,False,False,True,False,True,False,False,True,False,False,False,False,True,False
LN-13400,28,12.1,106500.0,716,34.22,977.68,11,8,0,2,29500.0,14.48,1,True,False,False,False,False,True,False,False,False,False,False,True,False,True,False
LN-13401,45,0.4,38200.0,674,13.93,6127.41,24,15,0,1,4800.0,15.56,1,True,False,False,False,False,False,True,False,True,False,False,False,False,False,True
LN-13402,47,3.2,27700.0,666,12.47,3548.41,16,8,1,3,12300.0,14.89,0,True,False,False,False,False,True,False,False,False,False,True,False,False,False,True
LN-13403,66,11.3,79400.0,667,14.06,3660.31,17,10,1,1,5700.0,14.96,0,False,False,True,False,True,False,False,False,True,False,False,False,False,True,False
LN-13404,43,10.6,66200.0,681,17.46,3517.21,18,8,0,0,1700.0,14.13,0,True,False,False,False,False,True,False,False,True,False,False,False,False,True,False
LN-13405,50,0.8,31300.0,713,9.29,3160.07,15,9,0,0,6200.0,15.15,0,False,False,False,True,False,False,True,False,False,False,False,False,True,False,True
LN-13406,65,2.1,27200.0,677,4.79,4624.3,28,13,0,1,2700.0,14.03,1,True,False,False,False,False,True,False,False,True,False,False,False,False,True,False
LN-13407,67,4.3,48900.0,612,15.5,9232.31,21,11,0,2,10300.0,17.37,0,True,False,False,False,False,True,False,False,True,False,False,False,False,False,True
LN-13408,43,0.8,27900.0,709,17.56,6908.86,24,17,0,3,10600.0,13.04,1,False,False,False,True,False,False,True,False,True,False,False,False,False,True,False
LN-13409,67,15.5,30200.0,705,35.75,786.59,25,14,2,2,8100.0,15.96,1,False,False,False,True,True,False,False,False,False,False,False,False,True,True,False
LN-13410,40,11.1,57700.0,690,15.14,6658.58,20,12,1,1,2700.0,14.87,1,False,False,False,True,True,False,False,False,True,False,False,False,False,False,True
LN-13411,38,0.8,31800.0,734,16.86,22471.33,13,6,0,0,1800.0,12.02,0,True,False,False,False,True,False,False,False,False,False,False,False,True,True,False
LN-13412,38,0.6,68500.0,682,8.11,1273.72,10,5,0,1,1500.0,12.66,0,False,False,True,False,True,False,False,False,True,False,False,False,False,True,False
LN-13413,22,0.4,123000.0,736,8.13,34666.58,20,9,0,0,1700.0,13.64,0,True,False,False,False,True,False,False,False,True,False,False,False,False,False,True
LN-13414,24,10.8,49900.0,750,19.89,4428.27,18,11,0,0,4900.0,11.73,0,False,True,False,False,False,True,False,False,True,False,False,False,False,True,False
LN-13415,50,1.0,58200.0,709,24.63,175.71,18,9,0,2,1000.0,13.62,0,False,False,False,True,False,True,False,False,True,False,False,False,False,True,False
LN-13416,53,2.4,142987.5,643,29.28,3502.78,18,13,0,0,1000.0,17.13,1,False,False,True,False,True,False,False,True,False,False,False,False,False,True,False
LN-13417,56,2.7,28200.0,673,19.2,866.46,15,12,0,1,8900.0,15.99,1,True,False,False,False,False,True,False,False,True,False,False,False,False,True,False
LN-13418,38,4.1,104300.0,742,9.25,10027.08,26,16,0,1,2800.0,12.41,0,False,False,False,True,False,False,True,True,False,False,False,False,False,True,False
LN-13419,57,0.3,97600.0,605,5.24,4563.27,15,7,0,0,4300.0,16.78,0,False,False,True,False,False,False,True,False,True,False,False,False,False,True,False
LN-13420,39,1.2,86700.0,660,7.63,19733.11,19,10,0,0,6100.0,15.04,0,False,False,False,True,True,False,False,False,True,False,False,False,False,True,False
LN-13421,67,12.1,110200.0,663,19.17,15829.24,15,9,0,0,1000.0,16.03,0,False,False,True,False,False,False,True,False,True,False,False,False,False,False,True
LN-13422,48,10.8,63200.0,637,5.71,7586.8,14,5,1,0,3500.0,15.25,0,False,False,True,False,False,True,False,False,True,False,False,False,False,True,False
LN-13423,60,6.8,39300.0,724,7.8,9868.19,24,13,0,0,17700.0,14.35,0,True,False,False,False,True,False,False,False,True,False,False,False,False,True,False
LN-13424,40,0.1,98900.0,699,10.0,11261.5,12,6,0,0,5800.0,12.9,0,True,False,False,False,False,True,False,False,False,False,False,False,True,True,False
LN-13425,53,1.8,101000.0,644,21.9,3788.12,17,5,0,2,2900.0,14.53,0,False,False,False,True,True,False,False,False,False,False,False,True,False,True,False
LN-13426,32,4.4,99500.0,710,32.77,1801.18,16,9,0,1,3100.0,12.57,0,True,False,False,False,False,True,False,False,True,False,False,False,False,False,True
LN-13427,35,1.4,55500.0,672,16.47,5669.24,20,9,0,0,25000.0,16.84,1,False,False,False,True,False,False,True,False,True,False,False,False,False,True,False
LN-13428,61,10.8,36500.0,635,18.43,1195.96,25,14,0,3,2200.0,18.23,1,True,False,False,False,True,False,False,False,True,False,False,False,False,True,False
LN-13429,59,4.5,60200.0,644,15.38,4537.64,13,10,0,1,27100.0,15.13,1,True,False,False,False,False,False,True,False,True,False,False,False,False,False,True
LN-13430,22,0.3,91000.0,702,14.14,9651.68,13,5,0,0,1200.0,15.91,0,False,False,True,False,False,True,False,False,False,False,False,False,True,False,True
LN-13431,49,10.8,95200.0,727,20.7,9321.28,10,3,0,2,29000.0,14.33,1,False,False,False,True,False,False,True,False,True,False,False,False,False,True,False
LN-13432,61,14.2,42800.0,656,14.22,1542.37,17,10,0,0,9900.0,15.62,1,True,False,False,False,False,False,True,True,False,False,False,False,False,True,False
LN-13433,30,0.4,64400.0,707,38.56,100.49,15,8,0,1,13100.0,15.76,0,False,False,True,False,False,True,False,False,False,False,True,False,False,True,False
LN-13434,22,3.4,26400.0,759,17.8,1117.81,22,13,0,1,4000.0,10.94,0,True,False,False,False,False,False,True,False,False,False,False,True,False,True,False
LN-13435,31,1.6,93100.0,617,18.98,441.84,18,4,0,0,32000.0,16.63,1,False,False,False,True,False,True,False,False,False,False,True,False,False,True,False
LN-13436,33,2.2,35200.0,698,15.67,6139.29,14,5,0,4,12400.0,14.04,1,False,False,False,True,True,False,False,False,False,False,False,True,False,True,False
LN-13437,30,0.9,83400.0,722,25.41,5926.64,17,13,0,0,15800.0,14.71,1,False,False,False,True,False,False,True,False,True,False,False,False,False,False,True
LN-13438,34,3.9,28800.0,675,9.81,3318.78,21,10,0,1,11400.0,13.82,0,True,False,False,False,False,False,True,False,True,False,False,False,False,True,False
LN-13439,38,14.3,95500.0,742,8.08,2911.65,21,11,0,2,1900.0,13.16,0,True,False,False,False,False,True,False,False,False,False,False,False,True,True,False
LN-13440,29,3.1,64700.0,790,23.43,6058.52,20,15,0,0,25300.0,12.51,0,False,True,False,False,False,True,False,False,True,False,False,False,False,True,False
LN-13441,59,0.4,35300.0,697,17.75,1086.63,20,11,1,1,2800.0,15.87,0,False,False,False,True,True,False,False,False,True,False,False,False,False,False,True
LN-13442,48,4.4,79200.0,668,23.62,2894.3,12,8,2,5,4800.0,17.33,1,False,False,False,True,False,False,True,False,True,False,False,False,False,False,True
LN-13443,23,1.9,39200.0,729,12.93,6244.29,14,6,0,2,15500.0,12.68,0,True,False,False,False,True,False,False,False,True,False,False,False,False,True,False
LN-13444,40,8.7,81800.0,722,17.04,1195.59,20,16,0,2,1400.0,14.36,0,True,False,False,False,False,True,False,False,True,False,False,False,False,True,False
LN-13445,26,2.6,46600.0,554,11.9,22052.16,20,8,0,0,21000.0,17.49,1,False,False,True,False,False,True,False,False,True,False,False,False,False,False,True
LN-13446,47,1.0,21000.0,680,15.19,13524.83,24,9,1,0,1900.0,15.24,1,True,False,False,False,False,False,True,False,True,False,False,False,False,False,True
LN-13447,22,1.0,31600.0,660,5.33,5796.95,19,14,1,0,14200.0,14.86,1,False,False,False,True,False,True,False,False,False,False,False,False,True,True,False
LN-13448,49,6.6,42800.0,700,3.11,1955.85,16,8,0,1,14100.0,13.2,0,True,False,False,False,False,False,True,False,False,False,True,False,False,True,False
LN-13449,58,1.4,115000.0,670,5.96,2590.85,20,11,0,0,16800.0,14.19,0,True,False,False,False,False,False,True,False,False,False,True,False,False,True,False
LN-13450,23,6.6,88900.0,676,25.03,1535.22,15,5,0,2,8000.0,16.18,0,True,False,False,False,False,True,False,False,False,False,False,False,True,True,False
LN-13451,36,1.0,132300.0,637,24.58,2093.44,24,11,0,0,6700.0,18.01,0,False,False,False,True,True,False,False,False,True,False,False,False,False,True,False
LN-13452,50,1.7,134500.0,717,39.5,6588.86,19,9,0,0,34300.0,13.64,1,False,False,False,True,True,False,False,False,True,False,False,False,False,True,False
LN-13453,60,2.8,40400.0,763,23.88,3383.02,15,5,0,0,18200.0,12.55,1,False,False,False,True,False,True,False,False,False,False,False,False,True,True,False
LN-13454,22,12.9,48800.0,638,12.4,25909.97,27,17,0,0,9300.0,14.41,0,True,False,False,False,False,True,False,True,False,False,False,False,False,True,False
LN-13455,37,12.1,43200.0,610,15.45,36444.7325,15,9,1,0,2800.0,17.7,1,False,False,False,True,False,True,False,False,False,False,False,True,False,True,False
LN-13456,61,3.0,37400.0,681,3.04,14107.15,20,9,2,0,16800.0,14.02,0,False,False,False,True,True,False,False,False,True,False,False,False,False,True,False
LN-13457,32,2.0,19700.0,679,12.5,19850.78,10,7,0,0,8900.0,13.81,1,False,False,False,True,False,True,False,False,False,False,False,False,True,False,True
LN-13458,55,0.7,53700.0,739,17.07,3534.38,19,7,1,0,2000.0,12.41,0,True,False,False,False,False,False,True,False,True,False,False,False,False,True,False
LN-13459,63,3.2,26700.0,619,27.91,13124.36,17,8,1,1,2800.0,15.32,1,False,False,False,True,False,False,True,False,True,False,False,False,False,True,False
LN-13460,21,2.8,53200.0,653,16.23,716.98,21,12,0,0,10900.0,16.24,1,True,False,False,False,False,True,False,False,False,True,False,False,False,True,False
LN-13461,65,10.4,142987.5,573,7.26,36444.7325,20,12,0,2,9800.0,17.3,0,False,False,False,True,False,True,False,True,False,False,False,False,False,False,True
LN-13462,35,12.0,40900.0,749,26.93,13311.48,20,13,1,0,7400.0,12.53,1,False,False,False,True,False,False,True,True,False,False,False,False,False,False,True
LN-13463,46,2.2,60300.0,693,11.5,4572.51,15,11,0,0,7800.0,13.03,1,True,False,False,False,True,False,False,False,True,False,False,False,False,True,False
LN-13464,57,3.0,89200.0,657,9.2,17795.86,24,14,1,1,2600.0,15.11,1,False,False,False,True,False,True,False,True,False,False,False,False,False,True,False
LN-13465,41,10.2,63200.0,614,14.92,191.11,14,6,0,0,4100.0,16.59,0,False,False,False,True,False,True,False,False,True,False,False,False,False,True,False
LN-13466,51,7.4,63600.0,618,11.42,5663.8,14,8,0,0,9500.0,15.25,0,False,False,False,True,False,False,True,False,False,False,False,True,False,True,False
LN-13467,45,0.0,44400.0,701,17.05,27120.95,12,7,0,2,1000.0,13.51,0,False,False,True,False,False,False,True,False,True,False,False,False,False,True,False
LN-13468,43,1.7,47700.0,625,22.82,3665.26,13,8,0,0,6100.0,16.18,0,True,False,False,False,True,False,False,False,True,False,False,False,False,True,False
LN-13469,44,2.5,32000.0,685,12.53,13228.35,24,16,0,0,3300.0,12.66,1,False,False,False,True,True,False,False,False,True,False,False,False,False,True,False
LN-13470,58,1.2,86300.0,782,12.69,5357.39,16,4,0,0,2700.0,9.45,0,False,False,False,True,False,False,True,False,True,False,False,False,False,False,True
LN-13471,48,1.0,20800.0,663,22.89,5978.16,15,12,0,0,2200.0,16.31,0,False,False,True,False,False,False,True,False,False,False,False,True,False,False,True
LN-13472,41,0.2,92400.0,632,22.92,16442.08,19,12,1,0,2100.0,17.01,1,True,False,False,False,False,True,False,True,False,False,False,False,False,True,False
LN-13473,63,4.6,25000.0,699,18.02,28922.85,25,12,1,0,2400.0,14.75,1,False,False,False,True,False,False,True,True,False,False,False,False,False,False,True
LN-13474,38,1.4,92000.0,619,14.43,2188.61,14,8,1,0,6600.0,18.51,0,True,False,False,False,False,True,False,False,False,False,False,False,True,True,False
LN-13475,56,0.2,44600.0,766,30.72,3890.36,23,14,0,0,1500.0,11.93,0,True,False,False,False,True,False,False,True,False,False,False,False,False,True,False
LN-13476,55,1.2,27500.0,750,10.06,8028.13,20,6,0,0,12400.0,11.45,0,True,False,False,False,False,False,True,False,True,False,False,False,False,True,False
LN-13477,65,7.3,74500.0,672,23.06,11417.3,15,8,0,1,9600.0,15.62,0,True,False,False,False,False,False,True,False,True,False,False,False,False,True,False
LN-13478,29,8.6,90300.0,635,9.77,7568.54,17,10,0,4,9800.0,15.69,1,False,False,False,True,True,False,False,False,True,False,False,False,False,True,False
LN-13479,58,3.0,42600.0,659,16.78,19649.65,12,5,0,0,3300.0,15.65,1,False,False,False,True,False,False,True,False,False,True,False,False,False,False,True
LN-13480,50,2.4,80500.0,665,6.54,17537.12,10,7,0,0,28300.0,13.88,0,False,False,True,False,True,False,False,False,False,False,False,False,True,True,False
LN-13481,64,17.1,15400.0,699,17.1,6235.23,13,7,0,1,6900.0,13.6,0,True,False,False,False,False,True,False,False,False,False,False,True,False,True,False
LN-13482,54,1.0,26200.0,732,31.76,497.51,26,12,0,1,1000.0,15.64,0,False,False,False,True,True,False,False,False,False,False,True,False,False,False,True
LN-13483,52,1.1,110300.0,628,26.07,2595.45,12,3,0,1,18500.0,16.86,1,False,False,True,False,False,False,True,False,False,False,False,False,True,False,True
LN-13484,23,1.6,47900.0,731,3.89,8008.65,29,17,0,0,2900.0,8.785000000000002,0,False,False,True,False,False,False,True,False,False,False,True,False,False,True,False
LN-13485,23,0.9,19500.0,711,31.03,31492.3,19,13,0,1,8800.0,15.02,1,False,True,False,False,False,True,False,False,False,False,True,False,False,False,True
LN-13486,48,2.1,36900.0,655,11.19,10060.0,16,8,0,0,16600.0,16.66,1,False,False,True,False,False,True,False,False,True,False,False,False,False,True,False
LN-13487,64,10.9,32600.0,626,20.9,9070.36,12,4,1,0,14700.0,18.3,1,False,True,False,False,False,False,True,False,True,False,False,False,False,False,True
LN-13488,35,4.3,49500.0,686,15.49,15446.95,16,8,0,2,2900.0,13.1,0,False,False,False,True,True,False,False,False,True,False,False,False,False,False,True
LN-13489,61,2.4,44200.0,627,10.61,1982.67,21,11,0,0,19900.0,16.29,1,True,False,False,False,True,False,False,False,False,False,False,False,True,True,False
LN-13490,43,12.3,59800.0,731,19.51,1906.8,18,11,0,0,1000.0,13.12,0,True,False,False,False,False,True,False,False,False,False,False,False,True,True,False
LN-13491,60,0.2,52100.0,624,10.89,5084.68,20,10,0,3,23400.0,15.15,1,False,False,False,True,False,False,True,True,False,False,False,False,False,True,False
LN-13492,31,1.1,114400.0,707,23.64,36444.7325,14,5,0,1,20700.0,12.67,0,False,False,False,True,True,False,False,False,True,False,False,False,False,True,False
LN-13493,52,3.8,68400.0,676,10.77,25044.06,20,12,0,1,30800.0,12.95,0,False,False,True,False,False,True,False,False,True,False,False,False,False,True,False
LN-13494,56,4.3,69700.0,652,9.98,13677.48,19,12,3,0,6400.0,14.96,0,False,False,False,True,False,True,False,False,True,False,False,False,False,False,True
LN-13495,53,0.2,102800.0,675,23.97,5954.3,15,8,1,0,34300.0,17.22,1,False,False,True,False,True,False,False,False,True,False,False,False,False,True,False
LN-13496,44,2.3,43700.0,734,44.05500000000001,9707.38,26,15,3,0,19700.0,15.87,1,False,False,False,True,False,False,True,False,False,False,True,False,False,True,False
LN-13497,59,4.7,27100.0,620,27.59,4341.18,22,12,0,1,5600.0,17.22,0,False,False,False,True,False,False,True,False,True,False,False,False,False,False,True
LN-13498,54,5.4,105200.0,659,25.33,13461.6,25,17,1,0,5800.0,14.99,0,True,False,False,False,False,False,True,False,False,False,False,True,False,True,False
LN-13499,48,4.6,58400.0,642,15.88,6512.87,16,10,0,0,6200.0,15.38,0,False,False,False,True,True,False,False,False,True,False,False,False,False,True,False
LN-13500,57,1.7,58500.0,678,22.82,1536.94,18,8,0,1,12400.0,15.31,0,True,False,False,False,False,True,False,False,False,False,False,True,False,False,True
LN-13501,27,0.4,38200.0,646,12.51,2906.2,14,8,2,2,2800.0,15.05,1,True,False,False,False,False,False,True,True,False,False,False,False,False,True,False
LN-13502,24,2.5,38600.0,592,34.66,11259.15,19,6,0,4,8000.0,19.35,1,False,False,False,True,False,False,True,False,True,False,False,False,False,False,True
LN-13503,57,0.6,86300.0,627,4.84,14232.21,16,8,0,0,1000.0,16.14,0,False,False,False,True,False,False,True,True,False,False,False,False,False,False,True
LN-13504,21,13.3,93100.0,762,15.44,1211.4,19,11,0,0,6200.0,10.15,0,False,False,False,True,False,False,True,False,False,False,True,False,False,False,True
LN-13505,21,2.9,83400.0,692,13.28,19824.45,20,13,0,3,15400.0,14.58,0,False,False,False,True,False,True,False,False,True,False,False,False,False,True,False
LN-13506,67,1.7,83800.0,691,15.95,20870.96,14,7,0,1,12500.0,13.19,0,True,False,False,False,False,False,True,False,True,False,False,False,False,True,False
LN-13507,40,6.5,74100.0,666,10.31,15408.4,13,8,0,0,5300.0,15.3,1,False,False,False,True,False,False,True,False,False,False,True,False,False,True,False
LN-13508,39,3.1,58200.0,677,17.56,13808.54,24,10,0,1,4200.0,17.08,0,False,False,False,True,True,False,False,False,False,False,False,True,False,True,False
LN-13509,49,1.7,49200.0,659,10.1,3165.53,34,22,1,0,5500.0,12.68,0,True,False,False,False,False,True,False,False,True,False,False,False,False,True,False
LN-13510,30,7.5,105400.0,706,11.98,30252.17,21,16,2,0,1000.0,14.18,0,False,False,False,True,False,True,False,False,False,False,False,False,True,False,True
LN-13511,38,9.1,44100.0,685,21.35,3753.1,26,16,0,0,4200.0,13.98,1,False,False,False,True,False,False,True,False,True,False,False,False,False,True,False
LN-13512,48,5.0,66400.0,621,44.05500000000001,2418.12,12,6,0,0,17200.0,19.92,1,False,False,False,True,False,False,True,True,False,False,False,False,False,True,False
LN-13513,55,0.2,34800.0,693,11.87,12211.05,18,8,1,0,2800.0,10.94,0,True,False,False,False,False,True,False,False,True,False,False,False,False,True,False
LN-13514,63,3.8,37700.0,557,19.51,5432.65,23,15,0,0,2100.0,19.01,0,False,False,True,False,False,False,True,False,False,False,True,False,False,False,True
LN-13515,67,6.5,47600.0,701,29.91,32441.78,24,13,0,0,21400.0,13.68,1,True,False,False,False,False,False,True,True,False,False,False,False,False,True,False
LN-13516,51,0.7,34800.0,610,20.23,7399.78,21,14,2,0,3800.0,19.75,1,False,False,False,True,True,False,False,False,False,False,False,False,True,False,True
LN-13517,47,1.2,84000.0,675,14.17,2145.48,20,11,0,1,4000.0,17.46,1,False,False,False,True,True,False,False,False,True,False,False,False,False,False,True
LN-13518,31,9.6,25800.0,620,14.02,36444.7325,19,15,0,0,8700.0,15.64,1,True,False,False,False,False,False,True,False,True,False,False,False,False,True,False
LN-13519,58,0.1,57200.0,680,31.17,8694.02,24,13,0,3,8900.0,15.06,1,True,False,False,False,False,False,True,False,True,False,False,False,False,False,True
LN-13520,25,6.3,58300.0,709,3.77,8771.66,23,13,1,1,2900.0,11.31,0,False,True,False,False,True,False,False,False,True,False,False,False,False,True,False
LN-13521,28,2.9,20000.0,755,17.46,5849.27,17,13,0,1,9000.0,11.98,0,False,False,False,True,False,False,True,False,True,False,False,False,False,True,False
LN-13522,54,2.7,42500.0,603,12.97,21694.21,19,9,0,0,16700.0,15.76,1,False,False,False,True,False,True,False,True,False,False,False,False,False,False,True
LN-13523,32,0.0,62400.0,729,5.27,4070.12,22,12,2,0,9300.0,12.42,1,True,False,False,False,True,False,False,False,False,False,False,False,True,True,False
LN-13524,58,7.7,68600.0,687,16.45,165.65,21,11,0,0,30900.0,13.8,0,True,False,False,False,True,False,False,False,True,False,False,False,False,True,False
LN-13525,21,2.0,48400.0,657,10.8,8252.61,16,9,0,0,21800.0,14.97,0,True,False,False,False,False,True,False,False,True,False,False,False,False,True,False
LN-13526,51,3.5,78600.0,718,7.81,31225.96,17,8,0,0,10500.0,13.82,0,True,False,False,False,False,False,True,False,False,False,True,False,False,False,True
LN-13527,24,5.1,51000.0,668,33.24,3830.35,26,14,0,0,23000.0,17.64,1,False,False,True,False,False,False,True,False,True,False,False,False,False,True,False
LN-13528,65,5.5,54600.0,716,8.77,3715.95,22,9,0,1,14600.0,14.25,0,True,False,False,False,True,False,False,False,True,False,False,False,False,False,True
LN-13529,25,14.1,62200.0,630,7.33,16077.5,14,5,0,0,10500.0,16.48,0,False,False,True,False,True,False,False,True,False,False,False,False,False,False,True
LN-13530,50,3.4,90200.0,648,5.97,17928.34,20,10,0,2,28600.0,15.74,1,False,False,True,False,False,True,False,False,False,False,False,False,True,False,True
LN-13531,44,2.3,37400.0,727,18.98,6862.98,18,7,0,0,16800.0,10.58,1,True,False,False,False,True,False,False,False,True,False,False,False,False,True,False
LN-13532,23,13.8,41500.0,754,20.26,21523.45,10,3,0,1,18700.0,12.41,1,False,False,False,True,True,False,False,True,False,False,False,False,False,True,False
LN-13533,31,4.6,37500.0,678,44.05500000000001,2263.94,22,14,0,0,16900.0,17.59,1,False,False,False,True,False,True,False,False,False,False,False,False,True,True,False
LN-13534,65,1.6,45100.0,541,13.13,5487.9,18,5,0,0,9300.0,18.29,0,True,False,False,False,True,False,False,False,True,False,False,False,False,True,False
LN-13535,24,0.6,118700.0,670,11.78,6215.77,13,8,0,0,4900.0,16.2,0,True,False,False,False,False,True,False,False,False,False,False,False,True,True,False
LN-13536,46,8.3,74200.0,682,7.15,4501.49,12,10,1,1,11400.0,11.67,0,False,False,True,False,False,True,False,False,False,False,False,False,True,True,False
LN-13537,47,2.0,29100.0,668,20.95,2946.78,18,6,0,0,13100.0,15.11,1,False,False,False,True,False,False,True,False,True,False,False,False,False,False,True
LN-13538,66,4.9,38900.0,697,5.79,4952.59,21,13,0,0,1000.0,12.1,0,False,False,False,True,True,False,False,False,True,False,False,False,False,True,False
LN-13539,63,2.9,66500.0,656,10.7,218.01,17,9,0,0,4400.0,14.58,0,True,False,False,False,False,True,False,False,False,False,False,False,True,True,False
LN-13540,47,1.0,32900.0,722,18.35,14582.43,19,6,0,1,6100.0,12.29,0,False,False,False,True,False,False,True,False,False,False,False,False,True,True,False
LN-13541,62,4.1,36400.0,622,10.97,13822.61,8,7,0,0,16400.0,14.18,0,False,False,False,True,True,False,False,False,False,False,False,False,True,True,False
LN-13542,26,0.3,113500.0,742,10.77,7178.8,27,16,0,1,13300.0,11.39,0,False,False,False,True,False,True,False,False,False,False,False,False,True,True,False
LN-13543,35,2.4,38700.0,758,9.54,4679.51,19,10,0,0,7800.0,12.42,0,True,False,False,False,True,False,False,False,False,False,False,False,True,True,False
LN-13544,50,3.6,91600.0,634,34.35,6831.92,22,10,3,0,34300.0,18.07,1,False,False,False,True,False,False,True,False,False,False,False,False,True,True,False
LN-13545,62,2.6,108100.0,634,10.39,33084.52,14,6,0,1,10800.0,14.41,0,True,False,False,False,False,True,False,False,False,False,False,False,True,True,False
LN-13546,57,6.2,36200.0,701,21.11,11102.91,23,10,0,0,16300.0,13.51,1,False,False,False,True,False,False,True,True,False,False,False,False,False,True,False
LN-13547,57,7.9,33200.0,621,9.95,15772.48,11,8,0,1,14900.0,15.69,0,False,False,True,False,True,False,False,False,False,False,True,False,False,False,True
LN-13548,62,6.6,46500.0,655,11.69,3128.85,22,13,0,0,20900.0,13.16,0,True,False,False,False,False,False,True,False,False,True,False,False,False,True,False
LN-13549,57,0.2,29800.0,735,16.04,1194.64,15,7,2,0,13400.0,13.98,1,False,False,False,True,False,True,False,False,True,False,False,False,False,False,True
LN-13550,55,1.0,57900.0,717,32.57,1042.19,23,11,0,1,26100.0,12.82,1,False,False,False,True,True,False,False,False,True,False,False,False,False,True,False
LN-13551,43,3.5,48400.0,779,3.11,7664.34,20,12,0,4,6700.0,10.82,0,False,False,False,True,False,False,True,False,False,False,False,False,True,True,False
LN-13552,26,12.3,66100.0,689,30.37,15134.41,17,10,2,0,2500.0,17.26,1,True,False,False,False,True,False,False,False,False,False,False,False,True,True,False
LN-13553,24,8.1,116800.0,649,8.7,17853.04,14,9,0,1,20000.0,15.08,0,False,False,False,True,True,False,False,False,True,False,False,False,False,True,False
LN-13554,38,8.3,84900.0,683,17.31,15293.16,14,5,0,1,29100.0,14.98,1,False,False,False,True,False,False,True,False,False,False,True,False,False,True,False
LN-13555,29,1.6,70900.0,672,14.98,29269.45,15,6,0,1,1000.0,15.11,1,True,False,False,False,False,False,True,False,False,True,False,False,False,True,False
LN-13556,49,2.5,18400.0,673,6.66,640.84,23,18,0,2,5700.0,13.11,0,False,False,False,True,False,False,True,False,True,False,False,False,False,True,False
LN-13557,33,2.9,69100.0,679,10.83,23200.39,26,15,2,1,23000.0,14.28,1,False,False,False,True,False,False,True,False,True,False,False,False,False,True,False
LN-13558,67,0.8,139700.0,633,15.01,12969.62,11,7,0,2,16100.0,16.02,0,True,False,False,False,True,False,False,False,False,False,False,False,True,True,False
LN-13559,37,0.1,15000.0,694,6.24,2316.03,23,8,0,0,6800.0,12.24,0,False,False,True,False,True,False,False,False,True,False,False,False,False,True,False
LN-13560,65,13.2,79200.0,610,26.76,13762.82,14,5,0,0,11000.0,15.3,0,False,False,False,True,False,False,True,False,True,False,False,False,False,False,True
LN-13561,52,1.2,49600.0,644,16.1,8603.37,19,10,1,1,6700.0,14.12,0,False,False,False,True,False,True,False,False,True,False,False,False,False,True,False
LN-13562,42,1.2,33900.0,674,11.13,5337.48,16,12,0,1,15300.0,12.89,0,False,False,True,False,False,True,False,False,True,False,False,False,False,True,False
LN-13563,24,0.4,84200.0,567,12.71,3419.56,20,13,0,2,11300.0,18.17,0,False,False,False,True,False,False,True,False,False,False,False,True,False,True,False
LN-13564,25,11.9,138700.0,718,26.66,7486.91,21,12,0,0,10100.0,12.08,0,False,False,True,False,False,False,True,False,True,False,False,False,False,True,False
LN-13565,57,3.9,83000.0,577,30.24,3279.55,16,5,0,1,18600.0,20.585,1,False,False,False,True,False,False,True,False,True,False,False,False,False,True,False
LN-13566,61,4.9,44200.0,713,9.13,1037.77,22,15,0,0,3000.0,15.57,0,False,False,True,False,False,True,False,False,True,False,False,False,False,False,True
LN-13567,33,10.9,32200.0,615,7.09,22458.99,18,8,0,2,12300.0,17.85,1,False,False,False,True,False,True,False,False,False,False,False,False,True,False,True
LN-13568,54,1.9,58700.0,660,22.72,10782.5,21,14,0,0,5100.0,15.79,1,False,False,True,False,False,True,False,False,False,False,False,False,True,False,True
LN-13569,65,4.4,87600.0,706,7.75,5424.45,10,5,0,0,1000.0,10.23,0,False,False,False,True,False,False,True,False,True,False,False,False,False,True,False
LN-13570,42,0.2,43800.0,790,20.28,7101.82,12,5,0,0,19300.0,12.04,0,True,False,False,False,True,False,False,False,True,False,False,False,False,True,False
LN-13571,43,0.9,46200.0,686,8.47,24014.43,25,13,0,0,9000.0,12.53,1,False,False,False,True,False,True,False,False,True,False,False,False,False,True,False
LN-13572,23,8.0,142987.5,581,8.43,4625.19,18,8,0,3,32700.0,18.73,0,False,False,False,True,True,False,False,False,True,False,False,False,False,False,True
LN-13573,62,6.6,98100.0,728,5.24,5739.78,20,9,0,1,9700.0,12.54,0,True,False,False,False,False,True,False,False,False,False,False,True,False,True,False
LN-13574,54,1.9,102000.0,668,41.34,17433.33,18,11,1,1,1000.0,16.1,1,True,False,False,False,True,False,False,False,True,False,False,False,False,True,False
LN-13575,52,2.1,24300.0,683,30.34,2685.56,13,8,0,0,7400.0,13.81,1,False,False,True,False,True,False,False,True,False,False,False,False,False,True,False
LN-13576,65,3.4,36700.0,708,13.06,12919.72,10,4,0,0,2600.0,13.31,0,False,False,False,True,False,True,False,False,True,False,False,False,False,True,False
LN-13577,41,0.0,56400.0,569,17.84,6836.8,20,15,1,2,25400.0,17.04,1,True,False,False,False,False,True,False,False,True,False,False,False,False,False,True
LN-13578,66,1.2,31200.0,680,17.54,8321.57,19,10,3,2,8300.0,14.68,1,False,False,False,True,True,False,False,False,True,False,False,False,False,True,False
LN-13579,64,1.1,130600.0,660,41.73,18550.81,15,6,0,5,10000.0,17.48,1,False,False,True,False,False,True,False,False,True,False,False,False,False,True,False
LN-13580,41,1.3,117700.0,741,19.7,36444.7325,24,10,0,1,6400.0,12.77,0,False,False,True,False,True,False,False,False,False,False,True,False,False,False,True
LN-13581,64,7.4,40400.0,716,25.25,21370.68,24,11,0,0,10300.0,13.0,0,False,False,False,True,True,False,False,False,False,False,False,False,True,False,True
LN-13582,31,1.5,142987.5,599,33.14,2100.01,17,13,0,3,1200.0,20.14,0,False,False,True,False,False,True,False,False,False,False,True,False,False,True,False
LN-13583,59,1.0,54000.0,743,8.98,3051.77,20,8,1,4,8600.0,11.0,1,True,False,False,False,False,False,True,False,True,False,False,False,False,True,False
LN-13584,24,3.2,142987.5,702,9.94,6330.18,20,8,0,3,15200.0,12.78,0,False,False,False,True,False,False,True,True,False,False,False,False,False,True,False
LN-13585,21,3.0,58700.0,603,30.28,15242.48,14,7,0,2,6500.0,19.14,1,True,False,False,False,True,False,False,False,False,False,False,True,False,True,False
LN-13586,48,1.2,74400.0,683,12.77,8544.81,16,10,0,0,7000.0,13.18,1,False,False,False,True,False,False,True,False,False,False,False,False,True,True,False
LN-13587,44,0.4,117000.0,732,8.18,27849.07,13,7,1,0,25400.0,12.02,0,True,False,False,False,False,False,True,False,False,False,False,False,True,False,True
LN-13588,55,2.0,109400.0,619,16.94,598.8,17,8,0,1,10800.0,18.66,0,False,False,False,True,False,True,False,False,False,False,False,False,True,True,False
LN-13589,33,6.2,71700.0,749,29.74,3589.24,18,8,0,0,12400.0,12.23,0,False,False,False,True,True,False,False,False,True,False,False,False,False,True,False
LN-13590,67,3.6,50100.0,604,44.05500000000001,2970.34,17,10,0,4,4900.0,20.37,1,False,False,False,True,False,False,True,False,False,False,True,False,False,True,False
LN-13591,54,7.6,71900.0,640,37.07,16358.95,20,12,0,0,9200.0,18.37,1,True,False,False,False,False,False,True,False,False,False,False,False,True,False,True
LN-13592,31,14.4,34600.0,633,2.51,7500.74,18,9,0,0,1000.0,15.8,0,True,False,False,False,False,True,False,False,False,False,True,False,False,False,True
LN-13593,56,7.1,58900.0,749,13.02,181.52,15,7,2,0,7900.0,11.17,0,False,False,True,False,False,False,True,False,True,False,False,False,False,True,False
LN-13594,37,4.2,29400.0,655,6.82,17816.77,18,10,1,0,13200.0,15.05,0,False,False,False,True,True,False,False,False,False,False,False,False,True,False,True
LN-13595,55,3.1,20300.0,622,9.27,5389.3,25,14,0,1,2500.0,17.68,0,False,False,False,True,False,False,True,False,False,False,False,False,True,True,False
LN-13596,38,0.2,55700.0,702,17.31,3620.73,25,13,0,1,20200.0,14.65,0,True,False,False,False,True,False,False,True,False,False,False,False,False,True,False
LN-13597,60,18.7,108500.0,713,17.24,2421.25,19,14,0,0,6600.0,12.63,0,True,False,False,False,True,False,False,False,True,False,False,False,False,False,True
LN-13598,42,2.2,90100.0,713,2.58,35027.96,17,12,0,1,1000.0,10.9,0,False,False,False,True,False,True,False,False,False,False,False,False,True,True,False
LN-13599,44,0.7,51800.0,666,9.31,34175.62,19,10,0,0,23300.0,15.59,1,False,False,False,True,False,False,True,False,False,False,True,False,False,False,True
LN-13600,39,4.9,141600.0,693,38.51,955.7,21,13,0,0,2800.0,16.37,0,True,False,False,False,False,True,False,False,False,False,False,False,True,True,False
LN-13601,57,1.5,39600.0,647,5.8,3179.58,20,9,0,1,5700.0,15.38,0,False,False,False,True,False,True,False,False,True,False,False,False,False,True,False
LN-13602,59,4.0,18900.0,764,29.81,12465.55,28,13,0,1,8500.0,13.54,1,True,False,False,False,False,False,True,False,True,False,False,False,False,False,True
LN-13603,41,4.0,16300.0,737,11.22,13319.4,18,9,1,3,7300.0,10.99,1,True,False,False,False,True,False,False,False,False,True,False,False,False,True,False
LN-13604,28,2.7,28300.0,734,15.47,6488.65,15,6,0,0,12200.0,11.48,0,False,False,True,False,False,True,False,False,False,False,False,False,True,True,False
LN-13605,48,8.1,84900.0,720,32.01,10086.13,21,14,0,0,33000.0,11.46,1,True,False,False,False,True,False,False,False,False,False,False,False,True,True,False
LN-13606,25,1.4,38200.0,706,13.45,14553.36,17,11,3,3,11600.0,15.14,1,False,False,False,True,False,False,True,False,False,False,False,False,True,True,False
LN-13607,37,2.7,69800.0,618,39.88,36071.62,14,9,0,0,3200.0,14.96,0,True,False,False,False,False,False,True,False,False,False,False,False,True,True,False
LN-13608,57,3.5,134000.0,712,5.65,15496.58,18,8,0,0,11600.0,12.08,0,True,False,False,False,True,False,False,False,True,False,False,False,False,True,False
LN-13609,56,4.9,29600.0,686,26.4,1402.06,20,11,0,2,1500.0,12.73,1,False,False,False,True,False,True,False,False,True,False,False,False,False,True,False
LN-13610,39,6.9,70500.0,743,24.5,15183.65,14,9,0,1,1700.0,12.18,0,True,False,False,False,False,True,False,False,True,False,False,False,False,True,False
LN-13611,47,2.3,72900.0,720,37.34,841.55,7,5,0,0,1700.0,15.34,1,False,False,False,True,False,True,False,False,False,False,False,True,False,True,False
LN-13612,54,4.7,33700.0,708,22.08,8378.09,22,9,0,1,1000.0,11.07,0,True,False,False,False,False,False,True,False,True,False,False,False,False,True,False
LN-13613,31,0.7,114100.0,596,14.32,8981.26,8,4,0,1,2300.0,17.2,1,True,False,False,False,False,True,False,True,False,False,False,False,False,True,False
LN-13614,65,12.1,46200.0,676,8.86,18075.25,17,9,0,3,6100.0,15.82,1,True,False,False,False,False,False,True,False,False,False,False,True,False,False,True
LN-13615,67,2.2,43900.0,652,12.73,139.51,13,4,1,0,1000.0,14.35,1,False,False,False,True,False,True,False,False,True,False,False,False,False,True,False
LN-13616,32,5.9,142987.5,693,5.15,24929.52,26,12,3,1,1000.0,17.22,1,False,False,False,True,False,True,False,False,False,False,False,False,True,False,True
LN-13617,41,0.1,72200.0,659,25.6,13083.61,22,14,0,3,1700.0,13.97,0,False,True,False,False,True,False,False,False,False,False,False,False,True,False,True
LN-13618,31,1.0,90100.0,666,15.41,380.25,16,9,0,0,34300.0,13.57,1,True,False,False,False,False,True,False,False,False,False,False,True,False,False,True
LN-13619,59,3.0,114100.0,703,14.08,2092.67,15,8,0,0,10400.0,13.97,0,False,False,False,True,False,False,True,False,True,False,False,False,False,False,True
LN-13620,48,9.5,37900.0,658,12.14,483.83,20,9,0,0,8000.0,14.28,0,False,False,False,True,False,True,False,False,False,False,False,True,False,True,False
LN-13621,25,3.4,107700.0,686,23.7,17426.11,17,11,0,1,9300.0,14.78,1,False,False,False,True,False,False,True,False,True,False,False,False,False,True,False
LN-13622,37,12.0,41100.0,604,14.02,2249.05,21,12,0,2,11300.0,17.61,0,True,False,False,False,False,False,True,False,False,False,False,False,True,True,False
LN-13623,40,3.0,40200.0,638,16.37,560.07,20,10,0,0,1600.0,15.09,0,True,False,False,False,False,False,True,True,False,False,False,False,False,False,True
LN-13624,61,3.0,46600.0,713,16.19,1781.83,22,8,3,0,12300.0,12.55,0,True,False,False,False,False,True,False,False,True,False,False,False,False,False,True
LN-13625,66,0.6,38500.0,618,21.91,9839.69,22,9,0,2,17300.0,15.84,1,True,False,False,False,False,False,True,False,True,False,False,False,False,True,False
LN-13626,32,7.3,85200.0,742,20.96,8209.93,11,6,0,0,11500.0,13.87,0,True,False,False,False,False,True,False,False,False,False,False,False,True,True,False
LN-13627,26,1.3,62800.0,729,31.97,3392.45,9,5,0,0,28300.0,15.9,0,False,False,False,True,True,False,False,False,False,False,False,False,True,False,True
LN-13628,37,10.3,41300.0,667,29.66,34362.83,21,9,0,1,2100.0,15.65,0,False,False,False,True,False,True,False,False,False,False,False,False,True,True,False
LN-13629,39,10.9,78500.0,830,12.02,23156.45,5,2,0,0,24500.0,8.785000000000002,0,True,False,False,False,False,False,True,True,False,False,False,False,False,True,False
LN-13630,46,12.9,46600.0,742,43.22,4530.6,25,11,0,2,15200.0,14.23,1,False,False,True,False,False,False,True,True,False,False,False,False,False,True,False
LN-13631,64,3.3,45200.0,633,20.79,7722.5,20,8,0,0,13000.0,17.54,0,True,False,False,False,False,True,False,False,True,False,False,False,False,False,True
LN-13632,64,5.1,55600.0,717,44.05500000000001,8728.47,17,7,0,0,12400.0,15.76,1,True,False,False,False,True,False,False,False,True,False,False,False,False,True,False
LN-13633,52,6.8,69900.0,683,19.16,16935.69,15,13,0,0,1800.0,12.69,0,True,False,False,False,False,False,True,False,True,False,False,False,False,True,False
LN-13634,26,0.6,67100.0,641,12.76,6702.27,18,11,0,1,14400.0,14.43,0,False,False,True,False,True,False,False,True,False,False,False,False,False,False,True
LN-13635,56,3.0,44400.0,627,11.03,9488.35,20,12,0,3,7100.0,15.21,1,False,False,False,True,False,True,False,True,False,False,False,False,False,True,False
LN-13636,58,0.2,86300.0,730,4.82,6383.89,13,6,0,1,1000.0,13.6,0,False,False,False,True,False,True,False,False,False,False,False,True,False,False,True
LN-13637,31,3.1,47900.0,650,18.18,17267.27,12,7,0,0,3200.0,15.08,0,False,False,True,False,True,False,False,False,True,False,False,False,False,False,True
LN-13638,53,0.8,37800.0,675,18.77,9741.38,15,9,0,1,8200.0,15.09,0,True,False,False,False,True,False,False,False,False,False,False,False,True,True,False
LN-13639,44,0.9,24200.0,634,15.57,21107.83,9,5,0,1,10900.0,14.51,1,False,False,False,True,True,False,False,False,True,False,False,False,False,False,True
LN-13640,43,2.0,93000.0,643,19.85,662.8,15,5,0,2,7900.0,15.8,0,True,False,False,False,False,False,True,False,True,False,False,False,False,True,False
LN-13641,35,2.5,54500.0,674,6.35,28159.24,17,10,0,0,2300.0,12.7,0,False,False,False,True,False,True,False,False,False,False,True,False,False,True,False
LN-13642,47,4.4,60800.0,699,14.77,20537.01,14,10,1,0,27400.0,12.01,0,False,False,False,True,False,True,False,False,True,False,False,False,False,False,True
LN-13643,31,3.0,96300.0,551,7.49,20478.31,22,18,1,0,1000.0,17.01,0,False,False,True,False,False,False,True,False,False,False,False,True,False,True,False
LN-13644,37,3.2,41700.0,681,20.21,1814.18,14,9,0,0,1900.0,13.01,0,False,False,False,True,False,True,False,False,True,False,False,False,False,True,False
LN-13645,34,0.9,25400.0,643,17.39,3669.71,15,5,0,1,9000.0,15.18,1,False,False,True,False,False,False,True,False,False,False,False,False,True,True,False
LN-13646,47,3.8,56300.0,750,29.5,36444.7325,12,4,0,0,1400.0,13.56,1,False,False,False,True,False,False,True,False,True,False,False,False,False,True,False
LN-13647,38,4.6,64200.0,827,13.0,36014.98,17,9,0,0,11900.0,10.82,0,True,False,False,False,False,False,True,False,True,False,False,False,False,False,True
LN-13648,48,3.7,46900.0,662,29.4,3082.65,15,8,3,0,2400.0,13.5,1,False,False,False,True,True,False,False,False,True,False,False,False,False,True,False
LN-13649,67,6.0,121900.0,594,14.7,6806.69,22,10,0,0,14700.0,18.56,0,True,False,False,False,True,False,False,False,True,False,False,False,False,False,True
LN-13650,67,1.8,15000.0,686,23.49,2034.42,15,11,0,0,1800.0,15.12,1,True,False,False,False,False,True,False,False,True,False,False,False,False,True,False
LN-13651,24,6.5,100300.0,670,9.58,3656.12,20,12,0,0,23300.0,13.52,0,True,False,False,False,False,True,False,False,True,False,False,False,False,True,False
LN-13652,27,2.6,83700.0,779,16.22,2450.81,17,9,0,2,18500.0,9.55,0,False,False,False,True,False,False,True,True,False,False,False,False,False,True,False
LN-13653,65,3.0,69600.0,763,15.2,1012.81,22,9,0,4,31300.0,11.01,1,False,False,False,True,True,False,False,False,True,False,False,False,False,True,False
LN-13654,55,4.7,15000.0,723,30.5,10395.13,12,6,0,0,1000.0,15.94,1,False,False,False,True,False,True,False,False,False,False,True,False,False,True,False
LN-13655,29,0.1,109800.0,651,15.18,3305.65,15,9,0,4,11300.0,15.8,0,False,False,False,True,True,False,False,True,False,False,False,False,False,True,False
LN-13656,28,4.8,30800.0,714,15.28,36444.7325,16,6,0,0,13900.0,14.24,0,True,False,False,False,True,False,False,False,False,True,False,False,False,True,False
LN-13657,65,4.3,41000.0,693,44.05500000000001,8694.16,21,11,0,2,18400.0,16.06,1,True,False,False,False,False,False,True,False,True,False,False,False,False,False,True
LN-13658,37,1.7,49300.0,692,25.72,5338.48,21,9,1,1,9200.0,14.97,1,True,False,False,False,False,True,False,False,False,False,False,False,True,False,True
LN-13659,37,0.4,67800.0,602,13.35,29324.56,12,7,0,0,30500.0,14.95,1,True,False,False,False,True,False,False,False,True,False,False,False,False,True,False
LN-13660,53,0.4,77000.0,733,22.13,11634.59,14,13,0,1,1800.0,13.22,0,False,False,False,True,False,False,True,False,False,False,False,True,False,False,True
LN-13661,52,11.6,88500.0,685,27.17,1630.92,14,10,2,3,7900.0,16.58,1,False,False,False,True,False,True,False,False,True,False,False,False,False,True,False
LN-13662,28,5.3,84900.0,675,17.06,8265.57,15,5,0,3,4100.0,14.93,1,False,False,False,True,True,False,False,False,True,False,False,False,False,False,True
LN-13663,39,0.6,62300.0,650,25.16,6980.97,13,10,0,1,2400.0,16.09,1,True,False,False,False,False,False,True,False,False,False,True,False,False,False,True
LN-13664,58,2.0,68100.0,640,16.2,17384.78,16,8,1,2,4700.0,16.8,0,True,False,False,False,True,False,False,False,True,False,False,False,False,False,True
LN-13665,23,4.0,29700.0,696,30.63,14201.33,18,10,0,0,13400.0,14.19,0,False,False,False,True,True,False,False,False,False,False,False,True,False,True,False
LN-13666,25,8.1,35800.0,593,4.26,5559.51,21,12,0,0,9200.0,17.18,0,False,False,False,True,True,False,False,False,True,False,False,False,False,False,True
LN-13667,33,0.2,88700.0,719,8.64,7606.76,11,6,0,0,2800.0,12.7,0,False,False,True,False,False,False,True,False,True,False,False,False,False,False,True
LN-13668,67,1.2,85900.0,627,12.33,8777.37,17,12,1,1,1000.0,15.85,1,True,False,False,False,False,False,True,False,False,False,False,False,True,True,False
LN-13669,66,9.9,80700.0,577,25.12,6587.75,23,15,0,0,34300.0,18.79,1,True,False,False,False,False,False,True,True,False,False,False,False,False,False,True
LN-13670,51,0.0,40800.0,771,19.73,1367.72,12,9,0,1,5300.0,10.26,0,False,False,False,True,True,False,False,False,False,False,False,True,False,True,False
LN-13671,36,1.0,89400.0,637,9.85,28302.99,12,9,0,0,1900.0,17.37,0,False,False,False,True,True,False,False,False,True,False,False,False,False,False,True
LN-13672,52,14.4,28600.0,644,17.43,13397.41,14,10,0,2,2200.0,18.67,0,False,False,True,False,False,True,False,True,False,False,False,False,False,False,True
LN-13673,42,4.3,98000.0,737,4.42,7612.21,17,8,1,1,4100.0,12.07,0,True,False,False,False,False,False,True,False,True,False,False,False,False,True,False
LN-13674,49,1.4,46900.0,773,5.83,10116.12,16,11,0,1,3700.0,8.785000000000002,0,False,False,False,True,False,False,True,False,True,False,False,False,False,True,False
LN-13675,42,0.3,136800.0,603,5.25,2876.82,18,11,0,2,4600.0,15.55,0,True,False,False,False,True,False,False,False,False,False,True,False,False,True,False
LN-13676,63,0.1,23500.0,632,7.65,9074.48,18,9,2,2,3600.0,16.38,1,True,False,False,False,False,True,False,True,False,False,False,False,False,False,True
LN-13677,23,1.3,142900.0,636,24.49,16446.36,22,15,1,2,7900.0,15.28,1,False,False,False,True,True,False,False,False,False,True,False,False,False,False,True
LN-13678,30,9.6,44400.0,727,20.16,9154.45,25,10,0,0,20000.0,13.41,0,False,False,False,True,True,False,False,False,True,False,False,False,False,False,True
LN-13679,62,2.4,44000.0,762,13.61,7862.48,12,7,3,1,1000.0,9.72,0,False,False,False,True,True,False,False,False,False,False,True,False,False,True,False
LN-13680,41,5.7,60300.0,626,24.95,7447.37,13,4,0,0,3000.0,16.43,0,False,False,False,True,True,False,False,False,True,False,False,False,False,False,True
LN-13681,36,11.3,36900.0,751,31.74,17206.81,14,9,0,1,16600.0,14.61,1,True,False,False,False,False,True,False,False,False,False,False,False,True,False,True
LN-13682,32,2.4,52100.0,645,7.87,16796.92,19,14,0,0,2300.0,15.63,0,False,False,False,True,False,True,False,False,False,False,False,False,True,False,True
LN-13683,22,1.0,36100.0,697,30.0,16638.9,22,12,0,5,16200.0,13.48,1,True,False,False,False,True,False,False,False,False,False,False,False,True,True,False
LN-13684,61,3.3,36800.0,616,9.8,3391.06,23,14,1,1,10100.0,15.69,0,False,True,False,False,False,True,False,False,True,False,False,False,False,True,False
LN-13685,44,10.7,70800.0,674,10.95,11544.72,17,9,0,0,29900.0,13.57,1,False,False,False,True,False,True,False,False,False,False,False,False,True,True,False
LN-13686,55,7.3,33000.0,674,41.33,18110.08,24,13,0,0,1000.0,17.5,1,True,False,False,False,False,False,True,False,False,False,False,False,True,True,False
LN-13687,50,0.3,35500.0,664,17.81,9903.54,21,12,0,2,16000.0,13.39,1,True,False,False,False,False,False,True,False,False,True,False,False,False,False,True
LN-13688,50,5.3,25500.0,699,11.96,18113.88,23,10,0,0,11500.0,12.4,1,True,False,False,False,False,True,False,False,False,False,False,True,False,True,False
LN-13689,67,3.8,41100.0,630,22.43,23122.99,17,11,0,1,8900.0,18.16,1,True,False,False,False,False,False,True,True,False,False,False,False,False,True,False
LN-13690,55,10.7,111500.0,636,26.73,2292.33,16,9,0,0,2200.0,15.09,0,False,False,False,True,False,False,True,False,True,False,False,False,False,True,False
LN-13691,39,0.6,34000.0,702,17.94,4389.29,25,14,0,2,3700.0,12.37,0,True,False,False,False,False,True,False,False,True,False,False,False,False,True,False
LN-13692,28,3.4,36200.0,747,11.97,11034.84,24,12,0,0,16300.0,11.13,0,True,False,False,False,False,False,True,False,True,False,False,False,False,True,False
LN-13693,46,9.5,60300.0,679,19.65,4104.45,24,17,0,0,2300.0,16.07,0,False,False,True,False,True,False,False,False,True,False,False,False,False,True,False
LN-13694,60,2.4,44200.0,705,23.28,34041.25,22,12,0,1,10500.0,14.49,0,False,False,False,True,False,True,False,False,True,False,False,False,False,True,False
LN-13695,27,3.0,142987.5,718,14.87,2590.06,30,17,0,0,3300.0,11.64,0,False,False,True,False,False,True,False,False,False,False,False,False,True,True,False
LN-13696,50,0.3,49500.0,722,39.93,5298.36,21,7,0,3,9400.0,14.69,1,False,False,False,True,False,False,True,True,False,False,False,False,False,True,False
LN-13697,27,1.5,65100.0,632,19.16,36444.7325,16,7,0,0,4100.0,15.59,0,False,True,False,False,False,False,True,False,True,False,False,False,False,True,False
LN-13698,23,1.8,91000.0,641,25.89,2516.54,23,15,0,0,6100.0,16.8,0,True,False,False,False,False,True,False,False,False,False,False,True,False,True,False
LN-13699,21,13.1,90100.0,645,26.33,7148.28,16,9,0,1,22700.0,17.12,1,True,False,False,False,True,False,False,False,False,False,True,False,False,False,True
LN-13700,56,1.5,61600.0,776,5.99,4518.72,6,2,0,3,1000.0,11.58,0,True,False,False,False,True,False,False,False,False,True,False,False,False,False,True
LN-13701,45,2.8,49600.0,705,22.5,19916.1,17,9,1,3,22300.0,13.55,1,False,False,False,True,False,False,True,True,False,False,False,False,False,True,False
LN-13702,57,5.0,142987.5,703,23.8,4351.41,20,12,0,0,5400.0,15.69,0,False,False,False,True,False,True,False,False,True,False,False,False,False,True,False
LN-13703,21,0.8,51300.0,698,11.84,2112.67,14,8,1,0,12700.0,13.26,0,False,False,False,True,False,False,True,False,True,False,False,False,False,True,False
LN-13704,35,3.0,42500.0,614,10.7,32460.98,16,9,3,3,3500.0,15.16,1,False,False,False,True,True,False,False,True,False,False,False,False,False,True,False
LN-13705,57,6.0,38000.0,777,5.92,4582.2,16,13,0,0,6200.0,11.58,0,False,False,False,True,True,False,False,False,True,False,False,False,False,True,False
LN-13706,33,9.1,21000.0,704,33.38,16245.81,18,9,0,2,8600.0,16.55,1,True,False,False,False,False,True,False,False,False,False,False,False,True,False,True
LN-13707,60,4.4,85100.0,716,9.5,4119.48,20,10,0,0,16300.0,11.46,0,True,False,False,False,False,True,False,False,True,False,False,False,False,True,False
LN-13708,28,5.0,15000.0,592,6.11,2360.67,18,11,1,0,6800.0,11.52,1,False,False,False,True,True,False,False,False,True,False,False,False,False,True,False
LN-13709,25,0.6,54000.0,719,13.23,19458.87,19,10,0,4,24300.0,13.4,0,True,False,False,False,False,True,False,False,False,True,False,False,False,True,False
LN-13710,29,13.1,48400.0,662,8.44,686.24,15,9,0,1,5800.0,14.67,0,True,False,False,False,False,True,False,False,True,False,False,False,False,False,True
LN-13711,21,0.6,142987.5,614,6.04,4841.12,9,6,1,1,1300.0,15.59,0,False,False,True,False,True,False,False,False,True,False,False,False,False,True,False
LN-13712,56,6.7,19800.0,632,44.05500000000001,18173.99,17,8,0,0,8900.0,19.98,1,True,False,False,False,False,True,False,False,False,False,False,True,False,True,False
LN-13713,55,1.4,33000.0,617,8.1,8612.66,21,10,0,0,1000.0,14.46,0,False,False,False,True,False,True,False,False,True,False,False,False,False,True,False
LN-13714,22,12.2,50300.0,616,9.88,14037.71,20,10,2,0,22600.0,14.43,1,True,False,False,False,True,False,False,False,False,False,True,False,False,True,False
LN-13715,60,5.7,48600.0,683,17.4,829.85,15,7,0,3,1000.0,13.56,0,True,False,False,False,False,True,False,False,True,False,False,False,False,False,True
LN-13716,43,6.3,40000.0,661,5.97,16626.42,15,9,0,1,18000.0,16.67,1,False,False,False,True,True,False,False,False,False,True,False,False,False,True,False
LN-13717,29,1.1,51800.0,697,15.29,2264.04,22,15,0,0,1000.0,15.05,0,False,False,False,True,False,False,True,False,False,False,True,False,False,True,False
LN-13718,54,2.6,27100.0,764,22.95,19847.2,22,11,0,0,1000.0,12.89,0,False,False,False,True,False,False,True,False,False,False,False,False,True,True,False
LN-13719,66,4.3,65900.0,674,18.48,9966.17,20,12,0,2,10000.0,12.3,0,False,False,False,True,False,False,True,False,True,False,False,False,False,True,False
LN-13720,34,6.6,15100.0,568,20.84,16126.26,18,8,0,0,6800.0,17.48,1,False,False,False,True,False,True,False,True,False,False,False,False,False,False,True
LN-13721,24,0.5,53400.0,668,14.96,2871.77,14,8,0,0,6100.0,15.36,0,True,False,False,False,False,True,False,False,False,False,True,False,False,True,False
LN-13722,50,14.8,38900.0,740,12.1,6038.76,15,7,0,1,13000.0,12.47,1,False,False,False,True,True,False,False,False,True,False,False,False,False,True,False
LN-13723,51,9.9,94700.0,676,21.06,19438.06,10,5,0,0,26200.0,14.43,0,True,False,False,False,False,True,False,False,True,False,False,False,False,True,False
LN-13724,58,1.4,142300.0,756,20.22,29003.1,13,6,1,0,22200.0,11.5,0,True,False,False,False,True,False,False,False,False,False,False,True,False,False,True
LN-13725,31,7.8,45200.0,703,7.86,3083.08,26,12,0,5,20300.0,14.1,1,False,False,False,True,False,False,True,False,False,False,False,False,True,True,False
LN-13726,55,3.3,116400.0,588,17.25,18923.28,17,12,0,1,2400.0,19.41,0,False,False,False,True,True,False,False,False,False,True,False,False,False,True,False
LN-13727,28,2.8,45500.0,685,15.57,1378.94,18,11,0,1,3600.0,15.55,1,False,False,False,True,False,True,False,False,True,False,False,False,False,False,True
LN-13728,23,1.7,31800.0,695,23.29,6656.26,16,7,0,1,12400.0,14.42,1,False,False,False,True,False,True,False,False,True,False,False,False,False,False,True
LN-13729,34,3.9,141500.0,734,19.56,33507.56,18,10,0,0,18000.0,14.61,0,False,False,False,True,False,False,True,False,False,False,False,False,True,True,False
LN-13730,33,5.9,72100.0,771,2.0,34834.88,14,8,0,2,1600.0,10.39,0,False,False,False,True,False,True,False,False,True,False,False,False,False,True,False
LN-13731,65,2.4,54300.0,725,31.53,4223.36,11,8,0,0,2700.0,16.98,1,True,False,False,False,False,True,False,False,True,False,False,False,False,False,True
LN-13732,52,4.5,79100.0,702,26.94,2571.89,14,7,0,3,34300.0,13.96,1,True,False,False,False,False,True,False,False,True,False,False,False,False,True,False
LN-13733,54,5.4,63000.0,714,28.77,1942.98,18,11,0,0,1000.0,16.63,0,False,False,False,True,True,False,False,False,False,False,True,False,False,True,False
LN-13734,65,5.6,52200.0,672,23.66,7867.33,19,8,0,4,7200.0,15.55,1,False,False,False,True,True,False,False,False,False,False,False,True,False,False,True
LN-13735,39,0.2,26100.0,607,28.04,1159.15,20,13,1,2,3300.0,16.73,1,True,False,False,False,True,False,False,False,False,True,False,False,False,True,False
LN-13736,58,8.8,46700.0,682,12.78,5296.58,14,8,0,0,20800.0,14.89,0,True,False,False,False,False,True,False,False,True,False,False,False,False,True,False
LN-13737,36,2.8,76300.0,698,26.34,205.89,16,11,2,0,27900.0,15.38,0,True,False,False,False,True,False,False,False,True,False,False,False,False,False,True
LN-13738,22,1.4,50600.0,620,15.62,3603.5,12,6,1,0,4000.0,16.57,1,True,False,False,False,True,False,False,False,False,False,False,True,False,True,False
LN-13739,60,1.2,89000.0,746,6.13,27664.3,16,6,0,0,12500.0,10.1,0,False,False,False,True,False,False,True,False,True,False,False,False,False,True,False
LN-13740,37,3.0,66900.0,730,26.13,7108.3,21,14,0,1,25900.0,12.23,0,False,False,False,True,False,True,False,False,True,False,False,False,False,True,False
LN-13741,54,9.8,33400.0,611,18.57,919.27,21,16,1,1,12800.0,16.18,1,False,False,True,False,False,False,True,False,True,False,False,False,False,True,False
LN-13742,62,2.1,26200.0,748,34.6,12489.9,15,9,0,1,11800.0,13.96,1,False,False,False,True,False,False,True,False,True,False,False,False,False,True,False
LN-13743,36,6.2,49700.0,665,17.13,36444.7325,15,7,0,0,7500.0,14.86,0,False,True,False,False,False,False,True,False,True,False,False,False,False,False,True
LN-13744,58,0.5,40600.0,641,9.71,7470.2,18,6,0,0,14800.0,17.25,0,True,False,False,False,False,False,True,True,False,False,False,False,False,False,True
LN-13745,22,2.9,65200.0,734,11.34,11747.18,19,14,0,1,29300.0,11.99,1,True,False,False,False,False,True,False,False,True,False,False,False,False,True,False
LN-13746,22,21.6,36500.0,677,14.09,30221.76,21,10,0,2,5000.0,16.21,1,False,False,False,True,False,True,False,False,True,False,False,False,False,True,False
LN-13747,46,6.6,38600.0,775,18.89,6518.11,17,10,0,0,3100.0,11.15,0,True,False,False,False,False,False,True,False,False,False,True,False,False,False,True
LN-13748,33,1.1,96700.0,637,28.26,13108.71,20,13,0,0,34300.0,16.99,1,True,False,False,False,True,False,False,False,False,False,False,True,False,True,False
LN-13749,67,3.1,58800.0,593,18.66,6972.92,14,9,0,0,1000.0,18.77,0,False,False,False,True,True,False,False,False,False,False,False,False,True,False,True
LN-13750,51,1.2,36800.0,666,7.75,36444.7325,19,7,0,0,16600.0,15.33,1,False,False,False,True,True,False,False,False,True,False,False,False,False,False,True
LN-13751,54,2.4,54700.0,719,19.03,8409.35,16,7,0,1,24600.0,13.16,1,False,False,True,False,False,True,False,False,True,False,False,False,False,True,False
LN-13752,59,6.8,115700.0,634,30.8,26022.2,21,13,0,0,3500.0,17.89,0,True,False,False,False,False,True,False,False,True,False,False,False,False,True,False
LN-13753,23,6.6,63700.0,613,17.36,8491.79,17,6,0,3,7800.0,14.99,0,False,False,False,True,False,False,True,False,True,False,False,False,False,True,False
LN-13754,28,1.2,75100.0,691,20.76,13245.41,16,11,0,0,1800.0,15.59,0,False,False,False,True,False,False,True,False,False,False,False,False,True,False,True
LN-13755,43,11.5,35800.0,607,15.3,5855.89,25,15,0,0,6400.0,15.32,1,True,False,False,False,False,False,True,True,False,False,False,False,False,True,False
LN-13756,34,4.0,95300.0,695,15.22,29947.5,13,6,1,0,8600.0,13.98,0,True,False,False,False,False,True,False,False,True,False,False,False,False,False,True
LN-13757,47,2.2,142987.5,663,28.88,12493.48,16,3,0,0,10000.0,17.12,1,True,False,False,False,True,False,False,False,True,False,False,False,False,False,True
LN-13758,49,3.1,35100.0,705,24.88,241.36,16,9,0,2,1800.0,15.27,0,True,False,False,False,False,False,True,False,False,False,False,False,True,True,False
LN-13759,59,4.2,28300.0,611,44.05500000000001,189.18,22,10,0,2,7200.0,17.76,1,False,False,False,True,False,False,True,False,False,False,False,True,False,True,False
LN-13760,59,3.7,59700.0,745,12.11,13530.72,21,8,0,0,13700.0,13.81,0,True,False,False,False,False,False,True,False,True,False,False,False,False,True,False
LN-13761,21,3.0,87700.0,671,10.53,1456.1,21,17,0,0,9700.0,16.27,0,False,False,False,True,False,True,False,False,True,False,False,False,False,False,True
LN-13762,37,3.2,51500.0,718,6.28,15112.32,19,12,0,2,23200.0,12.28,0,False,False,True,False,False,False,True,True,False,False,False,False,False,True,False
LN-13763,61,0.9,30400.0,728,14.0,4663.59,14,10,0,0,13700.0,11.24,0,True,False,False,False,False,True,False,False,True,False,False,False,False,True,False
LN-13764,50,7.5,51000.0,622,15.74,9290.2,23,11,2,2,23000.0,17.89,1,False,False,False,True,False,False,True,False,True,False,False,False,False,True,False
LN-13765,33,3.5,75300.0,724,10.23,2299.73,24,13,1,1,1000.0,12.91,0,False,False,False,True,False,True,False,False,True,False,False,False,False,True,False
LN-13766,41,0.6,43300.0,609,21.06,3391.89,12,9,0,0,3400.0,17.45,0,True,False,False,False,False,False,True,False,False,False,False,False,True,True,False
LN-13767,39,6.5,75700.0,611,25.17,6891.95,23,13,0,0,1300.0,16.35,0,False,False,False,True,False,True,False,False,True,False,False,False,False,True,False
LN-13768,39,12.1,102800.0,778,20.51,13140.62,13,7,0,1,8000.0,11.68,1,False,False,False,True,False,False,True,False,True,False,False,False,False,True,False
LN-13769,45,13.2,61800.0,736,8.37,2031.42,8,4,0,2,18000.0,11.07,1,True,False,False,False,True,False,False,True,False,False,False,False,False,True,False
LN-13770,42,2.1,53300.0,784,10.73,3963.45,16,7,0,0,1000.0,12.93,0,False,False,False,True,False,True,False,False,True,False,False,False,False,False,True
LN-13771,51,0.7,85500.0,661,16.9,2782.62,16,11,0,0,4300.0,16.39,1,True,False,False,False,False,True,False,False,True,False,False,False,False,True,False
LN-13772,37,3.3,33800.0,685,29.94,23824.8,18,10,1,2,1400.0,15.99,1,False,False,False,True,False,True,False,False,True,False,False,False,False,False,True
LN-13773,43,0.5,32000.0,706,14.86,12529.71,15,10,0,1,7400.0,13.59,0,True,False,False,False,False,True,False,False,False,False,False,False,True,False,True
LN-13774,52,12.2,46800.0,679,3.77,7584.53,14,6,0,2,21100.0,14.22,1,False,False,False,True,False,False,True,True,False,False,False,False,False,True,False
LN-13775,30,0.9,41300.0,643,13.92,35236.67,15,7,1,0,7500.0,16.02,0,False,False,False,True,False,True,False,False,True,False,False,False,False,True,False
LN-13776,30,3.0,34800.0,635,16.29,15973.78,19,9,0,2,14100.0,14.28,0,False,False,True,False,False,True,False,False,False,False,False,True,False,True,False
LN-13777,56,2.3,142987.5,691,36.64,32298.94,15,11,0,0,6900.0,16.17,0,True,False,False,False,False,True,False,False,False,False,False,False,True,False,True
LN-13778,28,2.2,142987.5,627,3.74,10923.49,19,10,0,0,18400.0,18.57,0,False,False,False,True,True,False,False,False,True,False,False,False,False,False,True
LN-13779,40,7.1,44600.0,625,25.27,1782.79,8,3,0,0,19000.0,16.71,1,False,False,False,True,True,False,False,False,False,False,False,False,True,True,False
LN-13780,52,2.7,57000.0,700,6.35,13502.94,13,6,0,2,2100.0,13.09,1,True,False,False,False,True,False,False,False,False,False,False,False,True,True,False
LN-13781,34,3.0,48900.0,675,12.32,2700.11,13,5,0,0,14800.0,14.74,1,True,False,False,False,False,False,True,False,False,False,True,False,False,True,False
LN-13782,48,1.4,99600.0,727,20.13,5095.2,17,11,0,4,6800.0,12.38,1,False,True,False,False,False,True,False,True,False,False,False,False,False,True,False
LN-13783,66,3.2,111100.0,659,27.15,8550.85,15,9,1,1,27500.0,16.7,1,False,True,False,False,False,False,True,False,True,False,False,False,False,True,False
LN-13784,44,3.0,20400.0,651,10.8,2054.67,16,9,0,1,2400.0,15.19,1,True,False,False,False,False,True,False,False,True,False,False,False,False,True,False
LN-13785,35,4.3,70400.0,701,12.59,252.0,20,11,0,1,31700.0,14.63,0,False,False,False,True,False,True,False,False,True,False,False,False,False,True,False
LN-13786,42,3.8,26400.0,639,14.74,4753.65,23,14,0,0,10000.0,13.41,0,True,False,False,False,False,False,True,False,False,False,False,False,True,True,False
LN-13787,50,5.6,142500.0,647,10.41,20868.8,13,8,0,2,4100.0,15.25,0,True,False,False,False,True,False,False,False,False,False,False,False,True,True,False
LN-13788,24,12.5,69000.0,649,34.65,185.99,13,6,0,4,5700.0,16.96,1,False,False,False,True,False,True,False,False,False,False,False,False,True,True,False
LN-13789,33,10.9,34400.0,670,18.51,1390.78,16,8,0,0,1000.0,14.04,0,False,False,False,True,False,False,True,True,False,False,False,False,False,False,True
LN-13790,43,13.1,47400.0,769,24.08,19731.76,13,9,0,2,21300.0,11.7,0,False,False,False,True,False,False,True,False,True,False,False,False,False,True,False
LN-13791,28,1.3,46200.0,611,14.85,4380.84,15,4,0,2,3600.0,16.81,1,False,False,False,True,False,True,False,False,True,False,False,False,False,True,False
LN-13792,38,0.6,72300.0,745,3.72,33408.85,21,11,1,1,32500.0,11.22,0,False,False,False,True,True,False,False,True,False,False,False,False,False,True,False
LN-13793,32,1.6,96100.0,717,14.77,5741.16,21,12,0,0,26800.0,13.91,0,True,False,False,False,False,True,False,False,True,False,False,False,False,False,True
LN-13794,51,10.1,28800.0,758,28.53,19117.1,16,5,0,0,6000.0,13.71,0,True,False,False,False,True,False,False,False,True,False,False,False,False,False,True
LN-13795,34,16.1,142987.5,837,4.45,3593.65,21,14,0,0,3300.0,8.785000000000002,0,True,False,False,False,False,False,True,False,False,False,False,False,True,True,False
LN-13796,54,8.8,131000.0,752,16.2,765.91,19,10,0,0,7800.0,14.34,0,False,False,False,True,False,True,False,False,True,False,False,False,False,True,False
LN-13797,38,0.5,33500.0,726,21.95,25599.63,18,8,0,5,15100.0,14.62,0,False,False,False,True,True,False,False,False,False,False,True,False,False,False,True
LN-13798,54,13.3,56400.0,614,13.13,31456.39,16,9,1,0,25400.0,16.47,1,True,False,False,False,False,True,False,False,False,True,False,False,False,True,False
LN-13799,31,2.5,138800.0,621,10.98,14776.11,15,7,0,1,9400.0,14.11,0,False,False,False,True,False,False,True,False,True,False,False,False,False,True,False
LN-13800,61,0.0,106700.0,698,18.09,17639.65,17,7,0,0,11000.0,13.43,1,True,False,False,False,False,True,False,False,True,False,False,False,False,True,False
LN-13801,32,2.6,45000.0,595,9.68,85.84,13,8,0,0,7400.0,16.8,0,False,False,True,False,False,True,False,False,False,False,True,False,False,False,True
LN-13802,35,0.2,84800.0,711,5.63,16820.48,17,11,0,0,34300.0,12.36,1,False,False,False,True,False,True,False,False,True,False,False,False,False,True,False
LN-13803,51,3.5,142987.5,573,13.19,7668.37,17,10,2,2,34300.0,17.03,1,False,False,False,True,True,False,False,False,False,True,False,False,False,True,False
LN-13804,49,1.9,57400.0,738,39.14,7235.08,13,8,0,1,4800.0,13.47,0,True,False,False,False,True,False,False,False,True,False,False,False,False,True,False
LN-13805,46,2.9,38300.0,664,21.55,9320.17,17,12,0,0,17200.0,14.9,1,False,False,True,False,False,True,False,False,False,False,False,False,True,True,False
LN-13806,38,4.3,59600.0,686,11.93,3796.44,21,13,0,1,26800.0,13.4,0,True,False,False,False,False,False,True,False,False,False,True,False,False,False,True
LN-13807,52,9.1,62000.0,643,22.05,14300.13,20,8,2,3,9000.0,16.6,0,False,False,True,False,False,True,False,False,False,False,False,False,True,True,False
LN-13808,42,4.9,40600.0,585,30.85,4204.72,19,10,0,0,7500.0,20.41,1,False,False,False,True,True,False,False,True,False,False,False,False,False,False,True
LN-13809,58,2.6,69100.0,742,10.31,9813.83,17,11,0,3,28500.0,13.38,0,False,True,False,False,True,False,False,False,True,False,False,False,False,False,True
LN-13810,37,7.7,27200.0,747,22.03,1767.08,15,5,0,0,12200.0,13.59,0,False,False,False,True,False,False,True,False,False,False,True,False,False,True,False
LN-13811,43,10.6,37600.0,662,12.99,13489.95,21,10,0,2,7200.0,15.5,1,False,False,False,True,False,True,False,False,True,False,False,False,False,True,False
LN-13812,44,0.6,82200.0,713,32.78,2522.92,5,3,0,2,9500.0,12.97,0,True,False,False,False,False,False,True,False,False,False,False,False,True,True,False
LN-13813,28,3.4,20600.0,660,11.83,2241.94,19,9,0,0,5700.0,16.32,1,False,False,True,False,False,False,True,False,True,False,False,False,False,True,False
LN-13814,61,1.5,89000.0,694,12.74,294.99,23,12,0,2,3300.0,14.55,0,False,False,False,True,False,True,False,False,True,False,False,False,False,True,False
LN-13815,26,0.2,17900.0,718,20.71,1558.38,11,5,0,1,8100.0,11.09,1,False,False,False,True,False,True,False,False,False,False,False,True,False,True,False
LN-13816,25,5.0,20900.0,708,9.44,3176.5,18,11,0,0,2900.0,12.89,0,False,False,False,True,False,False,True,True,False,False,False,False,False,False,True
LN-13817,64,8.9,41200.0,747,9.06,3017.12,21,13,0,4,18500.0,11.04,0,False,False,False,True,True,False,False,False,True,False,False,False,False,False,True
LN-13818,49,0.8,63400.0,706,32.02,4764.1,20,12,1,1,7600.0,15.19,1,False,False,False,True,True,False,False,False,True,False,False,False,False,True,False
LN-13819,48,7.5,112300.0,681,28.57,671.44,16,12,0,0,1200.0,14.55,0,False,False,True,False,True,False,False,False,True,False,False,False,False,True,False
LN-13820,31,8.6,55900.0,642,24.53,32837.03,14,8,0,0,5500.0,16.15,1,True,False,False,False,False,False,True,False,True,False,False,False,False,True,False
LN-13821,21,11.1,47300.0,656,10.81,1522.77,19,11,0,1,1200.0,17.65,0,True,False,False,False,False,True,False,False,False,True,False,False,False,False,True
LN-13822,63,1.4,74500.0,721,44.05500000000001,14526.49,17,15,0,0,33500.0,17.03,1,True,False,False,False,False,True,False,False,True,False,False,False,False,True,False
LN-13823,39,10.5,33600.0,605,16.57,9190.5,20,9,2,0,4300.0,15.52,1,True,False,False,False,False,False,True,False,False,True,False,False,False,True,False
LN-13824,29,1.7,58500.0,735,17.82,9656.69,19,9,0,4,19200.0,13.16,1,True,False,False,False,False,True,False,False,True,False,False,False,False,True,False
LN-13825,47,3.6,28000.0,666,37.82,1338.11,22,12,0,1,7800.0,18.61,1,True,False,False,False,True,False,False,False,False,True,False,False,False,True,False
LN-13826,54,0.2,56700.0,639,15.79,3344.11,18,6,0,1,15900.0,15.42,1,False,False,False,True,False,False,True,False,True,False,False,False,False,False,True
LN-13827,64,0.2,50400.0,625,10.2,18163.06,22,8,0,0,4100.0,16.68,0,True,False,False,False,True,False,False,False,False,False,False,True,False,True,False
LN-13828,24,5.7,34800.0,714,23.32,7476.44,19,13,0,0,1400.0,13.52,0,True,False,False,False,True,False,False,False,True,False,False,False,False,True,False
LN-13829,56,2.6,59300.0,679,18.06,7329.25,22,11,0,0,23100.0,13.29,1,True,False,False,False,True,False,False,False,False,True,False,False,False,True,False
LN-13830,38,1.3,59100.0,759,25.06,9473.57,17,7,0,2,17700.0,15.23,0,False,True,False,False,True,False,False,False,True,False,False,False,False,False,True
LN-13831,35,1.0,103400.0,617,34.28,6825.82,12,8,0,0,1600.0,17.18,1,False,False,False,True,False,True,False,True,False,False,False,False,False,True,False
LN-13832,33,5.0,22400.0,651,35.45,19687.18,21,14,0,0,10100.0,16.52,1,True,False,False,False,True,False,False,False,False,False,False,True,False,True,False
LN-13833,39,0.0,52000.0,675,11.63,16573.54,14,9,0,3,12700.0,14.6,1,False,False,False,True,False,True,False,False,False,False,False,True,False,False,True
LN-13834,26,7.4,35700.0,642,13.19,4575.2,13,8,2,2,2600.0,16.48,0,True,False,False,False,True,False,False,False,True,False,False,False,False,True,False
LN-13835,32,0.4,87400.0,680,3.15,20060.94,22,8,0,1,24500.0,14.37,0,False,False,False,True,False,False,True,True,False,False,False,False,False,True,False
LN-13836,57,1.0,82000.0,696,10.1,8772.84,12,5,0,0,16800.0,13.35,0,False,False,False,True,False,False,True,False,False,False,False,False,True,False,True
LN-13837,37,2.2,71600.0,704,15.55,11857.85,21,15,0,0,9900.0,14.56,0,False,False,False,True,False,True,False,False,True,False,False,False,False,False,True
LN-13838,43,3.0,36800.0,755,32.41,24134.74,12,5,0,0,2800.0,13.58,1,True,False,False,False,False,False,True,False,True,False,False,False,False,True,False
LN-13839,46,2.0,88200.0,615,15.22,7755.01,12,8,0,3,10900.0,18.41,1,False,False,False,True,False,True,False,False,False,False,False,True,False,False,True
LN-13840,49,1.7,23400.0,697,27.16,16939.86,15,9,0,0,2500.0,13.84,0,False,False,True,False,False,True,False,False,False,False,False,False,True,True,False
LN-13841,53,14.9,20900.0,648,11.19,11869.16,16,10,0,1,2800.0,16.52,0,False,False,False,True,True,False,False,False,True,False,False,False,False,True,False
LN-13842,47,4.6,26900.0,702,7.98,6677.09,23,14,0,0,3900.0,13.85,0,False,False,True,False,False,True,False,False,False,False,True,False,False,True,False
LN-13843,45,0.1,53200.0,702,16.3,18673.52,12,7,0,1,14900.0,13.4,1,True,False,False,False,False,False,True,True,False,False,False,False,False,False,True
LN-13844,30,2.5,78500.0,631,19.31,1333.31,23,11,0,0,15900.0,16.63,1,False,False,False,True,False,False,True,True,False,False,False,False,False,True,False
LN-13845,67,9.4,15000.0,635,10.21,10444.92,23,14,0,0,1100.0,16.78,1,False,False,False,True,False,True,False,False,True,False,False,False,False,False,True
LN-13846,43,1.6,112100.0,706,7.2,570.27,14,6,0,0,14700.0,11.83,0,True,False,False,False,False,True,False,True,False,False,False,False,False,True,False
LN-13847,41,0.4,58200.0,681,11.96,2037.64,12,9,0,0,1000.0,14.38,0,True,False,False,False,True,False,False,False,True,False,False,False,False,True,False
LN-13848,41,6.4,22900.0,669,23.19,10961.75,14,7,0,1,10300.0,15.15,1,True,False,False,False,False,False,True,False,False,False,False,False,True,True,False
LN-13849,63,4.2,57300.0,713,16.27,4411.21,14,6,0,1,21100.0,12.35,0,False,False,False,True,False,False,True,False,True,False,False,False,False,False,True
LN-13850,33,3.8,98800.0,717,8.87,3653.46,24,17,0,0,18000.0,8.785000000000002,0,True,False,False,False,False,False,True,False,True,False,False,False,False,True,False
LN-13851,57,0.2,75300.0,654,9.72,36444.7325,19,10,0,1,3800.0,17.01,0,False,True,False,False,False,False,True,False,False,False,False,False,True,True,False
LN-13852,53,0.7,99200.0,637,24.71,5466.69,22,12,0,0,34300.0,16.14,1,False,False,False,True,False,True,False,False,True,False,False,False,False,True,False
LN-13853,44,4.4,25600.0,617,14.54,9981.78,21,13,0,0,11500.0,16.25,1,False,False,False,True,True,False,False,False,False,True,False,False,False,True,False
LN-13854,64,1.0,43100.0,682,5.99,9169.24,19,13,0,0,9400.0,12.12,0,False,False,False,True,False,False,True,False,False,False,False,True,False,True,False
LN-13855,31,3.2,32600.0,609,30.39,768.3,13,6,3,2,1000.0,16.93,1,True,False,False,False,False,True,False,False,False,False,True,False,False,True,False
LN-13856,37,3.5,139300.0,685,6.26,13460.45,24,14,0,0,10000.0,15.88,0,True,False,False,False,False,True,False,True,False,False,False,False,False,True,False
LN-13857,24,1.5,77000.0,741,28.02,8631.46,24,14,0,0,2300.0,16.13,0,False,False,False,True,False,False,True,False,True,False,False,False,False,True,False
LN-13858,67,13.3,142987.5,662,11.38,5763.89,14,7,0,3,12600.0,12.2,1,False,False,False,True,False,True,False,False,False,False,False,False,True,True,False
LN-13859,45,8.3,41900.0,653,8.53,819.56,13,4,1,0,18900.0,14.56,0,False,False,False,True,False,True,False,False,False,False,False,False,True,True,False
LN-13860,50,5.8,36400.0,780,17.65,4160.93,19,11,0,0,16400.0,14.39,1,False,False,False,True,False,True,False,False,True,False,False,False,False,False,True
LN-13861,29,0.4,50100.0,755,13.99,25859.85,26,13,0,2,5400.0,11.9,0,False,False,False,True,True,False,False,False,True,False,False,False,False,True,False
LN-13862,41,0.5,115600.0,642,11.84,2289.73,13,4,0,0,7000.0,16.92,0,False,True,False,False,False,False,True,False,True,False,False,False,False,False,True
LN-13863,40,3.1,44300.0,687,18.22,2971.29,19,13,0,0,19900.0,13.97,1,True,False,False,False,True,False,False,False,False,True,False,False,False,True,False
LN-13864,39,0.8,58000.0,696,6.87,2757.4,22,12,0,2,1600.0,13.6,0,False,False,False,True,False,True,False,False,False,True,False,False,False,True,False
LN-13865,39,17.2,57100.0,690,17.04,26575.42,13,11,1,4,25700.0,16.72,1,False,False,True,False,False,True,False,True,False,False,False,False,False,False,True
LN-13866,32,0.8,55400.0,771,17.77,14447.49,19,8,0,0,1100.0,13.08,0,True,False,False,False,True,False,False,False,True,False,False,False,False,False,True
LN-13867,57,3.0,37800.0,684,11.32,25628.9,12,8,0,0,7500.0,12.26,0,True,False,False,False,True,False,False,False,True,False,False,False,False,True,False
LN-13868,62,2.0,50200.0,692,2.0,29405.58,17,10,2,1,19200.0,11.96,0,False,False,False,True,False,True,False,False,False,False,True,False,False,True,False
LN-13869,37,4.6,49100.0,714,14.39,31567.66,19,9,0,0,7000.0,13.93,0,False,False,False,True,True,False,False,True,False,False,False,False,False,True,False
LN-13870,57,0.6,54000.0,739,14.13,7979.75,16,7,0,0,11900.0,12.1,0,False,False,True,False,False,True,False,False,True,False,False,False,False,True,False
LN-13871,59,2.5,91000.0,727,13.25,7760.29,27,16,0,0,9400.0,12.84,0,True,False,False,False,False,True,False,False,False,False,False,False,True,False,True
LN-13872,48,1.4,142700.0,707,4.69,21187.69,20,10,1,0,13000.0,12.14,0,False,False,False,True,False,False,True,False,False,False,False,True,False,False,True
LN-13873,61,9.8,34100.0,602,17.15,4840.29,17,6,0,3,2600.0,15.61,1,True,False,False,False,False,False,True,False,True,False,False,False,False,True,False
LN-13874,55,0.2,43700.0,656,26.26,269.54,27,12,0,0,12100.0,14.95,0,False,False,True,False,True,False,False,False,False,False,True,False,False,True,False
LN-13875,67,11.0,34400.0,721,13.62,4833.48,15,7,0,0,15500.0,14.27,1,False,False,False,True,False,False,True,False,False,False,False,False,True,False,True
LN-13876,38,8.1,60000.0,693,6.92,15120.18,19,7,0,2,3000.0,13.46,0,True,False,False,False,False,False,True,False,False,False,False,False,True,False,True
LN-13877,34,1.6,40300.0,721,20.51,1583.38,11,4,1,0,1000.0,13.48,0,False,False,True,False,True,False,False,False,True,False,False,False,False,True,False
LN-13878,55,7.0,61800.0,774,34.69,18433.18,16,8,2,2,7000.0,12.9,0,False,False,False,True,False,False,True,False,False,False,False,False,True,True,False
LN-13879,64,0.1,99400.0,621,8.83,20279.6,21,8,3,0,6600.0,16.46,0,True,False,False,False,False,False,True,False,False,False,False,False,True,True,False
LN-13880,61,3.0,15000.0,737,9.04,1276.5,21,9,0,1,1900.0,10.85,0,True,False,False,False,False,True,False,True,False,False,False,False,False,True,False
LN-13881,27,3.4,71000.0,663,30.86,1235.55,15,8,0,2,11900.0,17.89,1,True,False,False,False,False,True,False,False,True,False,False,False,False,True,False
LN-13882,61,1.6,42100.0,727,14.37,2659.92,12,7,0,0,8100.0,10.47,0,False,False,False,True,True,False,False,False,True,False,False,False,False,True,False
LN-13883,33,2.0,69800.0,678,4.41,5287.94,9,8,0,0,25400.0,12.97,0,False,False,False,True,False,True,False,False,True,False,False,False,False,True,False
LN-13884,38,0.3,33100.0,786,40.7,9130.27,19,14,0,1,7700.0,12.29,0,True,False,False,False,False,True,False,False,False,False,False,False,True,True,False
LN-13885,57,20.4,104600.0,687,2.33,7975.7,20,10,1,0,34300.0,11.95,0,False,False,False,True,False,True,False,False,True,False,False,False,False,True,False
LN-13886,33,0.2,89500.0,648,3.91,23021.63,15,8,0,0,21200.0,11.63,0,False,False,False,True,False,True,False,False,False,False,False,False,True,True,False
LN-13887,56,4.8,74100.0,701,7.31,1841.06,12,5,2,5,9400.0,15.31,0,False,False,False,True,False,True,False,False,True,False,False,False,False,False,True
LN-13888,51,2.6,83800.0,696,23.66,14350.97,19,7,1,3,11200.0,15.32,1,False,False,False,True,True,False,False,False,False,False,False,False,True,True,False
LN-13889,22,13.4,36000.0,737,24.83,9552.44,22,12,0,0,16200.0,14.7,1,False,False,True,False,False,True,False,False,False,False,False,False,True,False,True
LN-13890,36,1.3,38500.0,702,6.17,16019.22,30,20,1,1,17300.0,12.86,0,False,False,False,True,False,True,False,False,True,False,False,False,False,False,True
LN-13891,29,3.4,81900.0,804,9.26,5021.63,19,10,0,0,15000.0,10.11,0,False,False,True,False,False,False,True,False,False,False,False,False,True,False,True
LN-13892,29,3.0,35500.0,674,18.93,7649.82,14,10,0,0,4300.0,14.24,0,False,False,False,True,False,True,False,True,False,False,False,False,False,True,False
LN-13893,58,5.5,120000.0,675,34.41,348.12,20,10,0,0,7400.0,15.57,0,True,False,False,False,False,False,True,False,False,False,False,False,True,True,False
LN-13894,31,0.3,45300.0,650,2.14,1481.02,16,9,0,1,20400.0,15.03,0,False,False,False,True,False,True,False,False,True,False,False,False,False,True,False
LN-13895,42,1.0,71400.0,684,4.08,5639.96,21,10,0,0,13800.0,12.54,0,True,False,False,False,True,False,False,False,False,False,False,True,False,True,False
LN-13896,53,1.1,142987.5,692,11.35,7876.11,20,12,1,1,34300.0,12.44,0,True,False,False,False,False,True,False,False,False,False,True,False,False,True,False
LN-13897,56,6.0,36700.0,694,5.42,1075.77,20,13,1,0,16500.0,14.1,1,False,False,False,True,False,False,True,False,True,False,False,False,False,False,True
LN-13898,65,0.9,56300.0,683,29.83,20914.83,23,14,2,2,7800.0,15.28,1,False,False,True,False,True,False,False,False,False,False,False,True,False,True,False
LN-13899,43,3.8,96700.0,650,15.06,35036.9,25,13,0,2,4900.0,15.71,0,False,False,False,True,False,False,True,False,True,False,False,False,False,True,False
LN-13900,65,1.1,91400.0,636,28.34,10887.9,11,6,0,1,1900.0,19.28,0,True,False,False,False,True,False,False,False,True,False,False,False,False,False,True
LN-13901,65,8.9,45200.0,661,19.06,658.57,18,10,0,0,7300.0,14.58,0,False,True,False,False,False,True,False,False,True,False,False,False,False,True,False
LN-13902,54,12.8,40800.0,737,23.2,16110.83,21,13,1,5,3600.0,15.09,1,False,False,True,False,False,False,True,True,False,False,False,False,False,False,True
LN-13903,29,3.3,47700.0,748,10.13,2937.98,21,9,0,0,1000.0,11.74,0,False,False,True,False,True,False,False,True,False,False,False,False,False,True,False
LN-13904,44,3.0,120100.0,676,3.61,15875.4,11,1,0,1,2100.0,14.59,0,False,False,False,True,False,False,True,False,False,False,False,True,False,True,False
LN-13905,28,1.2,46500.0,633,13.9,6837.27,17,10,0,1,8400.0,17.03,0,False,False,False,True,True,False,False,False,True,False,False,False,False,True,False
LN-13906,27,0.2,56600.0,676,26.37,658.88,16,8,0,0,25500.0,14.27,1,False,False,False,True,False,False,True,False,False,True,False,False,False,True,False
LN-13907,56,1.4,42800.0,785,40.04,3921.22,19,13,0,0,5400.0,15.16,0,True,False,False,False,False,False,True,True,False,False,False,False,False,True,False
LN-13908,38,4.8,79900.0,730,13.31,6683.06,14,6,0,0,8100.0,13.62,0,True,False,False,False,False,False,True,False,False,False,True,False,False,False,True
LN-13909,23,3.4,59000.0,708,23.76,15993.06,17,10,0,0,6800.0,12.57,0,False,False,False,True,False,False,True,True,False,False,False,False,False,True,False
LN-13910,48,13.0,31200.0,728,10.0,1713.55,20,10,0,3,6400.0,11.84,1,True,False,False,False,True,False,False,True,False,False,False,False,False,False,True
LN-13911,26,2.3,31800.0,757,12.02,4059.31,18,11,0,1,14300.0,13.21,1,False,False,False,True,False,True,False,False,False,True,False,False,False,True,False
LN-13912,64,5.3,18000.0,622,14.87,1046.81,16,7,0,0,8100.0,18.56,0,False,False,False,True,True,False,False,True,False,False,False,False,False,False,True
LN-13913,64,3.0,34300.0,660,36.0,11479.32,17,11,0,1,7300.0,17.78,1,True,False,False,False,False,False,True,False,False,False,False,False,True,True,False
LN-13914,41,3.2,83800.0,654,23.26,7715.64,18,7,0,2,34300.0,14.98,0,True,False,False,False,False,True,False,False,False,False,False,False,True,True,False
LN-13915,48,1.4,112200.0,709,21.35,31741.74,19,14,0,3,4500.0,14.27,0,True,False,False,False,False,True,False,False,True,False,False,False,False,False,True
LN-13916,60,2.7,79000.0,688,34.91,16190.43,16,10,0,0,25000.0,14.59,1,False,False,False,True,False,True,False,False,False,False,False,True,False,False,True
LN-13917,21,2.9,73500.0,718,9.23,18054.85,23,12,0,2,10100.0,12.11,0,True,False,False,False,False,True,False,False,False,False,False,False,True,True,False
LN-13918,56,5.5,50500.0,655,13.22,2155.16,16,7,0,4,8200.0,16.0,0,False,False,False,True,False,True,False,False,False,False,False,False,True,False,True
LN-13919,41,12.7,83000.0,749,21.45,3721.14,19,10,0,0,1000.0,15.25,0,False,False,False,True,False,False,True,False,False,False,False,False,True,False,True
LN-13920,63,1.8,63400.0,677,10.91,8637.33,21,13,0,5,27400.0,13.58,0,True,False,False,False,True,False,False,False,False,False,False,False,True,True,False
LN-13921,55,0.2,142987.5,715,12.83,162.91,14,6,0,4,4400.0,12.45,0,True,False,False,False,False,True,False,False,False,False,False,True,False,True,False
LN-13922,33,3.1,51300.0,740,18.05,24494.48,17,9,0,1,15900.0,13.81,1,False,False,False,True,False,True,False,False,True,False,False,False,False,False,True
LN-13923,30,3.5,113400.0,736,15.23,18046.91,20,13,1,2,29100.0,14.39,0,False,False,False,True,False,False,True,True,False,False,False,False,False,False,True
LN-13924,64,0.8,87600.0,698,7.59,716.23,19,10,1,0,10800.0,15.83,0,True,False,False,False,False,False,True,False,False,False,False,False,True,False,True
LN-13925,67,6.4,81200.0,721,9.92,22688.4,17,8,1,3,14300.0,11.58,0,False,False,False,True,False,True,False,False,True,False,False,False,False,True,False
LN-13926,30,18.9,17900.0,767,7.54,53.98,19,9,0,1,5800.0,11.55,1,True,False,False,False,False,False,True,False,False,False,False,False,True,False,True
LN-13927,66,13.1,90300.0,706,23.72,1455.43,23,11,0,1,18200.0,14.17,0,True,False,False,False,False,False,True,False,False,False,False,False,True,True,False
LN-13928,33,1.0,50500.0,644,9.69,683.47,12,4,0,2,15000.0,14.55,1,False,False,False,True,True,False,False,False,True,False,False,False,False,True,False
LN-13929,57,9.4,42400.0,709,21.51,7827.75,21,9,0,3,8200.0,13.99,1,True,False,False,False,False,True,False,False,True,False,False,False,False,False,True
LN-13930,58,5.5,24000.0,678,17.13,18392.49,12,6,0,1,10800.0,15.07,1,True,False,False,False,False,True,False,False,True,False,False,False,False,False,True
LN-13931,44,2.7,54000.0,563,15.44,2360.05,20,15,0,0,4300.0,16.46,1,False,False,False,True,False,False,True,False,False,False,False,False,True,True,False
LN-13932,22,3.5,55200.0,703,6.66,17713.92,20,10,0,1,15000.0,12.01,0,True,False,False,False,True,False,False,False,True,False,False,False,False,True,False
LN-13933,42,8.5,26500.0,686,17.02,2453.7,13,4,1,2,11900.0,12.63,1,False,False,False,True,False,False,True,False,False,False,False,True,False,True,False
LN-13934,37,2.9,24100.0,738,20.25,36444.7325,10,6,2,1,8200.0,12.72,1,True,False,False,False,True,False,False,False,False,False,False,False,True,True,False
LN-13935,56,2.1,70800.0,642,23.82,23046.67,15,8,1,3,4000.0,15.59,1,False,False,False,True,True,False,False,False,True,False,False,False,False,True,False
LN-13936,34,3.1,87500.0,605,7.47,16035.74,19,9,0,3,22700.0,16.28,0,True,False,False,False,False,True,False,False,True,False,False,False,False,False,True
LN-13937,30,3.9,60200.0,688,13.51,10748.7,22,11,2,1,19600.0,13.78,1,False,False,False,True,True,False,False,False,False,True,False,False,False,True,False
LN-13938,55,0.9,102000.0,699,27.36,3333.54,15,6,0,0,1000.0,12.55,0,False,False,False,True,False,True,False,False,True,False,False,False,False,False,True
LN-13939,45,10.4,51700.0,685,25.71,1524.02,22,12,0,0,9500.0,14.46,0,True,False,False,False,False,False,True,False,False,False,True,False,False,True,False
LN-13940,23,5.0,52600.0,681,14.88,7401.05,15,8,0,1,1400.0,14.33,0,False,False,False,True,False,False,True,False,False,False,False,True,False,True,False
LN-13941,67,4.5,32700.0,627,6.51,6183.23,15,12,0,0,5400.0,16.33,1,False,False,False,True,False,False,True,False,False,False,False,False,True,True,False
LN-13942,58,0.5,23000.0,673,24.57,13468.01,18,7,0,1,7700.0,15.86,0,False,False,False,True,False,False,True,False,True,False,False,False,False,True,False
LN-13943,37,4.2,142987.5,663,15.65,2237.25,17,11,0,2,2700.0,16.26,1,False,False,False,True,False,True,False,False,True,False,False,False,False,True,False
LN-13944,32,0.6,100900.0,734,8.55,9909.96,24,8,0,0,8900.0,10.18,0,False,False,True,False,False,False,True,False,True,False,False,False,False,True,False
LN-13945,44,0.4,25200.0,699,13.8,14184.59,26,16,0,0,11300.0,14.69,0,True,False,False,False,True,False,False,True,False,False,False,False,False,True,False
LN-13946,49,3.4,59000.0,666,6.64,4262.39,18,11,0,2,8000.0,14.28,0,False,False,False,True,False,False,True,False,True,False,False,False,False,True,False
LN-13947,63,2.3,51300.0,766,24.49,18170.31,22,12,0,1,3700.0,12.5,1,True,False,False,False,False,True,False,False,False,False,True,False,False,False,True
LN-13948,45,4.0,46600.0,667,4.54,6784.29,16,8,0,0,7500.0,13.85,0,True,False,False,False,True,False,False,False,True,False,False,False,False,True,False
LN-13949,56,0.4,43300.0,708,28.44,2129.89,21,12,0,1,12600.0,19.07,0,False,False,True,False,False,False,True,False,False,False,False,False,True,False,True
LN-13950,46,2.5,66800.0,672,18.39,2599.53,10,6,0,1,30100.0,14.84,1,False,False,False,True,False,True,False,False,False,False,True,False,False,True,False
LN-13951,58,0.9,85000.0,762,6.72,3923.7,13,7,0,0,9700.0,10.95,0,True,False,False,False,True,False,False,True,False,False,False,False,False,True,False
LN-13952,21,19.6,67600.0,684,13.02,2065.5,11,3,2,1,30400.0,14.88,1,True,False,False,False,False,False,True,True,False,False,False,False,False,True,False
LN-13953,40,3.7,50700.0,686,12.14,9931.66,19,7,0,0,22800.0,13.46,0,True,False,False,False,False,True,False,False,False,False,False,True,False,True,False
LN-13954,48,5.2,49700.0,673,8.96,35744.42,15,9,0,2,11500.0,12.93,0,True,False,False,False,False,False,True,False,True,False,False,False,False,True,False
LN-13955,36,1.8,90700.0,690,17.38,27168.81,21,10,0,4,2200.0,15.7,1,False,False,False,True,True,False,False,False,True,False,False,False,False,True,False
LN-13956,67,0.4,69900.0,740,35.21,4694.38,24,12,0,0,29100.0,12.11,0,True,False,False,False,False,True,False,False,False,False,True,False,False,True,False
LN-13957,37,16.8,56400.0,722,9.51,24000.41,19,10,0,3,25400.0,13.41,1,True,False,False,False,False,True,False,False,True,False,False,False,False,False,True
LN-13958,60,1.5,53100.0,681,16.41,36444.7325,21,14,3,3,23900.0,14.14,1,False,False,True,False,True,False,False,False,False,False,False,False,True,True,False
LN-13959,48,2.5,65500.0,765,15.79,4180.52,15,8,0,0,29500.0,10.48,0,False,False,False,True,False,False,True,False,True,False,False,False,False,True,False
LN-13960,32,4.7,41900.0,724,17.27,28282.58,21,10,0,0,4500.0,11.33,0,True,False,False,False,True,False,False,False,False,True,False,False,False,True,False
LN-13961,47,0.1,85100.0,658,2.49,36444.7325,21,13,0,1,5700.0,13.69,0,False,False,True,False,True,False,False,False,False,False,False,False,True,True,False
LN-13962,62,7.5,30000.0,611,29.58,19174.37,22,13,0,0,13500.0,17.95,1,True,False,False,False,True,False,False,True,False,False,False,False,False,True,False
LN-13963,67,3.5,43200.0,659,44.05500000000001,5935.95,14,9,0,0,11600.0,20.03,1,False,False,True,False,True,False,False,False,True,False,False,False,False,False,True
LN-13964,50,1.5,75800.0,701,15.59,11254.51,19,8,0,0,28400.0,12.59,1,True,False,False,False,False,True,False,True,False,False,False,False,False,True,False
LN-13965,61,0.3,29100.0,710,23.47,5434.2,23,10,0,0,4100.0,12.92,1,False,False,False,True,True,False,False,False,True,False,False,False,False,True,False
LN-13966,54,0.8,22800.0,748,19.82,36444.7325,25,16,2,0,10300.0,14.18,1,True,False,False,False,False,False,True,False,True,False,False,False,False,True,False
LN-13967,57,10.1,56100.0,625,7.35,843.18,9,4,1,2,25200.0,14.73,1,False,False,False,True,False,True,False,False,True,False,False,False,False,True,False
LN-13968,26,5.2,21300.0,658,14.86,26828.13,19,11,0,2,3400.0,14.43,1,True,False,False,False,False,False,True,False,False,False,False,False,True,True,False
LN-13969,27,1.3,26500.0,621,10.0,929.68,17,8,0,0,5100.0,17.09,1,False,False,False,True,True,False,False,False,False,False,False,False,True,True,False
LN-13970,52,0.3,82100.0,613,13.99,517.37,15,8,0,1,7300.0,14.23,1,True,False,False,False,False,True,False,False,False,False,False,True,False,True,False
LN-13971,52,5.3,48400.0,649,16.09,33748.84,10,6,0,3,1300.0,13.78,0,True,False,False,False,True,False,False,True,False,False,False,False,False,True,False
LN-13972,45,3.8,109900.0,698,16.78,24234.34,16,6,0,3,2700.0,16.38,1,False,False,False,True,False,False,True,False,True,False,False,False,False,False,True
LN-13973,53,2.3,27900.0,719,9.46,5384.76,17,9,0,2,6700.0,11.73,1,False,False,False,True,True,False,False,False,False,False,False,True,False,True,False
LN-13974,27,2.0,51400.0,633,16.82,36444.7325,12,8,0,0,1100.0,15.15,0,False,True,False,False,True,False,False,False,False,False,False,True,False,True,False
LN-13975,32,1.1,67500.0,640,14.31,23753.58,14,10,0,0,6300.0,15.83,0,False,False,False,True,False,True,False,False,False,False,False,False,True,False,True
LN-13976,36,5.0,28500.0,591,28.29,27871.36,15,5,0,3,3900.0,17.67,1,False,False,False,True,False,False,True,True,False,False,False,False,False,True,False
LN-13977,36,15.9,95600.0,691,22.84,10849.84,18,12,0,3,28000.0,13.86,0,False,False,False,True,False,True,False,False,True,False,False,False,False,True,False
LN-13978,63,0.9,71700.0,643,25.42,36444.7325,24,12,3,2,13100.0,17.33,1,False,False,True,False,False,False,True,False,True,False,False,False,False,False,True
LN-13979,56,4.1,22400.0,763,26.48,19902.42,15,8,0,2,10100.0,14.91,1,False,False,True,False,False,True,False,False,True,False,False,False,False,False,True
LN-13980,33,2.5,53100.0,700,8.38,33751.5,23,15,0,1,3200.0,12.01,0,True,False,False,False,False,False,True,False,True,False,False,False,False,True,False
LN-13981,27,2.7,67000.0,671,22.27,3967.26,21,10,0,0,1200.0,15.3,1,False,False,True,False,False,False,True,False,True,False,False,False,False,False,True
LN-13982,56,1.3,39200.0,648,8.14,9113.95,18,7,0,0,6100.0,14.65,0,False,False,False,True,False,False,True,False,False,False,False,False,True,True,False
LN-13983,67,7.8,24000.0,605,32.79,24268.83,25,17,0,0,1000.0,19.85,1,False,False,True,False,False,False,True,True,False,False,False,False,False,True,False
LN-13984,29,3.0,63100.0,612,22.02,10402.27,6,5,0,1,28400.0,17.52,0,False,False,False,True,False,False,True,False,False,False,True,False,False,False,True
LN-13985,52,3.5,142987.5,649,7.77,19379.34,26,12,3,2,2900.0,14.47,0,False,False,False,True,True,False,False,True,False,False,False,False,False,False,True
LN-13986,31,1.6,43800.0,645,17.15,36444.7325,16,9,0,0,2100.0,14.01,0,False,False,False,True,False,True,False,False,True,False,False,False,False,False,True
LN-13987,28,0.9,128400.0,630,9.1,19590.2,15,7,3,0,21700.0,14.35,1,True,False,False,False,False,True,False,False,False,False,False,False,True,True,False
LN-13988,53,0.4,35800.0,699,11.62,4546.34,22,12,0,3,16100.0,13.22,0,True,False,False,False,False,True,False,False,True,False,False,False,False,False,True
LN-13989,43,5.6,61000.0,706,18.81,1516.28,21,12,0,0,1000.0,12.18,0,False,False,False,True,False,True,False,False,True,False,False,False,False,True,False
LN-13990,45,1.0,82800.0,657,10.71,3821.77,18,11,0,4,10000.0,15.62,1,False,False,True,False,True,False,False,False,True,False,False,False,False,False,True
LN-13991,28,5.3,53900.0,777,13.26,13044.63,24,13,0,1,8300.0,10.58,0,False,False,False,True,False,False,True,False,False,True,False,False,False,True,False
LN-13992,65,2.2,46000.0,593,26.82,132.06,16,11,1,0,6800.0,19.58,1,False,False,False,True,False,False,True,True,False,False,False,False,False,True,False
LN-13993,42,2.4,80800.0,683,14.01,2524.49,25,12,0,0,1900.0,14.22,0,True,False,False,False,True,False,False,False,False,False,False,True,False,True,False
LN-13994,24,2.8,142987.5,669,8.47,4750.38,21,11,0,1,21700.0,15.18,0,True,False,False,False,False,False,True,False,True,False,False,False,False,True,False
LN-13995,60,2.1,63900.0,652,4.1,24974.91,14,6,0,1,3800.0,14.96,0,True,False,False,False,False,False,True,False,True,False,False,False,False,False,True
LN-13996,23,0.5,40800.0,645,22.95,628.21,12,4,0,0,8600.0,14.84,0,True,False,False,False,False,False,True,False,True,False,False,False,False,True,False
LN-13997,49,3.0,48800.0,680,22.73,614.71,19,8,0,0,22000.0,16.5,1,True,False,False,False,False,False,True,False,False,False,False,True,False,False,True
LN-13998,61,4.9,142987.5,669,17.2,9629.72,18,9,0,0,5400.0,14.31,0,False,False,False,True,True,False,False,True,False,False,False,False,False,False,True
LN-13999,49,4.9,58300.0,660,44.05500000000001,2348.77,16,10,0,2,1000.0,19.81,1,True,False,False,False,False,False,True,False,True,False,False,False,False,False,True
LN-14000,54,1.5,39100.0,615,12.9,3328.27,19,11,2,0,17600.0,15.15,1,False,True,False,False,True,False,False,False,False,False,False,False,True,True,False
LN-14001,54,2.8,28900.0,599,28.54,2443.56,16,8,0,1,9500.0,19.7,1,False,False,False,True,True,False,False,False,False,False,False,True,False,False,True
LN-14002,48,1.0,19800.0,666,10.03,10456.01,19,9,0,2,8900.0,15.64,1,False,False,True,False,False,True,False,False,True,False,False,False,False,False,True
LN-14003,33,1.1,66200.0,660,23.69,685.8,15,10,0,0,11200.0,14.31,0,True,False,False,False,False,False,True,False,False,False,False,False,True,True,False
LN-14004,35,0.1,77700.0,670,7.61,33760.93,17,4,0,0,2800.0,16.32,0,False,False,False,True,False,False,True,False,False,False,False,False,True,False,True
LN-14005,43,10.2,43600.0,675,23.4,1576.87,24,16,0,0,17600.0,17.28,1,False,False,True,False,False,True,False,False,False,False,True,False,False,True,False
LN-14006,64,1.1,53700.0,654,13.29,36337.95,14,7,0,0,3700.0,13.94,0,True,False,False,False,False,True,False,False,False,False,False,False,True,True,False
LN-14007,46,1.2,28500.0,669,20.72,18067.91,21,11,0,0,5000.0,14.16,1,False,False,False,True,False,True,False,False,True,False,False,False,False,True,False
LN-14008,24,1.5,58300.0,637,17.62,21124.24,17,9,1,0,14000.0,16.81,1,False,False,False,True,False,True,False,False,True,False,False,False,False,False,True
LN-14009,46,0.6,70600.0,756,22.52,2276.62,18,10,0,1,19400.0,13.35,0,False,False,False,True,True,False,False,False,True,False,False,False,False,True,False
LN-14010,60,4.6,40400.0,640,3.84,13291.13,21,15,0,0,18200.0,16.0,0,True,False,False,False,False,True,False,False,True,False,False,False,False,True,False
LN-14011,29,0.4,137300.0,661,14.24,20383.96,19,5,0,0,1200.0,14.26,0,True,False,False,False,False,True,False,False,False,False,False,True,False,True,False
LN-14012,25,0.6,34200.0,644,27.59,9798.31,15,4,1,2,15400.0,16.46,1,False,False,True,False,True,False,False,False,False,False,True,False,False,True,False
LN-14013,52,4.7,63300.0,643,29.77,9610.79,23,13,0,1,15200.0,17.08,1,False,False,False,True,False,False,True,False,True,False,False,False,False,False,True
LN-14014,40,1.9,86400.0,681,20.18,2083.86,19,12,3,3,13000.0,15.03,1,False,False,False,True,False,False,True,False,True,False,False,False,False,False,True
LN-14015,31,5.5,51900.0,675,28.18,6417.99,19,12,0,0,23400.0,15.72,1,False,False,False,True,False,False,True,False,True,False,False,False,False,False,True
LN-14016,35,3.7,48800.0,657,13.85,1957.85,15,11,0,0,6000.0,13.15,0,True,False,False,False,False,False,True,False,True,False,False,False,False,True,False
LN-14017,52,1.3,24700.0,666,2.0,36444.7325,18,9,0,1,11100.0,14.58,0,False,True,False,False,False,True,False,False,True,False,False,False,False,True,False
LN-14018,48,4.7,114300.0,644,10.33,13856.48,17,9,0,0,11900.0,15.04,0,True,False,False,False,False,False,True,False,True,False,False,False,False,True,False
LN-14019,42,0.6,49300.0,700,16.41,595.6,15,9,0,3,6900.0,16.44,0,False,False,False,True,False,True,False,False,True,False,False,False,False,False,True
LN-14020,61,3.5,72800.0,783,17.77,7772.76,17,9,0,2,21700.0,12.05,0,False,False,True,False,True,False,False,False,False,False,True,False,False,True,False
LN-14021,37,2.6,78400.0,636,19.49,12192.14,21,9,2,1,7200.0,16.43,0,True,False,False,False,False,False,True,False,True,False,False,False,False,False,True
LN-14022,46,1.4,38300.0,700,15.64,1206.34,16,12,0,0,11400.0,13.18,1,False,False,False,True,False,True,False,True,False,False,False,False,False,False,True
LN-14023,64,4.2,48600.0,682,15.79,13123.09,13,7,0,2,11500.0,16.38,1,True,False,False,False,False,False,True,False,True,False,False,False,False,True,False
LN-14024,27,9.2,112900.0,713,24.2,2342.04,25,12,0,2,10000.0,11.78,0,False,False,False,True,False,False,True,True,False,False,False,False,False,True,False
LN-14025,62,25.0,29300.0,715,8.97,6288.54,19,6,0,0,8600.0,12.13,0,False,False,False,True,False,True,False,False,True,False,False,False,False,True,False
LN-14026,46,4.2,142987.5,690,17.63,11787.69,15,7,1,1,2600.0,13.64,0,False,False,False,True,True,False,False,False,False,False,False,False,True,True,False
LN-14027,45,2.3,36000.0,678,20.2,5450.59,21,11,0,1,3900.0,13.84,0,True,False,False,False,False,True,False,False,False,True,False,False,False,True,False
LN-14028,30,1.1,28300.0,658,10.74,5753.56,22,10,0,2,1800.0,14.48,1,False,False,False,True,False,False,True,True,False,False,False,False,False,False,True
LN-14029,65,1.3,58300.0,642,13.12,22265.24,21,5,0,2,18000.0,14.74,0,False,False,False,True,False,True,False,False,True,False,False,False,False,False,True
LN-14030,39,2.9,142987.5,675,35.85,4439.99,16,6,0,0,19100.0,15.1,1,False,False,False,True,False,False,True,False,False,False,False,True,False,True,False
LN-14031,31,2.1,18900.0,616,17.14,12777.29,14,10,0,3,8500.0,16.3,1,True,False,False,False,False,False,True,False,False,False,True,False,False,True,False
LN-14032,33,11.0,50100.0,650,44.05500000000001,22697.84,10,5,0,3,22500.0,18.76,1,False,True,False,False,False,True,False,False,True,False,False,False,False,True,False
LN-14033,28,2.1,70400.0,735,16.39,1987.69,11,5,0,0,4300.0,11.86,0,True,False,False,False,False,False,True,False,True,False,False,False,False,True,False
LN-14034,60,2.1,55200.0,685,24.93,564.19,26,13,0,1,24100.0,14.14,1,False,False,False,True,False,True,False,True,False,False,False,False,False,True,False
LN-14035,24,2.2,66800.0,725,5.69,20952.31,14,8,0,0,2900.0,11.7,0,False,False,False,True,False,True,False,False,True,False,False,False,False,False,True
LN-14036,67,8.2,36500.0,753,3.82,9612.28,20,12,0,0,1000.0,12.11,0,False,False,False,True,False,True,False,False,False,False,False,False,True,False,True
LN-14037,51,4.7,39000.0,671,8.19,21102.31,16,8,0,1,1000.0,14.94,0,False,False,False,True,False,False,True,False,True,False,False,False,False,False,True
LN-14038,48,4.3,49900.0,690,26.72,2874.87,21,12,0,0,12200.0,16.21,0,True,False,False,False,True,False,False,False,False,False,False,True,False,False,True
LN-14039,31,1.8,29100.0,665,13.29,21450.74,19,11,0,2,13100.0,13.83,1,True,False,False,False,False,False,True,True,False,False,False,False,False,True,False
LN-14040,63,7.7,52900.0,639,5.5,1201.96,18,8,0,0,23800.0,14.6,0,True,False,False,False,True,False,False,False,False,True,False,False,False,False,True
LN-14041,21,0.2,43700.0,632,16.21,25767.82,21,13,0,1,8900.0,15.75,0,True,False,False,False,False,False,True,False,False,False,False,False,True,True,False
LN-14042,67,9.2,41800.0,722,25.27,20747.69,20,10,2,0,1000.0,15.24,1,False,False,False,True,False,True,False,False,True,False,False,False,False,False,True
LN-14043,58,3.2,64600.0,690,8.83,10053.49,10,4,0,1,1000.0,13.26,0,False,False,False,True,False,True,False,False,True,False,False,False,False,False,True
LN-14044,44,2.3,19900.0,772,26.15,11248.33,22,11,0,1,9000.0,12.33,1,True,False,False,False,False,False,True,False,False,False,True,False,False,False,True
LN-14045,67,3.1,47800.0,729,6.64,5092.92,16,9,1,5,1400.0,10.43,0,False,False,False,True,False,False,True,False,False,False,False,False,True,True,False
LN-14046,51,5.0,142987.5,643,24.89,2701.99,20,15,0,2,21500.0,14.71,1,False,False,False,True,False,False,True,False,True,False,False,False,False,True,False
LN-14047,61,0.1,29800.0,722,28.83,7293.28,11,5,0,0,1000.0,13.25,0,False,False,False,True,True,False,False,False,True,False,False,False,False,True,False
LN-14048,66,9.2,109900.0,665,10.3,12856.13,17,4,1,1,2800.0,13.23,0,False,False,False,True,False,True,False,False,True,False,False,False,False,True,False
LN-14049,46,2.7,55800.0,741,31.16,36444.7325,19,9,0,0,2500.0,14.44,0,False,False,False,True,False,False,True,True,False,False,False,False,False,True,False
LN-14050,25,1.9,38900.0,656,34.64,20395.84,15,8,0,1,4500.0,16.52,0,True,False,False,False,False,True,False,False,True,False,False,False,False,True,False
LN-14051,40,0.7,26200.0,627,19.63,6836.46,19,11,0,0,7300.0,17.72,1,True,False,False,False,True,False,False,False,False,False,False,False,True,True,False
LN-14052,61,2.6,58500.0,640,10.78,16315.73,19,12,0,0,1900.0,16.61,0,False,False,False,True,False,True,False,True,False,False,False,False,False,True,False
LN-14053,31,3.1,120500.0,643,44.05500000000001,1372.11,17,8,0,1,34300.0,18.78,1,False,False,False,True,False,False,True,False,True,False,False,False,False,True,False
LN-14054,53,2.3,43700.0,638,9.78,6434.46,19,12,0,0,1000.0,12.66,0,True,False,False,False,True,False,False,False,False,False,False,False,True,True,False
LN-14055,58,5.1,51800.0,651,37.3,6639.05,16,6,0,0,20700.0,17.33,1,False,False,False,True,False,False,True,False,False,False,False,False,True,True,False
LN-14056,47,2.5,94400.0,723,44.05500000000001,36444.7325,21,12,0,3,10500.0,16.53,0,False,False,False,True,False,True,False,False,True,False,False,False,False,True,False
LN-14057,54,14.6,65300.0,770,20.09,5951.54,27,16,0,0,1300.0,12.43,0,False,False,False,True,False,True,False,False,True,False,False,False,False,True,False
LN-14058,35,4.1,22800.0,613,7.61,1043.46,14,9,0,1,1800.0,16.11,1,False,False,False,True,True,False,False,False,False,True,False,False,False,True,False
LN-14059,52,7.4,57200.0,743,19.1,835.13,21,12,1,2,12500.0,13.15,1,True,False,False,False,True,False,False,False,True,False,False,False,False,False,True
LN-14060,41,0.5,124500.0,656,44.05500000000001,14383.22,9,4,0,3,5300.0,16.2,1,True,False,False,False,True,False,False,False,True,False,False,False,False,True,False
LN-14061,66,2.3,53100.0,697,10.74,4094.57,18,11,0,1,8400.0,15.01,0,False,False,False,True,False,False,True,False,False,False,False,False,True,False,True
LN-14062,25,1.8,15000.0,597,15.03,24382.77,23,11,0,0,6800.0,16.56,1,False,False,False,True,True,False,False,False,False,False,True,False,False,True,False
LN-14063,26,3.8,67100.0,706,3.17,7915.33,20,10,0,4,11900.0,12.74,0,False,False,False,True,False,False,True,False,False,False,True,False,False,True,False
LN-14064,58,8.9,48600.0,580,15.08,4812.4,19,11,0,1,12200.0,17.64,0,False,False,False,True,False,False,True,False,False,False,False,True,False,False,True
LN-14065,42,0.4,19800.0,696,23.08,17081.2,12,7,0,0,1000.0,16.67,1,False,True,False,False,False,True,False,False,True,False,False,False,False,True,False
LN-14066,38,0.3,21500.0,693,8.3,6485.78,22,10,2,0,9700.0,13.47,1,True,False,False,False,False,True,False,False,True,False,False,False,False,True,False
LN-14067,34,8.5,92600.0,690,36.47,16044.72,18,15,0,0,4900.0,15.08,1,True,False,False,False,False,True,False,False,True,False,False,False,False,True,False
LN-14068,30,1.1,36200.0,643,6.05,15025.02,14,7,0,0,1700.0,13.24,1,True,False,False,False,False,True,False,False,True,False,False,False,False,True,False
LN-14069,66,5.0,32900.0,707,10.85,15414.02,14,8,0,2,1500.0,11.27,0,True,False,False,False,True,False,False,False,False,False,False,False,True,True,False
LN-14070,33,3.5,53100.0,700,32.68,23349.16,17,8,0,0,3800.0,15.66,0,True,False,False,False,False,False,True,False,False,False,False,False,True,True,False
LN-14071,51,8.1,38000.0,670,14.36,22638.07,11,6,0,0,13900.0,14.71,1,False,False,False,True,False,False,True,False,False,False,True,False,False,False,True
LN-14072,50,0.6,57200.0,714,40.98,13109.47,18,13,0,0,8900.0,15.59,1,False,False,False,True,True,False,False,False,True,False,False,False,False,False,True
LN-14073,23,0.6,48500.0,675,4.15,36444.7325,22,7,1,0,1600.0,12.78,0,True,False,False,False,False,False,True,False,False,False,False,False,True,True,False
LN-14074,50,3.7,28000.0,706,12.63,251.34,18,13,0,0,1000.0,12.81,0,False,False,False,True,False,True,False,False,False,False,False,True,False,False,True
LN-14075,26,13.2,40900.0,674,19.41,31983.84,20,13,0,3,1000.0,14.34,0,False,True,False,False,False,True,False,False,False,False,False,False,True,True,False
LN-14076,49,2.4,69100.0,691,44.05500000000001,1925.59,21,12,0,0,7700.0,17.48,1,True,False,False,False,False,True,False,True,False,False,False,False,False,False,True
LN-14077,28,1.8,55400.0,709,17.28,2853.65,25,10,1,3,21700.0,13.19,0,False,False,True,False,False,True,False,False,True,False,False,False,False,False,True
LN-14078,64,4.2,51800.0,660,22.05,20405.43,24,15,1,5,11900.0,15.74,1,False,False,False,True,False,False,True,False,False,False,False,False,True,True,False
LN-14079,65,12.0,142987.5,618,15.69,6138.62,15,8,0,2,23200.0,14.71,0,True,False,False,False,True,False,False,False,True,False,False,False,False,True,False
LN-14080,63,8.2,81000.0,694,14.72,6647.1,14,8,0,0,5400.0,13.14,0,False,False,False,True,False,False,True,False,False,False,False,False,True,True,False
LN-14081,64,24.3,86600.0,739,10.75,3633.17,15,9,0,0,2100.0,13.35,0,False,True,False,False,False,True,False,False,False,False,False,False,True,False,True
LN-14082,53,0.1,49500.0,695,20.46,3050.06,19,9,0,0,22300.0,14.08,0,False,False,False,True,False,False,True,False,False,False,False,False,True,True,False
LN-14083,37,0.5,61100.0,696,13.37,1347.82,17,9,1,1,18200.0,12.53,0,True,False,False,False,False,True,False,False,True,False,False,False,False,False,True
LN-14084,31,4.2,42700.0,678,22.8,2629.39,14,7,2,0,12500.0,11.48,0,True,False,False,False,False,True,False,False,False,False,False,True,False,True,False
LN-14085,33,7.7,83100.0,717,17.11,10037.18,20,13,0,0,30600.0,13.81,0,False,False,False,True,True,False,False,False,True,False,False,False,False,True,False
LN-14086,31,1.5,51000.0,671,12.5,14714.98,25,10,0,0,13900.0,15.06,0,True,False,False,False,True,False,False,False,True,False,False,False,False,True,False
LN-14087,51,1.2,61200.0,657,36.75,16111.43,17,12,0,0,10400.0,17.14,0,False,True,False,False,False,True,False,False,False,False,False,False,True,True,False
LN-14088,48,7.0,59200.0,735,10.07,5546.77,18,9,0,0,9800.0,11.71,0,False,False,False,True,True,False,False,False,False,False,True,False,False,True,False
LN-14089,64,0.3,53600.0,653,11.06,30605.6,23,10,0,0,13400.0,15.39,0,True,False,False,False,False,True,False,False,True,False,False,False,False,False,True
LN-14090,26,2.1,142987.5,724,2.87,4782.97,20,14,0,0,10200.0,11.63,0,False,False,False,True,False,True,False,False,False,False,False,False,True,True,False
LN-14091,61,3.2,37500.0,735,13.79,1413.74,17,13,0,2,4500.0,12.99,0,True,False,False,False,False,True,False,False,True,False,False,False,False,True,False
LN-14092,36,3.7,37400.0,708,35.13,34853.77,11,7,0,0,16800.0,14.69,1,True,False,False,False,False,True,False,False,False,False,False,False,True,True,False
LN-14093,24,5.9,79400.0,618,35.66,9336.02,15,7,0,2,34300.0,19.23,0,False,False,False,True,True,False,False,False,False,False,False,False,True,False,True
LN-14094,55,2.0,39100.0,681,11.78,36444.7325,17,8,0,1,2600.0,16.43,0,False,False,False,True,False,False,True,False,True,False,False,False,False,False,True
LN-14095,46,3.0,46200.0,670,21.69,6003.9,11,5,0,2,10600.0,13.83,0,True,False,False,False,False,True,False,False,True,False,False,False,False,True,False
LN-14096,32,4.0,29800.0,655,24.54,16995.76,18,10,1,0,13400.0,15.48,1,False,False,False,True,False,True,False,False,True,False,False,False,False,True,False
LN-14097,31,3.6,71000.0,687,5.76,1397.55,21,6,0,3,1000.0,13.15,1,False,False,False,True,True,False,False,False,True,False,False,False,False,False,True
LN-14098,57,4.6,71500.0,718,30.44,23096.29,24,14,0,0,1800.0,13.69,0,True,False,False,False,True,False,False,False,True,False,False,False,False,True,False
LN-14099,45,1.4,45600.0,657,6.54,2246.08,22,10,1,2,11000.0,14.08,1,False,False,False,True,False,True,False,False,False,False,False,False,True,True,False
LN-14100,38,0.4,80300.0,671,12.35,853.82,20,12,0,0,1000.0,13.16,0,False,False,False,True,False,True,False,False,True,False,False,False,False,True,False
LN-14101,39,0.6,19500.0,668,7.74,1234.41,21,13,0,3,8800.0,11.99,0,True,False,False,False,False,True,False,False,False,False,False,False,True,True,False
LN-14102,43,1.1,36700.0,738,19.33,9780.4,11,7,1,0,16500.0,11.06,1,False,False,False,True,False,True,False,False,False,False,True,False,False,True,False
LN-14103,58,3.1,49300.0,667,9.32,4141.59,17,11,0,0,18700.0,15.63,1,False,False,False,True,True,False,False,False,True,False,False,False,False,False,True
LN-14104,38,8.3,28400.0,618,10.76,36444.7325,20,14,3,0,12800.0,15.98,1,False,False,False,True,True,False,False,False,False,False,False,False,True,False,True
LN-14105,46,5.4,20700.0,601,27.12,22981.5,21,12,0,1,9300.0,18.38,1,True,False,False,False,True,False,False,False,True,False,False,False,False,False,True
LN-14106,26,7.0,45700.0,698,11.63,19513.38,19,13,0,0,2100.0,13.35,0,True,False,False,False,False,False,True,False,False,False,True,False,False,True,False
LN-14107,24,1.9,79400.0,642,15.84,19905.96,13,7,1,1,1000.0,17.51,0,True,False,False,False,True,False,False,False,True,False,False,False,False,False,True
LN-14108,64,3.0,109700.0,713,6.47,26561.42,21,16,0,2,26400.0,13.06,0,False,False,False,True,True,False,False,False,True,False,False,False,False,False,True
LN-14109,49,2.3,40100.0,613,5.05,24048.46,21,12,0,0,17200.0,15.78,1,False,False,False,True,False,False,True,False,True,False,False,False,False,True,False
LN-14110,54,1.0,81100.0,653,17.74,31607.71,15,5,0,0,7100.0,13.86,1,False,False,False,True,False,True,False,False,True,False,False,False,False,True,False
LN-14111,37,0.3,76900.0,613,11.31,32684.0,10,6,0,2,22300.0,16.8,1,False,False,False,True,True,False,False,False,True,False,False,False,False,False,True
LN-14112,63,4.0,105900.0,702,40.24,4251.36,20,13,0,0,1000.0,14.28,0,False,False,True,False,False,True,False,True,False,False,False,False,False,True,False
LN-14113,63,20.4,44700.0,712,44.05500000000001,2974.83,19,12,0,3,5400.0,15.79,1,False,False,False,True,True,False,False,False,True,False,False,False,False,True,False
LN-14114,36,0.8,20100.0,697,6.9,12363.53,22,10,0,1,5900.0,13.1,1,False,False,False,True,False,True,False,True,False,False,False,False,False,True,False
LN-14115,22,0.2,56300.0,626,5.2,1579.51,15,9,0,0,1600.0,14.8,0,False,False,False,True,False,True,False,False,True,False,False,False,False,True,False
LN-14116,54,6.8,31000.0,643,40.73,2846.07,13,8,0,0,14000.0,17.87,1,True,False,False,False,True,False,False,False,False,False,False,False,True,False,True
LN-14117,28,1.3,36400.0,692,20.8,17791.37,12,5,2,2,16400.0,14.54,1,True,False,False,False,False,True,False,False,False,False,True,False,False,True,False
LN-14118,33,8.0,45900.0,596,17.47,12575.1,24,15,0,2,12300.0,16.54,1,True,False,False,False,True,False,False,False,True,False,False,False,False,True,False
LN-14119,62,5.5,45000.0,668,5.65,12627.11,20,11,1,0,7600.0,14.28,0,True,False,False,False,False,True,False,False,False,False,False,False,True,False,True
LN-14120,28,13.1,58600.0,756,44.05500000000001,36103.01,25,18,0,0,13100.0,14.12,1,True,False,False,False,False,True,False,False,False,False,False,False,True,False,True
LN-14121,50,2.4,79800.0,671,9.07,13217.88,12,8,1,4,32000.0,14.56,1,False,False,False,True,False,False,True,False,True,False,False,False,False,True,False
LN-14122,52,4.9,44300.0,606,25.06,6762.43,25,16,2,1,6200.0,17.26,1,False,False,False,True,False,True,False,True,False,False,False,False,False,True,False
LN-14123,56,2.8,67300.0,650,24.3,3947.59,15,8,0,0,5700.0,15.27,1,True,False,False,False,True,False,False,False,True,False,False,False,False,True,False
LN-14124,67,4.5,54600.0,648,4.83,4959.95,17,7,0,0,13600.0,14.1,1,True,False,False,False,True,False,False,False,False,False,False,True,False,False,True
LN-14125,50,2.7,90600.0,787,10.25,3905.66,11,7,0,3,16100.0,13.14,0,True,False,False,False,False,False,True,False,True,False,False,False,False,True,False
LN-14126,21,3.0,48800.0,763,5.99,427.38,19,11,1,1,8600.0,8.785000000000002,0,True,False,False,False,False,False,True,False,False,False,False,False,True,True,False
LN-14127,63,3.2,51900.0,717,3.38,3638.81,25,15,0,0,23400.0,11.12,0,True,False,False,False,False,False,True,False,False,False,False,False,True,True,False
LN-14128,59,3.4,44100.0,663,13.78,21648.66,18,11,0,0,6100.0,14.01,1,False,False,True,False,False,True,False,False,False,True,False,False,False,True,False
LN-14129,37,7.5,49600.0,740,6.57,15633.55,18,10,0,1,14300.0,12.65,0,True,False,False,False,True,False,False,False,False,False,True,False,False,True,False
LN-14130,40,6.0,35200.0,623,9.1,11669.2,16,6,1,0,15400.0,15.11,1,True,False,False,False,False,True,False,False,False,False,False,False,True,True,False
LN-14131,44,4.9,33300.0,734,5.52,27898.63,17,13,0,1,4900.0,12.87,0,False,False,False,True,False,True,False,False,False,False,False,False,True,False,True
LN-14132,42,0.5,83000.0,726,12.69,3680.34,17,9,0,1,1000.0,12.95,0,True,False,False,False,False,True,False,False,False,False,True,False,False,False,True
LN-14133,49,5.7,29900.0,672,40.03,10344.03,23,10,0,1,13500.0,18.61,1,False,False,True,False,False,False,True,False,False,False,False,False,True,True,False
LN-14134,42,3.1,45500.0,737,19.1,381.93,14,8,1,0,9200.0,13.12,0,False,False,False,True,False,True,False,False,True,False,False,False,False,True,False
LN-14135,64,10.1,94700.0,658,11.11,26708.22,26,13,0,1,1400.0,13.75,0,True,False,False,False,False,True,False,False,False,False,False,True,False,True,False
LN-14136,29,11.4,44600.0,617,15.11,7124.77,21,11,2,1,20100.0,17.01,1,True,False,False,False,False,True,False,False,False,False,True,False,False,True,False
LN-14137,57,0.3,85500.0,729,18.25,2350.3,22,13,0,0,4900.0,13.54,0,False,False,False,True,True,False,False,False,True,False,False,False,False,False,True
LN-14138,30,7.7,39100.0,676,18.43,3282.46,9,7,0,0,9000.0,16.73,0,True,False,False,False,True,False,False,False,True,False,False,False,False,True,False
LN-14139,56,0.2,30400.0,710,13.01,22625.39,20,13,0,0,9300.0,14.64,1,False,False,False,True,True,False,False,False,False,False,False,True,False,True,False
LN-14140,57,2.1,22500.0,771,9.82,1382.32,14,11,0,0,6500.0,11.17,0,False,False,True,False,True,False,False,False,True,False,False,False,False,True,False
LN-14141,48,3.5,111500.0,644,24.96,31115.69,18,8,0,2,2300.0,15.8,1,True,False,False,False,True,False,False,False,True,False,False,False,False,True,False
LN-14142,48,0.7,29000.0,673,7.24,5610.56,23,12,0,1,13000.0,12.98,1,False,False,False,True,False,True,False,False,True,False,False,False,False,True,False
LN-14143,62,6.2,81700.0,758,25.19,3469.56,19,9,0,3,3000.0,14.52,1,False,False,False,True,False,False,True,False,False,True,False,False,False,False,True
LN-14144,63,0.0,31300.0,713,11.81,4839.07,19,12,2,2,14100.0,14.57,1,True,False,False,False,False,True,False,False,True,False,False,False,False,True,False
LN-14145,41,0.8,111800.0,645,30.6,6310.93,15,7,0,1,22700.0,16.16,1,False,False,False,True,True,False,False,False,True,False,False,False,False,True,False
LN-14146,44,3.9,142987.5,632,7.98,9531.88,14,9,2,0,1000.0,15.65,0,False,False,False,True,False,False,True,False,True,False,False,False,False,True,False
LN-14147,62,5.6,21400.0,654,7.86,10606.1,17,12,0,0,9600.0,16.01,0,True,False,False,False,False,False,True,False,False,False,False,True,False,False,True
LN-14148,60,11.2,29800.0,643,16.2,7126.56,24,13,1,0,13400.0,17.49,1,False,False,False,True,False,False,True,True,False,False,False,False,False,False,True
LN-14149,22,5.5,82900.0,692,9.02,7094.97,18,7,0,0,3100.0,12.34,0,False,False,False,True,True,False,False,False,False,False,False,True,False,True,False
LN-14150,28,5.0,71800.0,684,40.96,4030.71,19,11,0,1,13600.0,16.62,1,True,False,False,False,False,True,False,True,False,False,False,False,False,True,False
LN-14151,47,2.3,83100.0,694,10.02,5810.39,24,13,0,2,7600.0,15.99,0,False,False,True,False,False,False,True,False,True,False,False,False,False,True,False
LN-14152,42,0.0,39500.0,638,8.46,7553.92,18,10,1,0,1200.0,15.08,0,True,False,False,False,False,False,True,False,False,False,False,False,True,True,False
LN-14153,57,0.6,142987.5,676,20.32,10923.35,17,10,0,0,10400.0,15.24,0,True,False,False,False,True,False,False,False,False,False,False,True,False,True,False
LN-14154,47,3.0,57800.0,577,2.51,1680.8,15,10,0,0,26000.0,17.89,1,False,False,False,True,False,False,True,False,True,False,False,False,False,False,True
LN-14155,49,5.1,27700.0,687,42.48,17325.75,20,11,1,0,12500.0,17.78,1,False,False,False,True,False,False,True,True,False,False,False,False,False,False,True
LN-14156,23,2.4,47100.0,739,22.64,13694.65,21,12,1,0,5600.0,11.47,0,False,False,False,True,False,True,False,False,False,False,False,True,False,True,False
LN-14157,64,5.9,27900.0,609,18.33,4259.0,23,11,0,0,11600.0,19.14,1,True,False,False,False,False,True,False,False,True,False,False,False,False,True,False
LN-14158,33,3.3,130000.0,704,9.38,7379.66,20,13,1,1,18700.0,14.04,0,False,False,True,False,False,False,True,False,True,False,False,False,False,False,True
LN-14159,65,0.3,37700.0,649,14.35,35233.49,15,8,0,1,2400.0,16.73,0,True,False,False,False,False,True,False,False,True,False,False,False,False,False,True
LN-14160,30,1.0,71000.0,720,10.23,248.28,16,8,1,0,10500.0,13.58,0,False,False,True,False,False,False,True,False,True,False,False,False,False,False,True
LN-14161,56,8.2,41800.0,688,11.58,20014.44,18,11,0,4,9900.0,15.74,0,True,False,False,False,True,False,False,False,True,False,False,False,False,False,True
LN-14162,29,5.8,38600.0,700,26.46,8602.51,18,10,0,0,6600.0,13.81,0,False,False,False,True,False,False,True,False,False,False,False,True,False,True,False
LN-14163,47,10.1,18900.0,683,19.48,11573.57,17,8,0,3,8500.0,12.83,1,False,False,False,True,False,False,True,True,False,False,False,False,False,True,False
LN-14164,54,0.6,75300.0,746,12.35,13844.4,16,9,0,2,11700.0,12.67,0,False,False,False,True,True,False,False,False,False,False,False,True,False,False,True
LN-14165,21,20.8,110700.0,697,4.52,7306.12,15,9,0,0,16800.0,13.33,0,False,False,False,True,False,True,False,True,False,False,False,False,False,True,False
LN-14166,52,1.1,32700.0,645,44.05500000000001,2556.23,12,5,0,0,12700.0,17.82,1,True,False,False,False,False,False,True,False,True,False,False,False,False,True,False
LN-14167,45,0.1,23200.0,685,7.44,28840.88,29,10,0,2,10400.0,13.57,0,False,False,False,True,False,False,True,False,True,False,False,False,False,False,True
LN-14168,49,25.0,84300.0,662,26.59,16173.69,26,16,0,0,14100.0,17.06,1,True,False,False,False,True,False,False,False,True,False,False,False,False,False,True
LN-14169,27,1.5,21900.0,688,10.02,9840.58,22,9,0,1,9900.0,12.37,0,True,False,False,False,True,False,False,False,False,False,False,True,False,True,False
LN-14170,23,5.0,106000.0,659,17.42,7140.41,14,8,0,2,3600.0,16.18,0,False,False,False,True,False,False,True,False,True,False,False,False,False,True,False
LN-14171,40,0.9,32900.0,646,8.5,8301.74,17,10,0,3,14800.0,14.33,1,True,False,False,False,False,True,False,True,False,False,False,False,False,True,False
LN-14172,40,3.9,29500.0,690,9.79,20815.81,32,14,1,0,2400.0,15.0,0,True,False,False,False,False,False,True,False,True,False,False,False,False,False,True
LN-14173,50,10.5,62100.0,683,9.29,150.99,14,5,1,4,5800.0,12.19,1,False,False,False,True,False,True,False,False,True,False,False,False,False,True,False
LN-14174,55,1.7,30600.0,733,16.67,24059.58,24,15,0,4,13800.0,14.2,0,True,False,False,False,False,False,True,True,False,False,False,False,False,True,False
LN-14175,55,5.0,36700.0,659,9.39,574.56,17,10,1,0,1600.0,14.93,1,True,False,False,False,False,True,False,True,False,False,False,False,False,True,False
LN-14176,59,0.9,65800.0,581,16.23,11482.64,14,6,0,1,28200.0,18.14,1,True,False,False,False,False,False,True,False,True,False,False,False,False,True,False
LN-14177,47,4.4,15000.0,662,32.89,4861.79,19,11,0,0,6800.0,14.6,1,False,False,True,False,False,True,False,False,False,False,False,True,False,True,False
LN-14178,46,1.8,133700.0,599,6.95,13607.25,17,11,0,0,2800.0,15.19,0,True,False,False,False,False,True,False,False,False,False,False,True,False,True,False
LN-14179,34,1.1,55500.0,701,6.98,1073.1,17,6,0,1,18700.0,14.07,0,False,False,True,False,False,True,False,False,False,False,False,True,False,False,True
LN-14180,37,1.7,26600.0,596,37.12,9749.46,24,15,0,1,4700.0,17.3,1,False,False,False,True,False,False,True,False,True,False,False,False,False,True,False
LN-14181,38,0.9,31000.0,631,22.97,23191.66,19,10,1,1,14000.0,15.59,1,False,False,False,True,False,False,True,False,True,False,False,False,False,True,False
LN-14182,65,10.4,93500.0,662,15.59,8189.76,24,14,2,1,21900.0,15.67,1,False,False,False,True,True,False,False,False,False,False,False,True,False,True,False
LN-14183,49,2.3,75400.0,757,5.4,1057.41,18,10,2,2,11800.0,10.18,0,False,False,False,True,False,False,True,False,True,False,False,False,False,True,False
LN-14184,40,1.3,116200.0,626,4.66,457.14,16,11,0,0,21600.0,15.49,0,False,False,True,False,False,True,False,False,False,False,True,False,False,True,False
LN-14185,47,2.7,37200.0,681,8.4,11649.01,21,13,1,1,16700.0,13.59,1,True,False,False,False,False,False,True,False,True,False,False,False,False,False,True
LN-14186,38,1.7,63800.0,709,16.97,864.79,22,14,0,1,11200.0,14.09,0,False,False,False,True,False,True,False,False,False,False,True,False,False,True,False
LN-14187,24,6.1,68500.0,754,27.82,887.49,21,10,0,0,2300.0,12.45,0,False,False,False,True,False,True,False,False,True,False,False,False,False,False,True
LN-14188,21,16.0,79400.0,719,16.66,6649.8,23,11,1,0,17300.0,13.74,0,False,False,False,True,True,False,False,False,True,False,False,False,False,True,False
LN-14189,21,3.0,100700.0,735,17.3,2821.2,18,8,0,0,7400.0,15.16,0,True,False,False,False,False,False,True,False,True,False,False,False,False,True,False
LN-14190,46,8.9,36500.0,723,29.9,2740.83,23,11,0,2,10600.0,14.31,1,True,False,False,False,False,False,True,False,False,False,True,False,False,False,True
LN-14191,65,3.8,50900.0,620,20.22,7869.67,19,13,0,0,13800.0,15.68,0,True,False,False,False,False,True,False,False,False,False,False,False,True,True,False
LN-14192,40,0.8,38700.0,698,10.89,3955.42,19,6,0,0,17400.0,15.6,0,False,False,True,False,True,False,False,False,True,False,False,False,False,False,True
LN-14193,43,5.3,52600.0,722,14.97,2970.26,25,16,2,1,14300.0,12.87,0,False,False,False,True,True,False,False,False,True,False,False,False,False,True,False
LN-14194,30,3.2,79500.0,632,28.27,8668.8,14,8,1,4,3700.0,16.33,1,False,False,False,True,False,True,False,False,False,False,False,False,True,False,True
LN-14195,31,4.7,21800.0,651,18.26,4124.83,19,9,0,0,9800.0,15.74,1,False,False,False,True,False,True,False,True,False,False,False,False,False,True,False
LN-14196,61,3.0,99700.0,640,38.95,1003.45,16,11,0,0,23100.0,17.6,1,False,False,False,True,False,True,False,False,False,True,False,False,False,True,False
LN-14197,61,3.0,29000.0,719,9.53,13776.37,19,13,0,0,1000.0,11.7,1,False,False,True,False,False,True,False,False,True,False,False,False,False,True,False
LN-14198,25,10.4,45700.0,677,7.46,10571.32,15,6,0,0,5200.0,12.83,0,True,False,False,False,False,True,False,False,True,False,False,False,False,True,False
LN-14199,21,6.3,107400.0,664,19.1,2860.87,22,13,0,0,34300.0,16.02,0,True,False,False,False,True,False,False,False,True,False,False,False,False,True,False
LN-14200,37,3.0,64900.0,616,16.41,10474.36,14,7,0,0,2700.0,15.12,0,True,False,False,False,True,False,False,False,True,False,False,False,False,True,False
LN-14201,42,4.2,65300.0,677,6.94,36444.7325,12,5,1,0,2800.0,12.95,0,False,False,False,True,False,True,False,False,False,False,True,False,False,False,True
LN-14202,54,1.8,28300.0,652,10.32,36444.7325,16,5,0,4,12500.0,14.73,1,False,False,False,True,False,True,False,False,True,False,False,False,False,False,True
LN-14203,65,18.5,30500.0,692,33.06,9109.97,21,13,1,2,5800.0,17.24,1,True,False,False,False,False,True,False,False,False,False,True,False,False,False,True
LN-14204,61,5.0,90900.0,623,20.74,1238.08,13,9,0,1,15000.0,16.11,1,True,False,False,False,False,True,False,False,True,False,False,False,False,True,False
LN-14205,49,0.2,39200.0,689,10.8,7353.98,22,11,0,0,4300.0,12.84,0,False,False,False,True,False,True,False,False,False,False,False,False,True,True,False
LN-14206,24,1.8,41300.0,658,8.2,328.25,21,14,0,1,7800.0,14.22,0,True,False,False,False,False,False,True,False,True,False,False,False,False,True,False
LN-14207,25,4.4,92100.0,618,12.36,6437.85,29,15,0,0,34300.0,16.5,0,True,False,False,False,False,False,True,False,False,False,False,True,False,True,False
LN-14208,31,0.3,30400.0,614,27.4,28818.11,14,8,0,0,6500.0,19.09,1,False,False,False,True,False,True,False,False,True,False,False,False,False,True,False
LN-14209,41,0.1,62800.0,621,16.06,7560.8,11,6,0,1,1300.0,16.53,0,True,False,False,False,True,False,False,False,False,False,False,False,True,True,False
LN-14210,55,2.7,55500.0,670,14.78,9595.1,18,9,0,1,19000.0,16.79,1,False,False,False,True,False,False,True,True,False,False,False,False,False,True,False
LN-14211,32,1.8,54100.0,686,28.2,2064.22,17,7,0,4,12400.0,15.88,1,True,False,False,False,False,True,False,False,True,False,False,False,False,True,False
LN-14212,46,2.6,40700.0,693,7.19,189.29,13,8,1,1,8200.0,13.74,1,True,False,False,False,False,False,True,True,False,False,False,False,False,False,True
LN-14213,39,1.4,39400.0,695,9.21,36444.7325,20,11,0,2,17700.0,14.27,0,False,True,False,False,False,False,True,False,True,False,False,False,False,True,False
LN-14214,65,0.8,29900.0,642,16.91,4954.54,16,10,0,0,2200.0,16.27,0,False,False,False,True,True,False,False,False,True,False,False,False,False,True,False
LN-14215,27,5.3,70600.0,733,14.77,3931.22,18,11,2,2,9400.0,14.82,1,False,False,False,True,True,False,False,False,False,True,False,False,False,False,True
LN-14216,67,3.3,37500.0,658,12.86,10163.46,22,17,0,5,3000.0,15.56,1,False,False,False,True,False,False,True,False,True,False,False,False,False,True,False
LN-14217,27,1.0,92300.0,703,29.0,16412.9,19,10,0,1,1200.0,14.66,0,False,False,False,True,False,True,False,False,False,False,False,True,False,True,False
LN-14218,46,1.7,47900.0,672,3.7,3474.73,13,4,0,1,8200.0,12.91,0,True,False,False,False,False,False,True,False,True,False,False,False,False,True,False
LN-14219,60,4.0,30300.0,699,7.68,8911.17,25,12,0,4,13600.0,14.11,0,False,False,True,False,True,False,False,True,False,False,False,False,False,False,True
LN-14220,25,0.3,47500.0,669,7.65,4853.03,18,11,0,0,17900.0,13.13,0,False,False,False,True,False,False,True,False,True,False,False,False,False,False,True
LN-14221,41,0.7,43200.0,700,21.91,7869.42,16,8,0,2,3700.0,13.86,0,False,False,False,True,False,False,True,False,False,False,False,False,True,True,False
LN-14222,34,0.3,94400.0,680,11.62,2110.97,17,10,1,0,8700.0,13.45,0,False,False,False,True,False,True,False,True,False,False,False,False,False,False,True
LN-14223,24,7.5,44200.0,721,44.05500000000001,8563.1,25,12,0,0,19900.0,16.09,0,True,False,False,False,True,False,False,False,True,False,False,False,False,True,False
LN-14224,43,6.3,46500.0,639,29.8,582.05,17,7,1,1,3000.0,17.64,1,False,False,False,True,False,False,True,False,True,False,False,False,False,True,False
LN-14225,62,6.3,117800.0,592,11.67,21990.78,18,11,0,0,3200.0,18.07,0,False,False,False,True,False,True,False,False,False,False,False,False,True,False,True
LN-14226,40,5.7,71600.0,631,21.54,11855.36,16,14,0,5,2800.0,16.04,1,True,False,False,False,False,False,True,False,True,False,False,False,False,True,False
LN-14227,35,5.0,135200.0,733,20.89,34062.78,16,10,0,0,13100.0,12.57,0,False,False,False,True,True,False,False,False,False,False,False,False,True,True,False
LN-14228,65,2.9,108300.0,672,34.89,10987.45,25,16,0,0,1000.0,17.43,1,True,False,False,False,False,False,True,False,True,False,False,False,False,True,False
LN-14229,49,4.6,33300.0,685,13.13,2413.15,12,6,0,0,12400.0,15.01,0,True,False,False,False,True,False,False,False,True,False,False,False,False,True,False
LN-14230,28,0.2,93400.0,627,10.64,7940.96,17,11,0,2,24400.0,15.21,1,False,False,False,True,False,True,False,False,False,False,True,False,False,False,True
LN-14231,61,4.4,125400.0,683,20.01,13112.59,20,15,0,0,21400.0,14.75,0,True,False,False,False,False,True,False,False,True,False,False,False,False,True,False
LN-14232,39,6.8,125900.0,629,13.24,5625.14,26,14,0,1,15400.0,16.02,1,True,False,False,False,True,False,False,False,False,False,False,False,True,True,False
LN-14233,59,3.1,93300.0,636,23.02,9652.96,21,9,0,3,3500.0,16.94,1,True,False,False,False,True,False,False,False,False,False,True,False,False,False,True
LN-14234,66,2.0,92200.0,660,32.62,2130.71,21,12,0,0,23700.0,14.55,1,False,False,False,True,False,True,False,False,False,False,False,False,True,True,False
LN-14235,48,1.5,45900.0,702,8.36,18013.69,17,10,0,0,20700.0,11.44,0,False,False,False,True,False,False,True,False,True,False,False,False,False,False,True
LN-14236,66,4.6,34200.0,708,10.02,28832.84,16,11,0,0,2800.0,13.05,0,True,False,False,False,False,True,False,False,True,False,False,False,False,True,False
LN-14237,47,5.3,44600.0,709,30.92,4537.88,14,8,0,0,20100.0,12.45,1,True,False,False,False,False,True,False,True,False,False,False,False,False,True,False
LN-14238,24,9.2,21700.0,601,15.54,18919.66,18,11,0,0,9800.0,16.08,1,False,False,False,True,False,True,False,False,True,False,False,False,False,True,False
LN-14239,35,1.9,113400.0,680,15.89,1157.41,16,4,0,0,34300.0,15.03,1,False,False,False,True,False,True,False,False,True,False,False,False,False,True,False
LN-14240,55,6.6,46400.0,670,27.98,3399.57,9,8,1,2,5400.0,16.0,1,False,False,False,True,False,False,True,False,False,False,False,True,False,True,False
LN-14241,57,3.7,110200.0,603,14.48,7435.86,22,14,0,2,34300.0,15.85,1,False,False,False,True,False,True,False,False,False,True,False,False,False,True,False
LN-14242,21,9.6,27500.0,681,25.06,5861.08,15,11,1,1,2800.0,16.99,1,True,False,False,False,False,True,False,False,False,False,False,False,True,False,True
LN-14243,23,3.4,98300.0,667,8.84,11599.2,22,10,1,2,2700.0,14.69,0,False,False,False,True,False,False,True,False,True,False,False,False,False,True,False
LN-14244,67,3.3,41300.0,706,11.98,9933.45,21,12,0,0,1600.0,12.48,0,False,False,False,True,False,True,False,False,False,False,False,False,True,True,False
LN-14245,44,3.9,26700.0,684,35.88,1095.81,21,10,0,1,7800.0,17.51,1,True,False,False,False,False,True,False,False,False,True,False,False,False,True,False
LN-14246,47,6.2,132600.0,653,15.69,1694.54,19,9,0,0,1000.0,15.64,0,False,False,False,True,False,True,False,False,False,False,True,False,False,True,False
LN-14247,60,15.0,99600.0,726,8.5,637.16,17,6,0,0,6700.0,11.21,0,True,False,False,False,False,False,True,False,True,False,False,False,False,True,False
LN-14248,56,0.3,60900.0,569,8.3,36444.7325,25,19,0,0,13800.0,14.69,1,True,False,False,False,False,True,False,False,True,False,False,False,False,True,False
LN-14249,54,0.2,55200.0,677,14.76,12439.29,13,9,0,0,1100.0,15.49,0,False,False,False,True,False,False,True,False,True,False,False,False,False,False,True
LN-14250,49,12.5,69000.0,592,25.61,23220.72,20,10,0,2,23900.0,17.2,1,True,False,False,False,False,True,False,False,True,False,False,False,False,True,False
LN-14251,44,3.4,60300.0,634,2.13,9351.36,17,9,0,0,4800.0,14.61,1,True,False,False,False,True,False,False,False,True,False,False,False,False,True,False
LN-14252,44,4.3,35000.0,706,11.06,2585.65,11,5,0,1,1000.0,12.71,1,False,False,False,True,False,True,False,False,True,False,False,False,False,True,False
LN-14253,62,3.0,43200.0,616,20.94,11821.29,19,10,1,0,6600.0,14.03,1,False,False,False,True,False,False,True,False,False,False,False,False,True,True,False
LN-14254,24,0.4,142987.5,609,17.88,8446.59,13,7,0,0,2100.0,16.29,1,True,False,False,False,False,True,False,False,False,False,False,False,True,True,False
LN-14255,23,6.6,142987.5,799,19.78,6294.88,17,6,0,0,22200.0,9.39,0,False,False,True,False,True,False,False,True,False,False,False,False,False,True,False
LN-14256,54,6.2,128000.0,612,9.46,5578.86,14,5,0,1,5700.0,15.26,0,True,False,False,False,False,False,True,False,False,False,False,True,False,True,False
LN-14257,43,1.7,70500.0,763,16.72,12600.49,12,10,0,0,1700.0,10.93,0,False,False,False,True,True,False,False,False,False,False,False,True,False,True,False
LN-14258,43,1.6,45000.0,671,28.61,11540.53,15,9,0,2,8500.0,16.59,1,True,False,False,False,False,True,False,False,True,False,False,False,False,False,True
LN-14259,65,8.2,34900.0,654,11.76,1972.36,15,8,0,0,8400.0,15.07,1,False,False,False,True,True,False,False,False,False,False,True,False,False,True,False
LN-14260,25,0.3,36200.0,708,16.2,20328.32,24,14,0,0,4500.0,13.89,0,True,False,False,False,False,False,True,False,False,False,False,False,True,True,False
LN-14261,51,9.6,40000.0,747,4.32,12130.23,19,14,0,0,5500.0,9.26,0,True,False,False,False,False,False,True,False,True,False,False,False,False,False,True
LN-14262,61,1.3,142987.5,623,20.72,9209.5,15,8,0,1,20500.0,18.13,0,True,False,False,False,True,False,False,False,True,False,False,False,False,True,False
LN-14263,26,4.0,142987.5,654,9.68,16583.69,15,4,0,0,14300.0,13.59,0,True,False,False,False,False,False,True,False,True,False,False,False,False,False,True
LN-14264,57,12.4,81700.0,722,6.42,2002.1,14,10,0,0,3400.0,13.09,0,True,False,False,False,False,False,True,False,False,False,False,True,False,False,True
LN-14265,30,5.1,31900.0,694,11.01,30266.24,21,9,0,0,14400.0,12.38,1,True,False,False,False,False,True,False,False,True,False,False,False,False,True,False
LN-14266,60,2.4,88500.0,735,21.38,3786.19,10,7,0,1,5100.0,13.25,0,False,False,False,True,False,False,True,False,True,False,False,False,False,True,False
LN-14267,27,5.3,47500.0,706,9.84,3658.06,15,8,0,3,10700.0,10.7,1,True,False,False,False,True,False,False,False,True,False,False,False,False,True,False
LN-14268,59,1.9,16600.0,770,7.34,20242.47,15,9,1,0,7500.0,12.51,0,False,False,True,False,False,True,False,False,False,False,False,True,False,True,False
LN-14269,58,1.5,63400.0,689,23.47,4877.43,29,17,0,0,3400.0,14.1,1,False,False,False,True,True,False,False,False,True,False,False,False,False,True,False
LN-14270,41,25.0,34100.0,691,8.33,21313.58,17,7,0,0,4800.0,13.86,0,True,False,False,False,True,False,False,False,True,False,False,False,False,True,False
LN-14271,40,6.3,34700.0,696,44.05500000000001,4770.14,3,1,0,3,9200.0,15.25,1,False,False,False,True,False,False,True,True,False,False,False,False,False,True,False
LN-14272,23,4.7,47200.0,673,27.93,9600.45,22,13,0,0,4100.0,18.39,1,True,False,False,False,False,True,False,False,True,False,False,False,False,False,True
LN-14273,42,2.0,41200.0,722,35.99,3149.55,16,8,0,3,5100.0,12.83,1,True,False,False,False,True,False,False,False,True,False,False,False,False,True,False
LN-14274,67,0.2,53200.0,692,17.1,15779.76,17,9,0,0,13300.0,11.77,1,False,False,False,True,False,True,False,False,True,False,False,False,False,False,True
LN-14275,24,0.1,51800.0,719,9.58,2191.81,20,14,0,2,18500.0,14.09,0,False,False,True,False,True,False,False,False,False,False,False,False,True,True,False
LN-14276,48,3.6,19300.0,727,29.1,27562.99,30,21,0,4,8700.0,12.35,1,False,False,False,True,True,False,False,False,True,False,False,False,False,True,False
LN-14277,32,6.5,125000.0,701,6.89,5575.87,15,7,0,0,1800.0,13.74,0,True,False,False,False,False,False,True,False,True,False,False,False,False,False,True
LN-14278,58,3.5,31500.0,705,3.9,7654.24,14,8,0,1,14200.0,14.32,0,True,False,False,False,True,False,False,False,False,False,False,False,True,True,False
LN-14279,56,8.3,32100.0,629,19.82,291.78,23,14,3,1,14400.0,16.67,1,False,False,False,True,False,False,True,False,False,False,False,False,True,False,True
LN-14280,67,0.2,45200.0,652,5.92,36444.7325,15,4,0,0,12200.0,15.62,0,False,False,False,True,False,False,True,False,False,False,True,False,False,False,True
LN-14281,61,2.1,51000.0,722,14.72,20131.02,22,15,0,0,13000.0,13.75,0,False,False,False,True,True,False,False,False,True,False,False,False,False,True,False
LN-14282,25,1.2,120900.0,751,14.16,7108.96,29,18,0,2,34300.0,11.84,1,True,False,False,False,True,False,False,False,True,False,False,False,False,True,False
LN-14283,33,2.7,62800.0,583,25.05,30348.01,11,4,0,4,28300.0,19.61,0,True,False,False,False,False,True,False,False,True,False,False,False,False,True,False
LN-14284,43,0.3,74000.0,652,6.59,32094.16,15,9,0,3,11400.0,16.21,0,False,False,False,True,False,False,True,False,True,False,False,False,False,False,True
LN-14285,50,13.9,63000.0,681,5.25,9138.45,16,8,0,4,20300.0,13.26,0,False,False,False,True,False,False,True,False,False,False,False,False,True,False,True
LN-14286,57,1.1,61500.0,636,13.47,3196.54,12,9,1,1,2800.0,16.3,1,False,False,False,True,False,False,True,False,False,False,False,True,False,True,False
LN-14287,45,11.5,64200.0,639,2.0,8012.33,22,9,0,0,7500.0,14.37,0,True,False,False,False,False,False,True,True,False,False,False,False,False,True,False
LN-14288,47,2.5,18700.0,704,18.93,4712.93,17,12,0,1,8400.0,13.65,1,True,False,False,False,False,False,True,False,False,False,True,False,False,True,False
LN-14289,34,19.1,47200.0,759,17.89,7130.17,19,12,3,0,4800.0,12.24,0,False,False,False,True,False,True,False,False,False,False,False,False,True,True,False
LN-14290,67,3.6,102700.0,578,18.09,29082.4,16,11,1,0,8500.0,18.76,1,True,False,False,False,True,False,False,False,True,False,False,False,False,True,False
LN-14291,56,12.0,142987.5,671,13.3,3972.66,22,12,0,2,2700.0,13.14,0,False,False,False,True,False,False,True,False,False,False,False,True,False,True,False
LN-14292,59,0.0,27900.0,703,41.48,21913.74,21,9,1,1,12600.0,17.09,1,False,False,True,False,False,False,True,False,False,False,False,False,True,True,False
LN-14293,36,6.2,68400.0,719,20.17,32856.12,17,11,0,2,30800.0,15.8,0,False,False,True,False,True,False,False,False,False,False,False,True,False,False,True
LN-14294,42,10.5,39600.0,696,23.48,19620.32,28,18,0,0,9100.0,13.55,1,True,False,False,False,True,False,False,False,True,False,False,False,False,True,False
LN-14295,41,0.7,142987.5,768,10.44,8990.35,21,12,1,3,3000.0,13.07,0,False,False,True,False,True,False,False,False,True,False,False,False,False,True,False
LN-14296,41,0.5,25700.0,681,13.62,9960.73,19,6,0,0,11600.0,13.79,0,True,False,False,False,False,False,True,False,False,False,True,False,False,True,False
LN-14297,28,2.5,76400.0,746,8.62,20553.27,25,19,1,1,3400.0,12.2,0,True,False,False,False,False,False,True,False,True,False,False,False,False,True,False
LN-14298,36,12.2,25000.0,648,16.73,546.26,23,13,0,0,3600.0,14.75,0,True,False,False,False,False,True,False,False,True,False,False,False,False,True,False
LN-14299,51,3.5,45500.0,683,8.73,15978.49,11,5,0,1,20500.0,14.53,1,False,False,False,True,False,True,False,False,True,False,False,False,False,True,False
LN-14300,62,3.4,53200.0,619,23.87,9031.39,23,11,0,0,1500.0,16.27,1,False,False,False,True,False,True,False,False,False,False,False,False,True,True,False
LN-14301,30,0.7,97600.0,725,15.18,6072.79,19,9,0,0,6700.0,13.91,0,False,False,False,True,False,True,False,False,False,False,True,False,False,False,True
LN-14302,52,0.0,30000.0,674,2.0,17476.88,11,8,0,2,11300.0,10.15,1,True,False,False,False,False,False,True,False,True,False,False,False,False,True,False
LN-14303,54,7.5,78000.0,698,8.17,3715.0,9,5,0,3,1600.0,12.45,0,False,False,False,True,False,True,False,False,True,False,False,False,False,True,False
LN-14304,29,0.4,54700.0,664,34.03,27106.69,14,10,0,2,1000.0,16.5,1,False,False,False,True,False,True,False,False,True,False,False,False,False,False,True
LN-14305,37,4.5,62900.0,709,35.39,13995.8,27,14,0,0,10900.0,12.57,0,True,False,False,False,False,True,False,False,True,False,False,False,False,True,False
LN-14306,31,11.1,91800.0,700,21.73,11304.09,16,12,1,1,1700.0,15.96,1,False,False,False,True,False,True,False,False,False,False,False,False,True,False,True
LN-14307,52,1.1,26800.0,630,13.58,8885.89,19,14,0,0,4000.0,16.16,1,True,False,False,False,False,True,False,False,True,False,False,False,False,False,True
LN-14308,30,4.9,84600.0,633,31.41,2870.63,16,10,0,1,9600.0,15.78,1,False,False,True,False,False,False,True,False,True,False,False,False,False,False,True
LN-14309,42,0.4,39600.0,679,14.24,11514.92,17,6,0,0,6000.0,14.83,0,True,False,False,False,False,False,True,False,True,False,False,False,False,True,False
LN-14310,37,4.2,99000.0,713,30.49,15488.06,17,8,0,0,17400.0,15.63,1,True,False,False,False,False,True,False,True,False,False,False,False,False,True,False
LN-14311,24,0.8,65100.0,773,16.66,141.1,17,15,0,1,29300.0,12.14,0,True,False,False,False,False,False,True,False,True,False,False,False,False,False,True
LN-14312,67,6.0,48300.0,695,12.75,5476.41,19,12,1,0,19600.0,11.67,1,True,False,False,False,False,True,False,False,False,False,False,True,False,True,False
LN-14313,45,1.6,39200.0,730,23.8,21438.69,13,11,1,1,17600.0,10.98,1,False,False,False,True,True,False,False,False,False,True,False,False,False,True,False
LN-14314,41,2.8,85200.0,599,7.45,12002.94,14,9,0,0,6900.0,14.66,0,False,False,True,False,False,False,True,False,False,False,True,False,False,True,False
LN-14315,57,3.0,108400.0,781,8.74,11462.58,16,8,0,1,5100.0,9.41,1,False,False,False,True,False,False,True,False,False,False,False,False,True,True,False
LN-14316,58,0.8,40400.0,710,5.58,3114.78,20,9,0,0,3300.0,15.48,0,False,False,False,True,True,False,False,False,True,False,False,False,False,False,True
LN-14317,21,6.1,29100.0,678,20.29,11998.96,26,12,0,1,13100.0,14.38,1,True,False,False,False,False,False,True,False,True,False,False,False,False,True,False
LN-14318,45,1.6,79400.0,672,14.8,18509.77,15,6,1,0,6900.0,12.85,1,False,False,False,True,False,False,True,False,True,False,False,False,False,True,False
LN-14319,56,4.9,24400.0,625,44.05500000000001,6165.09,10,6,1,0,11000.0,20.12,1,False,False,False,True,False,False,True,False,False,False,True,False,False,False,True
LN-14320,37,0.8,26400.0,639,20.73,2412.07,12,5,0,0,11900.0,18.2,0,False,False,False,True,True,False,False,False,False,False,False,False,True,False,True
LN-14321,61,5.2,30200.0,776,12.5,965.08,20,10,0,2,1000.0,12.53,0,False,False,False,True,False,False,True,False,True,False,False,False,False,False,True
LN-14322,44,0.6,43100.0,631,14.11,8455.25,27,15,0,0,19400.0,15.69,1,False,False,False,True,False,True,False,False,False,False,False,False,True,True,False
LN-14323,22,2.5,26000.0,630,17.86,13818.79,18,6,1,0,9300.0,16.77,1,False,False,False,True,False,True,False,True,False,False,False,False,False,False,True
LN-14324,60,1.3,18700.0,645,10.47,2130.0,23,9,0,0,3500.0,14.9,0,True,False,False,False,False,False,True,True,False,False,False,False,False,True,False
LN-14325,35,6.2,29000.0,620,2.27,6566.63,13,5,0,0,13000.0,15.23,0,True,False,False,False,False,False,True,False,False,True,False,False,False,True,False
LN-14326,52,1.4,77100.0,681,5.62,10089.84,23,15,2,0,19600.0,13.12,0,False,False,False,True,False,True,False,False,True,False,False,False,False,True,False
LN-14327,59,9.6,26900.0,734,11.39,2033.22,24,15,0,0,12100.0,12.25,0,False,False,True,False,False,True,False,False,False,False,False,True,False,True,False
LN-14328,26,10.0,44900.0,649,4.47,3774.72,16,6,0,0,20200.0,13.93,0,False,False,False,True,False,False,True,False,True,False,False,False,False,True,False
LN-14329,21,1.0,142987.5,611,15.45,11250.58,20,12,0,1,19800.0,16.36,0,False,False,False,True,False,False,True,False,False,False,False,True,False,False,True
LN-14330,67,4.3,52700.0,695,27.72,15492.85,20,9,0,0,1800.0,14.36,1,False,False,False,True,False,True,False,False,False,False,False,False,True,True,False
LN-14331,43,0.4,65400.0,677,8.79,12127.0,18,9,1,0,29400.0,15.14,0,True,False,False,False,True,False,False,False,True,False,False,False,False,False,True
LN-14332,59,2.2,32200.0,730,11.62,15005.82,15,7,0,1,12700.0,11.4,0,False,False,False,True,False,False,True,False,False,False,False,False,True,True,False
LN-14333,37,5.6,142987.5,657,14.0,10453.07,16,13,0,1,5000.0,16.3,0,True,False,False,False,False,True,False,False,False,False,False,True,False,False,True
LN-14334,54,4.8,40200.0,667,12.67,21682.45,14,8,1,0,18100.0,16.37,1,True,False,False,False,False,False,True,False,False,False,False,False,True,False,True
LN-14335,61,4.4,47800.0,673,15.56,21035.26,25,11,1,1,1000.0,14.82,0,True,False,False,False,False,False,True,False,False,False,False,False,True,True,False
LN-14336,49,1.5,111800.0,684,3.1,19090.19,11,6,0,0,14900.0,12.39,0,True,False,False,False,False,False,True,False,False,False,True,False,False,True,False
LN-14337,29,2.1,49000.0,660,29.42,10280.94,18,9,0,1,2400.0,17.05,1,False,False,True,False,True,False,False,False,True,False,False,False,False,False,True
LN-14338,33,0.5,55600.0,652,13.31,36444.7325,10,4,0,0,1300.0,15.08,1,False,False,False,True,False,True,False,False,False,False,True,False,False,True,False
LN-14339,26,5.7,46400.0,587,8.2,478.77,23,15,0,5,6100.0,16.81,1,False,False,False,True,True,False,False,False,True,False,False,False,False,True,False
LN-14340,26,3.2,46600.0,652,18.46,2612.7,21,14,0,1,6200.0,18.1,0,True,False,False,False,False,True,False,False,True,False,False,False,False,False,True
LN-14341,40,5.6,66400.0,716,26.89,19858.08,9,4,0,0,12800.0,12.55,0,True,False,False,False,True,False,False,True,False,False,False,False,False,True,False
LN-14342,23,1.3,73400.0,723,7.25,21004.59,23,16,0,0,11700.0,12.39,0,False,False,False,True,False,False,True,False,True,False,False,False,False,True,False
LN-14343,37,1.8,38000.0,656,18.93,20494.72,15,9,0,2,16300.0,15.74,0,False,False,False,True,False,False,True,False,False,False,False,False,True,False,True
LN-14344,32,1.8,35500.0,745,32.26,24735.82,17,6,0,0,2700.0,11.95,0,True,False,False,False,True,False,False,True,False,False,False,False,False,True,False
LN-14345,67,0.1,38800.0,679,32.41,6590.81,22,12,1,0,17500.0,14.06,1,False,False,False,True,False,True,False,False,True,False,False,False,False,True,False
LN-14346,65,1.9,25100.0,613,24.19,32229.63,12,4,0,0,11300.0,18.07,0,False,False,False,True,True,False,False,False,False,False,False,True,False,True,False
LN-14347,21,7.3,22600.0,597,10.61,2816.07,15,9,0,0,3400.0,14.76,1,False,False,True,False,False,False,True,False,False,False,False,False,True,True,False
LN-14348,37,10.2,63800.0,741,7.52,33165.64,23,12,0,0,9000.0,11.95,0,True,False,False,False,False,False,True,False,True,False,False,False,False,True,False
LN-14349,23,3.3,90800.0,661,8.73,9761.52,17,11,0,1,9400.0,14.4,0,True,False,False,False,True,False,False,False,False,False,False,False,True,True,False
LN-14350,46,2.7,87500.0,619,31.98,2147.86,23,16,0,1,34300.0,16.42,1,True,False,False,False,False,False,True,False,True,False,False,False,False,True,False
LN-14351,35,0.1,15000.0,567,21.66,15985.18,22,7,0,2,6800.0,20.29,1,False,False,True,False,False,True,False,True,False,False,False,False,False,False,True
LN-14352,56,9.5,47300.0,660,24.65,4209.67,20,13,0,0,1000.0,15.13,1,False,False,False,True,False,True,False,False,True,False,False,False,False,False,True
LN-14353,52,0.1,29600.0,700,14.85,2988.58,26,17,0,1,13300.0,12.83,0,False,False,False,True,False,False,True,False,True,False,False,False,False,True,False
LN-14354,52,13.0,58600.0,645,3.41,2266.0,15,6,0,3,1000.0,13.02,1,True,False,False,False,False,False,True,False,True,False,False,False,False,True,False
LN-14355,24,3.0,43100.0,627,18.77,358.16,14,6,0,0,11200.0,18.06,1,True,False,False,False,False,False,True,True,False,False,False,False,False,False,True
LN-14356,38,1.9,75000.0,653,8.18,17360.38,12,3,2,1,5200.0,15.88,0,False,False,False,True,False,False,True,False,True,False,False,False,False,True,False
LN-14357,39,11.6,53600.0,742,28.18,7998.16,12,9,0,1,6900.0,13.51,0,False,True,False,False,False,True,False,False,False,False,False,False,True,True,False
LN-14358,63,0.1,19100.0,610,8.78,36444.7325,17,12,0,2,8600.0,18.93,0,True,False,False,False,False,False,True,False,False,False,True,False,False,True,False
LN-14359,55,3.9,31800.0,648,17.48,6942.22,16,9,0,0,12300.0,15.9,0,False,False,False,True,False,False,True,False,False,False,True,False,False,True,False
LN-14360,60,3.6,54300.0,741,22.09,22244.94,26,14,0,0,2600.0,14.51,0,False,False,False,True,True,False,False,False,True,False,False,False,False,False,True
LN-14361,34,1.1,56900.0,705,44.05500000000001,36444.7325,21,16,0,0,25600.0,18.55,1,False,False,False,True,False,True,False,False,False,False,False,True,False,True,False
LN-14362,53,2.5,25000.0,689,14.53,272.62,15,10,0,0,1000.0,13.01,0,True,False,False,False,False,True,False,False,False,False,False,False,True,True,False
LN-14363,34,4.8,23300.0,648,14.94,1335.46,19,9,1,4,5900.0,16.65,1,False,False,True,False,False,True,False,False,True,False,False,False,False,False,True
LN-14364,54,5.8,55900.0,682,28.32,5130.02,20,10,0,0,22600.0,14.98,1,False,False,False,True,True,False,False,True,False,False,False,False,False,False,True
LN-14365,24,0.0,25000.0,653,13.44,24493.38,16,11,0,2,11200.0,14.3,1,False,False,True,False,False,False,True,False,False,False,False,False,True,False,True
LN-14366,44,12.4,21600.0,637,11.7,21838.24,16,6,1,2,9700.0,16.56,1,True,False,False,False,False,True,False,False,False,False,False,False,True,True,False
LN-14367,49,0.8,42400.0,626,9.78,5482.4,13,8,0,0,6500.0,14.43,0,True,False,False,False,False,True,False,False,True,False,False,False,False,True,False
LN-14368,39,1.2,41400.0,719,16.09,2676.28,20,8,3,5,15700.0,13.2,1,True,False,False,False,False,False,True,False,False,False,False,False,True,True,False
LN-14369,26,1.4,33400.0,677,10.82,19453.32,22,9,0,2,15000.0,15.86,0,False,False,False,True,True,False,False,False,False,False,False,False,True,True,False
LN-14370,53,0.2,36800.0,696,33.39,10903.28,15,8,1,0,12100.0,12.93,1,True,False,False,False,True,False,False,False,False,False,False,False,True,True,False
LN-14371,60,0.6,54600.0,688,24.1,385.33,32,18,0,0,15900.0,15.39,0,False,False,False,True,True,False,False,False,True,False,False,False,False,True,False
LN-14372,39,19.3,36500.0,702,16.92,19568.92,17,11,0,0,11300.0,14.56,1,True,False,False,False,False,False,True,True,False,False,False,False,False,False,True
LN-14373,21,1.7,56300.0,667,15.95,36444.7325,20,9,1,0,1000.0,14.55,0,False,False,False,True,False,False,True,False,False,False,False,False,True,True,False
LN-14374,25,0.6,43900.0,656,9.39,515.98,22,14,3,0,4500.0,15.53,0,True,False,False,False,True,False,False,False,True,False,False,False,False,False,True
LN-14375,47,0.5,59400.0,639,14.77,4040.34,15,8,0,1,17000.0,15.45,1,True,False,False,False,False,True,False,False,False,False,False,False,True,True,False
LN-14376,36,5.7,87800.0,609,13.86,20541.97,16,8,1,0,3900.0,16.95,1,False,False,False,True,False,False,True,False,True,False,False,False,False,True,False
LN-14377,26,8.7,86000.0,624,42.27,10543.6,23,14,0,2,8500.0,16.85,1,False,False,False,True,False,True,False,False,False,False,False,False,True,True,False
LN-14378,60,1.3,110000.0,662,13.33,36444.7325,17,5,0,0,10700.0,15.18,0,True,False,False,False,False,False,True,False,False,False,False,False,True,True,False
LN-14379,33,0.1,85900.0,600,20.71,29652.47,15,6,0,0,15600.0,15.8,1,True,False,False,False,False,False,True,False,True,False,False,False,False,True,False
LN-14380,55,1.1,61800.0,611,21.41,2356.14,12,10,1,0,4200.0,20.39,1,False,False,False,True,True,False,False,False,False,False,False,True,False,False,True
LN-14381,39,0.3,42700.0,732,8.0,13451.34,20,11,0,3,12700.0,11.79,1,True,False,False,False,False,False,True,False,False,False,True,False,False,True,False
LN-14382,32,0.5,43800.0,691,13.15,12711.09,13,8,0,0,12700.0,13.86,0,False,False,False,True,False,False,True,True,False,False,False,False,False,True,False
LN-14383,36,2.5,33400.0,657,23.75,1409.97,17,7,0,2,15000.0,18.7,1,False,False,False,True,False,False,True,False,False,False,False,False,True,False,True
LN-14384,63,1.2,54300.0,794,7.35,1125.39,19,12,0,0,11200.0,8.95,0,False,False,False,True,False,True,False,False,True,False,False,False,False,True,False
LN-14385,30,3.3,79500.0,598,44.05500000000001,10112.14,20,5,0,0,4900.0,20.4,1,False,False,False,True,False,False,True,True,False,False,False,False,False,False,True
LN-14386,45,1.3,36300.0,729,16.68,6189.52,19,12,0,1,10400.0,11.01,0,True,False,False,False,False,True,False,False,False,False,False,False,True,True,False
LN-14387,40,12.7,53100.0,674,10.73,9461.26,14,9,0,5,1600.0,12.83,0,False,False,True,False,False,True,False,False,True,False,False,False,False,True,False
LN-14388,51,10.6,37300.0,719,6.33,3274.76,20,10,1,1,13100.0,10.49,0,False,False,False,True,True,False,False,False,True,False,False,False,False,True,False
LN-14389,24,3.8,60800.0,685,37.01,9761.1,17,11,0,1,27400.0,16.7,1,True,False,False,False,False,False,True,False,True,False,False,False,False,True,False
LN-14390,64,2.0,40000.0,586,13.7,5802.33,21,9,0,0,10600.0,17.73,1,False,False,False,True,True,False,False,False,True,False,False,False,False,True,False
LN-14391,43,2.2,36100.0,685,20.47,26221.63,17,12,0,0,4800.0,13.89,0,True,False,False,False,False,False,True,False,False,False,False,False,True,True,False
LN-14392,22,2.4,37300.0,697,7.03,4384.9,16,5,0,0,7300.0,12.35,0,False,False,False,True,False,True,False,False,True,False,False,False,False,True,False
LN-14393,42,5.9,71500.0,570,9.72,24559.93,11,4,0,0,32200.0,18.4,1,True,False,False,False,False,True,False,True,False,False,False,False,False,True,False
LN-14394,57,2.7,51400.0,777,27.32,5931.41,25,11,0,0,23100.0,12.02,1,False,False,True,False,False,False,True,False,True,False,False,False,False,True,False
LN-14395,28,8.7,42800.0,696,36.42,10357.72,22,13,0,0,19300.0,14.3,1,False,False,False,True,False,True,False,False,True,False,False,False,False,True,False
LN-14396,27,13.0,62600.0,714,8.55,4048.81,24,13,0,0,11600.0,14.82,0,True,False,False,False,False,False,True,False,False,False,False,True,False,False,True
LN-14397,34,1.8,43100.0,622,20.12,19871.37,17,10,0,2,7100.0,16.24,1,False,False,False,True,False,False,True,False,True,False,False,False,False,True,False
LN-14398,23,3.7,100700.0,715,19.93,22267.63,24,8,1,0,2000.0,14.23,0,False,False,False,True,False,False,True,False,True,False,False,False,False,True,False
LN-14399,36,0.4,31700.0,734,27.32,19868.95,17,13,0,0,14300.0,14.48,1,False,False,False,True,False,True,False,False,True,False,False,False,False,False,True
LN-14400,39,1.0,48900.0,693,21.12,12254.37,23,13,2,1,2800.0,16.71,1,False,False,False,True,False,False,True,False,True,False,False,False,False,True,False
LN-14401,38,2.4,25000.0,680,23.34,4362.39,19,6,0,3,4100.0,15.56,0,False,False,False,True,False,False,True,False,True,False,False,False,False,False,True
LN-14402,36,1.0,44800.0,635,3.3,12143.33,19,11,0,1,20200.0,12.23,1,False,False,False,True,False,False,True,False,False,False,False,False,True,True,False
LN-14403,28,9.4,21500.0,669,19.55,36444.7325,11,6,0,0,6000.0,15.58,1,False,False,False,True,False,True,False,True,False,False,False,False,False,False,True
LN-14404,53,0.8,81700.0,654,6.18,12542.63,25,13,0,0,12300.0,14.59,0,False,False,False,True,False,True,False,False,True,False,False,False,False,True,False
LN-14405,32,2.7,82600.0,709,18.53,36444.7325,14,5,0,0,20100.0,14.05,1,True,False,False,False,False,False,True,False,False,True,False,False,False,True,False
LN-14406,31,4.2,83400.0,638,29.62,4358.88,15,9,0,0,11400.0,17.62,1,False,False,True,False,False,False,True,False,False,False,True,False,False,True,False
LN-14407,25,5.3,55000.0,708,17.7,22449.72,10,3,0,0,9400.0,13.76,0,False,False,False,True,False,True,False,False,True,False,False,False,False,False,True
LN-14408,47,2.2,33400.0,638,23.66,15210.13,13,8,0,0,1000.0,18.05,1,False,False,False,True,True,False,False,False,False,False,False,False,True,True,False
LN-14409,32,9.1,34900.0,667,26.62,20524.64,19,9,0,0,9400.0,17.64,1,False,False,False,True,False,True,False,False,True,False,False,False,False,False,True
LN-14410,37,3.8,125700.0,711,25.2,14886.1,18,11,0,0,8500.0,14.12,0,True,False,False,False,True,False,False,False,True,False,False,False,False,True,False
LN-14411,26,2.6,119300.0,645,18.5,7855.49,14,10,0,0,29700.0,14.71,0,True,False,False,False,False,False,True,False,True,False,False,False,False,True,False
LN-14412,53,0.3,58000.0,713,19.42,13922.34,18,8,1,1,8300.0,15.75,0,True,False,False,False,True,False,False,False,True,False,False,False,False,True,False
LN-14413,25,2.8,40800.0,708,28.97,32274.85,15,9,1,0,13900.0,15.24,1,False,False,False,True,False,False,True,False,True,False,False,False,False,True,False
LN-14414,48,7.7,115000.0,666,44.05500000000001,6485.96,22,13,1,0,20800.0,17.03,1,False,False,False,True,True,False,False,False,True,False,False,False,False,True,False
LN-14415,34,4.3,37000.0,738,9.21,36375.14,19,11,0,1,8800.0,13.5,0,False,False,False,True,False,False,True,False,True,False,False,False,False,True,False
LN-14416,25,8.0,61400.0,684,11.57,607.94,14,7,0,1,4200.0,14.0,0,False,False,True,False,False,True,False,False,False,False,False,False,True,True,False
LN-14417,53,3.1,114000.0,735,25.44,171.29,25,15,1,0,31400.0,15.03,1,False,False,True,False,False,False,True,False,True,False,False,False,False,True,False
LN-14418,61,0.6,34200.0,770,43.33,8169.95,19,12,0,0,15400.0,12.51,1,False,False,False,True,False,False,True,False,False,False,False,False,True,True,False
LN-14419,39,0.1,85500.0,668,5.39,22647.06,14,8,0,2,32200.0,13.51,1,True,False,False,False,True,False,False,True,False,False,False,False,False,True,False
LN-14420,42,1.6,72100.0,712,6.22,3417.6,17,13,0,1,4500.0,14.07,0,False,False,False,True,True,False,False,False,False,False,False,True,False,True,False
LN-14421,25,5.4,53000.0,648,16.33,14187.47,18,9,0,0,5300.0,14.47,0,False,False,False,True,True,False,False,True,False,False,False,False,False,True,False
LN-14422,22,7.0,31400.0,628,8.71,9499.84,14,6,0,0,14100.0,16.0,1,False,False,True,False,False,True,False,False,False,False,True,False,False,False,True
LN-14423,50,1.6,36400.0,670,17.88,4123.33,17,8,0,1,1900.0,11.41,0,True,False,False,False,False,True,False,False,False,False,False,False,True,True,False
LN-14424,67,3.1,63500.0,612,25.31,4039.0,25,14,0,0,14900.0,17.64,0,False,False,False,True,False,False,True,False,True,False,False,False,False,True,False
LN-14425,59,2.5,24800.0,633,15.38,913.2,11,6,0,0,4800.0,17.06,0,False,False,False,True,True,False,False,False,False,True,False,False,False,True,False
LN-14426,24,2.4,58200.0,710,11.63,9219.99,19,15,0,1,17900.0,12.8,0,True,False,False,False,False,True,False,False,True,False,False,False,False,False,True
LN-14427,53,1.2,73000.0,654,24.63,7177.12,11,4,0,0,25100.0,17.28,0,True,False,False,False,False,True,False,False,False,False,False,True,False,False,True
LN-14428,33,0.7,93100.0,716,5.11,4100.14,17,9,0,0,7300.0,11.55,0,True,False,False,False,False,True,False,False,True,False,False,False,False,True,False
LN-14429,40,1.0,25100.0,695,9.97,36444.7325,17,10,0,1,2300.0,11.45,1,False,False,False,True,False,True,False,False,False,False,True,False,False,True,False
LN-14430,27,0.3,111700.0,773,18.75,20476.33,21,13,0,2,18400.0,11.07,0,False,False,False,True,True,False,False,False,True,False,False,False,False,True,False
LN-14431,35,1.0,137600.0,706,20.39,8932.04,13,6,0,0,1000.0,13.05,0,False,False,True,False,False,False,True,False,True,False,False,False,False,True,False
LN-14432,43,0.0,67900.0,736,22.97,8850.31,20,11,1,3,1000.0,13.14,1,True,False,False,False,False,False,True,False,False,False,False,False,True,True,False
LN-14433,34,4.4,30600.0,700,10.63,2582.28,14,9,0,0,13800.0,12.78,1,False,False,False,True,False,False,True,False,False,False,False,False,True,True,False
LN-14434,43,1.7,45200.0,696,5.5,12567.98,27,15,0,2,20300.0,14.47,1,True,False,False,False,True,False,False,False,False,True,False,False,False,True,False
LN-14435,39,16.3,52800.0,738,8.88,36444.7325,24,12,0,1,12200.0,11.13,0,True,False,False,False,False,False,True,False,True,False,False,False,False,True,False
LN-14436,49,1.0,62900.0,713,7.82,27427.5,23,14,0,2,15300.0,12.35,0,False,False,False,True,False,False,True,False,True,False,False,False,False,True,False
LN-14437,40,1.9,54800.0,691,7.78,1062.97,22,12,0,0,24700.0,13.5,1,False,False,False,True,False,False,True,True,False,False,False,False,False,True,False
LN-14438,49,2.0,63200.0,690,3.87,654.71,24,15,0,0,1000.0,13.87,0,True,False,False,False,False,True,False,False,True,False,False,False,False,False,True
LN-14439,44,0.0,51500.0,707,7.19,36444.7325,14,10,0,2,3400.0,12.01,1,True,False,False,False,False,True,False,False,False,False,True,False,False,True,False
LN-14440,38,8.2,62700.0,646,27.94,2676.31,14,8,0,2,18300.0,16.32,1,True,False,False,False,False,False,True,False,False,False,True,False,False,True,False
LN-14441,30,0.1,42100.0,644,9.95,9593.14,16,8,0,0,4300.0,15.52,0,False,False,True,False,True,False,False,True,False,False,False,False,False,True,False
LN-14442,61,12.7,45000.0,751,21.54,931.77,15,10,0,2,3300.0,13.47,1,False,False,False,True,True,False,False,False,False,False,True,False,False,True,False
LN-14443,28,10.0,39500.0,773,3.93,22240.88,17,8,1,1,8200.0,8.785000000000002,1,False,False,False,True,False,False,True,False,False,False,False,False,True,False,True
LN-14444,46,3.5,142987.5,634,12.43,1504.92,23,12,0,0,18000.0,17.01,0,False,False,True,False,True,False,False,False,False,False,False,False,True,False,True
LN-14445,49,3.5,121200.0,647,12.32,12385.71,19,10,0,4,3300.0,14.17,0,False,False,False,True,False,True,False,False,False,False,False,False,True,True,False
LN-14446,30,4.8,73500.0,737,24.9,699.53,6,1,2,0,7900.0,15.5,1,True,False,False,False,False,False,True,False,False,False,True,False,False,False,True
LN-14447,37,2.2,112300.0,707,15.6,2044.79,14,5,0,0,10200.0,15.44,0,True,False,False,False,False,False,True,False,True,False,False,False,False,False,True
LN-14448,22,4.7,84000.0,714,10.77,8612.75,18,10,0,0,2600.0,13.82,0,True,False,False,False,False,True,False,False,False,False,True,False,False,True,False
LN-14449,26,0.2,59900.0,725,20.91,561.14,23,12,0,3,9100.0,13.47,0,False,False,False,True,False,True,False,False,False,False,False,False,True,False,True
LN-14450,25,0.3,23700.0,668,16.42,2612.09,20,12,0,0,10700.0,13.97,1,True,False,False,False,False,False,True,False,False,False,False,False,True,False,True
LN-14451,48,2.7,46900.0,696,9.7,1756.58,19,7,0,1,19200.0,14.73,0,True,False,False,False,True,False,False,False,True,False,False,False,False,True,False
LN-14452,61,3.6,45100.0,693,20.79,497.05,17,7,0,1,9800.0,16.59,0,True,False,False,False,False,True,False,False,False,False,False,False,True,False,True
LN-14453,25,9.8,29100.0,637,24.8,36444.7325,18,9,0,0,1900.0,14.9,1,True,False,False,False,False,True,False,False,False,True,False,False,False,False,True
LN-14454,38,0.5,23900.0,696,27.95,7177.67,8,6,3,0,1000.0,17.31,1,False,False,False,True,False,False,True,False,True,False,False,False,False,False,True
LN-14455,46,7.8,71000.0,742,13.26,23502.48,10,5,0,0,1000.0,12.44,0,False,False,False,True,False,True,False,False,False,False,False,True,False,True,False
LN-14456,40,1.1,64800.0,663,19.27,5322.17,35,21,0,0,19400.0,15.18,1,False,False,False,True,False,False,True,False,True,False,False,False,False,True,False
LN-14457,61,2.3,28500.0,688,19.6,522.31,16,11,1,2,12800.0,14.27,1,False,False,False,True,False,True,False,False,True,False,False,False,False,False,True
LN-14458,47,1.7,35900.0,690,4.99,14275.07,13,6,1,4,16200.0,14.24,0,False,False,True,False,True,False,False,True,False,False,False,False,False,True,False
LN-14459,32,2.3,102600.0,666,23.53,474.3,15,5,0,3,5100.0,14.72,0,True,False,False,False,True,False,False,False,True,False,False,False,False,True,False
LN-14460,27,0.7,33400.0,714,19.75,9656.52,24,16,2,0,1300.0,13.87,1,True,False,False,False,False,False,True,False,False,False,True,False,False,False,True
LN-14461,23,3.2,59500.0,646,9.54,1797.49,16,11,0,1,17500.0,12.23,0,True,False,False,False,False,True,False,False,True,False,False,False,False,True,False
LN-14462,30,7.3,48800.0,747,19.84,13333.7,15,10,0,2,22000.0,11.49,1,False,False,False,True,True,False,False,False,True,False,False,False,False,True,False
LN-14463,54,2.6,71600.0,711,5.79,26785.96,16,5,0,2,8400.0,11.22,0,False,False,True,False,False,True,False,True,False,False,False,False,False,True,False
LN-14464,45,3.0,33800.0,633,22.9,36444.7325,21,10,0,0,15200.0,13.78,1,False,False,False,True,False,False,True,False,True,False,False,False,False,True,False
LN-14465,55,8.5,56900.0,765,16.75,9003.63,19,9,0,0,18200.0,13.43,0,False,False,False,True,False,True,False,False,False,False,True,False,False,True,False
LN-14466,36,5.5,59400.0,688,10.67,9129.5,26,14,0,3,26700.0,14.39,1,True,False,False,False,False,False,True,False,False,True,False,False,False,False,True
LN-14467,22,3.0,61500.0,644,6.29,468.37,22,12,0,1,1000.0,12.88,0,False,False,True,False,True,False,False,False,True,False,False,False,False,True,False
LN-14468,44,1.3,56600.0,735,9.36,17629.65,24,15,0,2,25500.0,11.77,0,False,False,True,False,False,True,False,False,False,False,False,False,True,False,True
LN-14469,30,9.7,65500.0,705,5.75,36444.7325,21,14,0,1,28100.0,12.9,0,False,False,False,True,False,True,False,False,False,False,False,False,True,False,True
LN-14470,58,3.9,142987.5,591,21.84,6920.04,14,6,0,0,29300.0,17.82,0,False,False,True,False,False,False,True,False,True,False,False,False,False,False,True
LN-14471,42,1.1,142987.5,654,20.91,18940.63,11,6,0,1,34300.0,16.41,0,False,False,False,True,False,True,False,False,True,False,False,False,False,True,False
LN-14472,46,1.4,38100.0,694,25.5,19161.61,26,16,0,0,14300.0,15.21,1,False,False,False,True,True,False,False,False,True,False,False,False,False,False,True
LN-14473,63,7.3,15100.0,572,6.55,18484.59,17,9,0,0,1200.0,18.04,1,True,False,False,False,False,False,True,False,False,True,False,False,False,False,True
LN-14474,59,0.2,75200.0,684,6.13,17059.63,19,12,0,0,24200.0,13.98,0,True,False,False,False,False,True,False,False,False,False,True,False,False,False,True
LN-14475,47,21.8,60000.0,688,5.72,2906.34,14,8,0,0,2000.0,14.54,0,True,False,False,False,True,False,False,False,True,False,False,False,False,True,False
LN-14476,49,0.6,97100.0,621,7.78,16704.12,14,9,0,1,18700.0,17.1,0,True,False,False,False,False,True,False,False,True,False,False,False,False,True,False
LN-14477,67,7.2,63400.0,694,27.51,1871.36,16,7,0,1,7700.0,14.53,1,True,False,False,False,False,True,False,False,True,False,False,False,False,True,False
LN-14478,58,2.3,56000.0,680,29.23,14958.52,19,11,0,1,1000.0,14.14,0,True,False,False,False,False,True,False,False,True,False,False,False,False,True,False
LN-14479,40,3.0,100800.0,620,14.5,42.54,19,11,0,0,8000.0,15.89,0,False,False,True,False,False,True,False,False,False,False,False,False,True,True,False
LN-14480,47,9.6,108900.0,726,44.05500000000001,30133.78,15,7,0,3,22300.0,11.95,1,True,False,False,False,False,False,True,False,False,False,False,False,True,True,False
LN-14481,61,2.4,25300.0,722,8.84,21080.56,15,7,1,1,1300.0,12.68,0,False,False,True,False,False,False,True,False,False,True,False,False,False,True,False
LN-14482,40,3.5,34600.0,666,12.58,13784.86,14,8,0,0,1000.0,13.76,1,False,True,False,False,False,True,False,True,False,False,False,False,False,False,True
LN-14483,64,0.2,51100.0,670,44.05500000000001,1190.79,15,11,0,0,8400.0,18.19,0,False,False,False,True,True,False,False,True,False,False,False,False,False,True,False
LN-14484,39,0.0,57200.0,716,13.8,20914.85,22,9,0,1,1000.0,14.46,1,True,False,False,False,False,False,True,False,False,False,False,True,False,False,True
LN-14485,40,1.3,47800.0,670,27.04,24970.0,23,18,0,0,21500.0,14.74,0,True,False,False,False,False,False,True,False,False,False,False,False,True,True,False
LN-14486,55,5.1,68800.0,583,22.98,13976.56,19,9,2,0,24400.0,17.36,1,False,False,False,True,False,False,True,False,True,False,False,False,False,True,False
LN-14487,67,0.6,93700.0,704,9.92,36444.7325,14,5,0,2,13900.0,13.28,0,True,False,False,False,True,False,False,False,True,False,False,False,False,True,False
LN-14488,22,0.5,139700.0,639,44.05500000000001,1169.76,18,11,0,0,1000.0,18.47,1,False,False,False,True,False,False,True,True,False,False,False,False,False,True,False
LN-14489,50,2.4,74500.0,661,23.64,14798.74,17,12,0,1,11800.0,17.55,0,True,False,False,False,True,False,False,False,True,False,False,False,False,False,True
LN-14490,54,4.7,33900.0,753,16.92,8928.13,11,7,0,1,15300.0,12.89,1,False,False,True,False,False,False,True,True,False,False,False,False,False,True,False
LN-14491,42,5.6,50000.0,673,6.8,1888.36,30,18,0,0,12400.0,14.39,0,False,False,False,True,True,False,False,False,True,False,False,False,False,True,False
LN-14492,23,0.9,52000.0,680,15.15,12889.87,19,11,0,0,23400.0,14.4,0,False,False,False,True,False,True,False,False,True,False,False,False,False,False,True
LN-14493,26,0.4,71900.0,705,28.59,19284.98,15,8,0,4,24900.0,15.12,1,False,False,True,False,False,True,False,False,False,False,False,True,False,True,False
LN-14494,35,3.0,67100.0,705,14.76,2160.27,12,6,0,0,6400.0,12.43,0,False,False,False,True,False,False,True,False,True,False,False,False,False,True,False
LN-14495,47,1.4,142987.5,634,17.28,18928.92,15,6,0,2,16600.0,15.69,0,False,False,False,True,True,False,False,False,True,False,False,False,False,True,False
LN-14496,30,8.6,42000.0,677,21.78,1170.97,19,11,0,2,8700.0,11.62,0,False,False,False,True,False,False,True,False,False,True,False,False,False,True,False
LN-14497,29,9.0,66900.0,682,5.46,10740.23,22,11,1,0,30100.0,14.7,1,True,False,False,False,False,False,True,True,False,False,False,False,False,True,False
LN-14498,53,6.7,142987.5,694,6.99,19221.81,30,20,0,1,13500.0,16.12,0,True,False,False,False,False,True,False,False,True,False,False,False,False,False,True
LN-14499,52,0.8,39300.0,694,24.08,1893.28,12,7,0,1,12200.0,14.69,1,True,False,False,False,True,False,False,False,True,False,False,False,False,True,False
LN-14500,26,3.0,58700.0,809,13.03,10170.11,14,10,0,0,9700.0,8.785000000000002,0,True,False,False,False,True,False,False,False,True,False,False,False,False,True,False
LN-14501,61,6.6,32200.0,621,16.25,6638.08,27,14,0,1,6600.0,16.87,0,True,False,False,False,False,True,False,False,True,False,False,False,False,False,True
LN-14502,56,4.1,56700.0,729,17.55,11215.76,14,5,0,0,2200.0,12.86,0,True,False,False,False,False,True,False,False,False,False,False,False,True,True,False
LN-14503,22,1.9,35300.0,739,13.58,6624.39,18,7,0,0,4500.0,12.16,0,False,False,False,True,False,False,True,False,False,True,False,False,False,True,False
LN-14504,49,1.4,96300.0,705,44.05500000000001,3466.78,21,13,1,1,5700.0,18.88,1,True,False,False,False,True,False,False,False,True,False,False,False,False,True,False
LN-14505,24,0.6,58700.0,647,32.26,3513.31,19,12,0,1,2300.0,16.28,1,True,False,False,False,True,False,False,False,True,False,False,False,False,True,False
LN-14506,21,3.2,32400.0,763,10.16,24003.15,23,14,0,0,14600.0,10.4,0,True,False,False,False,False,True,False,False,True,False,False,False,False,True,False
LN-14507,39,4.0,86000.0,570,12.75,2041.69,16,10,0,5,1000.0,18.68,1,False,False,False,True,False,True,False,False,False,False,False,False,True,False,True
LN-14508,46,2.0,59800.0,646,28.09,1576.54,21,15,0,3,26900.0,16.1,1,False,False,False,True,True,False,False,False,False,False,False,False,True,True,False
LN-14509,45,2.9,91500.0,739,27.4,1225.44,14,10,1,0,1900.0,13.34,0,False,False,False,True,True,False,False,False,True,False,False,False,False,False,True
LN-14510,30,2.0,28800.0,661,8.31,924.58,20,13,0,3,1000.0,12.1,1,False,False,False,True,False,True,False,False,False,False,False,False,True,True,False
LN-14511,35,4.6,66400.0,760,8.78,175.18,21,17,0,0,29900.0,12.96,0,True,False,False,False,False,False,True,True,False,False,False,False,False,False,True
LN-14512,42,10.4,82900.0,604,15.94,2098.04,25,18,1,1,34300.0,15.61,1,False,False,False,True,False,True,False,False,False,False,False,True,False,True,False
LN-14513,41,0.8,42900.0,624,34.15,2569.13,15,7,0,2,3000.0,17.26,1,True,False,False,False,False,True,False,False,False,False,True,False,False,False,True
LN-14514,42,2.2,27100.0,653,10.09,3771.99,24,12,0,0,2000.0,14.64,0,False,False,False,True,False,True,False,True,False,False,False,False,False,False,True
LN-14515,56,0.7,53000.0,701,25.26,1589.21,25,10,0,1,3100.0,12.53,1,False,False,False,True,False,False,True,False,False,False,True,False,False,True,False
LN-14516,54,4.4,106500.0,669,10.89,1186.66,18,10,0,0,10000.0,14.95,0,True,False,False,False,False,True,False,False,False,False,False,False,True,True,False
LN-14517,50,5.9,100600.0,655,16.76,9356.93,9,5,0,2,5400.0,15.71,1,False,False,False,True,False,True,False,False,True,False,False,False,False,True,False
LN-14518,45,12.1,42800.0,751,31.5,15219.42,17,12,0,0,5700.0,13.42,0,False,False,True,False,False,True,False,False,False,False,False,False,True,True,False
LN-14519,65,1.5,26800.0,756,5.99,11937.1,16,11,1,1,12100.0,11.84,0,False,False,False,True,False,False,True,False,True,False,False,False,False,True,False
LN-14520,48,13.5,42700.0,659,17.68,9762.27,25,13,0,2,19200.0,16.54,1,False,False,False,True,True,False,False,True,False,False,False,False,False,False,True
LN-14521,21,0.3,41900.0,595,7.28,6969.91,15,10,0,1,18900.0,16.95,0,True,False,False,False,False,True,False,False,True,False,False,False,False,True,False
LN-14522,65,4.2,69300.0,572,44.05500000000001,12060.82,16,7,0,1,10100.0,20.585,1,True,False,False,False,False,False,True,False,False,False,False,False,True,True,False
LN-14523,24,0.3,51100.0,692,13.8,27857.15,15,7,0,0,4000.0,15.84,0,False,False,False,True,False,False,True,False,True,False,False,False,False,False,True
LN-14524,27,10.1,35800.0,713,29.51,11847.59,19,9,0,0,11300.0,14.46,1,False,False,False,True,True,False,False,False,False,False,False,False,True,True,False
LN-14525,29,3.4,99400.0,683,5.59,753.5,25,13,0,0,28700.0,12.17,0,True,False,False,False,True,False,False,False,False,False,False,False,True,True,False
LN-14526,56,5.0,58500.0,676,33.95,10139.34,16,8,0,4,1000.0,13.87,0,False,False,True,False,False,False,True,False,False,False,False,False,True,True,False
LN-14527,39,8.0,68800.0,640,27.15,8913.46,19,10,0,0,31000.0,15.28,1,False,False,True,False,True,False,False,False,True,False,False,False,False,False,True
LN-14528,21,0.7,21000.0,713,37.43,7218.27,13,6,1,0,3600.0,16.01,1,False,False,False,True,False,False,True,False,False,True,False,False,False,True,False
LN-14529,30,0.2,15000.0,764,29.53,10094.07,16,9,0,1,5200.0,11.94,0,False,True,False,False,True,False,False,False,True,False,False,False,False,True,False
LN-14530,56,9.5,24600.0,569,10.8,13399.52,17,11,0,2,6300.0,17.45,1,False,False,False,True,False,False,True,False,True,False,False,False,False,True,False
LN-14531,29,1.7,41600.0,676,4.2,455.66,21,13,0,2,18700.0,12.26,1,False,False,False,True,False,False,True,False,False,False,False,False,True,True,False
LN-14532,65,0.6,74400.0,631,15.54,7851.75,13,8,0,2,2700.0,18.4,0,True,False,False,False,False,True,False,False,False,False,False,False,True,True,False
LN-14533,66,2.8,15000.0,605,13.91,20394.19,19,15,0,4,3500.0,14.3,1,False,False,False,True,False,False,True,False,False,False,False,False,True,True,False
LN-14534,62,4.1,130100.0,624,17.85,9080.13,18,7,0,0,18400.0,16.33,0,False,False,False,True,False,True,False,True,False,False,False,False,False,True,False
LN-14535,52,0.1,59500.0,699,20.01,843.24,22,14,2,0,26800.0,13.5,1,False,False,False,True,True,False,False,False,False,False,True,False,False,True,False
LN-14536,52,1.4,114500.0,700,36.37,17903.59,25,18,0,3,1500.0,15.23,1,False,False,False,True,True,False,False,True,False,False,False,False,False,True,False
LN-14537,26,0.2,33300.0,753,30.26,34030.24,18,10,0,0,10300.0,12.64,0,True,False,False,False,False,True,False,False,False,True,False,False,False,True,False
LN-14538,58,2.5,71500.0,680,34.91,22913.87,15,7,0,3,32200.0,14.66,1,True,False,False,False,False,True,False,False,False,False,False,True,False,True,False
LN-14539,37,10.1,56800.0,592,13.97,5403.71,22,13,0,0,25600.0,15.53,1,False,False,False,True,False,False,True,False,True,False,False,False,False,True,False
LN-14540,30,18.2,84900.0,668,27.75,9184.07,25,15,0,1,34300.0,18.0,1,True,False,False,False,False,False,True,True,False,False,False,False,False,True,False
LN-14541,47,4.6,47600.0,611,27.02,10737.64,20,11,0,3,21400.0,16.95,1,False,False,True,False,False,True,False,True,False,False,False,False,False,True,False
LN-14542,55,0.8,70300.0,620,35.57,15096.87,22,12,0,0,5300.0,18.12,1,True,False,False,False,False,False,True,False,True,False,False,False,False,True,False
LN-14543,41,10.6,99300.0,709,15.52,13161.84,19,9,1,3,3300.0,12.34,0,False,False,False,True,True,False,False,False,False,False,True,False,False,False,True
LN-14544,45,3.3,37900.0,690,44.05500000000001,2663.8,15,7,0,0,17100.0,13.73,1,False,True,False,False,False,True,False,False,False,False,True,False,False,True,False
LN-14545,48,0.8,61900.0,709,44.05500000000001,22221.05,25,12,1,0,17400.0,15.96,1,True,False,False,False,False,False,True,False,True,False,False,False,False,False,True
LN-14546,67,11.5,19200.0,662,7.89,22700.21,20,17,0,0,6700.0,15.19,0,False,False,False,True,False,True,False,False,True,False,False,False,False,True,False
LN-14547,35,6.4,79700.0,720,17.18,6217.26,21,18,0,0,17500.0,13.07,0,False,False,False,True,False,False,True,False,True,False,False,False,False,True,False
LN-14548,24,5.9,142987.5,659,23.9,1683.77,14,4,0,0,5100.0,15.88,1,False,False,False,True,False,True,False,False,True,False,False,False,False,False,True
LN-14549,49,5.6,27300.0,736,20.13,11255.28,19,12,0,0,12200.0,14.27,1,True,False,False,False,True,False,False,False,False,False,False,False,True,False,True
LN-14550,29,1.0,51500.0,697,7.54,5304.18,28,17,0,0,3700.0,12.34,0,False,False,False,True,False,True,False,False,True,False,False,False,False,True,False
LN-14551,47,1.1,87900.0,670,8.31,16229.24,21,10,0,0,11500.0,16.58,0,True,False,False,False,False,False,True,False,False,False,False,False,True,False,True
LN-14552,46,5.2,55100.0,691,8.72,4551.55,15,8,0,3,24800.0,14.99,1,False,False,False,True,False,True,False,False,True,False,False,False,False,True,False
LN-14553,39,1.1,59300.0,679,8.88,3662.0,22,12,0,3,20700.0,13.99,0,False,False,True,False,False,False,True,False,True,False,False,False,False,False,True
LN-14554,48,2.6,43700.0,760,18.38,24273.14,23,15,1,1,14900.0,10.92,1,False,False,False,True,True,False,False,False,True,False,False,False,False,True,False
LN-14555,37,6.9,42800.0,692,44.05500000000001,11479.75,17,12,2,1,4000.0,17.44,1,False,False,True,False,False,True,False,False,False,False,False,False,True,False,True
LN-14556,63,6.9,51700.0,680,6.88,1078.99,12,6,0,0,1000.0,14.0,0,False,False,True,False,False,True,False,False,False,False,True,False,False,True,False
LN-14557,61,2.7,55400.0,668,15.08,14029.56,20,14,0,1,17400.0,14.2,0,False,False,False,True,True,False,False,False,True,False,False,False,False,True,False
LN-14558,62,7.1,28300.0,722,16.61,16767.47,16,9,0,0,12000.0,15.18,1,True,False,False,False,False,True,False,False,True,False,False,False,False,False,True
LN-14559,40,3.0,52200.0,715,42.72,3217.75,19,9,0,0,3300.0,16.56,1,False,False,False,True,False,False,True,False,True,False,False,False,False,False,True
LN-14560,65,4.8,128400.0,666,26.18,36444.7325,16,6,0,0,34300.0,17.79,1,False,False,True,False,False,False,True,False,True,False,False,False,False,False,True
LN-14561,60,1.2,43000.0,622,19.28,5598.99,15,6,2,1,11200.0,14.99,1,True,False,False,False,True,False,False,False,False,False,True,False,False,True,False
LN-14562,59,1.4,27400.0,635,8.08,33876.25,17,7,0,2,11900.0,15.32,1,False,False,False,True,False,False,True,False,True,False,False,False,False,False,True
LN-14563,43,1.7,49800.0,671,20.73,4171.17,22,13,0,0,5000.0,15.53,0,False,False,False,True,False,True,False,False,True,False,False,False,False,True,False
LN-14564,67,0.6,36600.0,747,29.13,11274.59,19,7,0,0,16500.0,14.19,0,False,False,False,True,False,True,False,True,False,False,False,False,False,False,True
LN-14565,52,3.0,25900.0,667,6.73,8747.03,13,6,2,0,11700.0,13.67,1,False,False,True,False,False,True,False,False,True,False,False,False,False,True,False
LN-14566,67,1.1,58500.0,650,19.21,36444.7325,16,6,0,3,17600.0,15.81,1,True,False,False,False,True,False,False,False,False,False,False,False,True,False,True
LN-14567,53,2.7,36700.0,592,23.08,6298.19,15,11,2,0,1500.0,18.71,1,True,False,False,False,False,True,False,False,True,False,False,False,False,False,True
LN-14568,66,10.8,38400.0,756,25.52,2371.04,21,15,0,0,1200.0,14.26,0,False,False,False,True,False,True,False,False,False,False,False,False,True,True,False
LN-14569,25,0.5,58900.0,708,23.55,21492.16,15,9,0,0,8900.0,12.52,0,False,False,False,True,True,False,False,False,True,False,False,False,False,False,True
LN-14570,63,5.7,23300.0,720,32.52,515.44,16,7,0,1,2100.0,14.08,1,False,False,True,False,False,True,False,False,True,False,False,False,False,True,False
LN-14571,54,5.2,20800.0,728,6.43,25949.29,21,12,1,0,5600.0,11.79,0,False,False,False,True,False,True,False,False,True,False,False,False,False,True,False
LN-14572,60,0.5,78400.0,672,34.31,1406.36,18,7,0,0,2600.0,14.64,0,False,False,True,False,False,True,False,False,True,False,False,False,False,True,False
LN-14573,31,11.5,18700.0,684,5.78,10183.93,21,13,1,1,5200.0,14.09,0,False,False,False,True,False,True,False,False,True,False,False,False,False,False,True
LN-14574,23,3.8,31700.0,754,24.38,14996.65,25,18,0,0,14300.0,10.56,1,False,False,False,True,True,False,False,False,True,False,False,False,False,True,False
LN-14575,53,2.0,20100.0,689,33.81,4919.52,17,8,0,0,9000.0,14.66,1,True,False,False,False,False,False,True,False,False,False,False,False,True,True,False
LN-14576,31,6.4,41500.0,709,11.56,22351.96,20,10,0,0,2100.0,13.61,0,False,True,False,False,False,False,True,False,False,True,False,False,False,False,True
LN-14577,36,1.3,68600.0,724,8.8,10808.11,15,9,0,1,15500.0,12.23,0,False,False,True,False,True,False,False,False,True,False,False,False,False,True,False
LN-14578,38,5.3,57600.0,712,11.51,6033.41,19,8,0,0,1000.0,15.09,0,False,False,False,True,False,True,False,False,True,False,False,False,False,True,False
LN-14579,50,0.2,142987.5,674,11.98,4722.98,19,8,1,3,34300.0,14.11,0,False,False,False,True,False,False,True,False,False,False,False,False,True,False,True
LN-14580,30,8.2,98500.0,678,13.7,1425.51,18,11,0,1,10600.0,12.51,0,True,False,False,False,False,True,False,False,False,False,True,False,False,True,False
LN-14581,38,2.7,32500.0,719,26.52,12271.94,15,6,0,1,9900.0,15.0,1,True,False,False,False,True,False,False,False,True,False,False,False,False,True,False
LN-14582,58,4.6,28000.0,719,15.77,5431.49,19,11,0,1,3800.0,8.785000000000002,0,True,False,False,False,True,False,False,False,False,False,False,False,True,False,True
LN-14583,39,1.1,142987.5,738,20.68,4637.85,10,5,0,0,8600.0,12.0,0,False,False,False,True,True,False,False,False,True,False,False,False,False,True,False
LN-14584,56,5.1,97200.0,708,11.13,35936.31,14,9,1,4,10500.0,12.54,0,False,False,True,False,False,False,True,False,False,True,False,False,False,True,False
LN-14585,33,6.7,74900.0,710,10.11,3822.61,16,10,0,4,15000.0,11.66,1,True,False,False,False,True,False,False,False,True,False,False,False,False,True,False
LN-14586,66,2.9,56500.0,658,10.47,25104.5,14,8,0,0,1000.0,15.37,0,True,False,False,False,False,True,False,True,False,False,False,False,False,False,True
LN-14587,23,4.3,63000.0,651,20.31,36444.7325,16,10,0,2,5900.0,14.71,0,True,False,False,False,True,False,False,False,True,False,False,False,False,True,False
LN-14588,30,2.7,24000.0,719,22.56,20761.65,15,10,3,0,6900.0,12.41,1,False,False,False,True,False,False,True,False,True,False,False,False,False,False,True
LN-14589,58,10.1,59100.0,651,28.66,236.52,11,6,0,2,2300.0,16.9,0,False,False,True,False,False,False,True,False,False,False,False,True,False,True,False
LN-14590,21,3.1,56300.0,679,23.5,24356.3,18,10,0,0,3800.0,16.64,0,True,False,False,False,False,True,False,False,False,False,False,False,True,False,True
LN-14591,47,8.3,32900.0,749,17.61,2880.66,14,10,0,0,3800.0,11.96,0,True,False,False,False,False,False,True,False,False,False,True,False,False,False,True
LN-14592,66,7.3,40300.0,741,14.16,5230.06,15,10,0,1,18100.0,11.47,0,False,False,True,False,False,True,False,True,False,False,False,False,False,True,False
LN-14593,28,2.4,124700.0,695,6.92,36444.7325,22,16,0,0,16300.0,16.24,0,True,False,False,False,True,False,False,False,False,True,False,False,False,False,True
LN-14594,66,1.2,50600.0,665,11.43,6229.88,15,12,1,0,22800.0,14.87,1,True,False,False,False,False,True,False,False,False,False,False,False,True,True,False
LN-14595,62,2.3,142987.5,674,5.17,12764.79,15,9,1,1,5200.0,13.55,0,False,False,False,True,True,False,False,False,False,False,False,False,True,True,False
LN-14596,37,7.9,20800.0,723,16.87,4465.28,17,12,0,0,9400.0,14.85,1,False,False,False,True,False,True,False,False,True,False,False,False,False,True,False
LN-14597,29,1.2,40700.0,678,9.82,5533.55,18,7,0,0,18300.0,12.84,1,False,False,False,True,True,False,False,False,True,False,False,False,False,False,True
LN-14598,26,3.3,23100.0,652,12.63,10924.46,22,14,0,0,8300.0,12.41,0,False,False,False,True,True,False,False,False,False,False,False,False,True,True,False
LN-14599,63,7.4,27900.0,741,19.04,35544.26,14,10,1,2,12600.0,12.71,0,False,False,False,True,False,True,False,False,False,False,True,False,False,True,False
LN-14600,45,2.0,34400.0,689,12.77,3983.04,25,14,0,0,12800.0,14.68,1,False,False,False,True,False,True,False,True,False,False,False,False,False,True,False
LN-14601,59,4.6,64400.0,651,9.94,3410.11,24,15,0,3,5200.0,13.61,0,False,False,False,True,False,True,False,False,False,False,False,True,False,False,True
LN-14602,48,3.0,62700.0,704,9.4,319.51,17,12,0,0,4300.0,11.36,0,False,False,False,True,False,True,False,False,True,False,False,False,False,True,False
LN-14603,53,0.5,37300.0,729,32.74,2709.4,15,7,0,0,2600.0,14.94,0,False,False,False,True,False,False,True,False,True,False,False,False,False,True,False
LN-14604,57,7.1,15900.0,630,17.52,3652.45,20,11,3,1,7200.0,15.56,1,False,False,False,True,True,False,False,False,True,False,False,False,False,False,True
LN-14605,29,0.5,122100.0,670,22.16,779.27,17,13,0,1,10700.0,15.73,1,True,False,False,False,True,False,False,False,False,False,True,False,False,False,True
LN-14606,38,1.4,46300.0,668,8.76,9950.59,25,14,0,1,5800.0,14.28,0,True,False,False,False,False,True,False,False,True,False,False,False,False,True,False
LN-14607,41,8.7,29300.0,703,7.01,1626.6,11,9,1,0,10000.0,13.91,0,False,False,False,True,False,True,False,False,True,False,False,False,False,True,False
LN-14608,22,1.9,63000.0,712,3.5,8586.59,17,10,3,0,1200.0,11.83,0,True,False,False,False,True,False,False,False,False,True,False,False,False,True,False
LN-14609,63,16.3,60600.0,652,11.59,2513.57,18,11,3,0,1600.0,15.35,1,True,False,False,False,False,True,False,False,False,True,False,False,False,True,False
LN-14610,58,17.5,45400.0,605,41.69,32935.11,23,10,0,3,19900.0,17.19,1,False,False,False,True,False,True,False,False,False,False,False,False,True,True,False
LN-14611,60,1.4,58800.0,732,21.17,4402.39,25,12,2,1,26500.0,14.68,0,True,False,False,False,True,False,False,False,False,False,True,False,False,False,True
LN-14612,56,3.0,28700.0,624,11.92,1170.41,26,11,0,2,5400.0,14.6,1,False,False,True,False,False,True,False,False,True,False,False,False,False,True,False
LN-14613,63,5.5,82300.0,694,27.46,21705.96,18,12,0,0,7400.0,13.03,0,True,False,False,False,False,False,True,False,True,False,False,False,False,True,False
LN-14614,57,2.7,31300.0,673,6.54,6170.7,15,8,1,1,6600.0,17.17,0,False,False,False,True,True,False,False,False,False,False,False,False,True,False,True
LN-14615,35,0.5,38800.0,688,30.22,20585.64,19,15,1,2,9100.0,17.3,1,True,False,False,False,False,True,False,False,False,True,False,False,False,True,False
LN-14616,48,5.5,77400.0,763,34.07,4496.14,17,7,0,0,7500.0,13.19,0,False,False,False,True,True,False,False,False,True,False,False,False,False,True,False
LN-14617,38,0.1,105000.0,832,11.84,8318.67,28,16,0,0,6800.0,10.88,0,True,False,False,False,False,False,True,False,False,False,True,False,False,True,False
LN-14618,54,9.2,129600.0,598,12.95,7073.17,20,14,0,1,15100.0,16.21,1,False,True,False,False,False,False,True,False,False,False,False,True,False,True,False
LN-14619,42,0.7,96800.0,729,18.79,9794.8,15,9,0,1,4400.0,13.71,0,True,False,False,False,True,False,False,False,False,True,False,False,False,False,True
LN-14620,31,0.6,45300.0,672,6.86,6162.98,20,12,0,1,20400.0,13.53,0,False,False,True,False,False,False,True,False,False,False,True,False,False,True,False
LN-14621,33,0.9,23200.0,732,15.64,8241.26,23,11,0,0,5200.0,12.43,0,False,False,False,True,True,False,False,False,False,True,False,False,False,False,True
LN-14622,24,14.5,117300.0,728,44.05500000000001,13648.02,16,11,1,0,3400.0,12.54,1,False,True,False,False,True,False,False,False,True,False,False,False,False,True,False
LN-14623,42,5.3,115100.0,750,10.52,6427.22,15,8,0,1,34300.0,11.17,0,True,False,False,False,False,True,False,False,False,False,False,False,True,True,False
LN-14624,27,7.3,37400.0,694,14.4,13839.54,13,6,0,1,3600.0,15.21,0,False,False,False,True,False,False,True,False,True,False,False,False,False,True,False
LN-14625,63,2.3,89900.0,636,14.86,15033.84,23,11,0,1,10800.0,16.87,1,True,False,False,False,False,True,False,False,False,False,False,False,True,False,True
LN-14626,44,1.8,45100.0,726,27.74,16584.13,19,7,0,2,5600.0,15.66,1,False,False,False,True,True,False,False,False,False,True,False,False,False,False,True
LN-14627,24,1.2,123700.0,686,20.31,7639.77,20,18,0,2,1100.0,14.84,0,False,False,False,True,False,True,False,False,False,False,True,False,False,True,False
LN-14628,48,2.9,40800.0,668,26.82,45.57,23,14,1,0,18400.0,14.45,1,True,False,False,False,False,True,False,False,False,False,False,False,True,True,False
LN-14629,35,3.6,142987.5,656,11.53,16805.26,14,8,0,0,6600.0,14.93,0,False,False,False,True,False,True,False,False,True,False,False,False,False,True,False
LN-14630,21,4.5,83500.0,730,23.47,28773.98,17,13,0,0,14500.0,12.82,0,True,False,False,False,False,False,True,False,True,False,False,False,False,True,False
LN-14631,23,1.3,142987.5,760,6.79,12687.96,15,7,0,0,27800.0,9.65,0,False,False,False,True,True,False,False,True,False,False,False,False,False,True,False
LN-14632,34,13.4,42000.0,620,5.18,8921.85,14,7,0,4,11300.0,17.38,1,False,False,False,True,True,False,False,False,True,False,False,False,False,False,True
LN-14633,58,0.8,67700.0,711,29.22,9840.63,22,12,0,0,17500.0,12.72,0,False,False,True,False,True,False,False,False,True,False,False,False,False,True,False
LN-14634,21,15.2,31800.0,661,8.68,12286.9,19,11,0,3,14300.0,13.45,0,False,False,False,True,False,True,False,False,True,False,False,False,False,True,False
LN-14635,58,0.1,86200.0,607,4.0,36444.7325,22,9,0,0,6700.0,18.26,0,True,False,False,False,True,False,False,True,False,False,False,False,False,True,False
LN-14636,58,3.0,88800.0,687,15.72,768.78,23,14,0,0,13900.0,14.82,0,True,False,False,False,False,False,True,True,False,False,False,False,False,True,False
LN-14637,41,1.8,142987.5,638,22.47,256.93,11,7,0,0,3200.0,16.38,0,True,False,False,False,False,True,False,False,True,False,False,False,False,True,False
LN-14638,49,2.7,70600.0,601,4.78,36444.7325,13,4,0,0,1000.0,14.24,0,False,False,True,False,False,True,False,False,True,False,False,False,False,False,True
LN-14639,25,3.8,80700.0,641,13.13,6968.0,12,9,0,0,34300.0,16.1,1,True,False,False,False,True,False,False,False,True,False,False,False,False,False,True
LN-14640,30,2.6,41800.0,629,21.61,11371.94,16,7,0,0,1400.0,15.9,1,False,False,False,True,True,False,False,False,True,False,False,False,False,False,True
LN-14641,48,2.4,73000.0,648,21.01,16801.84,21,10,0,1,7800.0,16.55,1,True,False,False,False,True,False,False,False,False,False,False,True,False,False,True
LN-14642,41,5.9,44000.0,614,3.88,16262.02,13,5,0,0,1000.0,15.13,1,False,False,False,True,True,False,False,False,True,False,False,False,False,True,False
LN-14643,27,5.2,57700.0,660,17.99,12502.05,11,8,2,3,26000.0,13.99,1,True,False,False,False,True,False,False,False,False,False,True,False,False,True,False
LN-14644,23,8.1,59600.0,644,18.93,7661.44,14,4,0,1,1600.0,18.01,0,False,False,True,False,False,False,True,False,True,False,False,False,False,False,True
LN-14645,65,1.3,44600.0,699,15.78,10298.48,17,13,1,3,20100.0,14.74,1,True,False,False,False,True,False,False,True,False,False,False,False,False,True,False
LN-14646,67,4.2,56100.0,710,30.52,15696.28,15,9,0,0,17600.0,13.07,0,True,False,False,False,False,True,False,True,False,False,False,False,False,True,False
LN-14647,40,4.0,44100.0,693,13.82,22830.78,14,10,1,0,1000.0,15.52,1,True,False,False,False,False,True,False,False,True,False,False,False,False,True,False
LN-14648,39,2.1,44000.0,668,22.84,1634.02,16,12,0,2,17900.0,13.77,1,True,False,False,False,False,False,True,False,True,False,False,False,False,True,False
LN-14649,55,3.0,97900.0,667,17.6,3908.07,17,6,3,1,34300.0,17.76,1,False,False,True,False,False,True,False,False,True,False,False,False,False,False,True
LN-14650,24,1.7,59700.0,638,20.04,6081.9,11,5,0,3,10300.0,15.63,1,False,False,False,True,False,False,True,False,True,False,False,False,False,True,False
LN-14651,25,0.7,65600.0,639,16.71,13141.36,12,7,0,0,4800.0,16.11,1,False,False,False,True,False,True,False,True,False,False,False,False,False,False,True
LN-14652,21,1.1,24300.0,715,15.2,6043.65,23,16,0,0,10900.0,14.82,1,True,False,False,False,False,True,False,False,True,False,False,False,False,True,False
LN-14653,24,0.5,68400.0,592,33.42,3275.65,18,10,0,3,1800.0,18.23,1,True,False,False,False,True,False,False,False,True,False,False,False,False,True,False
LN-14654,32,5.2,72500.0,676,10.72,404.46,15,9,0,1,32600.0,15.24,0,False,False,False,True,True,False,False,False,False,True,False,False,False,True,False
LN-14655,47,4.9,43500.0,664,10.17,22180.56,12,8,0,2,6400.0,12.7,0,False,False,False,True,False,True,False,False,False,False,False,True,False,True,False
LN-14656,62,13.5,142987.5,710,32.18,6514.69,18,9,0,0,8500.0,14.59,0,False,False,False,True,False,True,False,False,False,False,False,False,True,True,False
LN-14657,43,5.9,15400.0,609,10.87,4791.93,15,7,0,0,6900.0,16.65,0,False,False,True,False,False,False,True,False,False,False,True,False,False,True,False
LN-14658,45,0.2,83400.0,681,4.54,9081.38,16,9,0,0,1000.0,14.71,0,True,False,False,False,False,False,True,False,True,False,False,False,False,True,False
LN-14659,41,9.7,80200.0,697,15.4,1573.88,21,12,0,5,1000.0,14.48,0,False,False,False,True,False,False,True,False,True,False,False,False,False,True,False
LN-14660,44,8.9,73000.0,585,5.43,6077.19,14,7,0,3,11600.0,16.47,0,False,False,False,True,True,False,False,False,True,False,False,False,False,True,False
LN-14661,45,2.6,59700.0,626,2.0,16721.56,23,15,0,0,9800.0,16.4,0,False,False,False,True,False,True,False,True,False,False,False,False,False,False,True
LN-14662,65,4.0,73300.0,675,15.22,15987.01,20,9,0,0,33000.0,13.44,0,False,False,False,True,False,False,True,False,False,False,True,False,False,True,False
LN-14663,66,3.0,87300.0,706,21.63,17735.46,23,10,0,0,4300.0,14.56,0,False,False,False,True,False,False,True,False,False,False,False,False,True,True,False
LN-14664,52,3.4,36300.0,689,30.54,7560.2,19,10,0,2,6400.0,15.67,0,False,False,True,False,False,True,False,False,True,False,False,False,False,True,False
LN-14665,52,10.6,63900.0,708,27.0,5523.75,26,17,0,2,28800.0,13.27,0,False,True,False,False,False,True,False,False,False,True,False,False,False,True,False
LN-14666,25,0.4,49000.0,626,6.43,21365.6,21,12,0,0,1000.0,15.33,0,False,False,False,True,False,False,True,False,False,False,True,False,False,True,False
LN-14667,56,3.0,29700.0,601,12.67,2283.63,13,9,0,1,13400.0,17.41,1,False,False,False,True,True,False,False,False,False,False,False,False,True,True,False
LN-14668,66,2.6,80400.0,684,23.65,15497.82,22,10,2,1,1500.0,18.64,0,False,False,False,True,False,False,True,False,False,False,False,True,False,False,True
LN-14669,62,4.0,39700.0,619,14.56,26265.43,18,11,0,0,17900.0,17.48,1,True,False,False,False,False,False,True,False,True,False,False,False,False,True,False
LN-14670,62,7.6,23800.0,637,9.75,4045.03,15,9,0,1,4800.0,15.37,1,False,False,False,True,False,False,True,False,True,False,False,False,False,True,False
LN-14671,59,20.0,40300.0,727,3.6,2644.7,17,6,0,0,18100.0,12.07,0,False,False,False,True,False,True,False,False,False,False,False,True,False,True,False
LN-14672,36,2.2,34900.0,689,16.18,8622.19,18,10,0,1,15700.0,13.77,1,False,False,False,True,False,False,True,False,True,False,False,False,False,True,False
LN-14673,53,0.2,95400.0,652,6.31,2926.14,19,9,0,1,26300.0,15.47,0,True,False,False,False,False,False,True,False,False,False,False,False,True,False,True
LN-14674,41,7.3,58900.0,645,19.81,24553.8,18,9,0,0,11400.0,16.58,1,True,False,False,False,False,False,True,False,True,False,False,False,False,True,False
LN-14675,29,4.2,115900.0,711,10.92,3363.19,19,12,1,4,34300.0,13.72,0,True,False,False,False,False,True,False,False,False,False,False,False,True,True,False
LN-14676,26,1.0,37500.0,691,11.43,4521.94,14,10,0,0,15800.0,13.4,1,False,False,False,True,False,False,True,False,True,False,False,False,False,True,False
LN-14677,65,3.0,87600.0,619,23.93,26316.11,19,9,0,0,21600.0,15.49,1,False,False,True,False,False,False,True,False,True,False,False,False,False,True,False
LN-14678,55,6.1,142987.5,583,10.49,2762.34,24,11,0,0,3900.0,16.63,0,False,False,True,False,False,True,False,False,False,False,True,False,False,True,False
LN-14679,59,6.6,65900.0,774,9.17,25931.36,19,13,0,0,7600.0,9.66,0,False,False,False,True,False,False,True,True,False,False,False,False,False,True,False
LN-14680,42,3.1,87000.0,619,18.33,2825.68,23,14,0,1,12800.0,15.9,0,False,False,False,True,False,True,False,False,True,False,False,False,False,False,True
LN-14681,61,1.6,79300.0,706,10.69,29138.55,19,9,0,2,2200.0,14.69,0,True,False,False,False,False,False,True,False,False,True,False,False,False,False,True
LN-14682,25,16.4,24800.0,756,14.11,4586.41,11,3,0,3,11200.0,12.05,1,False,False,False,True,False,False,True,False,True,False,False,False,False,True,False
LN-14683,62,4.9,74800.0,687,37.28,3392.09,22,10,0,0,1600.0,14.6,0,False,False,False,True,False,True,False,False,True,False,False,False,False,True,False
LN-14684,43,2.4,64100.0,650,17.0,7782.44,26,13,0,1,18500.0,14.87,0,True,False,False,False,False,False,True,False,True,False,False,False,False,True,False
LN-14685,37,1.5,47000.0,609,14.3,5529.64,16,6,0,2,1000.0,16.72,1,True,False,False,False,False,False,True,False,True,False,False,False,False,True,False
LN-14686,32,5.9,33300.0,608,27.28,2704.0,20,12,0,0,1500.0,18.74,1,False,False,False,True,False,True,False,True,False,False,False,False,False,False,True
LN-14687,43,1.2,79400.0,699,3.09,4956.29,24,19,0,1,13700.0,13.11,0,True,False,False,False,True,False,False,True,False,False,False,False,False,True,False
LN-14688,36,0.8,31700.0,753,29.2,14988.87,18,11,1,0,8400.0,13.03,1,False,False,True,False,False,True,False,True,False,False,False,False,False,False,True
LN-14689,23,3.4,142987.5,660,2.98,21398.4,24,9,0,0,1000.0,15.25,0,False,False,False,True,True,False,False,False,True,False,False,False,False,False,True
LN-14690,50,1.5,57700.0,652,36.38,20628.48,19,8,0,0,7000.0,17.69,1,True,False,False,False,True,False,False,False,False,False,False,False,True,False,True
LN-14691,42,4.5,27600.0,715,5.79,16967.3,18,13,0,0,4000.0,13.21,0,False,False,False,True,True,False,False,False,False,True,False,False,False,True,False
LN-14692,29,0.6,40800.0,646,16.29,65.4,19,10,0,0,18400.0,16.62,1,False,False,False,True,True,False,False,False,False,False,False,False,True,True,False
LN-14693,49,4.8,46500.0,694,5.57,6674.14,24,17,0,0,17200.0,16.57,0,True,False,False,False,False,True,False,False,True,False,False,False,False,True,False
LN-14694,67,1.5,142987.5,682,25.57,2221.1,17,8,0,0,18700.0,16.49,0,False,False,False,True,False,False,True,False,True,False,False,False,False,True,False
LN-14695,57,0.0,33300.0,660,28.71,915.78,12,7,3,0,15000.0,16.03,1,False,False,False,True,False,False,True,False,True,False,False,False,False,True,False
LN-14696,43,0.6,50800.0,679,27.68,15976.31,13,5,1,3,17300.0,15.14,1,False,False,False,True,False,True,False,False,True,False,False,False,False,True,False
LN-14697,33,12.2,40300.0,768,9.59,18928.29,27,19,0,1,2500.0,10.77,0,True,False,False,False,True,False,False,False,True,False,False,False,False,False,True
LN-14698,52,9.1,71300.0,710,20.22,20223.95,20,10,0,4,32100.0,12.5,1,True,False,False,False,False,True,False,False,False,False,True,False,False,True,False
LN-14699,66,1.2,40700.0,735,36.64,26521.25,21,12,0,1,1700.0,14.44,1,False,False,False,True,False,True,False,False,False,False,True,False,False,True,False
LN-14700,67,6.8,29000.0,634,14.06,10700.59,14,9,1,2,3000.0,15.9,1,True,False,False,False,False,True,False,False,True,False,False,False,False,True,False
LN-14701,43,4.2,48700.0,735,14.29,36444.7325,17,9,0,2,4700.0,15.53,0,False,False,False,True,False,True,False,False,True,False,False,False,False,True,False
LN-14702,65,15.9,46000.0,712,21.59,7933.33,14,8,0,1,2700.0,13.77,0,True,False,False,False,False,True,False,False,False,False,False,False,True,False,True
LN-14703,37,2.1,39100.0,605,9.57,25798.26,22,13,0,1,1000.0,15.11,1,False,False,False,True,False,True,False,False,False,False,False,True,False,True,False
LN-14704,60,5.1,40300.0,707,7.03,1438.12,15,8,0,0,8600.0,12.94,0,True,False,False,False,False,False,True,False,False,False,False,False,True,True,False
LN-14705,41,0.3,103900.0,654,4.11,1935.04,18,9,0,1,16300.0,14.5,0,False,True,False,False,True,False,False,False,False,False,False,False,True,False,True
LN-14706,22,2.3,45400.0,603,22.26,10709.41,12,9,0,0,7700.0,17.65,0,False,False,True,False,True,False,False,False,True,False,False,False,False,True,False
LN-14707,57,14.9,29000.0,686,11.7,1590.52,16,8,0,1,3700.0,13.12,1,False,False,False,True,True,False,False,False,True,False,False,False,False,True,False
LN-14708,26,3.5,42000.0,707,19.43,939.44,22,11,0,1,18900.0,13.29,0,False,False,True,False,False,False,True,False,False,False,False,False,True,True,False
LN-14709,64,1.5,55800.0,688,13.79,2618.84,18,13,0,2,6900.0,14.3,0,False,False,False,True,True,False,False,False,False,False,False,False,True,True,False
LN-14710,38,0.6,26000.0,675,28.8,18587.84,15,7,0,3,11700.0,15.72,1,False,False,True,False,False,False,True,False,False,False,True,False,False,False,True
LN-14711,50,5.5,132500.0,663,32.3,31483.08,20,9,0,0,2800.0,15.64,0,False,False,False,True,False,False,True,True,False,False,False,False,False,True,False
LN-14712,42,4.7,87300.0,803,16.59,4867.99,20,9,1,1,5700.0,10.97,0,False,False,False,True,False,True,False,False,True,False,False,False,False,True,False
LN-14713,53,3.0,119000.0,621,36.82,36444.7325,11,9,1,4,22800.0,17.83,1,False,False,False,True,False,False,True,False,True,False,False,False,False,True,False
LN-14714,50,13.6,67200.0,724,9.51,19900.42,15,7,0,3,1000.0,11.53,0,False,False,False,True,False,False,True,False,True,False,False,False,False,True,False
LN-14715,37,0.1,17100.0,681,8.9,3075.87,21,10,0,2,7700.0,13.04,0,True,False,False,False,False,False,True,False,True,False,False,False,False,True,False
LN-14716,63,1.6,126000.0,637,17.35,10586.01,20,12,0,0,7100.0,16.95,1,False,False,True,False,False,True,False,False,False,False,False,True,False,True,False
LN-14717,52,11.4,33700.0,678,20.33,36444.7325,15,8,0,0,15200.0,15.0,0,True,False,False,False,False,False,True,False,False,False,True,False,False,True,False
LN-14718,62,1.7,35200.0,610,31.91,22668.7,13,8,0,0,15800.0,17.3,1,True,False,False,False,False,True,False,False,False,False,False,False,True,True,False
LN-14719,34,1.3,59000.0,650,15.13,5418.59,19,12,0,3,26600.0,17.15,1,True,False,False,False,False,True,False,False,False,False,False,False,True,False,True
LN-14720,30,3.4,115600.0,678,18.54,4388.99,13,7,0,1,1000.0,15.01,0,False,False,False,True,True,False,False,False,True,False,False,False,False,True,False
LN-14721,67,7.8,96700.0,602,44.05500000000001,20527.96,14,10,0,1,17900.0,20.585,1,False,False,False,True,True,False,False,False,False,False,True,False,False,False,True
LN-14722,56,0.5,89200.0,705,8.22,9559.85,19,11,0,4,29200.0,13.86,1,False,False,False,True,False,True,False,False,True,False,False,False,False,True,False
LN-14723,54,12.9,45600.0,632,13.11,2141.52,13,8,2,0,20500.0,17.92,1,False,False,False,True,False,False,True,False,True,False,False,False,False,False,True
LN-14724,29,7.1,45200.0,607,20.89,4766.97,24,15,0,1,1000.0,16.54,0,False,False,False,True,False,False,True,False,True,False,False,False,False,True,False
LN-14725,62,0.9,65500.0,626,42.32,13009.87,25,14,0,1,1200.0,17.99,1,False,False,False,True,False,True,False,False,False,False,False,True,False,False,True
LN-14726,48,5.6,50400.0,789,11.71,1994.91,21,9,0,0,18400.0,12.32,0,False,False,False,True,False,True,False,False,True,False,False,False,False,False,True
LN-14727,31,2.2,88400.0,581,5.26,14396.43,11,7,0,0,1000.0,17.47,0,False,False,False,True,False,False,True,False,True,False,False,False,False,True,False
LN-14728,34,2.3,85500.0,702,36.83,14851.54,14,7,0,0,1000.0,15.06,1,False,False,True,False,False,False,True,False,True,False,False,False,False,True,False
LN-14729,59,6.9,75000.0,642,10.92,3788.8,16,10,0,1,11000.0,13.78,0,False,False,False,True,True,False,False,True,False,False,False,False,False,True,False
LN-14730,67,14.8,15000.0,662,8.86,6090.58,23,15,0,0,6800.0,15.59,0,True,False,False,False,False,True,False,False,True,False,False,False,False,False,True
LN-14731,39,0.6,58100.0,710,12.03,32883.91,10,3,0,0,13300.0,13.41,0,True,False,False,False,True,False,False,False,True,False,False,False,False,True,False
LN-14732,35,2.5,51000.0,708,9.43,16596.04,10,5,0,4,1000.0,11.17,0,True,False,False,False,True,False,False,False,True,False,False,False,False,True,False
LN-14733,48,3.0,59400.0,646,20.35,18603.32,14,10,0,1,9800.0,16.11,0,False,False,False,True,True,False,False,False,False,False,True,False,False,True,False
LN-14734,44,2.1,35800.0,612,25.36,8714.62,29,15,2,1,4700.0,19.53,1,False,False,False,True,False,True,False,False,False,False,False,False,True,False,True
LN-14735,28,3.0,26100.0,711,15.77,2876.46,15,10,0,0,11700.0,11.63,1,False,False,False,True,False,True,False,False,False,False,False,False,True,True,False
LN-14736,63,0.2,69900.0,708,13.81,10735.99,24,10,2,0,6000.0,13.78,0,False,False,False,True,True,False,False,False,True,False,False,False,False,True,False
LN-14737,29,5.2,44500.0,666,28.16,17746.41,18,11,0,3,6200.0,17.21,1,False,False,False,True,False,True,False,False,True,False,False,False,False,True,False
LN-14738,67,2.6,74300.0,702,9.67,46.69,22,10,0,1,14900.0,15.66,1,True,False,False,False,False,False,True,False,True,False,False,False,False,False,True
LN-14739,53,1.0,37500.0,658,9.5,1449.43,17,11,0,0,15100.0,12.15,1,True,False,False,False,False,False,True,False,False,True,False,False,False,True,False
LN-14740,53,7.6,118000.0,639,16.02,7716.16,19,10,1,1,1000.0,16.84,0,True,False,False,False,False,True,False,False,False,False,False,False,True,True,False
LN-14741,39,7.3,94000.0,680,6.21,6897.89,10,3,0,0,13800.0,13.06,0,False,False,False,True,True,False,False,False,True,False,False,False,False,True,False
LN-14742,23,3.0,63800.0,706,5.51,36444.7325,20,12,3,3,15000.0,12.03,1,False,False,False,True,False,False,True,False,True,False,False,False,False,True,False
LN-14743,30,1.6,48200.0,695,11.42,1160.15,16,12,0,0,8600.0,16.39,0,True,False,False,False,False,False,True,False,True,False,False,False,False,True,False
LN-14744,60,4.6,86600.0,705,13.1,4693.18,18,10,0,0,24600.0,14.45,0,False,False,False,True,True,False,False,False,True,False,False,False,False,False,True
LN-14745,67,1.5,67200.0,642,29.21,20255.96,17,11,0,3,1000.0,16.03,1,True,False,False,False,True,False,False,False,False,False,True,False,False,True,False
LN-14746,62,1.2,61800.0,759,14.4,11374.23,12,6,0,0,27800.0,12.52,0,True,False,False,False,False,False,True,False,True,False,False,False,False,True,False
LN-14747,21,5.9,96100.0,663,11.57,9895.88,23,12,0,2,6600.0,16.43,0,False,False,False,True,False,False,True,False,False,True,False,False,False,True,False
LN-14748,49,0.2,118700.0,674,7.13,16220.44,16,10,0,2,12700.0,13.91,0,False,False,False,True,False,True,False,False,True,False,False,False,False,True,False
LN-14749,54,0.4,27200.0,614,26.68,489.65,13,6,0,0,1000.0,16.55,0,True,False,False,False,False,False,True,False,True,False,False,False,False,True,False
LN-14750,33,0.0,30400.0,670,10.76,35361.41,18,11,0,0,13700.0,15.23,0,False,False,False,True,True,False,False,True,False,False,False,False,False,False,True
LN-14751,21,0.7,35300.0,707,8.97,2547.39,18,7,0,2,11000.0,15.1,0,False,False,False,True,False,False,True,False,True,False,False,False,False,False,True
LN-14752,54,0.3,23700.0,718,14.54,1024.57,13,8,1,1,10700.0,12.51,1,False,False,False,True,False,False,True,False,True,False,False,False,False,True,False
LN-14753,49,24.6,52300.0,758,27.82,4967.17,16,7,0,0,7700.0,13.98,0,False,False,False,True,False,False,True,False,False,True,False,False,False,True,False
LN-14754,67,1.5,75400.0,706,19.71,14542.3,28,17,0,3,17900.0,13.52,0,True,False,False,False,False,False,True,False,False,False,False,False,True,True,False
LN-14755,33,0.7,53500.0,694,21.03,3159.52,15,7,0,1,1100.0,12.95,0,True,False,False,False,False,False,True,False,True,False,False,False,False,False,True
LN-14756,49,1.2,40400.0,658,10.37,613.77,12,10,0,3,1000.0,17.3,0,False,False,False,True,False,False,True,False,False,False,False,True,False,False,True
LN-14757,59,12.4,100700.0,647,23.26,709.52,17,10,0,0,34300.0,16.26,1,False,False,True,False,True,False,False,False,True,False,False,False,False,True,False
LN-14758,44,3.3,58500.0,729,24.54,3557.88,14,10,0,0,4100.0,15.6,0,False,False,True,False,False,False,True,False,True,False,False,False,False,False,True
LN-14759,46,2.0,65400.0,728,21.0,1744.11,20,11,0,3,29400.0,13.45,1,False,False,True,False,True,False,False,False,True,False,False,False,False,True,False
LN-14760,37,9.3,102200.0,626,25.91,5590.86,24,14,1,1,1300.0,16.79,0,True,False,False,False,False,False,True,True,False,False,False,False,False,True,False
LN-14761,27,2.3,50600.0,716,44.05500000000001,2280.47,17,10,1,1,14200.0,17.21,1,False,False,False,True,False,True,False,True,False,False,False,False,False,False,True
LN-14762,33,1.8,142987.5,713,32.2,5064.89,16,5,0,1,11200.0,14.28,0,False,False,False,True,False,False,True,False,True,False,False,False,False,True,False
LN-14763,25,1.0,42300.0,624,8.53,7054.36,18,11,2,0,19000.0,17.59,0,True,False,False,False,False,False,True,False,False,False,True,False,False,True,False
LN-14764,46,2.1,142987.5,707,9.38,16282.65,20,9,0,0,7200.0,12.79,0,True,False,False,False,False,True,False,False,False,False,False,False,True,True,False
LN-14765,23,1.7,31700.0,628,26.2,3095.92,15,9,1,1,1000.0,18.88,0,True,False,False,False,False,True,False,False,False,False,False,True,False,True,False
LN-14766,27,5.1,72000.0,559,18.95,7733.74,20,12,0,1,9000.0,19.05,1,False,True,False,False,True,False,False,False,True,False,False,False,False,True,False
LN-14767,59,1.5,38000.0,672,38.47,20271.86,16,10,1,3,17100.0,14.42,1,True,False,False,False,True,False,False,True,False,False,False,False,False,False,True
LN-14768,21,3.9,100300.0,693,30.35,36444.7325,23,12,0,0,1000.0,13.76,0,False,False,False,True,False,True,False,False,True,False,False,False,False,True,False
LN-14769,37,0.3,41600.0,674,11.35,9778.52,10,6,0,0,1000.0,16.06,1,False,False,False,True,False,True,False,False,False,False,False,False,True,False,True
LN-14770,63,1.0,63600.0,823,6.53,6794.38,21,10,0,2,24100.0,8.785000000000002,0,False,False,False,True,True,False,False,False,False,False,False,True,False,True,False
LN-14771,45,2.4,37900.0,699,25.69,11980.85,22,8,0,2,17100.0,12.76,0,True,False,False,False,False,True,False,False,True,False,False,False,False,True,False
LN-14772,23,12.4,90700.0,687,10.41,7993.29,21,13,0,0,3100.0,16.09,0,True,False,False,False,True,False,False,False,True,False,False,False,False,False,True
LN-14773,35,2.1,37800.0,701,12.93,2160.39,21,14,0,0,15000.0,11.4,0,True,False,False,False,True,False,False,False,False,False,False,False,True,True,False
LN-14774,49,4.9,136700.0,658,10.46,7381.96,16,10,0,0,1000.0,15.41,1,True,False,False,False,False,False,True,True,False,False,False,False,False,True,False
LN-14775,63,1.3,31300.0,726,15.66,36444.7325,20,11,0,0,14100.0,12.28,0,False,False,True,False,False,False,True,True,False,False,False,False,False,True,False
LN-14776,52,0.6,25800.0,698,23.4,12274.11,13,8,0,1,5100.0,15.08,0,True,False,False,False,False,True,False,False,False,False,True,False,False,True,False
LN-14777,46,0.3,91400.0,696,13.74,3999.39,13,4,0,1,3700.0,14.85,0,True,False,False,False,False,True,False,False,False,True,False,False,False,False,True
LN-14778,36,1.6,39100.0,649,17.03,35282.66,16,7,0,2,15800.0,12.81,1,False,False,False,True,False,True,False,True,False,False,False,False,False,True,False
LN-14779,45,0.8,54000.0,602,14.51,5903.69,19,6,0,0,24300.0,16.22,1,True,False,False,False,True,False,False,False,True,False,False,False,False,True,False
LN-14780,48,0.9,45400.0,655,25.94,5933.94,16,9,2,1,1000.0,16.52,1,True,False,False,False,False,False,True,False,True,False,False,False,False,False,True
LN-14781,29,6.4,26300.0,694,29.55,11504.1,23,14,1,4,2200.0,16.35,1,False,False,False,True,False,False,True,False,True,False,False,False,False,False,True
LN-14782,21,0.1,51900.0,658,27.38,10099.03,16,9,0,4,4100.0,16.22,1,False,False,False,True,False,False,True,False,False,False,False,False,True,True,False
LN-14783,49,3.0,108600.0,695,37.29,4117.26,20,11,0,0,34300.0,16.15,1,False,False,True,False,False,True,False,False,False,False,True,False,False,False,True
LN-14784,42,2.1,94100.0,668,6.08,7552.61,19,9,0,0,29400.0,12.45,0,False,False,False,True,False,True,False,False,False,False,False,True,False,True,False
LN-14785,36,3.2,61500.0,702,30.09,4850.82,19,8,1,4,27700.0,16.22,1,True,False,False,False,False,False,True,False,False,False,False,False,True,False,True
LN-14786,61,3.7,99900.0,631,11.87,16062.88,17,10,0,1,6700.0,17.5,1,False,False,False,True,False,True,False,False,False,False,True,False,False,False,True
LN-14787,64,1.7,30300.0,690,13.15,1568.18,22,13,0,1,3700.0,14.07,1,True,False,False,False,False,False,True,False,False,False,False,True,False,True,False
LN-14788,61,1.6,45300.0,648,4.2,16647.59,21,13,0,3,3000.0,14.04,0,True,False,False,False,False,False,True,False,False,False,True,False,False,True,False
LN-14789,27,5.9,67400.0,603,21.54,2108.92,16,8,1,0,29900.0,16.68,1,False,False,False,True,False,True,False,False,True,False,False,False,False,True,False
LN-14790,34,9.2,50400.0,672,6.59,4383.09,17,9,2,0,3700.0,12.62,0,False,False,False,True,False,False,True,False,True,False,False,False,False,True,False
LN-14791,49,1.0,47300.0,757,21.18,4865.55,18,10,0,0,10600.0,12.47,0,False,True,False,False,False,True,False,False,True,False,False,False,False,True,False
LN-14792,39,0.5,28000.0,607,8.13,36444.7325,15,10,1,3,5600.0,16.16,1,True,False,False,False,True,False,False,False,True,False,False,False,False,True,False
LN-14793,39,10.3,17200.0,686,20.34,10693.97,18,7,0,1,7700.0,16.38,1,False,False,True,False,True,False,False,False,True,False,False,False,False,False,True
LN-14794,22,1.9,85000.0,720,29.84,18036.86,18,8,0,0,5900.0,13.3,0,False,False,False,True,False,False,True,False,False,False,False,False,True,True,False
LN-14795,61,3.6,61900.0,795,19.88,9726.37,18,12,0,1,4900.0,10.99,0,False,False,False,True,False,True,False,False,False,True,False,False,False,True,False
LN-14796,65,2.0,89000.0,655,13.97,36444.7325,31,18,0,0,7800.0,13.28,1,False,False,False,True,True,False,False,False,False,False,False,False,True,True,False
LN-14797,35,0.6,42600.0,648,16.67,2343.15,21,11,0,0,5700.0,15.89,0,True,False,False,False,True,False,False,False,True,False,False,False,False,False,True
LN-14798,23,4.0,36600.0,622,6.12,11142.61,17,10,0,0,16500.0,14.61,0,False,False,False,True,True,False,False,False,False,False,True,False,False,True,False
LN-14799,31,3.4,54400.0,737,12.37,19157.2,22,13,0,1,12200.0,13.37,1,False,False,False,True,False,False,True,False,False,False,False,True,False,True,False
LN-14800,66,1.0,86700.0,637,18.78,11884.29,19,9,0,1,2700.0,17.87,0,False,False,False,True,False,False,True,False,False,False,False,True,False,True,False
LN-14801,50,2.7,47700.0,661,5.44,27268.88,28,20,0,2,3800.0,13.57,0,False,False,False,True,False,True,False,False,True,False,False,False,False,False,True
LN-14802,60,7.2,84200.0,588,3.29,11016.75,16,9,0,0,1000.0,18.24,0,True,False,False,False,True,False,False,False,True,False,False,False,False,False,True
LN-14803,38,4.0,31100.0,724,22.83,21014.68,14,9,0,3,5000.0,15.18,0,False,False,False,True,False,False,True,False,True,False,False,False,False,False,True
LN-14804,22,0.5,49600.0,738,12.61,2320.06,17,12,0,1,15500.0,11.43,0,True,False,False,False,False,False,True,False,False,False,False,False,True,True,False
LN-14805,52,3.6,52100.0,722,17.62,3646.78,25,14,0,0,2800.0,13.1,0,False,False,True,False,False,True,False,False,False,False,False,False,True,False,True
LN-14806,28,5.5,106400.0,600,22.94,7045.32,15,10,0,0,1500.0,16.42,1,False,False,False,True,False,False,True,False,False,False,False,True,False,True,False
LN-14807,42,7.1,60700.0,710,16.58,22895.56,15,10,0,3,5400.0,12.85,0,True,False,False,False,False,False,True,False,True,False,False,False,False,True,False
LN-14808,26,4.5,141500.0,596,23.9,6673.21,19,10,0,0,13300.0,17.11,0,False,False,True,False,False,False,True,False,False,False,False,False,True,True,False
LN-14809,32,0.7,25800.0,683,9.85,11848.9,13,4,0,3,9000.0,14.45,1,False,False,True,False,False,False,True,True,False,False,False,False,False,False,True
LN-14810,67,5.6,58200.0,690,17.96,6046.43,10,5,0,0,5700.0,14.44,0,False,False,False,True,False,True,False,True,False,False,False,False,False,False,True
LN-14811,60,5.1,59800.0,696,3.96,19661.48,14,9,0,3,26900.0,13.71,1,False,False,False,True,False,False,True,False,True,False,False,False,False,True,False
LN-14812,56,0.1,76200.0,707,15.9,2682.04,22,13,0,0,8900.0,13.96,0,False,False,False,True,False,False,True,False,True,False,False,False,False,True,False
LN-14813,35,2.4,34600.0,680,6.74,10810.01,20,12,0,3,8500.0,13.27,0,True,False,False,False,False,False,True,False,True,False,False,False,False,True,False
LN-14814,48,1.8,136800.0,582,43.24,10349.88,20,13,0,2,1000.0,19.89,1,True,False,False,False,False,False,True,False,True,False,False,False,False,False,True
LN-14815,65,5.0,54600.0,707,12.91,6194.92,19,13,0,1,14300.0,12.43,0,True,False,False,False,False,True,False,False,True,False,False,False,False,True,False
LN-14816,38,1.1,29800.0,685,8.93,14654.57,16,11,0,1,8600.0,15.02,1,False,False,False,True,False,False,True,False,True,False,False,False,False,False,True
LN-14817,22,4.0,53700.0,635,13.38,346.68,17,9,0,0,2200.0,15.52,1,False,False,False,True,False,True,False,False,False,False,False,False,True,True,False
LN-14818,33,11.0,45600.0,602,13.46,22104.01,26,13,3,1,3900.0,17.75,1,True,False,False,False,False,False,True,False,False,False,False,False,True,False,True
LN-14819,65,7.2,142987.5,757,5.64,5131.89,22,12,0,1,3200.0,11.96,0,True,False,False,False,False,False,True,False,True,False,False,False,False,True,False
LN-14820,35,11.4,96500.0,742,27.75,18901.75,16,5,1,0,1800.0,13.11,0,True,False,False,False,False,False,True,False,True,False,False,False,False,True,False
LN-14821,40,17.3,55700.0,715,29.64,4367.15,19,13,0,1,8000.0,15.84,0,False,False,False,True,False,False,True,False,False,False,True,False,False,True,False
LN-14822,49,0.0,50900.0,646,43.0,2497.68,18,5,2,3,6300.0,16.07,1,False,False,False,True,False,True,False,False,True,False,False,False,False,False,True
LN-14823,62,4.4,91400.0,554,30.73,5921.52,16,9,1,0,6300.0,17.85,1,False,False,False,True,False,True,False,False,True,False,False,False,False,True,False
LN-14824,49,2.4,93800.0,718,27.41,19156.3,17,11,0,0,4100.0,16.09,0,False,False,False,True,True,False,False,False,True,False,False,False,False,True,False
LN-14825,23,8.8,15000.0,698,20.96,14589.23,12,4,0,0,6800.0,13.56,0,False,False,False,True,False,False,True,False,True,False,False,False,False,True,False
LN-14826,39,1.3,77200.0,661,19.78,6150.55,14,8,0,4,11100.0,15.49,1,False,False,False,True,False,False,True,False,False,False,False,False,True,True,False
LN-14827,23,17.8,55000.0,736,15.02,33342.07,19,11,0,4,13200.0,13.85,0,False,False,False,True,False,False,True,False,False,False,False,False,True,True,False
LN-14828,34,4.3,26300.0,722,18.18,6306.73,25,16,0,1,3500.0,14.46,1,False,False,False,True,True,False,False,False,True,False,False,False,False,False,True
LN-14829,60,7.1,87900.0,689,18.88,5183.3,18,11,0,1,18200.0,16.26,1,False,False,False,True,False,False,True,False,False,False,False,True,False,False,True
LN-14830,24,0.4,142987.5,682,18.51,1875.9,21,7,0,3,1000.0,15.1,0,True,False,False,False,False,True,False,False,False,True,False,False,False,True,False
LN-14831,31,0.9,73600.0,683,27.36,874.44,14,9,0,0,19400.0,16.21,0,False,False,False,True,False,False,True,True,False,False,False,False,False,True,False
LN-14832,51,6.4,99200.0,714,9.05,5167.59,20,7,0,1,4700.0,13.17,0,True,False,False,False,False,False,True,False,False,True,False,False,False,True,False
LN-14833,63,0.1,142987.5,637,20.06,1158.16,15,9,0,0,6500.0,16.8,0,True,False,False,False,True,False,False,False,False,False,True,False,False,True,False
LN-14834,52,7.6,34300.0,701,13.27,7452.93,23,14,0,4,12200.0,12.63,0,True,False,False,False,False,True,False,False,False,False,True,False,False,True,False
LN-14835,47,0.1,19500.0,634,21.85,23594.17,25,16,0,0,8800.0,17.79,1,False,False,True,False,True,False,False,False,True,False,False,False,False,False,True
LN-14836,50,4.8,77800.0,747,33.57,7757.83,17,10,0,1,7700.0,13.43,1,False,False,False,True,False,True,False,False,True,False,False,False,False,True,False
LN-14837,63,2.0,47300.0,707,20.09,7860.53,14,9,0,0,21300.0,13.58,0,True,False,False,False,False,True,False,False,False,False,False,False,True,True,False
LN-14838,22,4.3,25400.0,646,35.87,3507.36,23,11,0,3,11400.0,15.88,1,False,False,True,False,False,False,True,False,False,False,True,False,False,False,True
LN-14839,29,5.4,51900.0,684,30.98,2182.52,18,11,0,5,3600.0,15.78,1,True,False,False,False,False,True,False,False,True,False,False,False,False,False,True
LN-14840,48,1.9,80800.0,637,26.84,3017.42,22,10,0,0,12400.0,17.3,0,False,False,False,True,False,False,True,False,False,False,False,False,True,False,True
LN-14841,51,0.5,49900.0,755,25.04,10071.64,23,10,1,1,17900.0,15.41,0,False,False,False,True,False,True,False,False,True,False,False,False,False,False,True
LN-14842,54,0.3,35100.0,761,9.04,10751.77,20,12,1,0,3400.0,10.74,0,False,False,False,True,False,True,False,True,False,False,False,False,False,True,False
LN-14843,35,4.0,47900.0,715,18.53,2984.43,15,7,1,0,1000.0,14.64,0,True,False,False,False,True,False,False,False,False,True,False,False,False,False,True
LN-14844,45,3.3,53600.0,758,31.66,6108.33,20,9,0,0,24100.0,15.63,1,True,False,False,False,False,True,False,False,True,False,False,False,False,False,True
LN-14845,56,6.1,18700.0,688,44.05500000000001,10090.93,11,6,0,5,8400.0,14.82,1,False,False,False,True,False,True,False,False,True,False,False,False,False,True,False
LN-14846,28,3.2,50100.0,718,6.01,17148.52,19,11,0,0,5400.0,12.75,0,True,False,False,False,False,False,True,False,False,False,False,True,False,False,True
LN-14847,29,2.5,25900.0,741,4.92,4623.88,18,10,2,0,3800.0,12.44,0,True,False,False,False,False,False,True,False,True,False,False,False,False,True,False
LN-14848,57,2.3,77800.0,680,8.11,3798.86,16,7,0,2,2400.0,17.55,0,False,False,False,True,False,False,True,False,False,False,False,False,True,False,True
LN-14849,65,0.1,23000.0,684,15.84,15732.77,7,5,1,2,10400.0,11.7,1,True,False,False,False,False,True,False,False,False,True,False,False,False,True,False
LN-14850,59,1.8,94600.0,727,44.05500000000001,8653.92,18,11,0,0,19700.0,15.22,1,True,False,False,False,True,False,False,True,False,False,False,False,False,True,False
LN-14851,52,16.8,43300.0,712,16.03,23317.68,13,9,3,0,7600.0,13.95,0,False,False,False,True,False,False,True,False,False,False,False,False,True,True,False
LN-14852,37,9.3,40200.0,642,12.66,2843.91,25,14,0,1,3900.0,17.18,0,True,False,False,False,False,False,True,False,False,False,False,False,True,False,True
LN-14853,55,3.0,63700.0,571,7.44,17685.41,22,15,0,0,8300.0,19.72,0,False,False,False,True,False,True,False,False,False,False,False,False,True,True,False
LN-14854,57,4.0,33600.0,671,16.48,2121.33,19,11,0,0,10200.0,14.77,1,True,False,False,False,True,False,False,False,False,False,False,True,False,False,True
LN-14855,39,8.5,63200.0,575,44.05500000000001,10547.11,23,13,0,0,11000.0,20.585,1,False,False,True,False,False,True,False,False,True,False,False,False,False,True,False
LN-14856,64,2.6,36200.0,630,9.54,4002.76,17,11,0,0,8200.0,14.35,0,False,False,True,False,False,False,True,False,True,False,False,False,False,False,True
LN-14857,49,0.1,39900.0,636,10.51,1278.88,16,11,1,0,1000.0,15.34,0,False,False,False,True,True,False,False,False,True,False,False,False,False,True,False
LN-14858,27,0.3,67700.0,652,26.2,11509.27,14,8,1,1,8900.0,17.55,1,False,False,False,True,True,False,False,False,True,False,False,False,False,False,True
LN-14859,48,3.2,29000.0,721,33.08,8482.06,21,9,0,0,6000.0,16.78,0,False,False,False,True,False,False,True,False,False,False,False,False,True,True,False
LN-14860,29,15.7,27000.0,732,11.4,7985.92,18,11,0,3,11400.0,15.23,0,True,False,False,False,True,False,False,False,True,False,False,False,False,False,True
LN-14861,48,5.3,62100.0,705,17.22,10773.14,18,11,0,5,1000.0,15.34,0,False,False,False,True,False,True,False,False,True,False,False,False,False,True,False
LN-14862,26,0.3,53400.0,712,24.82,5590.94,22,13,3,0,24000.0,14.07,1,True,False,False,False,False,False,True,False,False,True,False,False,False,False,True
LN-14863,49,0.9,59400.0,713,17.07,13310.05,27,12,0,0,26700.0,13.76,0,False,False,False,True,False,True,False,True,False,False,False,False,False,True,False
LN-14864,37,6.6,64900.0,555,23.54,1682.79,15,8,0,0,11600.0,20.29,1,False,False,False,True,True,False,False,False,False,False,False,False,True,False,True
LN-14865,36,8.3,55900.0,681,27.29,15061.99,17,12,0,0,18700.0,16.65,0,False,False,False,True,False,True,False,False,False,False,False,False,True,False,True
LN-14866,43,4.3,75700.0,590,15.72,10404.69,21,10,0,0,8100.0,17.03,0,False,False,True,False,False,False,True,False,True,False,False,False,False,True,False
LN-14867,51,4.7,57200.0,705,13.07,7997.42,25,16,0,0,12500.0,14.54,0,True,False,False,False,True,False,False,True,False,False,False,False,False,True,False
LN-14868,23,0.1,18000.0,575,6.05,1638.78,23,16,0,0,8100.0,16.36,1,False,False,False,True,False,False,True,True,False,False,False,False,False,True,False
LN-14869,41,7.9,20700.0,671,6.68,3913.16,20,12,1,0,6100.0,14.16,0,False,False,False,True,True,False,False,False,False,False,False,True,False,True,False
LN-14870,46,7.0,142987.5,707,7.22,4199.74,19,13,0,1,34300.0,14.4,0,True,False,False,False,False,True,False,False,False,False,False,False,True,True,False
LN-14871,56,1.3,54200.0,624,27.28,3195.94,20,10,0,0,12900.0,20.5,1,False,False,False,True,False,False,True,False,False,False,False,False,True,False,True
LN-14872,62,5.5,91400.0,728,35.48,36444.7325,14,8,3,0,34300.0,13.25,1,True,False,False,False,False,False,True,False,True,False,False,False,False,True,False
LN-14873,57,1.1,44800.0,705,7.31,29672.16,17,8,0,0,7900.0,14.39,0,True,False,False,False,True,False,False,True,False,False,False,False,False,False,True
LN-14874,42,0.2,52500.0,699,24.49,9479.42,20,11,0,0,1000.0,14.84,1,True,False,False,False,False,True,False,False,False,False,False,True,False,True,False
LN-14875,62,1.0,42200.0,715,7.08,2763.11,20,11,0,1,5000.0,13.85,0,True,False,False,False,False,True,False,False,False,False,False,False,True,True,False
LN-14876,32,0.9,142987.5,662,4.0,29048.1,14,8,1,0,14700.0,15.8,0,True,False,False,False,False,True,False,False,False,False,True,False,False,True,False
LN-14877,62,1.9,62300.0,688,43.85,16607.08,26,15,0,0,28000.0,16.79,1,False,False,True,False,False,True,False,False,True,False,False,False,False,False,True
LN-14878,33,2.4,40400.0,681,7.88,474.52,14,11,0,4,13400.0,13.45,1,False,False,True,False,False,True,False,False,True,False,False,False,False,True,False
LN-14879,31,3.2,21800.0,679,15.83,8096.89,21,10,0,1,8900.0,14.33,0,True,False,False,False,False,False,True,False,False,False,False,False,True,True,False
LN-14880,36,2.9,142987.5,646,3.56,11144.75,14,4,2,1,1200.0,15.89,0,False,False,False,True,False,False,True,False,False,False,False,False,True,False,True
LN-14881,28,1.4,49500.0,618,26.77,825.43,24,14,0,0,2200.0,18.06,1,True,False,False,False,True,False,False,False,False,False,False,True,False,True,False
LN-14882,60,0.1,81600.0,663,13.83,613.39,23,13,0,1,1000.0,14.14,0,False,False,False,True,False,True,False,False,False,False,False,False,True,True,False
LN-14883,60,4.2,86800.0,660,17.33,7472.8,18,13,0,5,17400.0,17.19,0,True,False,False,False,False,False,True,False,True,False,False,False,False,True,False
LN-14884,65,2.3,42000.0,643,17.7,23.44,18,7,0,0,18900.0,13.34,0,True,False,False,False,True,False,False,False,False,False,False,False,True,True,False
LN-14885,22,1.6,78400.0,723,7.99,575.61,15,5,0,4,2500.0,11.77,0,False,False,False,True,True,False,False,False,False,False,False,False,True,False,True
LN-14886,50,9.1,38900.0,621,9.8,2165.86,15,7,0,0,5500.0,16.34,0,False,False,False,True,False,False,True,False,False,False,True,False,False,True,False
LN-14887,50,6.2,31400.0,671,6.63,28891.45,13,9,1,0,9100.0,13.56,0,True,False,False,False,True,False,False,False,False,False,False,True,False,True,False
LN-14888,32,8.8,102800.0,738,20.19,17443.76,19,8,0,1,2200.0,12.02,0,False,False,True,False,False,True,False,False,True,False,False,False,False,True,False
LN-14889,30,3.1,49700.0,725,17.36,7183.34,17,13,0,0,7500.0,15.04,0,True,False,False,False,False,False,True,False,True,False,False,False,False,False,True
LN-14890,64,0.6,72100.0,741,15.93,7828.8,18,10,0,0,32400.0,13.24,0,True,False,False,False,False,False,True,False,False,True,False,False,False,True,False
LN-14891,31,5.4,67900.0,650,24.67,13901.29,19,10,0,1,17800.0,17.37,0,False,False,False,True,False,True,False,False,False,False,False,True,False,True,False
LN-14892,35,1.0,76900.0,719,19.71,7718.27,23,10,0,1,2600.0,12.03,0,True,False,False,False,True,False,False,True,False,False,False,False,False,True,False
LN-14893,36,2.6,23000.0,627,14.61,792.72,13,6,0,0,1500.0,16.78,0,False,False,False,True,False,False,True,False,True,False,False,False,False,True,False
LN-14894,37,0.3,39300.0,666,25.07,16106.47,24,11,0,0,8200.0,16.36,1,True,False,False,False,False,False,True,False,True,False,False,False,False,True,False
LN-14895,46,7.9,45300.0,671,10.56,713.81,22,9,0,0,20400.0,13.86,1,False,False,False,True,False,False,True,False,True,False,False,False,False,False,True
LN-14896,22,0.6,34300.0,651,5.88,7988.56,21,12,0,3,15400.0,14.39,1,True,False,False,False,False,True,False,False,True,False,False,False,False,True,False
LN-14897,32,10.5,68600.0,662,13.42,23740.61,17,8,0,2,4900.0,15.75,1,False,False,False,True,False,False,True,False,True,False,False,False,False,True,False
LN-14898,46,9.0,104100.0,655,10.34,1498.32,24,17,0,5,1000.0,17.18,0,False,False,False,True,False,False,True,False,False,True,False,False,False,False,True
LN-14899,43,2.8,113500.0,631,30.75,14715.76,14,8,0,3,7400.0,16.79,0,False,False,True,False,False,True,False,False,True,False,False,False,False,True,False
LN-14900,38,6.1,45000.0,723,24.28,569.22,16,12,0,0,2400.0,12.19,1,False,False,False,True,True,False,False,False,True,False,False,False,False,True,False
LN-14901,52,4.3,63600.0,671,8.66,36444.7325,11,4,1,3,2800.0,15.76,0,False,False,False,True,False,True,False,False,True,False,False,False,False,True,False
LN-14902,58,7.3,69200.0,690,7.69,13751.71,16,5,0,1,2500.0,13.28,0,True,False,False,False,False,False,True,False,True,False,False,False,False,True,False
LN-14903,67,2.5,76200.0,688,10.75,36444.7325,13,10,0,1,17800.0,11.28,0,True,False,False,False,False,True,False,True,False,False,False,False,False,True,False
LN-14904,23,6.9,33400.0,683,15.02,13239.54,14,8,0,0,1000.0,14.76,0,False,False,False,True,False,True,False,False,True,False,False,False,False,False,True
LN-14905,58,2.8,142987.5,685,15.75,3329.35,11,7,0,1,11600.0,16.4,1,True,False,False,False,True,False,False,True,False,False,False,False,False,False,True
LN-14906,23,12.7,90200.0,665,10.66,31303.54,27,16,0,1,19600.0,12.81,1,True,False,False,False,True,False,False,False,True,False,False,False,False,True,False
LN-14907,50,3.0,91500.0,751,18.2,11823.52,18,10,0,1,2400.0,13.26,0,False,False,False,True,False,False,True,False,True,False,False,False,False,False,True
LN-14908,21,2.8,105000.0,718,9.76,10294.48,18,12,0,0,31300.0,12.11,0,False,False,False,True,False,True,False,False,True,False,False,False,False,True,False
LN-14909,50,6.9,72700.0,681,37.5,6726.74,13,9,0,1,1100.0,15.86,1,False,False,False,True,False,True,False,False,False,True,False,False,False,True,False
LN-14910,65,7.8,30800.0,658,13.9,4018.86,16,8,0,0,13900.0,14.23,1,True,False,False,False,False,True,False,False,True,False,False,False,False,True,False
LN-14911,52,3.6,50200.0,674,25.35,9062.05,15,12,0,1,2600.0,15.76,1,False,False,False,True,False,True,False,True,False,False,False,False,False,True,False
LN-14912,48,0.9,21800.0,701,26.81,5469.57,22,12,0,1,9800.0,14.15,0,False,False,False,True,True,False,False,False,False,False,True,False,False,True,False
LN-14913,41,2.8,68100.0,755,15.35,23091.79,19,11,0,1,11900.0,13.56,0,True,False,False,False,True,False,False,False,True,False,False,False,False,False,True
LN-14914,66,15.5,49400.0,611,11.35,350.66,16,7,0,0,12500.0,15.61,1,True,False,False,False,False,True,False,False,True,False,False,False,False,True,False
LN-14915,33,6.3,53000.0,713,5.89,9062.61,20,10,0,1,5900.0,13.7,0,False,False,False,True,True,False,False,False,True,False,False,False,False,True,False
LN-14916,47,7.5,105100.0,736,9.24,21736.07,11,5,3,0,4700.0,12.9,0,True,False,False,False,True,False,False,False,True,False,False,False,False,False,True
LN-14917,56,0.2,42100.0,606,13.95,335.94,21,14,0,0,8700.0,14.98,0,False,False,False,True,True,False,False,False,False,False,False,True,False,True,False
LN-14918,27,2.8,47200.0,671,9.15,3980.49,24,15,0,0,19800.0,12.93,0,False,False,False,True,True,False,False,False,False,False,False,False,True,True,False
LN-14919,42,4.7,54800.0,627,12.32,634.77,18,4,0,1,2600.0,15.23,1,True,False,False,False,False,False,True,False,True,False,False,False,False,False,True
LN-14920,30,8.0,19700.0,702,41.02,10846.53,21,12,0,0,8900.0,14.2,1,False,False,True,False,False,False,True,False,False,False,False,False,True,True,False
LN-14921,59,0.2,46800.0,662,13.25,4570.49,20,12,0,0,9200.0,13.0,0,False,False,False,True,True,False,False,False,False,False,True,False,False,True,False
LN-14922,35,8.6,15000.0,673,20.38,36444.7325,16,7,0,1,6800.0,13.49,1,True,False,False,False,True,False,False,False,True,False,False,False,False,True,False
LN-14923,35,3.6,39300.0,659,26.99,11494.53,24,18,1,1,1000.0,15.76,0,True,False,False,False,True,False,False,True,False,False,False,False,False,True,False
LN-14924,24,1.0,86700.0,716,38.54,9901.01,19,10,0,0,1900.0,15.76,0,False,False,False,True,False,False,True,False,False,False,False,False,True,True,False
LN-14925,52,1.7,69300.0,691,21.37,29901.69,13,9,0,0,7900.0,12.67,0,True,False,False,False,False,True,False,False,False,False,False,False,True,True,False
LN-14926,43,1.5,39100.0,692,2.0,3036.67,22,13,0,0,17600.0,11.75,0,False,False,False,True,False,False,True,False,False,False,False,True,False,True,False
LN-14927,26,3.4,55400.0,688,18.35,9913.08,12,8,0,3,4000.0,16.12,1,False,True,False,False,False,True,False,False,True,False,False,False,False,False,True
LN-14928,44,0.2,30000.0,709,7.78,9391.16,15,12,0,1,1000.0,13.44,0,False,False,True,False,False,False,True,False,False,False,False,False,True,False,True
LN-14929,40,0.8,54100.0,667,10.6,1028.19,18,10,0,3,8000.0,12.15,0,False,False,False,True,False,False,True,False,True,False,False,False,False,True,False
LN-14930,57,7.5,142987.5,765,15.6,32269.53,14,6,0,1,1000.0,11.51,0,False,False,False,True,False,False,True,False,True,False,False,False,False,True,False
LN-14931,40,0.6,142987.5,618,26.6,14457.07,18,6,0,4,5700.0,17.49,1,False,False,False,True,False,True,False,False,False,False,False,False,True,True,False
LN-14932,32,1.2,55800.0,594,15.76,26282.42,14,7,0,0,6100.0,17.33,0,False,False,False,True,False,False,True,False,True,False,False,False,False,True,False
LN-14933,53,2.7,59200.0,590,8.5,36444.7325,17,10,0,1,1000.0,20.2,1,False,False,False,True,False,False,True,False,False,False,False,False,True,False,True
LN-14934,48,3.0,31600.0,576,27.1,7839.13,15,7,0,1,14200.0,17.53,1,False,False,False,True,False,False,True,False,False,False,False,True,False,True,False
LN-14935,28,6.5,34900.0,714,8.75,19534.88,17,9,0,0,15700.0,13.87,0,True,False,False,False,False,False,True,False,True,False,False,False,False,True,False
LN-14936,21,2.7,66100.0,708,2.0,10340.49,16,9,1,0,29700.0,12.17,0,False,False,False,True,True,False,False,False,False,True,False,False,False,True,False
LN-14937,57,7.0,40600.0,740,10.71,36444.7325,12,8,2,0,10000.0,13.44,0,True,False,False,False,False,False,True,False,True,False,False,False,False,False,True
LN-14938,42,4.3,89100.0,627,9.09,3407.84,14,6,1,1,5100.0,14.58,1,True,False,False,False,False,False,True,False,True,False,False,False,False,True,False
LN-14939,26,0.5,128500.0,717,17.13,166.96,17,9,0,0,17700.0,12.32,0,True,False,False,False,True,False,False,True,False,False,False,False,False,True,False
LN-14940,41,0.8,65100.0,683,26.28,2468.77,24,9,1,1,18700.0,13.45,0,True,False,False,False,False,True,False,False,True,False,False,False,False,True,False
LN-14941,52,2.6,57300.0,688,8.72,1643.85,18,8,0,2,6700.0,11.62,0,False,False,False,True,False,True,False,False,True,False,False,False,False,True,False
LN-14942,55,2.3,21500.0,711,16.58,6892.69,21,12,0,2,9700.0,14.08,0,False,False,False,True,False,True,False,False,True,False,False,False,False,True,False
LN-14943,35,6.1,81700.0,642,33.18,966.85,17,8,0,4,24100.0,17.17,1,True,False,False,False,True,False,False,False,True,False,False,False,False,False,True
LN-14944,25,3.9,28900.0,809,8.09,2984.58,15,8,0,1,2900.0,12.51,0,True,False,False,False,False,False,True,False,False,False,False,True,False,True,False
LN-14945,66,2.2,43000.0,747,17.93,1214.64,23,16,0,0,1000.0,11.66,0,True,False,False,False,True,False,False,False,True,False,False,False,False,True,False
LN-14946,26,0.8,91800.0,653,44.05500000000001,8003.97,16,9,0,0,10900.0,18.55,1,False,False,True,False,True,False,False,False,False,False,True,False,False,True,False
LN-14947,45,1.2,95500.0,625,19.75,3723.67,19,8,3,0,15300.0,16.35,1,False,False,True,False,False,True,False,False,False,False,False,True,False,True,False
LN-14948,66,3.9,41900.0,676,14.39,7641.37,14,6,1,0,12000.0,13.03,1,True,False,False,False,False,True,False,True,False,False,False,False,False,False,True
LN-14949,60,2.5,43300.0,689,22.07,1117.07,21,11,0,0,12700.0,12.8,0,True,False,False,False,False,True,False,False,False,True,False,False,False,True,False
LN-14950,49,3.3,36900.0,733,26.29,8729.65,17,10,0,0,7000.0,12.53,0,False,False,False,True,False,False,True,False,True,False,False,False,False,False,True
LN-14951,27,0.8,28000.0,622,17.46,1672.1,17,14,0,1,12600.0,17.96,1,False,False,False,True,False,False,True,False,False,False,False,True,False,True,False
LN-14952,60,4.9,38200.0,694,40.76,1255.62,19,12,0,1,1000.0,17.31,1,True,False,False,False,True,False,False,False,True,False,False,False,False,True,False
LN-14953,33,8.6,22300.0,604,12.64,4453.1,14,3,0,0,2300.0,18.7,0,False,False,False,True,False,True,False,False,False,False,False,False,True,True,False
LN-14954,58,1.3,78900.0,702,10.17,24897.51,22,11,2,0,8200.0,10.39,1,False,False,False,True,False,False,True,True,False,False,False,False,False,True,False
LN-14955,38,3.0,67300.0,675,20.16,18643.58,18,9,1,0,30300.0,14.07,1,False,False,False,True,True,False,False,False,True,False,False,False,False,False,True
LN-14956,22,16.7,73700.0,777,14.4,36444.7325,16,7,1,1,14500.0,11.71,0,True,False,False,False,False,True,False,False,True,False,False,False,False,True,False
LN-14957,28,1.8,32100.0,603,31.39,7398.57,15,8,0,0,6100.0,16.99,1,False,False,False,True,False,False,True,False,False,False,False,False,True,True,False
LN-14958,31,4.1,28100.0,749,28.24,4495.3,20,11,0,1,8600.0,14.82,1,True,False,False,False,True,False,False,False,False,False,True,False,False,False,True
LN-14959,53,0.4,55800.0,595,18.7,36444.7325,20,11,0,5,25100.0,16.62,0,False,False,False,True,True,False,False,False,True,False,False,False,False,True,False
LN-14960,58,4.2,56100.0,614,22.42,5770.7,14,8,0,1,10900.0,16.19,0,False,False,False,True,False,False,True,False,False,False,False,False,True,True,False
LN-14961,47,0.4,50000.0,596,12.41,109.74,16,7,0,1,1000.0,14.44,0,False,False,False,True,True,False,False,False,True,False,False,False,False,True,False
LN-14962,40,14.4,46200.0,693,18.83,20584.82,14,8,1,0,7600.0,13.34,1,False,False,False,True,False,False,True,False,False,False,False,True,False,True,False
LN-14963,32,5.7,138800.0,621,3.26,2224.55,14,6,0,1,6900.0,15.53,0,False,False,True,False,False,True,False,False,False,True,False,False,False,True,False
LN-14964,63,7.0,68500.0,613,33.35,15186.45,16,7,1,1,30800.0,16.57,1,False,False,False,True,False,False,True,False,True,False,False,False,False,True,False
LN-14965,51,5.5,142987.5,690,20.35,182.85,13,6,0,2,5100.0,15.33,0,False,False,False,True,False,True,False,False,False,False,False,False,True,False,True
LN-14966,47,4.0,108900.0,703,21.89,1411.76,15,12,0,1,1000.0,12.7,0,True,False,False,False,False,False,True,False,False,False,True,False,False,True,False
LN-14967,52,2.7,138200.0,682,15.61,7929.64,16,11,0,1,6100.0,14.2,0,True,False,False,False,False,False,True,False,False,False,True,False,False,False,True
LN-14968,30,8.8,30000.0,672,17.95,843.76,25,15,0,1,1000.0,14.79,1,False,False,False,True,True,False,False,False,False,False,False,False,True,False,True
LN-14969,23,14.1,75100.0,771,14.26,26338.86,14,6,0,0,25000.0,11.73,0,False,False,False,True,False,False,True,False,False,False,False,False,True,True,False
LN-14970,65,3.1,42700.0,687,21.93,16629.25,30,13,0,0,12500.0,16.5,1,False,True,False,False,True,False,False,False,True,False,False,False,False,False,True
LN-14971,47,12.1,21700.0,720,15.28,4773.27,15,12,0,0,8900.0,16.09,1,True,False,False,False,False,True,False,False,True,False,False,False,False,False,True
LN-14972,55,3.9,123400.0,687,15.09,10921.33,9,6,0,0,6200.0,15.86,0,False,False,False,True,True,False,False,False,True,False,False,False,False,False,True
LN-14973,51,3.5,46100.0,625,2.3,15085.39,16,7,0,0,7600.0,15.32,1,True,False,False,False,False,True,False,False,True,False,False,False,False,True,False
LN-14974,35,2.7,30300.0,707,19.32,16897.53,18,11,1,1,13600.0,16.75,1,False,False,False,True,False,False,True,False,False,False,False,False,True,False,True
LN-14975,36,1.1,43100.0,647,21.44,6043.74,20,7,1,3,2800.0,17.04,1,False,False,False,True,False,False,True,False,True,False,False,False,False,False,True
LN-14976,33,0.0,35000.0,675,24.56,27487.9,20,11,0,3,1000.0,15.8,0,True,False,False,False,True,False,False,False,False,False,False,False,True,True,False
LN-14977,55,1.2,37000.0,695,21.89,34123.29,12,4,0,1,11500.0,15.36,0,False,False,True,False,True,False,False,False,True,False,False,False,False,True,False
LN-14978,31,3.2,48000.0,583,3.46,2613.62,18,10,0,0,21600.0,17.53,0,False,False,False,True,False,False,True,False,True,False,False,False,False,False,True
LN-14979,41,2.2,140400.0,600,17.14,29061.67,16,10,0,3,11600.0,16.79,0,True,False,False,False,False,True,False,False,True,False,False,False,False,True,False
LN-14980,31,2.7,37600.0,725,15.63,14965.93,24,14,0,1,16900.0,13.55,0,False,False,False,True,False,True,False,False,True,False,False,False,False,False,True
LN-14981,50,17.8,134900.0,647,11.62,26285.88,18,7,0,0,31300.0,15.24,0,False,False,False,True,True,False,False,True,False,False,False,False,False,False,True
LN-14982,55,1.9,86400.0,649,28.42,6635.5,19,11,1,2,1100.0,15.61,0,False,False,False,True,True,False,False,False,False,False,False,False,True,True,False
LN-14983,42,2.7,67400.0,688,18.52,12988.06,26,13,0,0,12500.0,16.44,0,False,False,False,True,True,False,False,False,True,False,False,False,False,False,True
LN-14984,58,0.6,81800.0,661,28.68,3220.51,12,7,0,3,25000.0,14.53,1,False,False,True,False,True,False,False,False,True,False,False,False,False,True,False
LN-14985,51,0.2,54600.0,701,4.9,16688.53,22,8,0,0,14400.0,12.83,0,True,False,False,False,True,False,False,False,False,False,False,False,True,True,False
LN-14986,34,6.7,109900.0,677,12.1,10459.64,19,13,0,2,12500.0,14.98,1,False,False,False,True,False,False,True,True,False,False,False,False,False,False,True
LN-14987,44,3.8,74000.0,690,2.84,7868.95,23,13,3,1,21700.0,11.14,0,False,False,True,False,True,False,False,False,True,False,False,False,False,True,False
LN-14988,52,6.4,21700.0,645,34.87,14158.45,17,12,0,0,9800.0,17.86,1,False,False,True,False,False,True,False,False,False,False,False,False,True,True,False
LN-14989,56,0.7,63800.0,690,29.04,9644.8,29,15,0,1,9700.0,14.34,1,True,False,False,False,True,False,False,False,True,False,False,False,False,False,True
LN-14990,52,3.8,83400.0,735,38.41,17396.17,15,9,2,1,1000.0,13.36,1,False,False,True,False,False,True,False,False,True,False,False,False,False,True,False
LN-14991,35,1.3,46200.0,652,31.77,23460.05,17,12,0,0,13300.0,16.27,1,False,False,False,True,False,False,True,False,True,False,False,False,False,True,False
LN-14992,63,1.2,58100.0,726,17.23,19349.69,18,8,1,1,3400.0,15.63,0,True,False,False,False,False,True,False,False,False,False,False,False,True,False,True
LN-14993,55,0.1,38700.0,677,12.4,4409.48,14,8,0,0,4100.0,14.65,1,True,False,False,False,False,True,False,False,False,False,True,False,False,True,False
LN-14994,23,0.6,25400.0,717,22.45,36444.7325,18,10,0,1,11400.0,13.93,0,True,False,False,False,False,False,True,False,True,False,False,False,False,True,False
LN-14995,36,1.7,23100.0,686,12.81,12589.0,16,9,0,1,8400.0,15.39,1,True,False,False,False,False,True,False,False,True,False,False,False,False,True,False
LN-14996,25,0.6,23300.0,678,22.8,4689.28,15,8,0,1,10500.0,15.51,1,False,False,False,True,False,True,False,False,False,False,False,False,True,False,True
LN-14997,41,19.2,78300.0,697,12.96,522.17,11,9,0,0,7000.0,15.83,0,True,False,False,False,False,False,True,False,False,False,False,False,True,True,False
LN-14998,30,1.7,15000.0,741,26.09,36444.7325,22,10,0,0,6800.0,13.68,1,False,False,False,True,False,False,True,False,False,False,True,False,False,True,False
LN-14999,39,0.6,37600.0,692,8.82,10966.05,21,13,0,1,7800.0,13.42,0,False,False,False,True,False,False,True,True,False,False,False,False,False,True,False
