age,emp_length_years,annual_income,credit_score,dti,revol_bal,total_credit_lines,open_credit_lines,public_derogatory,inquiries_last_6m,loan_amount,interest_rate,home_ownership_MORTGAGE,home_ownership_OTHER,home_ownership_OWN,home_ownership_RENT,verification_status_Not Verified,verification_status_Source Verified,verification_status_Verified,loan_intent_BUSINESS,loan_intent_DEBT_CONSOLIDATION,loan_intent_EDUCATION,loan_intent_HOME_IMPROVEMENT,loan_intent_MEDICAL,loan_intent_PERSONAL,term_months_36,term_months_60,lti,pti,revol_util_ratio,interest_risk_index,debt_burden_index,loan_status
33,1.2,35900.0,728,34.17,2060.16,11,8,0,1,16200.0,13.75,True,False,False,False,False,False,True,False,True,False,False,False,False,False,True,0.45124091250940085,0.12525594338810034,0.05738447397008439,0.6444958847736626,55.3554,1
59,4.2,28300.0,611,44.05500000000001,189.18,22,10,0,2,7200.0,17.76,False,False,False,True,False,False,True,False,False,False,False,True,False,True,False,0.2544079714497721,0.10995954458636821,0.006684569449842762,1.278458823529412,31.719600000000003,1
51,9.9,94700.0,676,21.06,19438.06,10,5,0,0,26200.0,14.43,True,False,False,False,False,True,False,False,True,False,False,False,False,True,False,0.2766602253408095,0.11414841954427542,0.20525717785451053,0.4488859675036927,55.1772,0
21,11.4,57800.0,612,25.36,4622.81,21,12,0,0,20200.0,17.03,True,False,False,False,False,False,True,False,True,False,False,False,False,True,False,0.34947492257919416,0.14955097115203397,0.07997802806179824,0.7045363784665579,51.227199999999996,1
49,8.5,34600.0,708,17.73,12408.2,28,16,0,3,14100.0,12.44,False,False,False,True,False,True,False,False,False,False,True,False,False,True,False,0.40750267333314066,0.16339666432129815,0.3586081327129274,0.31108772919605077,24.999299999999998,1
65,5.6,52200.0,672,23.66,7867.33,19,8,0,4,7200.0,15.55,False,False,False,True,True,False,False,False,False,False,False,True,False,False,True,0.13792839217639508,0.039846738708580395,0.150712246891822,0.5466760772659732,17.0352,1
52,6.5,26000.0,659,7.35,30442.09,20,12,0,1,6400.0,14.94,False,False,False,True,False,True,False,False,True,False,False,False,False,True,False,0.24614437906234377,0.1022620800346145,1.17080458443906,0.16637727272727273,4.704,1
38,8.6,104000.0,637,33.16,4214.29,19,15,0,0,6100.0,16.55,False,False,False,True,False,True,False,False,False,False,False,False,True,True,False,0.05865328217997904,0.024933809669262025,0.040521629599715385,0.8601849529780564,20.2276,0
31,5.3,71000.0,633,7.99,25245.81,15,11,0,2,25200.0,15.38,False,False,True,False,False,False,True,False,False,False,False,False,True,True,False,0.354924578527063,0.14841372794934016,0.355569780707314,0.1938268138801262,20.134800000000002,0
23,3.0,80500.0,739,28.48,126.65,15,9,0,0,2400.0,15.97,False,False,False,True,True,False,False,False,True,False,False,False,False,False,True,0.02981329424479199,0.008693127193404015,0.001573272381709544,0.6146291891891892,6.8351999999999995,1
65,4.8,128400.0,666,26.18,36444.7325,16,6,0,0,34300.0,17.79,False,False,True,False,False,False,True,False,True,False,False,False,False,False,True,0.26713187591996945,0.08102802448020971,0.2838352699745329,0.698264167916042,89.7974,1
29,0.6,40800.0,646,16.29,65.4,19,10,0,0,18400.0,16.62,False,False,False,True,True,False,False,False,False,False,False,False,True,True,False,0.45096933898678954,0.19186582219876297,0.0016029018896595673,0.41845409582689336,29.9736,1
61,1.7,32100.0,627,12.52,36444.7325,12,9,0,4,14400.0,15.51,False,False,False,True,False,True,False,False,True,False,False,False,False,True,False,0.4485841562568144,0.18788662748130736,1.1353145540637364,0.309212101910828,18.0288,1
67,3.1,63500.0,612,25.31,4039.0,25,14,0,0,14900.0,17.64,False,False,False,True,False,False,True,False,True,False,False,False,False,True,False,0.2346419741421395,0.10126911505572286,0.06360529755436922,0.7283334420880914,37.7119,0
37,3.2,98800.0,660,6.58,18782.83,13,8,0,1,14300.0,13.28,True,False,False,False,False,True,False,False,True,False,False,False,False,True,False,0.14473537717229581,0.05874845376840983,0.19010769121770024,0.13219727685325264,9.4094,0
35,6.4,134600.0,662,21.11,6584.67,19,11,0,0,11400.0,14.13,True,False,False,False,False,True,False,False,False,False,True,False,False,True,False,0.08469476452626652,0.03479735775637074,0.04891991887133082,0.4499009049773756,24.065399999999997,0
40,2.1,60400.0,719,18.65,4660.22,19,13,0,3,24900.0,16.52,False,False,True,False,False,True,False,False,True,False,False,False,False,False,True,0.41224483038360293,0.12164883767882956,0.07715468286948891,0.4279138888888888,46.4385,1
64,0.5,100200.0,673,13.58,19024.55,15,9,0,3,10000.0,15.71,False,False,False,True,False,True,False,False,True,False,False,False,False,False,True,0.09979940319956887,0.028935743894921026,0.18986387361403578,0.31653086053412466,13.58,1
45,1.6,79400.0,672,14.8,18509.77,15,6,1,0,6900.0,12.85,False,False,False,True,False,False,True,False,True,False,False,False,False,True,False,0.08690066875732044,0.03505617210684756,0.23311759297741844,0.2825854383358098,10.212,1
54,4.7,29900.0,637,9.11,1252.73,19,12,0,1,1200.0,17.13,True,False,False,False,False,True,False,True,False,False,False,False,False,False,True,0.04013243704223939,0.01199800837872641,0.04189592321327046,0.24459921630094042,1.0932,1
66,11.3,79400.0,667,14.06,3660.31,17,10,1,1,5700.0,14.96,False,False,True,False,True,False,False,False,True,False,False,False,False,True,False,0.07178750897343862,0.029841445350027467,0.0460990415737837,0.3148766467065868,8.014199999999999,0
57,3.0,37800.0,684,11.32,25628.9,12,8,0,0,7500.0,12.26,True,False,False,False,True,False,False,False,True,False,False,False,False,True,False,0.198407449538372,0.07935249390456518,0.6779952911298643,0.2026032116788321,8.49,0
48,12.3,130000.0,558,8.46,5193.68,22,13,0,1,1400.0,18.5,False,False,False,True,False,True,False,False,False,False,False,False,True,True,False,0.010769147929631311,0.004704045783284678,0.03995107729940539,0.2799821109123435,1.1844000000000003,1
61,25.0,15800.0,623,12.21,14390.02,18,9,0,0,2200.0,15.01,False,False,True,False,False,True,False,False,False,False,False,False,True,True,False,0.13923169419656983,0.05788603337426784,0.9107031200556928,0.2937052884615385,2.6862000000000004,1
24,1.9,79400.0,642,15.84,19905.96,13,7,1,1,1000.0,17.51,True,False,False,False,True,False,False,False,True,False,False,False,False,False,True,0.012594299819901513,0.003797051717723713,0.25070162844296673,0.4313505443234837,1.584,0
27,1.3,37500.0,685,5.5,7218.12,20,13,1,0,16900.0,12.15,False,False,False,True,False,True,False,False,True,False,False,False,False,True,False,0.45065464920935444,0.1799530939203606,0.19247806725153996,0.09741253644314869,9.295,1
29,4.8,86600.0,730,2.0,13150.49,10,10,0,1,34300.0,10.74,False,False,False,True,True,False,False,False,False,False,False,False,True,True,False,0.3960693294534705,0.15499738645044292,0.15185147977506033,0.0293844049247606,6.86,0
57,1.1,37800.0,660,26.58,32348.16,14,4,0,0,8300.0,16.56,True,False,False,False,False,True,False,False,False,False,False,True,False,True,False,0.21957091082246502,0.09333649344547638,0.8557487897145578,0.66590741301059,22.0614,1
58,1.7,43700.0,642,31.41,11888.66,12,6,0,0,8800.0,16.01,False,False,False,True,False,True,False,False,False,False,False,False,True,True,False,0.20136838973936524,0.08494473049115465,0.27204549094986386,0.782074805598756,27.6408,0
67,0.2,87900.0,739,20.6,7563.58,14,8,0,1,4500.0,13.05,True,False,False,False,False,True,False,False,True,False,False,False,False,False,True,0.05119395683780617,0.013991816171436125,0.08604657512428755,0.36328378378378384,9.270000000000001,1
67,4.7,60200.0,689,16.28,4243.66,15,10,0,0,1000.0,15.53,False,False,True,False,False,False,True,False,False,False,True,False,False,False,True,0.016611019750502484,0.004796858669305459,0.07049152007441736,0.3664179710144928,1.6280000000000001,0
51,17.2,74300.0,687,24.56,9104.47,14,7,1,0,1000.0,16.31,False,False,False,True,False,True,False,False,False,False,False,False,True,True,False,0.013458769060981682,0.00570194946034789,0.12253495915263589,0.5822290697674418,2.456,0
57,2.4,50300.0,691,10.5,6687.06,18,13,0,0,22600.0,12.27,True,False,False,False,True,False,False,False,False,False,False,False,True,False,True,0.44929524263931137,0.12064242947736177,0.13294089580724042,0.1861777456647399,23.729999999999997,1
39,1.9,95300.0,667,22.75,14777.98,18,8,0,0,13300.0,18.2,True,False,False,False,True,False,False,False,False,False,False,False,True,False,True,0.13955782205853035,0.04270370407147678,0.15506636866349777,0.6198353293413174,30.2575,0
28,7.7,82000.0,703,30.97,592.24,12,8,1,2,12500.0,16.67,True,False,False,False,False,True,False,False,True,False,False,False,False,True,False,0.15243716540042196,0.06490886989887154,0.007222350946939671,0.7333379261363636,38.7125,1
43,0.5,45800.0,728,15.5,8832.71,23,12,0,0,1000.0,14.26,False,False,False,True,False,True,False,True,False,False,False,False,False,True,False,0.02183358441955416,0.008985605138211011,0.19284971943844018,0.30319615912208503,1.55,0
60,2.4,44200.0,705,23.28,34041.25,22,12,0,1,10500.0,14.49,False,False,False,True,False,True,False,False,True,False,False,False,False,True,False,0.237551186624737,0.09808261743104782,0.7701466030180313,0.47780056657223796,24.444000000000003,0
52,2.1,24300.0,683,30.34,2685.56,13,8,0,0,7400.0,13.81,False,False,True,False,True,False,False,True,False,False,False,False,False,True,False,0.30451421752191266,0.12449758946512628,0.11051232459569565,0.6125663742690058,22.4516,1
67,5.6,58200.0,690,17.96,6046.43,10,5,0,0,5700.0,14.44,False,False,False,True,False,True,False,True,False,False,False,False,False,False,True,0.0979364615728252,0.027609328704058266,0.1038887647978557,0.3753146164978292,10.2372,0
53,3.6,70000.0,739,15.39,9079.47,13,9,0,0,31500.0,13.94,True,False,False,False,False,True,False,False,True,False,False,False,False,False,True,0.44999357152040687,0.1254591368448837,0.12970486135912343,0.2899143243243243,48.478500000000004,0
57,0.0,33300.0,660,28.71,915.78,12,7,3,0,15000.0,16.03,False,False,False,True,False,False,True,False,True,False,False,False,False,True,False,0.4504369238161016,0.19004959959185105,0.027500075072820634,0.6962500756429653,43.065,1
63,0.1,23500.0,632,7.65,9074.48,18,9,2,2,3600.0,16.38,True,False,False,False,False,True,False,True,False,False,False,False,False,False,True,0.15318497085230415,0.04505283828814963,0.38613165397217136,0.19795734597156397,2.754,1
49,0.1,104300.0,614,33.49,12104.72,13,6,1,1,12200.0,16.03,True,False,False,False,True,False,False,False,True,False,False,False,False,True,False,0.11696915657568001,0.04936304777434725,0.1160556466380955,0.872918211382114,40.857800000000005,1
55,4.1,24500.0,732,32.41,7232.26,17,7,0,2,11000.0,13.65,False,False,True,False,False,True,False,False,False,False,False,False,True,True,False,0.44896126688706584,0.18313645318059635,0.2951822374596955,0.6035422919508867,35.650999999999996,1
43,1.2,47400.0,720,16.8,36444.7325,18,9,0,1,2800.0,11.5,True,False,False,False,True,False,False,False,True,False,False,False,False,True,False,0.059070483745068667,0.023369480640827812,0.7688599924052235,0.2679611650485437,4.704000000000001,1
26,3.0,142987.5,591,16.21,2060.88,19,8,0,0,1500.0,17.72,True,False,False,False,False,True,False,False,False,False,False,True,False,True,False,0.010490354119387223,0.004533006065448278,0.014412907331708495,0.4852047297297297,2.4315,1
33,1.8,44200.0,738,13.03,5559.78,23,11,0,2,1000.0,11.57,False,False,False,True,False,False,True,False,False,False,False,True,False,True,False,0.022623922535689237,0.008959370640740427,0.1257840320354743,0.20400148849797023,1.303,0
66,3.5,35300.0,683,44.05500000000001,3384.79,16,4,0,0,1400.0,17.54,False,False,True,False,True,False,False,False,True,False,False,False,False,True,False,0.039658933174697604,0.017090239512413563,0.09588368601456049,1.1297144736842106,6.167700000000002,1
43,3.5,49500.0,730,21.99,10471.56,14,8,0,0,1000.0,14.07,False,False,False,True,True,False,False,False,False,False,False,False,True,True,False,0.020201612088644672,0.008291720300531722,0.21154239308296802,0.42325485636114907,2.199,0
66,2.3,40500.0,706,9.81,1858.59,19,13,1,0,17900.0,14.14,False,False,False,True,False,False,True,False,True,False,False,False,False,True,False,0.44196439594084097,0.1815750648380683,0.045889978025233945,0.1962,17.559900000000003,0
44,0.5,142987.5,653,8.08,29447.77,15,10,0,2,15900.0,15.69,False,False,False,True,False,False,True,False,True,False,False,False,False,False,True,0.11119775366550456,0.032227502211920146,0.205945023550845,0.19384587155963304,12.8472,1
29,7.3,59600.0,607,8.61,765.26,16,9,0,4,11700.0,16.18,True,False,False,False,False,True,False,False,False,False,True,False,False,False,True,0.19630543111692758,0.057500127189154544,0.012839717454405127,0.2291279605263158,10.073699999999999,0
35,6.1,81700.0,642,33.18,966.85,17,8,0,4,24100.0,17.17,True,False,False,False,True,False,False,False,True,False,False,False,False,False,True,0.29497802964468,0.08828356430817003,0.011834004479749331,0.8860040435458787,79.9638,1
21,0.3,50300.0,681,26.79,8174.98,18,11,0,0,10600.0,16.32,False,False,False,True,False,False,True,False,True,False,False,False,False,True,False,0.21073139699011947,0.08928478754264788,0.16252122224210253,0.6410744868035191,28.3974,0
54,4.1,46800.0,639,16.97,15599.72,20,10,1,0,12800.0,16.27,False,False,False,True,False,True,False,False,False,False,False,False,True,True,False,0.2734984295207367,0.11579546746214837,0.33332022820025214,0.43140921875,21.7216,0
32,1.2,32200.0,593,7.55,14539.44,22,4,0,0,5900.0,16.59,False,False,False,True,False,True,False,False,True,False,False,False,False,True,False,0.18322412347442626,0.07791475213640264,0.4515213813235614,0.21086616161616162,4.4544999999999995,1
50,0.6,57200.0,714,40.98,13109.47,18,13,0,0,8900.0,15.59,False,False,False,True,True,False,False,False,True,False,False,False,False,False,True,0.1555916854600444,0.04498986162170103,0.22918253177392003,0.893535944055944,36.4722,1
53,0.4,55800.0,595,18.7,36444.7325,20,11,0,5,25100.0,16.62,False,False,False,True,True,False,False,False,True,False,False,False,False,True,False,0.44981272737047723,0.19138760596809032,0.6531197021558753,0.5214664429530201,46.937,0
59,2.3,67200.0,756,33.68,11260.73,15,9,0,0,22400.0,15.24,False,False,False,True,True,False,False,False,True,False,False,False,False,False,True,0.33332837308968616,0.0956472985691493,0.16756789333492061,0.678049141347424,75.4432,1
44,0.4,117000.0,732,8.18,27849.07,13,7,1,0,25400.0,12.02,True,False,False,False,False,False,True,False,False,False,False,False,True,False,True,0.21709216160545636,0.05797002500186264,0.23802420492132545,0.13413860845839018,20.7772,0
43,3.2,15000.0,709,18.9,31706.27,20,11,0,1,3100.0,13.93,False,False,False,True,False,False,True,True,False,False,False,False,False,False,True,0.20665288980734617,0.05756924551575867,2.113610425971602,0.370812676056338,5.858999999999999,1
67,1.8,15000.0,686,23.49,2034.42,15,11,0,0,1800.0,15.12,True,False,False,False,False,True,False,False,True,False,False,False,False,True,False,0.11999200053329778,0.04996276525010798,0.13561895873608426,0.5169851528384279,4.228199999999999,1
32,7.8,27300.0,749,14.45,5750.77,19,11,0,1,3000.0,11.32,False,False,False,True,False,True,False,True,False,False,False,False,False,True,False,0.10988608475880005,0.04335298599179162,0.21064319988278818,0.21809866666666664,4.335,0
38,3.0,73500.0,602,16.37,17627.49,27,18,0,3,4100.0,14.26,False,False,False,True,False,True,False,False,True,False,False,False,False,True,False,0.055781553992462686,0.02295895941650429,0.23982653297234052,0.3871247097844113,6.7117,1
50,9.1,38900.0,621,9.8,2165.86,15,7,0,0,5500.0,16.34,False,False,False,True,False,False,True,False,False,False,True,False,False,True,False,0.14138454024318142,0.05991617166601886,0.05567620369656307,0.2574469453376206,5.390000000000001,0
21,1.1,142987.5,649,29.62,36444.7325,21,12,0,5,3800.0,15.81,True,False,False,False,False,True,False,False,True,False,False,False,False,True,False,0.0265755637691143,0.011181063958463387,0.2548787664742269,0.7204495384615385,11.255600000000001,0
36,0.3,64400.0,591,16.88,4311.72,17,9,1,5,22000.0,20.09,True,False,False,False,False,True,False,False,False,False,False,True,False,True,False,0.34160960233536747,0.1525072432727847,0.06695113429915685,0.5728364864864864,37.136,0
42,1.2,26600.0,709,39.66,9655.92,24,11,2,1,2400.0,15.87,True,False,False,False,False,False,True,False,True,False,False,False,False,True,False,0.09022217209879328,0.03797817156119632,0.362990865005075,0.8864847887323943,9.518399999999998,1
33,3.3,130000.0,704,9.38,7379.66,20,13,1,1,18700.0,14.04,False,False,True,False,False,False,True,False,True,False,False,False,False,False,True,0.14384504734578965,0.0401966753097082,0.05676617872170214,0.18680170212765956,17.5406,0
46,5.6,77900.0,664,10.65,6905.18,22,7,0,0,5700.0,13.36,True,False,False,False,False,False,True,True,False,False,False,False,False,False,True,0.073169792428852,0.020137391950378735,0.08864045390944918,0.21396090225563907,6.0705,0
42,6.4,104700.0,622,19.43,12472.36,16,7,0,0,5200.0,16.83,False,False,False,True,True,False,False,False,False,False,False,False,True,True,False,0.04966523719926266,0.021195797512347143,0.11912359958357609,0.5248906902086677,10.1036,0
23,1.9,39200.0,729,12.93,6244.29,14,6,0,2,15500.0,12.68,True,False,False,False,True,False,False,False,True,False,False,False,False,True,False,0.39539807657967907,0.15909530184820248,0.1592890487487564,0.22459232876712326,20.0415,0
27,2.8,47200.0,671,9.15,3980.49,24,15,0,0,19800.0,12.93,False,False,False,True,True,False,False,False,False,False,False,False,True,True,False,0.4194826380797017,0.16939918531760076,0.08433062858837737,0.17605580357142858,18.117,0
33,6.9,70500.0,727,36.23,15705.32,18,6,0,0,6600.0,15.69,False,False,True,False,True,False,False,False,True,False,False,False,False,False,True,0.09361569339441994,0.0271296970343537,0.2227673366335229,0.7808361263736262,23.9118,1
41,0.8,65100.0,683,26.28,2468.77,24,9,1,1,18700.0,13.45,True,False,False,False,False,True,False,False,True,False,False,False,False,True,False,0.2872459716440608,0.11687020420027058,0.037922151733460314,0.5167631578947368,49.143600000000006,0
58,4.6,44700.0,787,14.65,13126.45,9,7,0,0,11400.0,10.69,False,False,True,False,False,False,True,True,False,False,False,False,False,True,False,0.2550278517259122,0.09971820398932975,0.29365003020066666,0.1987417512690355,16.701,0
64,0.2,51100.0,670,44.05500000000001,1190.79,15,11,0,0,8400.0,18.19,False,False,False,True,True,False,False,True,False,False,False,False,False,True,False,0.16438034480734232,0.07148568342022438,0.02330267509442085,1.1942778688524591,37.00620000000001,0
52,1.4,76500.0,650,11.98,6947.86,17,13,0,1,17000.0,14.32,True,False,False,False,False,True,False,False,True,False,False,False,False,True,False,0.22221931739454387,0.09154099153070556,0.09082051215016797,0.2635231950844854,20.366,0
37,4.2,99000.0,713,30.49,15488.06,17,8,0,0,17400.0,15.63,True,False,False,False,False,True,False,True,False,False,False,False,False,True,False,0.17575580044646014,0.07375574774547468,0.15644347026797709,0.6674491596638655,53.0526,1
38,1.9,62200.0,749,18.46,9260.86,22,9,0,0,7800.0,13.37,False,False,False,True,True,False,False,True,False,False,False,False,False,False,True,0.1253999131846755,0.034518389414428065,0.1488860307712095,0.3290802666666667,14.398800000000001,1
33,1.9,78600.0,656,32.76,4494.45,25,12,1,0,19100.0,15.82,True,False,False,False,False,False,True,False,True,False,False,False,False,True,False,0.2429994529331688,0.10224442340351868,0.0571805702217529,0.7888328767123287,62.5716,0
55,2.6,109800.0,679,44.05500000000001,7165.79,19,11,3,1,10900.0,20.01,False,False,True,False,False,False,True,True,False,False,False,False,False,False,True,0.09927049844719082,0.031564199007715406,0.06526160963925648,1.2963831617647061,48.01995000000001,1
23,11.5,39300.0,618,25.51,16954.41,10,4,0,2,17700.0,15.91,False,False,False,True,False,True,False,False,True,False,False,False,False,True,False,0.45037021958728785,0.18971102051171382,0.43139894659168976,0.6556770597738287,45.1527,0
33,0.2,28700.0,623,24.22,14722.35,11,9,0,2,10000.0,15.14,True,False,False,False,True,False,False,False,False,False,False,False,True,True,False,0.3484199156823804,0.14516826279973358,0.5129559945646494,0.5876455128205128,24.22,1
42,6.4,75400.0,626,3.14,3253.09,16,6,0,0,1200.0,13.87,False,False,False,True,False,False,True,False,True,False,False,False,False,True,False,0.015914908290340975,0.006514203904202795,0.04314385750852111,0.06946060606060606,0.3768,0
34,0.6,37700.0,790,10.51,3193.48,18,10,0,0,17000.0,10.94,False,False,False,True,False,True,False,False,False,False,False,False,True,True,False,0.45091642131508447,0.1769437676863906,0.08470544547889977,0.14535954487989886,17.867,1
59,2.0,24100.0,617,3.47,12585.51,14,10,0,0,4400.0,16.77,True,False,False,False,False,True,False,False,True,False,False,False,False,True,False,0.18256503879507074,0.07782123795392365,0.5221986639558525,0.0941616504854369,1.5268000000000002,1
33,4.7,75400.0,767,28.47,32188.04,18,8,0,0,31700.0,13.67,False,False,False,True,False,False,True,False,True,False,False,False,False,False,True,0.4204188273365075,0.11651059439992527,0.4268914205381892,0.506751171875,90.2499,0
37,7.9,20800.0,723,16.87,4465.28,17,12,0,0,9400.0,14.85,False,False,False,True,False,True,False,False,True,False,False,False,False,True,False,0.4519013508965915,0.18748646666188806,0.21466660256718426,0.34602140883977905,15.8578,1
38,2.8,33900.0,727,9.24,8085.57,12,5,2,2,6700.0,11.54,True,False,False,False,False,False,True,False,True,False,False,False,False,True,False,0.1976342880740981,0.07822601692546387,0.23850535382437096,0.14646923076923077,6.1908,0
25,10.0,71500.0,673,22.56,15122.27,15,10,1,1,12100.0,14.55,False,False,True,False,True,False,False,False,False,False,False,False,True,True,False,0.16922840239996642,0.06993885432656773,0.2114973217157802,0.4870148367952522,27.2976,0
67,5.2,34500.0,698,24.85,25593.41,13,8,0,0,15500.0,15.78,True,False,False,False,False,False,True,False,False,False,False,False,True,True,False,0.44926234022202255,0.18889151065886292,0.7418164690878525,0.5609914163090128,38.517500000000005,0
50,5.5,132500.0,663,32.3,31483.08,20,9,0,0,2800.0,15.64,False,False,False,True,False,False,True,True,False,False,False,False,False,True,False,0.02113191598553973,0.008869484875121956,0.23760635768786653,0.760801204819277,9.044,0
39,0.0,21300.0,546,18.08,5358.02,19,12,0,0,9600.0,17.43,False,False,True,False,False,True,False,False,False,False,True,False,False,True,False,0.45068306652269846,0.19387620971744365,0.2515384254260364,0.5761140767824496,17.356799999999996,1
59,6.8,115700.0,634,30.8,26022.2,21,13,0,0,3500.0,17.89,True,False,False,False,False,True,False,False,True,False,False,False,False,True,False,0.03025038677280231,0.01310221929450794,0.22490903276549037,0.8677354330708662,10.78,0
51,10.1,28800.0,758,28.53,19117.1,16,5,0,0,6000.0,13.71,True,False,False,False,True,False,False,False,True,False,False,False,False,False,True,0.2083260997882018,0.05777137273149969,0.6637651470435054,0.5153442687747036,17.118,0
40,3.0,31600.0,676,4.98,15979.73,15,9,1,0,5900.0,13.91,True,False,False,False,False,False,True,False,False,False,False,False,True,False,True,0.18670295243821397,0.052008431695046126,0.5056716559602544,0.10232171344165437,2.9382,0
26,0.3,115900.0,634,33.48,4211.14,21,9,0,4,3600.0,18.2,False,False,False,True,False,True,False,False,True,False,False,False,False,True,False,0.031060991708440823,0.013511294371102595,0.03633394017307875,0.9595842519685038,12.052799999999998,1
66,4.0,45900.0,756,25.34,839.58,17,11,0,1,1000.0,13.78,False,False,False,True,True,False,False,False,False,False,False,True,False,True,False,0.021786017733818434,0.008905090207148735,0.018291104768959284,0.4612750330250991,2.5340000000000003,0
46,20.5,44600.0,639,40.65,2806.48,24,11,0,1,1000.0,18.84,False,False,False,True,False,True,False,True,False,False,False,False,False,True,False,0.02242102195018049,0.00983820719533552,0.06292414968274254,1.196634375,4.065,1
42,11.2,37100.0,613,10.23,2418.31,21,8,0,1,14600.0,15.88,True,False,False,False,False,True,False,False,False,True,False,False,False,True,False,0.39352039028597613,0.16569135661980688,0.06518180102962184,0.2645804560260587,14.9358,0
66,5.7,83400.0,685,25.04,4710.45,15,10,1,0,22800.0,16.51,True,False,False,False,False,True,False,False,True,False,False,False,False,False,True,0.2733780170501553,0.08065730960420411,0.05647953861464491,0.6026390670553936,57.09119999999999,0
59,4.2,36600.0,651,18.27,29512.51,17,11,0,0,16500.0,15.5,True,False,False,False,True,False,False,False,True,False,False,False,False,True,False,0.45080735499030083,0.1887991599015483,0.8063307013469577,0.4343328220858896,30.1455,1
48,0.4,36600.0,623,14.96,27995.98,22,7,0,4,16200.0,17.33,False,False,False,True,False,False,True,True,False,False,False,False,False,True,False,0.44261085762684077,0.19017971426673433,0.764896587524931,0.415475641025641,24.235200000000003,1
27,8.6,142987.5,655,27.73,19960.15,18,12,0,1,2200.0,17.09,False,False,True,False,False,True,False,False,True,False,False,False,False,True,False,0.015385852708434594,0.006590337230449347,0.13959269451739126,0.7224172256097562,6.1006,0
41,6.7,43500.0,747,26.22,36444.7325,12,7,2,2,19600.0,12.22,True,False,False,False,False,False,True,False,False,False,True,False,False,True,False,0.4505643548424174,0.18010531958976508,0.8377906829728052,0.4283534759358289,51.3912,1
61,4.4,125400.0,683,20.01,13112.59,20,15,0,0,21400.0,14.75,True,False,False,False,False,True,False,False,True,False,False,False,False,True,False,0.17065254663040966,0.07073206316615725,0.10456527459908613,0.4315021929824562,42.821400000000004,0
62,2.8,33400.0,679,31.68,17818.25,27,14,1,0,1000.0,14.23,True,False,False,False,True,False,False,False,False,False,False,False,True,True,False,0.02993922337654561,0.01231513646096168,0.5334645669291339,0.6629505882352941,3.168,1
60,0.9,101300.0,546,13.92,3330.97,15,4,0,0,7700.0,18.08,False,False,False,True,True,False,False,False,False,False,False,False,True,True,False,0.07601109564565009,0.0330088312112678,0.03288190639776507,0.46009798903107857,10.7184,1
60,12.5,26000.0,640,9.87,782.15,20,14,0,0,1800.0,16.33,False,False,False,True,False,False,True,False,True,False,False,False,False,False,True,0.06922810661128419,0.020339261926111712,0.0300815353255644,0.2514463338533541,1.7765999999999997,1
45,8.1,41200.0,661,2.94,15616.18,17,10,0,1,1600.0,13.09,False,False,False,True,False,False,True,False,True,False,False,False,False,True,False,0.03883400888327953,0.015717667300233235,0.3790242955268076,0.05813383685800604,0.4704,0
40,17.3,55700.0,715,29.64,4367.15,19,13,0,1,8000.0,15.84,False,False,False,True,False,False,True,False,False,False,True,False,False,True,False,0.1436239923879284,0.06044473021374396,0.07840343979461768,0.655722905027933,23.712000000000003,0
37,25.0,65400.0,657,28.58,7451.04,17,10,1,3,1000.0,17.35,True,False,False,False,False,False,True,False,False,False,True,False,False,False,True,0.01529028608125258,0.00459386471104846,0.11392853320285623,0.7535911854103343,2.858,1
37,6.0,142987.5,707,8.65,9814.55,13,4,0,1,4300.0,13.85,False,False,False,True,False,False,True,False,False,False,True,False,False,True,False,0.03007234847557671,0.012306398161487942,0.06863873668162124,0.1692125706214689,3.7195,0
32,3.4,47000.0,751,37.7,3627.75,17,10,0,1,6100.0,14.63,False,False,False,True,False,True,False,False,False,False,False,True,False,True,False,0.12978447267079424,0.05369392874640757,0.0771845279887662,0.7334454787234043,22.997,1
52,4.8,29100.0,689,7.33,2886.49,19,12,0,2,5500.0,14.01,False,False,True,False,False,False,True,False,True,False,False,False,False,False,True,0.1889969416858527,0.0527633534657953,0.09918868767396309,0.14883086956521738,4.0315,0
27,0.8,111800.0,709,26.39,5687.3,17,10,0,4,1300.0,15.4,True,False,False,False,False,True,False,False,False,False,True,False,False,True,False,0.011627802971350883,0.004863877542000275,0.050869849106895286,0.5724028169014085,3.4307000000000003,0
35,2.5,54500.0,674,6.35,28159.24,17,10,0,0,2300.0,12.7,False,False,False,True,False,True,False,False,False,False,True,False,False,True,False,0.04220106053099943,0.01698653369991308,0.5166738224986698,0.11947407407407407,1.4605,0
60,4.2,86800.0,660,17.33,7472.8,18,13,0,5,17400.0,17.19,True,False,False,False,False,False,True,False,True,False,False,False,False,True,False,0.20045852006313292,0.0859794567636552,0.08609117406481492,0.4506848714069591,30.154199999999996,0
49,8.7,97500.0,711,10.14,788.68,21,13,0,1,34300.0,11.93,True,False,False,False,False,True,False,False,False,False,False,False,True,True,False,0.3517912636793469,0.14005715013359557,0.008088942677510999,0.16990196629213483,34.7802,0
23,2.1,15000.0,621,8.84,18466.91,17,10,0,0,6800.0,16.83,False,False,False,True,True,False,False,False,True,False,False,False,False,False,True,0.45330311312579163,0.13459357497047691,1.23104526364909,0.23919163987138262,6.0112000000000005,1
41,7.3,58900.0,645,19.81,24553.8,18,9,0,0,11400.0,16.58,True,False,False,False,False,False,True,False,True,False,False,False,False,True,False,0.19354510110184886,0.08230489821686712,0.4168655880205769,0.5084362229102166,22.583399999999997,1
23,3.3,90800.0,661,8.73,9761.52,17,11,0,1,9400.0,14.4,True,False,False,False,True,False,False,False,False,False,False,False,True,True,False,0.10352308895276484,0.04269465786962142,0.1075045429015099,0.1898972809667674,8.206199999999999,0
50,2.7,47700.0,661,5.44,27268.88,28,20,0,2,3800.0,13.57,False,False,False,True,False,True,False,False,True,False,False,False,False,False,True,0.07966290014884383,0.022025783069855077,0.5716626485817907,0.11151178247734139,2.0672,0
44,3.4,60300.0,634,2.13,9351.36,17,9,0,0,4800.0,14.61,True,False,False,False,True,False,False,False,True,False,False,False,False,True,False,0.0796006699723056,0.03292445553808632,0.15507802524004577,0.0490067716535433,1.0224,1
67,6.4,40800.0,667,22.16,36444.7325,19,11,0,1,18400.0,15.96,False,False,False,True,False,True,False,False,True,False,False,False,False,True,False,0.45096933898678954,0.1900988244002712,0.8932313546236611,0.529451497005988,40.7744,1
23,14.1,75100.0,771,14.26,26338.86,14,6,0,0,25000.0,11.73,False,False,False,True,False,False,True,False,False,False,False,False,True,True,False,0.33288504813517794,0.1321446645335443,0.35071250715702856,0.21667072538860105,35.65,0
27,10.1,35800.0,713,29.51,11847.59,19,9,0,0,11300.0,14.46,False,False,False,True,True,False,False,False,False,False,False,False,True,True,False,0.31563364151839335,0.13025912250693175,0.33092902432892934,0.5976394957983194,33.3463,1
21,0.6,56200.0,741,26.39,14698.84,25,13,0,1,15100.0,13.34,True,False,False,False,False,True,False,True,False,False,False,False,False,False,True,0.2686784932652444,0.0739070509429475,0.26154054198323873,0.4744509433962264,39.8489,1
27,3.8,28900.0,695,24.22,13427.37,15,8,0,1,13000.0,17.02,False,False,False,True,False,True,False,False,False,False,False,True,False,False,True,0.44981142521020034,0.13415466332450018,0.46459880280959137,0.5922764367816091,31.486,1
60,1.3,31100.0,771,19.71,3989.32,22,8,1,0,14000.0,12.8,True,False,False,False,False,False,True,False,False,False,False,True,False,True,False,0.45014629754670266,0.18142239793378578,0.12826983055207228,0.3267979274611399,27.594,0
51,9.6,40000.0,747,4.32,12130.23,19,14,0,0,5500.0,9.26,True,False,False,False,False,False,True,False,True,False,False,False,False,False,True,0.13749656258593534,0.03444953358799716,0.3032481687957801,0.053480213903743315,2.3760000000000003,0
32,11.2,63000.0,656,32.4,36444.7325,13,6,0,0,2600.0,15.9,False,False,False,True,False,True,False,False,True,False,False,False,False,False,True,0.0412691862033936,0.01201464201005318,0.5784786352597577,0.7841095890410958,8.424,1
25,6.8,61800.0,691,34.77,1467.32,9,8,1,0,11200.0,15.82,True,False,False,False,False,False,True,False,True,False,False,False,False,False,True,0.181226840989628,0.05266787690221628,0.023742657885794726,0.7948864161849711,38.942400000000006,1
63,5.7,23300.0,720,32.52,515.44,16,7,0,1,2100.0,14.08,False,False,True,False,False,True,False,False,True,False,False,False,False,True,False,0.09012488734389082,0.03698763497956156,0.0221209390154929,0.6350646324549238,6.8292,1
56,2.8,67300.0,650,24.3,3947.59,15,8,0,0,5700.0,15.27,True,False,False,False,True,False,False,False,True,False,False,False,False,True,False,0.0846941353025958,0.03536014842982713,0.05865574062792529,0.5699861751152073,13.850999999999999,1
38,1.4,46300.0,668,8.76,9950.59,25,14,0,1,5800.0,14.28,True,False,False,False,False,True,False,False,True,False,False,False,False,True,False,0.12526727284507894,0.0515684733771328,0.21491090905164037,0.1869847533632287,5.080799999999999,0
28,3.9,62000.0,722,26.95,15433.0,20,13,0,3,22200.0,13.29,False,False,False,True,True,False,False,False,False,False,False,True,False,True,False,0.3580587409880486,0.14534808282328282,0.24891534007516009,0.4953879668049792,59.829,1
23,15.6,52900.0,682,17.58,7635.13,18,9,0,2,23800.0,14.69,False,False,False,True,False,False,True,False,False,False,True,False,False,False,True,0.44989697737282847,0.12753286518120693,0.14432865163229427,0.37811156661786227,41.840399999999995,0
34,2.4,35200.0,724,18.11,5663.53,12,6,0,1,15800.0,12.86,True,False,False,False,False,True,False,False,True,False,False,False,False,False,True,0.4488508849180421,0.12212900981234172,0.1608911678645493,0.3212339310344827,28.6138,0
52,12.2,46800.0,679,3.77,7584.53,14,6,0,2,21100.0,14.22,False,False,False,True,False,False,True,True,False,False,False,False,False,True,False,0.45084506741308944,0.18544081439128066,0.16205914403538385,0.07883735294117647,7.9547,1
43,7.9,81200.0,642,8.44,9979.54,25,16,0,1,21400.0,12.89,False,False,False,True,False,False,True,False,True,False,False,False,False,True,False,0.26354355241930516,0.10637599304465267,0.1228992253789978,0.16919377916018663,18.0616,0
66,17.0,29200.0,671,17.71,36444.7325,15,9,0,0,13100.0,13.49,False,False,False,True,False,False,True,True,False,False,False,False,False,True,False,0.4486147734666621,0.18259163555076302,1.2480645354611142,0.35551770833333335,23.200100000000003,1
32,10.6,64800.0,697,28.71,3210.59,17,10,0,0,11200.0,14.56,True,False,False,False,False,False,True,False,True,False,False,False,False,True,False,0.1728368389376707,0.07143913391022792,0.04954537738615145,0.5988790830945558,32.1552,0
36,7.4,24900.0,683,16.12,764.1,19,9,0,0,2200.0,14.95,False,False,False,True,False,True,False,False,False,False,False,True,False,True,False,0.08834986546725031,0.03670995484642364,0.030685514637966347,0.35233040935672516,3.5464,0
58,3.0,85800.0,647,39.44,23836.13,22,16,0,1,4100.0,17.05,False,False,False,True,False,True,False,False,True,False,False,False,False,True,False,0.047784990850922485,0.02045563256201778,0.27780713511497535,1.0377345679012346,16.170399999999997,1
56,0.1,20800.0,714,10.77,6638.35,15,7,0,0,3000.0,12.75,False,False,False,True,True,False,False,False,True,False,False,False,False,True,False,0.1442238353925292,0.058074757466246366,0.3191360992259988,0.19205244755244755,3.231,0
43,0.6,117000.0,617,11.7,36444.7325,19,7,0,0,34300.0,16.22,True,False,False,False,False,True,False,False,False,False,False,True,False,False,True,0.29315988752232885,0.0859526300423523,0.3114907778565995,0.3070776699029126,40.131,1
32,1.2,110200.0,580,10.24,36444.7325,14,8,0,1,34300.0,16.41,True,False,False,False,True,False,False,False,False,False,False,False,True,True,False,0.31124944419742107,0.1320553838422453,0.3307114499868422,0.28922271944922545,35.123200000000004,1
50,3.4,90200.0,648,5.97,17928.34,20,10,0,2,28600.0,15.74,False,False,True,False,False,True,False,False,False,False,False,False,True,False,True,0.317069655547056,0.09199019590042855,0.19875988071085687,0.14478859784283513,17.074199999999998,1
64,10.9,32600.0,626,20.9,9070.36,12,4,1,0,14700.0,18.3,False,True,False,False,False,False,True,False,True,False,False,False,False,False,True,0.45090641391368363,0.13823864570958053,0.2782233673813687,0.61,30.723,1
32,5.7,138800.0,621,3.26,2224.55,14,6,0,1,6900.0,15.53,False,False,True,False,False,True,False,False,False,True,False,False,False,True,False,0.0497114574102492,0.02083267969095211,0.016026901823473896,0.08139517684887458,2.2493999999999996,0
57,1.9,41400.0,699,33.91,3146.12,15,6,0,0,18600.0,14.19,False,False,False,True,False,True,False,False,True,False,False,False,False,True,False,0.44926451051906957,0.18470637328749684,0.07599140117388468,0.6874041428571428,63.072599999999994,0
35,2.5,51000.0,708,9.43,16596.04,10,5,0,4,1000.0,11.17,True,False,False,False,True,False,False,False,True,False,False,False,False,True,False,0.019607458677280837,0.007720367349740475,0.3254061685064999,0.14856572637517632,0.9430000000000001,0
48,1.0,19800.0,666,10.03,10456.01,19,9,0,2,8900.0,15.64,False,False,True,False,False,True,False,False,True,False,False,False,False,False,True,0.44947224887631937,0.13006178652247036,0.5280546437048634,0.23518620689655173,8.9267,1
38,7.8,89100.0,690,13.86,9495.6,16,9,0,2,20200.0,14.2,False,False,False,True,True,False,False,False,True,False,False,False,False,True,False,0.22670901561149706,0.09323349525593459,0.10657119448715503,0.284821997105644,27.9972,0
32,2.5,84200.0,667,40.25,1943.25,20,11,0,0,1000.0,15.21,False,False,False,True,False,False,True,False,False,False,True,False,False,True,False,0.011876343511359723,0.004954389592403817,0.023078704528449782,0.9164708083832335,4.025,1
30,4.8,73500.0,737,24.9,699.53,6,1,2,0,7900.0,15.5,True,False,False,False,False,False,True,False,False,False,True,False,False,False,True,0.10748153086352566,0.03101864341000545,0.009517285479109128,0.5229674796747967,19.671,1
32,0.3,110500.0,665,25.1,3963.14,23,13,0,0,17300.0,15.99,True,False,False,False,True,False,False,False,False,False,True,False,False,True,False,0.15655966914326566,0.06603423315110345,0.03586519579008335,0.6026261261261262,43.423,0
56,4.5,50900.0,671,12.42,36444.7325,14,7,0,0,2600.0,14.42,False,False,False,True,False,True,False,False,False,False,False,True,False,False,True,0.05107954657079429,0.014393088061546568,0.7159924657668808,0.2665125,3.2292,0
49,6.6,42800.0,700,3.11,1955.85,16,8,0,1,14100.0,13.2,True,False,False,False,False,False,True,False,False,False,True,False,False,True,False,0.32943155533749213,0.13354502910695976,0.04569636223452723,0.05856205420827389,4.3850999999999996,0
45,0.2,80200.0,654,20.05,6161.9,14,6,0,1,2600.0,16.34,False,False,True,False,False,True,False,False,True,False,False,False,False,True,False,0.03241854839715216,0.01374038567536285,0.07683071283400456,0.5001786259541985,5.213,0
48,9.1,64000.0,627,11.62,9740.67,16,9,0,0,1000.0,14.12,True,False,False,False,False,True,False,False,True,False,False,False,False,True,False,0.015624755863189638,0.006418035667023726,0.1521955906938954,0.2612649681528662,1.162,0
28,13.1,58600.0,756,44.05500000000001,36103.01,25,18,0,0,13100.0,14.12,True,False,False,False,False,True,False,False,False,False,False,False,True,False,True,0.2235456732820259,0.06257346942896323,0.6160818074776881,0.8217392338177016,57.71205000000001,1
67,7.8,24000.0,605,32.79,24268.83,25,17,0,0,1000.0,19.85,False,False,True,False,False,False,True,True,False,False,False,False,False,True,False,0.041664930627890506,0.018534332067502515,1.0111591183700679,1.0740618811881188,3.279,1
44,1.3,53200.0,713,8.99,36444.7325,21,12,0,1,23900.0,12.39,True,False,False,False,True,False,False,False,True,False,False,False,False,True,False,0.4492396759459409,0.1800228343369792,0.6850384861186819,0.1560029411764706,21.4861,0
41,1.8,142987.5,638,22.47,256.93,11,7,0,0,3200.0,16.38,True,False,False,False,False,True,False,False,True,False,False,False,False,True,False,0.02237942212135941,0.00949125855433163,0.001796857789262773,0.5759915492957746,7.1903999999999995,0
28,0.9,128400.0,630,9.1,19590.2,15,7,3,0,21700.0,14.35,True,False,False,False,False,True,False,False,False,False,False,False,True,True,False,0.16900179905140925,0.06965225016481165,0.15257046284686257,0.20694928684627573,19.747,1
45,7.6,32400.0,695,33.45,31751.96,17,14,0,0,4000.0,14.75,False,False,False,True,True,False,False,False,True,False,False,False,False,False,True,0.12345297984630103,0.03503725088077814,0.9799685194901392,0.7088900862068966,13.380000000000003,1
25,16.4,24800.0,756,14.11,4586.41,11,3,0,3,11200.0,12.05,False,False,False,True,False,False,True,False,True,False,False,False,False,True,False,0.4515946937623483,0.18004246024464118,0.18492843030522962,0.22460435931307793,15.8032,1
52,0.9,142987.5,762,27.6,1038.57,17,11,0,4,7100.0,13.57,False,False,True,False,True,False,False,False,True,False,False,False,False,False,True,0.04965434283176619,0.013730906583930587,0.007263311385181325,0.49086762778505905,19.596,0
43,1.6,15000.0,728,18.56,268.51,20,10,0,2,6800.0,13.23,True,False,False,False,False,True,False,False,True,False,False,False,False,True,False,0.45330311312579163,0.18375133427985274,0.017899473368442102,0.33682962962962965,12.620800000000001,0
39,2.6,43100.0,801,21.87,1414.53,16,8,0,0,5400.0,9.46,False,False,False,True,True,False,False,False,False,False,False,True,False,True,False,0.1252871163082063,0.04811940321381271,0.032818960116934644,0.25796783042394017,11.809800000000001,0
21,0.5,107900.0,653,8.29,1937.5,16,6,0,5,4900.0,14.77,False,False,False,True,False,True,False,False,True,False,False,False,False,True,False,0.045411998035236004,0.018827422233533092,0.017956274733320357,0.1872221712538226,4.062099999999999,1
36,1.3,131300.0,761,17.94,29951.07,19,9,0,1,16600.0,11.56,True,False,False,False,False,True,False,True,False,False,False,False,False,True,False,0.12642706453111552,0.05006782492273046,0.22810999154614206,0.2721606299212599,29.7804,0
22,2.0,38500.0,753,5.37,3657.57,15,7,0,0,1000.0,11.29,True,False,False,False,False,False,True,False,True,False,False,False,False,False,True,0.025973351341523596,0.006819898610076174,0.09499935066621647,0.0804075596816976,0.537,0
47,0.4,142987.5,647,12.77,6169.53,15,9,0,0,2100.0,14.94,False,False,False,True,False,False,True,False,False,False,False,True,False,False,True,0.014686495767142113,0.004186817879284944,0.04314703630012204,0.2944194444444444,2.6816999999999998,0
37,0.1,17100.0,681,8.9,3075.87,21,10,0,2,7700.0,13.04,True,False,False,False,False,False,True,False,True,False,False,False,False,True,False,0.4502660663119116,0.182041940593844,0.1798649201801064,0.1701700879765396,6.853000000000001,0
49,4.1,121000.0,648,16.17,2359.33,22,13,0,0,15000.0,15.77,False,False,False,True,False,False,True,False,True,False,False,False,False,False,True,0.12396591763704433,0.03599050979735152,0.019498433897240517,0.3929135593220339,24.255000000000003,1
30,4.5,38800.0,725,5.05,6488.78,21,8,0,1,2600.0,12.64,False,False,True,False,True,False,False,True,False,False,False,False,False,True,False,0.06700858225303472,0.026946548322757183,0.1672322878276333,0.08792286501377411,1.313,0
24,0.3,51100.0,692,13.8,27857.15,15,7,0,0,4000.0,15.84,False,False,False,True,False,False,True,False,True,False,False,False,False,False,True,0.07827635467016301,0.022757670169429346,0.5451390383749829,0.31542857142857145,5.5200000000000005,0
28,5.0,41400.0,705,10.23,10270.48,17,7,0,1,4300.0,12.93,True,False,False,False,True,False,False,False,False,False,False,True,False,False,True,0.10386222555010749,0.028306055713266616,0.2480732349460158,0.18735679886685552,4.3989,0
44,1.1,50200.0,583,5.57,14407.64,25,12,0,2,1800.0,16.1,False,False,True,False,False,False,True,True,False,False,False,False,False,True,False,0.035855859445030974,0.015144960192807274,0.28699906376367,0.15355650684931507,1.0026,0
24,5.4,71600.0,652,6.09,15008.41,17,9,0,0,16600.0,13.46,False,False,False,True,False,False,True,False,False,False,False,False,True,True,False,0.23184033742545496,0.09434251143860832,0.2096117372662393,0.12553047473200613,10.109399999999999,0
31,5.9,38800.0,652,21.87,5079.46,14,9,0,1,8400.0,17.45,False,False,False,True,True,False,False,False,False,False,False,False,True,True,False,0.2164892657405737,0.09317763607299916,0.1309105435426922,0.5844280245022971,18.3708,1
35,6.2,29000.0,620,2.27,6566.63,13,5,0,0,13000.0,15.23,True,False,False,False,False,False,True,False,False,True,False,False,False,True,False,0.4482604048136271,0.18700463112631255,0.2264277093893314,0.05567165861513687,2.951,0
22,4.0,53700.0,635,13.38,346.68,17,9,0,0,2200.0,15.52,False,False,False,True,False,True,False,False,False,False,False,False,True,True,False,0.0409675797471183,0.017163792456536826,0.006455745703059533,0.3265056603773585,2.9436,1
26,9.9,62600.0,637,10.45,8599.05,5,1,1,0,1000.0,14.38,False,False,False,True,False,True,False,False,False,False,False,False,True,True,False,0.015974185715883132,0.006585794880014339,0.13736282168016484,0.23553448275862066,1.045,1
29,2.4,87700.0,669,13.23,2147.15,21,15,1,3,6000.0,14.06,False,False,False,True,True,False,False,False,True,False,False,False,False,True,False,0.06841427121697587,0.02807925993741054,0.02448261707392162,0.27763253731343285,7.938,0
27,0.3,111700.0,773,18.75,20476.33,21,13,0,2,18400.0,11.07,False,False,False,True,True,False,False,False,True,False,False,False,False,True,False,0.16472547246667443,0.06477397534780993,0.1833137572626924,0.26816860465116277,34.5,0
33,10.9,34400.0,670,18.51,1390.78,16,8,0,0,1000.0,14.04,False,False,False,True,False,False,True,True,False,False,False,False,False,False,True,0.029068922415046074,0.008121234525149762,0.040428475916397776,0.387303129657228,1.8510000000000002,0
53,0.7,103300.0,705,22.46,14888.68,9,4,1,0,1700.0,13.42,True,False,False,False,True,False,False,True,False,False,False,False,False,True,False,0.01645676227722868,0.006693227906392821,0.14412909845984065,0.42693087818696884,3.8182000000000005,0
28,9.1,61400.0,691,20.54,27735.98,10,7,0,1,10700.0,15.17,False,False,False,True,True,False,False,True,False,False,False,False,False,True,False,0.17426426279702284,0.0726523297481295,0.45171870164981026,0.45027716763005776,21.977800000000002,0
48,7.6,113900.0,742,18.39,3861.45,11,5,0,2,34300.0,12.68,True,False,False,False,False,False,True,False,True,False,False,False,False,True,False,0.3011387081763988,0.12119069993999888,0.03390180946611531,0.313842799461642,63.07770000000001,0
35,3.0,42500.0,614,10.7,32460.98,16,9,3,3,3500.0,15.16,False,False,False,True,True,False,False,True,False,False,False,False,False,True,False,0.08235100350579987,0.034325290804126024,0.7637697936519141,0.2637593495934959,3.7449999999999997,1
41,0.6,54100.0,647,14.64,15200.46,13,8,3,1,1100.0,13.71,True,False,False,False,False,True,False,False,True,False,False,False,False,True,False,0.020332341361527513,0.008302922113393852,0.2809644923384041,0.3097444444444445,1.6104,1
53,3.0,119000.0,621,36.82,36444.7325,11,9,1,4,22800.0,17.83,False,False,False,True,False,False,True,False,True,False,False,False,False,True,False,0.19159502861320493,0.08291582663942187,0.30625568272535525,1.0554672025723473,83.94959999999999,1
52,3.0,37300.0,629,19.37,10668.91,17,11,0,0,16800.0,16.8,True,False,False,False,False,False,True,False,False,False,False,True,False,True,False,0.4503900699713144,0.192097429106336,0.28602209056057476,0.5165333333333334,32.5416,1
40,6.3,51600.0,642,21.05,1583.16,17,6,1,0,23200.0,14.75,False,False,False,True,False,True,False,False,False,False,True,False,False,True,False,0.4496036898509719,0.18632835200104103,0.030680800759675202,0.4828732503888025,48.836,1
56,1.0,40100.0,669,41.1,8116.74,19,9,0,5,18000.0,17.13,False,False,False,True,False,False,True,False,True,False,False,False,False,True,False,0.4488666118051919,0.1923357440380885,0.20240742126131517,1.0508104477611941,73.98,1
42,3.0,106000.0,747,7.78,4373.47,15,11,0,0,34300.0,13.99,True,False,False,False,False,False,True,True,False,False,False,False,False,True,False,0.32358185300138675,0.13267850232146602,0.04125876170979519,0.14551096256684493,26.6854,0
54,4.4,106500.0,669,10.89,1186.66,18,10,0,0,10000.0,14.95,True,False,False,False,False,True,False,False,False,False,False,False,True,True,False,0.09389583196401911,0.03902754427730319,0.011142242795842293,0.24299328358208955,10.89,0
61,6.1,79100.0,679,15.46,13394.47,18,8,0,2,9300.0,11.34,False,False,False,True,False,True,False,False,True,False,False,False,False,True,False,0.11757120643228278,0.046410606736746594,0.1693337631635504,0.2578182352941177,14.377800000000002,0
25,5.3,55000.0,708,17.7,22449.72,10,3,0,0,9400.0,13.76,False,False,False,True,False,True,False,False,True,False,False,False,False,False,True,0.17090598352757222,0.04745591321524364,0.40816930601261797,0.3435148095909732,16.637999999999998,0
32,4.8,17300.0,735,14.29,2380.05,20,10,0,1,2400.0,12.94,False,False,False,True,False,False,True,False,False,False,False,False,True,True,False,0.1387203051846714,0.056004720100412866,0.13756719264782383,0.2512399456521739,3.4295999999999998,0
48,2.7,46900.0,696,9.7,1756.58,19,7,0,1,19200.0,14.73,True,False,False,False,True,False,False,False,True,False,False,False,False,True,False,0.40937293447900897,0.16960397808544406,0.037452932773288414,0.20499426111908178,18.624,0
57,12.3,91200.0,676,23.52,2506.92,20,10,0,2,9000.0,15.38,True,False,False,False,True,False,False,True,False,False,False,False,False,True,False,0.09868312847446849,0.04126632636502459,0.027487856492801614,0.5343243722304284,21.168,0
48,4.3,49900.0,690,26.72,2874.87,21,12,0,0,12200.0,16.21,True,False,False,False,True,False,False,False,False,False,False,True,False,False,True,0.24448407847538126,0.0716565047681114,0.057611470712009775,0.6268179450072359,32.5984,0
26,8.7,86000.0,624,42.27,10543.6,23,14,0,2,8500.0,16.85,False,False,False,True,False,True,False,False,False,False,False,False,True,True,False,0.09883606004581343,0.04219141750620287,0.12259857443518099,1.1395992000000001,35.929500000000004,1
46,0.6,48000.0,681,8.61,1222.99,26,14,1,0,8700.0,13.79,True,False,False,False,False,True,False,False,False,False,False,False,True,True,False,0.18124622403699922,0.0740961743322708,0.025478427532759734,0.17409369501466274,7.4906999999999995,0
26,1.9,47400.0,615,38.16,25060.77,14,9,1,0,2500.0,17.33,True,False,False,False,False,False,True,False,True,False,False,False,False,True,False,0.052741503343811315,0.02266336340181914,0.5286970739013945,1.07355974025974,9.54,1
60,10.2,48400.0,619,29.96,1778.79,15,10,0,3,14000.0,15.97,False,False,False,True,False,False,True,False,False,False,False,False,True,False,True,0.2892502221028491,0.08433355704108154,0.036751100183880496,0.7717116129032259,41.943999999999996,1
28,0.4,94700.0,631,17.22,15723.24,14,8,0,1,23500.0,16.51,False,False,False,True,False,True,False,True,False,False,False,False,False,True,False,0.24814943875988638,0.10542944712016117,0.1660303481483828,0.449845253164557,40.467,0
46,2.2,24400.0,697,24.41,6306.51,21,12,0,1,8800.0,14.9,False,False,False,True,True,False,False,False,True,False,False,False,False,True,False,0.36064095733781404,0.14974150126067878,0.2584529322568747,0.5210730659025788,21.4808,1
38,0.8,88500.0,626,10.33,25841.68,17,11,1,1,3800.0,13.44,False,False,False,True,False,False,True,False,False,False,True,False,False,True,False,0.04293736793934532,0.017467982747765228,0.2919930848239003,0.22142775119617222,3.9254000000000002,0
46,2.2,142987.5,707,13.87,5111.42,26,14,0,0,1100.0,15.22,True,False,False,False,True,False,False,True,False,False,False,False,False,False,True,0.007692926354217297,0.002206675414132834,0.03574707056861216,0.2981658192090395,1.5256999999999998,0
55,17.9,18000.0,806,23.31,4392.65,17,10,1,0,8100.0,11.18,True,False,False,False,True,False,False,True,False,False,False,False,False,False,True,0.44997500138881175,0.11781586687019424,0.24402255430253872,0.3229315985130111,18.8811,1
47,4.9,32000.0,587,5.67,36444.7325,16,9,0,2,3800.0,18.66,True,False,False,False,False,False,True,False,False,False,False,False,True,False,True,0.11874628917846318,0.03668544961270654,1.138862301178088,0.17993571428571428,2.1546,1
62,2.8,27600.0,652,13.05,17765.64,24,12,0,1,12400.0,14.76,True,False,False,False,False,False,True,False,True,False,False,False,False,False,True,0.44925908481576754,0.1275251188089739,0.6436592877069671,0.2949739663093415,16.182000000000002,0
25,2.0,58000.0,732,5.48,3084.16,21,12,1,4,10700.0,12.94,False,False,False,True,False,True,False,False,True,False,False,False,False,False,True,0.1844795779383114,0.05029222126437923,0.05317425561628247,0.09674106412005458,5.863600000000001,0
36,5.0,96000.0,721,18.04,4632.88,17,11,0,1,4000.0,14.59,False,False,False,True,True,False,False,False,True,False,False,False,False,False,True,0.04166623264340996,0.011786156046094695,0.04825866397225029,0.36454792243767314,7.216,0
29,14.6,39500.0,635,4.43,6491.84,24,12,0,0,8300.0,15.09,False,False,False,True,False,False,True,False,True,False,False,False,False,False,True,0.2101212627528417,0.06008769362920092,0.16434621908306118,0.10510801886792452,3.6768999999999994,0
49,5.9,47400.0,692,8.52,7707.83,23,13,0,2,21300.0,14.25,False,False,False,True,True,False,False,False,False,False,False,False,True,False,True,0.44935760848927236,0.12613990032159006,0.16260901668741165,0.17519480519480518,18.147599999999997,0
22,6.5,100800.0,737,20.33,11005.46,16,8,0,0,18300.0,12.61,False,False,False,True,False,True,False,False,False,False,False,True,False,False,True,0.1815458179978373,0.04912949225336266,0.10918006765805893,0.3473730352303523,37.2039,0
64,0.5,17400.0,708,20.62,15837.7,17,9,1,0,2900.0,13.18,False,False,True,False,True,False,False,False,False,False,True,False,False,True,False,0.16665708867306478,0.06751487119804284,0.9101603356128959,0.383316784203103,5.9798,0
24,8.1,116800.0,649,8.7,17853.04,14,9,0,1,20000.0,15.08,False,False,False,True,True,False,False,False,True,False,False,False,False,True,False,0.17123141068997697,0.07130332704091795,0.15285006121522932,0.20184,17.4,0
26,1.6,48500.0,727,8.05,11732.26,18,8,0,3,8300.0,13.7,False,False,False,True,False,True,False,False,True,False,False,False,False,False,True,0.17113049215480095,0.04745333203097871,0.24189728046844394,0.15149038461538464,6.681500000000001,1
67,4.5,21400.0,623,26.24,1914.12,13,9,0,1,1300.0,15.13,True,False,False,False,False,False,True,True,False,False,False,False,False,True,False,0.06074482500817719,0.025302296506433137,0.08944068034204009,0.6362358974358974,3.4112,1
39,3.8,39200.0,759,19.02,12014.47,28,17,0,1,11000.0,12.62,True,False,False,False,True,False,False,False,True,False,False,False,False,True,False,0.28060508660493355,0.11280934303875524,0.30648376316930687,0.31583210526315786,20.922,0
43,3.0,50500.0,540,22.25,4631.28,18,14,0,1,8200.0,19.23,True,False,False,False,False,True,False,False,False,False,False,True,False,True,False,0.16237302231638978,0.07163456777475447,0.09170669887724996,0.7908826247689464,18.244999999999997,1
41,0.3,16400.0,680,12.05,9511.44,6,2,0,0,7400.0,14.23,False,False,True,False,True,False,False,False,True,False,False,False,False,True,False,0.45119200048777514,0.18552904653966745,0.5799304920431682,0.25179368575624084,8.917,0
48,5.1,82200.0,663,5.6,2565.63,20,13,0,0,13700.0,12.86,True,False,False,False,False,False,True,True,False,False,False,False,False,True,False,0.16666463911631246,0.06724330111991106,0.031211664091677718,0.1084578313253012,7.672,0
67,5.4,46200.0,591,20.99,33503.35,11,4,0,4,20800.0,17.16,True,False,False,False,False,True,False,False,False,True,False,False,False,True,False,0.4502067054825653,0.19299768442657414,0.725165039717755,0.6084263513513514,43.6592,1
65,7.2,142987.5,757,5.64,5131.89,22,12,0,1,3200.0,11.96,True,False,False,False,False,False,True,False,True,False,False,False,False,True,False,0.02237942212135941,0.008913989191188564,0.035890228934494735,0.08898997361477573,1.8048,0
52,0.1,51800.0,623,4.96,14575.77,15,7,0,0,18600.0,14.27,True,False,False,False,False,False,True,False,True,False,False,False,False,False,True,0.3590664272890485,0.10084091616521922,0.28138008918746743,0.11342820512820513,9.2256,0
53,0.2,23600.0,720,15.37,8977.2,10,6,0,1,6700.0,12.75,False,False,False,True,False,True,False,False,True,False,False,False,False,True,False,0.283886276005254,0.11431994199272093,0.38037371297826367,0.2717995839112344,10.2979,0
67,3.5,80600.0,629,32.44,36444.7325,21,13,0,0,3300.0,16.96,True,False,False,False,True,False,False,False,False,False,False,False,True,True,False,0.040942420069229914,0.017504339359267276,0.4521622870683986,0.8733053968253969,10.7052,0
62,6.6,46500.0,655,11.69,3128.85,22,13,0,0,20900.0,13.16,True,False,False,False,False,False,True,False,False,True,False,False,False,True,False,0.4494526999419367,0.1820989048415517,0.06728564977097266,0.23451280487804876,24.4321,0
61,1.4,136800.0,641,23.47,2620.83,22,9,0,2,4900.0,17.59,True,False,False,False,False,True,False,False,True,False,False,False,False,False,True,0.035818451619505705,0.010818129024712134,0.019157973991418192,0.643048753894081,11.5003,0
58,3.0,76000.0,725,17.13,7919.39,21,12,0,0,24500.0,14.78,False,False,True,False,False,True,False,False,False,False,False,False,True,True,False,0.32236417941869183,0.13366259300814343,0.10420112893251406,0.34873471074380163,41.9685,0
60,7.1,71100.0,636,15.04,15227.93,17,13,0,0,7100.0,15.54,False,False,False,True,True,False,False,False,True,False,False,False,False,True,False,0.09985794855205975,0.04185040537236471,0.21417321837948833,0.36690989010989006,10.678399999999998,0
64,0.8,79900.0,681,11.95,5785.14,20,10,0,0,18400.0,13.32,True,False,False,False,True,False,False,False,True,False,False,False,False,True,False,0.23028497765985406,0.09352415835478457,0.07240384976408305,0.23339296187683287,21.988,0
60,2.9,54000.0,697,13.46,473.86,16,10,0,3,13700.0,12.37,False,False,False,True,False,True,False,False,False,False,False,True,False,True,False,0.25369900557397085,0.10163539095641712,0.008775022684765097,0.23853896848137537,18.440200000000004,0
32,8.8,102800.0,738,20.19,17443.76,19,8,0,1,2200.0,12.02,False,False,True,False,False,True,False,False,True,False,False,False,False,True,False,0.021400570033365433,0.00853120242430587,0.1696847306932812,0.32839485791610284,4.441800000000001,0
48,1.4,142700.0,707,4.69,21187.69,20,10,1,0,13000.0,12.14,False,False,False,True,False,False,True,False,False,False,False,True,False,False,True,0.0910995718320124,0.02439304610364679,0.14847611439303157,0.08041892655367232,6.097,0
56,5.6,30500.0,633,16.25,19294.39,19,8,0,0,10000.0,16.18,False,False,False,True,False,True,False,False,True,False,False,False,False,False,True,0.327858103013016,0.09601651982798083,0.6325822104193305,0.4147082018927445,16.25,0
40,2.3,126900.0,740,32.7,8840.41,21,10,0,2,15800.0,13.45,True,False,False,False,True,False,False,False,False,False,False,True,False,True,False,0.12450650507088203,0.0506614517293345,0.06966383243630862,0.5935425101214575,51.666000000000004,1
60,4.0,30300.0,699,7.68,8911.17,25,12,0,4,13600.0,14.11,False,False,True,False,True,False,False,True,False,False,False,False,False,False,True,0.4488300716147982,0.1255836613095961,0.29408831391703244,0.15480685714285713,10.4448,0
25,14.1,62200.0,630,7.33,16077.5,14,5,0,0,10500.0,16.48,False,False,True,False,True,False,False,True,False,False,False,False,False,False,True,0.1688075754409093,0.049770186223462375,0.25847655182392565,0.19143961965134706,7.6965,0
48,3.9,20100.0,750,18.83,7801.18,20,12,0,0,3500.0,11.37,False,False,True,False,True,False,False,False,True,False,False,False,False,True,False,0.1741206905129098,0.06873493291629962,0.3880990995472862,0.28508268974700396,6.590499999999999,0
41,4.6,78200.0,745,23.76,36444.7325,11,5,0,2,3800.0,13.62,False,False,False,True,False,False,True,False,False,False,False,True,False,False,True,0.04859272899323538,0.013451518761690808,0.4660392130535415,0.43379517426273456,9.0288,0
30,2.5,76200.0,633,16.19,10919.6,14,9,0,0,16000.0,17.41,True,False,False,False,True,False,False,False,True,False,False,False,False,True,False,0.20997099775593497,0.09033440218833869,0.14329995669348172,0.4445865930599369,25.904000000000003,1
34,5.3,89200.0,672,24.45,503.63,18,11,2,0,5200.0,16.6,False,False,True,False,True,False,False,False,True,False,False,False,False,True,False,0.058295310590688446,0.024798545612549378,0.005646012937074696,0.6030757800891531,12.714,1
30,4.1,67000.0,692,28.45,27578.22,14,9,0,0,23000.0,15.61,True,False,False,False,False,False,True,False,True,False,False,False,False,True,False,0.3432784585304697,0.14400827921158538,0.41160908046148564,0.6408434343434343,65.43499999999999,1
47,2.5,94400.0,723,44.05500000000001,36444.7325,21,12,0,3,10500.0,16.53,False,False,False,True,False,True,False,False,True,False,False,False,False,True,False,0.11122763530047351,0.04726969193352945,0.38606299191745846,1.005841367403315,46.25775000000001,0
55,0.9,102000.0,699,27.36,3333.54,15,6,0,0,1000.0,12.55,False,False,False,True,False,True,False,False,True,False,False,False,False,False,True,0.00980382545269164,0.002649497449063113,0.03268144429956569,0.4905257142857143,2.736,0
39,0.5,28000.0,607,8.13,36444.7325,15,10,1,3,5600.0,16.16,True,False,False,False,True,False,False,False,True,False,False,False,False,True,False,0.19999285739795009,0.084530356183356,1.3015511053176672,0.2160868421052632,4.552800000000001,1
54,7.1,55200.0,693,8.53,36444.7325,16,12,0,1,5900.0,12.06,True,False,False,False,False,False,True,False,True,False,False,False,False,True,False,0.10688212170069383,0.042628460829553176,0.6602187007481748,0.14823025936599424,5.032699999999999,0
57,1.6,65400.0,699,15.48,5527.34,19,12,0,0,6300.0,14.92,True,False,False,False,True,False,False,True,False,False,False,False,False,False,True,0.09632880231189125,0.027446731567130445,0.08451460986835065,0.3299451428571429,9.7524,0
27,3.6,32600.0,657,25.0,12905.41,14,5,0,0,2700.0,15.8,False,False,False,True,True,False,False,False,False,False,True,False,False,True,False,0.0828195454127174,0.034830469346859995,0.39585932946842123,0.6003039513677811,6.75,0
30,1.6,42400.0,731,11.03,9356.69,19,10,1,1,12900.0,12.88,False,False,False,True,False,False,True,True,False,False,False,False,False,True,False,0.3042381075918021,0.12276904906400768,0.2206714464281503,0.194079781420765,14.2287,1
53,3.6,42200.0,732,21.62,28765.02,19,12,0,2,19000.0,13.48,True,False,False,False,False,True,False,False,False,False,False,False,True,True,False,0.4502262979550248,0.18324268269290542,0.6816193929053814,0.3975956343792633,41.078,0
62,4.4,91400.0,554,30.73,5921.52,16,9,1,0,6300.0,17.85,False,False,False,True,False,True,False,False,True,False,False,False,False,True,False,0.06892703580923622,0.02983673661066092,0.06478616207700134,0.9883432432432434,19.3599,1
57,3.4,52100.0,671,12.21,1035.87,18,10,1,3,3800.0,14.4,False,True,False,False,True,False,False,False,True,False,False,False,False,False,True,0.07293526035968599,0.020542528141591982,0.01988196003915472,0.2616428571428572,4.6398,0
48,1.8,35800.0,723,10.92,8821.55,12,10,0,1,7700.0,13.84,True,False,False,False,False,True,False,True,False,False,False,False,False,False,True,0.21507779112315298,0.059821554093015955,0.24640512834837014,0.20874696132596685,8.4084,0
54,3.2,46900.0,663,11.04,16173.76,11,6,0,0,5100.0,15.72,True,False,False,False,False,True,False,False,True,False,False,False,False,False,True,0.10873968572098676,0.0315308562930965,0.34484893712287584,0.26136867469879516,5.6304,0
54,1.0,81100.0,653,17.74,31607.71,15,5,0,0,7100.0,13.86,False,False,False,True,False,True,False,False,True,False,False,False,False,True,False,0.08754515973909076,0.03582878112140203,0.38973267900519104,0.3759577981651376,12.595399999999998,1
28,10.3,72300.0,630,13.35,685.95,21,9,0,2,7500.0,15.55,False,False,False,True,True,False,False,False,False,False,True,False,False,True,False,0.10373300507600172,0.04348067284917558,0.009487420644251118,0.3289896988906498,10.0125,1
30,1.2,15000.0,770,18.53,13010.11,20,10,0,0,1000.0,10.94,False,False,False,True,True,False,False,False,False,False,False,True,False,True,False,0.06666222251849876,0.026147330633489924,0.867282847810146,0.26292892347600516,1.8530000000000002,0
49,1.5,111800.0,684,3.1,19090.19,11,6,0,0,14900.0,12.39,True,False,False,False,False,False,True,False,False,False,True,False,False,True,False,0.13327251097932935,0.05341178954640093,0.17075151385050222,0.05607153284671534,4.619,0
47,2.3,83100.0,694,10.02,5810.39,24,13,0,2,7600.0,15.99,False,False,True,False,False,False,True,False,True,False,False,False,False,True,False,0.09145497647441066,0.03857290372873825,0.06991961588909881,0.23053208633093525,7.6152,0
29,5.4,51900.0,684,30.98,2182.52,18,11,0,5,3600.0,15.78,True,False,False,False,False,True,False,False,True,False,False,False,False,False,True,0.06936282537908711,0.02013979370613159,0.04205159823510144,0.7136706569343065,11.1528,1
23,5.0,106000.0,659,17.42,7140.41,14,8,0,2,3600.0,16.18,False,False,False,True,False,False,True,False,True,False,False,False,False,True,False,0.033961943755247595,0.014362766924228063,0.06736172300261319,0.42705393939393943,6.2712,0
61,0.5,108100.0,732,29.07,2084.5,22,11,0,0,23000.0,13.64,False,False,False,True,False,True,False,False,False,False,True,False,False,True,False,0.21276398923229203,0.08680664060844848,0.019282892850204902,0.5409478854024558,66.86099999999999,1
53,5.2,77300.0,664,21.58,15437.02,19,10,2,0,10000.0,12.02,False,False,False,True,True,False,False,False,True,False,False,False,False,True,False,0.12936443254291666,0.051568495990727936,0.19970013324536554,0.3900625563909774,21.58,0
34,2.9,45400.0,646,13.29,8355.07,22,8,1,0,3800.0,16.89,False,False,False,True,True,False,False,False,False,False,False,False,True,False,True,0.0836985969472038,0.024896109487706944,0.18402832536728264,0.3469367851622875,5.050199999999999,1
59,1.6,124100.0,682,30.61,33753.21,27,17,0,4,20400.0,14.64,False,False,False,True,True,False,False,True,False,False,False,False,False,True,False,0.16438223704885538,0.06802709921710458,0.2719817729107743,0.656120644216691,62.4444,1
46,1.3,79300.0,781,15.68,18475.65,12,9,0,3,26400.0,13.28,False,False,False,True,False,True,False,False,False,False,False,False,True,False,True,0.3329087905574961,0.09145732436080055,0.23298129910089407,0.266279283887468,41.3952,0
26,2.6,119300.0,645,18.5,7855.49,14,10,0,0,29700.0,14.71,True,False,False,False,False,False,True,False,True,False,False,False,False,True,False,0.24895013453365855,0.10312599960892187,0.06584596943864678,0.42126160990712075,54.945,0
61,4.0,33400.0,717,43.29,1542.77,25,12,0,0,15000.0,15.75,False,False,False,True,True,False,False,False,True,False,False,False,False,True,False,0.4490883506481842,0.18873673527071902,0.04618933564863328,0.9496065459610028,64.935,1
46,5.4,70600.0,680,25.35,151.7,23,12,0,2,3100.0,15.63,True,False,False,False,False,True,False,False,False,False,False,False,True,False,True,0.04390872650529029,0.012707964073672931,0.002148694777694367,0.5818215859030837,7.8585,1
41,3.0,26300.0,742,15.3,139.85,18,9,3,1,3600.0,11.13,False,False,False,True,False,True,False,False,False,False,True,False,False,True,False,0.13687692483175545,0.053852751397787696,0.005317288316033611,0.22919111709286677,5.508,0
46,21.5,35400.0,659,7.52,15417.89,19,10,0,1,2700.0,13.64,True,False,False,False,True,False,False,False,False,False,False,False,True,True,False,0.07626903194825005,0.03111088200210144,0.4355213129572611,0.15541333333333335,2.0304,0
47,8.4,15000.0,726,6.41,5483.14,15,8,0,0,6800.0,11.65,False,False,False,True,False,True,False,False,True,False,False,False,False,False,True,0.45330311312579163,0.11995387990114736,0.36551829878008135,0.10271870701513068,4.3588000000000005,0
65,3.8,37200.0,653,21.96,8001.14,15,9,0,1,1400.0,15.25,True,False,False,False,False,False,True,False,True,False,False,False,False,True,False,0.03763339695169485,0.015705589030480187,0.21507862691863122,0.5120642201834862,3.0744000000000002,0
38,1.9,75000.0,653,8.18,17360.38,12,3,2,1,5200.0,15.88,False,False,False,True,False,False,True,False,True,False,False,False,False,True,False,0.06933240890121466,0.029196712690121376,0.23146864708470555,0.19862140672782877,4.2536,0
58,1.2,49900.0,704,26.03,4950.18,24,12,1,3,22500.0,17.32,True,False,False,False,True,False,False,False,False,False,False,False,True,False,True,0.4508927676800064,0.135373052120887,0.09920001603174286,0.6394887943262412,58.5675,1
32,4.4,99500.0,710,32.77,1801.18,16,9,0,1,3100.0,12.57,True,False,False,False,False,True,False,False,True,False,False,False,False,False,True,0.031155465774213326,0.0084235907931038,0.018102129626837923,0.579351476793249,10.158700000000001,0
55,7.7,71700.0,618,11.37,24770.78,24,13,0,0,32200.0,16.7,False,False,True,False,False,True,False,False,False,False,False,False,True,True,False,0.4490871814897979,0.19130119790064581,0.3454732848914241,0.30675121163166397,36.611399999999996,0
37,11.0,25600.0,631,18.1,888.43,14,11,1,0,5400.0,15.21,True,False,False,False,False,False,True,False,False,False,False,True,False,True,False,0.21092926057575875,0.08796591067935948,0.0347029412913558,0.43560284810126587,9.774000000000001,0
46,0.6,70600.0,756,22.52,2276.62,18,10,0,1,19400.0,13.35,False,False,False,True,True,False,False,False,True,False,False,False,False,True,False,0.2747836432911715,0.11164186532834193,0.0322462854633787,0.39714927344782036,43.6888,0
46,1.9,28800.0,667,7.63,36444.7325,18,12,0,3,13000.0,14.31,False,False,True,False,False,True,False,False,False,False,False,False,True,True,False,0.45137321620777054,0.1858679847090438,1.26539816325822,0.16345104790419163,9.919,0
26,1.8,45900.0,728,23.46,36444.7325,16,6,0,0,20400.0,11.67,False,False,False,True,False,True,False,False,False,False,False,True,False,True,False,0.4444347617698961,0.17625747101484718,0.793985588549269,0.3755530864197531,47.8584,0
62,10.9,125600.0,701,2.17,27833.45,21,8,0,3,1000.0,11.03,False,False,False,True,False,False,True,False,True,False,False,False,False,True,False,0.007961720049999602,0.0031289614860918217,0.2216021369256614,0.03409558404558404,0.217,0
50,2.7,49900.0,735,11.31,4220.89,16,8,0,1,7300.0,11.1,False,False,False,True,True,False,False,False,True,False,False,False,False,True,False,0.14628965351395765,0.057542511114676245,0.08458527885212722,0.17057201086956522,8.2563,0
43,4.4,76600.0,569,32.27,11264.21,20,14,0,1,34300.0,20.24,True,False,False,False,True,False,False,False,False,False,True,False,False,True,False,0.4477748332267203,0.200319929760216,0.1470504301510424,1.1458680701754387,110.68610000000001,1
33,3.0,26000.0,641,17.06,2388.61,13,8,0,1,5000.0,18.67,False,False,False,True,False,False,True,False,True,False,False,False,False,True,False,0.19230029614245606,0.08416743263174035,0.0918660820737664,0.49612180685358254,8.53,1
66,3.5,99300.0,687,21.05,1145.78,16,9,0,0,23300.0,15.97,True,False,False,False,False,True,False,False,False,False,True,False,False,False,True,0.23464013454043767,0.06841945341730907,0.011538453792006123,0.48861700581395356,49.0465,0
29,5.8,38600.0,700,26.46,8602.51,18,10,0,0,6600.0,13.81,False,False,False,True,False,False,True,False,False,False,False,True,False,True,False,0.17098002642418592,0.0699151909345596,0.22285717986580658,0.5212733238231099,17.463600000000003,0
27,0.2,56600.0,676,26.37,658.88,16,8,0,0,25500.0,14.27,False,False,False,True,False,False,True,False,False,True,False,False,False,True,False,0.4505220755817035,0.18544703082011343,0.011640783731736189,0.5558344165435746,67.2435,1
48,5.0,66400.0,621,44.05500000000001,2418.12,12,6,0,0,17200.0,19.92,False,False,False,True,False,False,True,True,False,False,False,False,False,True,False,0.2590322434903089,0.11537301827687049,0.03641692143190615,1.4108932475884248,75.7746,1
48,0.7,71100.0,685,13.0,6219.78,11,4,0,0,9900.0,13.46,True,False,False,False,False,False,True,False,True,False,False,False,False,False,True,0.13923854798104104,0.03840592575389596,0.08747809454156763,0.2550728862973761,12.87,0
57,6.2,36200.0,701,21.11,11102.91,23,10,0,0,16300.0,13.51,False,False,False,True,False,False,True,True,False,False,False,False,False,True,False,0.45026380486726886,0.1833284081578837,0.3067017485704815,0.4062622507122507,34.409299999999995,1
52,0.1,29100.0,634,17.13,598.48,18,9,0,0,1800.0,15.59,True,False,False,False,True,False,False,False,False,True,False,False,False,True,False,0.06185354455173362,0.02593524782450378,0.020565616301845297,0.42056173228346455,3.0833999999999997,1
34,3.2,104400.0,665,27.59,7037.03,11,10,0,1,34300.0,15.58,True,False,False,False,True,False,False,False,False,False,False,False,True,True,False,0.32854091435905786,0.13777566220753715,0.06740385628490149,0.6454237237237237,94.6337,1
32,5.9,142987.5,693,5.15,24929.52,26,12,3,1,1000.0,17.22,False,False,False,True,False,True,False,False,False,False,False,False,True,False,True,0.006993569412924816,0.0020954776919849304,0.17434632855089746,0.12778530259365994,0.515,1
52,1.2,49600.0,644,16.1,8603.37,19,10,1,1,6700.0,14.12,False,False,False,True,False,True,False,False,True,False,False,False,False,True,False,0.1350779218160924,0.05548193388872456,0.17345154331565898,0.3524527131782946,10.787,0
27,2.8,77200.0,605,15.72,19432.7,26,17,0,0,4200.0,17.57,False,False,True,False,False,True,False,False,True,False,False,False,False,False,True,0.05440344036994339,0.016423204729462914,0.25171565135166646,0.4557762376237624,6.6024,0
65,3.1,38900.0,659,13.16,27634.91,21,11,1,0,2100.0,15.11,True,False,False,False,True,False,False,False,True,False,False,False,False,True,False,0.05398318809285108,0.02248469235871392,0.7103907354566721,0.3012842424242424,2.7636,0
56,5.1,97200.0,708,11.13,35936.31,14,9,1,4,10500.0,12.54,False,False,True,False,False,False,True,False,False,True,False,False,False,True,False,0.10802358000432094,0.04338532927738862,0.3697113198423884,0.19685500705218617,11.6865,0
25,0.5,83900.0,632,29.17,11586.77,18,10,1,1,12700.0,17.2,True,False,False,False,False,False,True,False,True,False,False,False,False,True,False,0.15136887522198783,0.06493299161798931,0.13810049939810015,0.7926129541864139,37.0459,1
31,5.5,51900.0,675,28.18,6417.99,19,12,0,0,23400.0,15.72,False,False,False,True,False,False,True,False,True,False,False,False,False,False,True,0.4508583649640662,0.1307367347602911,0.12365831101520201,0.6553100591715977,65.9412,1
24,17.9,55300.0,657,44.05500000000001,7588.39,18,7,3,1,14200.0,16.95,True,False,False,False,True,False,False,False,False,True,False,False,False,True,False,0.25677655015280015,0.1097589193839488,0.13721976094464838,1.1348514437689972,62.5581,1
38,19.4,39600.0,695,8.7,36444.7325,18,10,0,2,17800.0,13.28,False,False,False,True,True,False,False,False,True,False,False,False,False,False,True,0.4494835988990177,0.12346580668921098,0.9202982879220222,0.16599999999999998,15.485999999999999,1
30,6.5,32300.0,758,23.83,917.78,23,11,0,0,14500.0,14.17,False,False,False,True,False,False,True,True,False,False,False,False,False,False,True,0.4489025107581809,0.12577455314217353,0.02841336181542367,0.44488945981554673,34.5535,0
36,3.8,40000.0,660,34.03,16845.38,15,5,0,1,12100.0,14.84,True,False,False,False,True,False,False,False,True,False,False,False,False,True,False,0.30249243768905776,0.12551325444530298,0.4211239719007025,0.7640018154311649,41.1763,1
53,1.1,142987.5,692,11.35,7876.11,20,12,1,1,34300.0,12.44,True,False,False,False,False,True,False,False,False,False,True,False,False,True,False,0.23987943086332117,0.09620781908217499,0.055082121988831265,0.20374314574314573,38.9305,0
28,1.3,46200.0,611,14.85,4380.84,15,4,0,2,3600.0,16.81,False,False,False,True,False,True,False,False,True,False,False,False,False,True,False,0.07792039133352092,0.033240628793591326,0.0948213242137616,0.4078897058823529,5.346,1
36,3.0,58800.0,745,23.33,4739.63,27,13,0,0,14200.0,13.71,False,False,True,False,False,True,False,False,True,False,False,False,False,False,True,0.2414924916242921,0.06698186547583135,0.08060458155473546,0.42875911528150135,33.1286,0
51,3.9,142987.5,721,8.51,5527.97,14,4,0,0,1000.0,14.64,False,False,True,False,False,False,True,False,True,False,False,False,False,True,False,0.006993569412924816,0.002894216666338708,0.03866024190756599,0.1725573407202216,0.851,0
42,7.7,87200.0,683,11.37,14198.55,15,9,0,1,2100.0,13.14,False,False,False,True,False,False,True,False,True,False,False,False,False,True,False,0.024082292634258783,0.00975539939135635,0.16282554099150237,0.21842368421052633,2.3876999999999997,0
58,0.5,47700.0,704,11.55,6123.93,19,13,0,0,21500.0,13.86,True,False,False,False,False,True,False,False,True,False,False,False,False,True,False,0.4507243034737217,0.1844461665174792,0.12838158529171298,0.227068085106383,24.8325,0
44,12.5,142987.5,697,3.85,12796.94,22,15,0,0,18500.0,16.18,False,False,False,True,False,True,False,False,False,False,False,False,True,False,True,0.1293810341391091,0.03790127726344498,0.0894962881630341,0.08924498567335243,7.1225000000000005,0
53,0.5,55100.0,754,7.54,278.15,13,6,0,1,10100.0,12.46,True,False,False,False,False,False,True,False,True,False,False,False,False,False,True,0.18329975862507034,0.049431792081661055,0.005048002758570624,0.12443496688741723,7.6154,0
50,4.6,70500.0,574,21.77,893.49,26,11,0,2,10900.0,17.78,False,False,False,True,False,False,True,False,True,False,False,False,False,True,False,0.15460773606048142,0.06685827105109453,0.012673437256209131,0.6731662608695652,23.729300000000002,1
55,3.9,16500.0,741,36.03,4871.26,19,12,0,1,7400.0,13.91,True,False,False,False,False,False,True,False,False,False,True,False,False,True,False,0.44845766923216773,0.1835691211524257,0.29520998727349856,0.6754411051212938,26.662200000000002,1
54,17.1,43700.0,639,11.07,15851.74,23,12,0,0,12400.0,15.82,False,False,False,True,True,False,False,False,True,False,False,False,False,True,False,0.28374636736001463,0.11937575074477003,0.362731745268987,0.2736365625,13.7268,0
25,1.3,75600.0,616,16.09,2621.36,13,7,0,3,25700.0,17.56,True,False,False,False,False,False,True,False,False,False,False,False,True,True,False,0.33994259335193977,0.14655669989118905,0.03467361542836735,0.45792609400324147,41.351299999999995,0
54,1.3,21900.0,733,28.44,5719.02,20,8,0,0,9900.0,12.89,False,False,False,True,False,True,False,False,False,False,False,True,False,True,False,0.45203415369161226,0.18239092895948514,0.2611305419843843,0.49944359673024524,28.1556,1
23,6.6,142987.5,799,19.78,6294.88,17,6,0,0,22200.0,9.39,False,False,True,False,True,False,False,True,False,False,False,False,False,True,False,0.15525724096693092,0.05957983131158075,0.04402368022603216,0.23216775,43.91160000000001,0
49,5.3,140300.0,664,27.53,5944.39,17,7,0,0,5900.0,16.22,False,False,False,True,False,True,False,False,False,False,False,True,False,False,True,0.042052444387424184,0.012329703957636351,0.04236883557494245,0.6714836090225563,16.2427,0
49,2.2,32900.0,732,4.97,8407.11,22,10,0,0,14800.0,12.1,False,False,False,True,False,False,True,False,False,False,False,False,True,True,False,0.4498343515394669,0.1794891694343381,0.25552749156560595,0.08204229195088676,7.3556,0
30,5.6,30700.0,612,28.15,4233.9,19,10,0,0,3400.0,16.95,True,False,False,False,False,True,False,True,False,False,False,False,False,True,False,0.11074557831992443,0.04733056167998037,0.13790756001433177,0.7783727569331158,9.571,1
36,4.8,35000.0,769,19.12,21286.56,26,13,0,0,15800.0,11.56,False,False,True,False,True,False,False,True,False,False,False,False,False,True,False,0.45141567383789033,0.17872908010679742,0.6081700522842205,0.28704831168831174,30.209600000000002,0
43,9.3,95700.0,803,19.79,8822.15,13,6,0,0,12200.0,12.18,False,False,False,True,False,True,False,False,False,False,True,False,False,True,False,0.1274803816052079,0.05093583660894061,0.09218451217855612,0.29980373134328353,24.1438,0
49,16.5,55300.0,535,4.0,36444.7325,19,11,0,3,4600.0,20.51,False,False,False,True,True,False,False,False,True,False,False,False,False,False,True,0.08318113596499159,0.026724230004331103,0.6590248368022278,0.15305970149253734,1.84,1
42,1.1,58700.0,668,42.61,14708.8,23,12,0,0,26400.0,17.41,False,False,False,True,False,True,False,False,False,False,False,False,True,True,False,0.449736801758062,0.19347889713011224,0.25057154051890085,1.1088790732436473,112.49040000000001,1
23,1.0,45200.0,625,12.05,4917.51,24,14,0,0,20300.0,14.75,False,False,True,False,False,True,False,False,False,False,False,True,False,True,False,0.4491051082940643,0.1861161094519821,0.10879206212251942,0.28392571884984025,24.461499999999997,0
38,11.1,47200.0,627,8.87,31177.91,14,7,1,0,10400.0,15.49,False,False,False,True,False,True,False,False,True,False,False,False,False,True,False,0.22033431495095443,0.09226974854674018,0.6605349462935107,0.21878391719745222,9.2248,1
33,6.3,53000.0,713,5.89,9062.61,20,10,0,1,5900.0,13.7,False,False,False,True,True,False,False,False,True,False,False,False,False,True,False,0.11131865436501198,0.045451462527161694,0.17098941529405107,0.11301540616246498,3.4750999999999994,0
40,11.1,57700.0,690,15.14,6658.58,20,12,1,1,2700.0,14.87,False,False,False,True,True,False,False,False,True,False,False,False,False,False,True,0.04679294986222076,0.013317586814325544,0.11539800003466144,0.3258057887120116,4.0878000000000005,1
55,0.6,84200.0,674,16.54,127.66,20,12,0,3,32300.0,13.64,False,False,False,True,False,False,True,True,False,False,False,False,False,False,True,0.38360589541691903,0.10623897811983604,0.001516134012660182,0.33423051851851854,53.4242,1
41,6.9,25100.0,687,16.4,10964.05,18,14,1,1,11300.0,14.99,True,False,False,False,False,False,True,False,True,False,False,False,False,False,True,0.4501812676785785,0.12843273265240218,0.43679733875144416,0.35731976744186045,18.531999999999996,1
33,1.0,50500.0,644,9.69,683.47,12,4,0,2,15000.0,14.55,False,False,False,True,True,False,False,False,True,False,False,False,False,True,False,0.2970238213104691,0.122746399610178,0.013533791410071088,0.21858837209302323,14.535,1
27,3.0,15000.0,731,12.73,36444.7325,15,12,1,0,6800.0,9.96,True,False,False,False,False,False,True,False,True,False,False,False,False,True,False,0.45330311312579163,0.1752911212201543,2.4294868675421637,0.17321147540983609,8.656400000000001,1
46,4.2,142987.5,690,17.63,11787.69,15,7,1,1,2600.0,13.64,False,False,False,True,True,False,False,False,False,False,False,False,True,True,False,0.01818328047360452,0.0074188714179443055,0.08243802823303972,0.348007525325615,4.5838,0
54,1.7,41300.0,671,13.77,759.46,20,10,0,1,18600.0,13.71,True,False,False,False,True,False,False,True,False,False,False,False,False,True,False,0.4503522917120651,0.1838944356480047,0.018388416745357256,0.2809325892857143,25.6122,0
41,0.8,54700.0,712,44.05500000000001,18427.84,13,8,0,0,2700.0,15.99,False,False,False,True,True,False,False,True,False,False,False,False,False,True,False,0.049359243889508415,0.02081678456880866,0.33688305515438477,0.9879936185133241,11.894850000000003,1
36,6.2,49700.0,665,17.13,36444.7325,15,7,0,0,7500.0,14.86,False,True,False,False,False,False,True,False,True,False,False,False,False,False,True,0.15090239633005373,0.04293702732432216,0.7332796623810386,0.3822099099099099,12.8475,0
67,4.5,54600.0,648,4.83,4959.95,17,7,0,0,13600.0,14.1,True,False,False,False,True,False,False,False,False,False,False,True,False,False,True,0.2490796871852164,0.06968879986782643,0.09083991135693485,0.10493528505392911,6.5688,1
65,8.4,142987.5,624,20.22,7786.51,18,10,0,0,4200.0,17.92,True,False,False,False,False,False,True,False,True,False,False,False,False,False,True,0.029372991534284226,0.008934551198401669,0.05445549816943321,0.57974784,8.4924,0
26,0.4,57300.0,643,34.28,5560.02,16,11,0,1,25800.0,18.1,False,False,True,False,True,False,False,False,True,False,False,False,False,False,True,0.45025392227011746,0.13746958781541702,0.09703181445349994,0.9634596273291927,88.4424,1
47,1.4,41900.0,673,13.14,21086.63,19,9,0,0,6500.0,13.83,False,False,False,True,False,False,True,False,False,False,False,False,True,True,False,0.15512756258800506,0.0634524574127642,0.50324884847617,0.2696234421364985,8.541,0
50,2.5,61200.0,699,27.31,36444.7325,14,7,0,0,1200.0,15.81,False,False,False,True,False,True,False,False,False,False,True,False,False,True,False,0.019607522752896196,0.008248571258103597,0.5954924347641378,0.6168158571428571,3.2771999999999997,0
43,3.4,33100.0,649,42.88,2628.47,22,14,0,0,12400.0,17.62,False,False,True,False,True,False,False,False,True,False,False,False,False,False,True,0.3746110389414217,0.1131870513810912,0.07940757076825473,1.1623778461538463,53.171200000000006,1
45,0.8,15000.0,699,8.39,6712.05,21,9,0,0,6800.0,15.91,True,False,False,False,False,True,False,False,True,False,False,False,False,False,True,0.45330311312579163,0.1319246914750024,0.4474401706552897,0.1906927142857143,5.7052000000000005,1
58,2.2,32300.0,674,16.58,17119.16,19,13,0,2,14500.0,14.31,True,False,False,False,False,False,True,False,False,False,False,False,True,True,False,0.4489025107581809,0.1848582366252025,0.5299885452462773,0.351496,24.040999999999997,1
45,9.7,77300.0,601,7.67,5741.54,17,8,0,0,27400.0,17.12,True,False,False,False,True,False,False,False,True,False,False,False,False,True,False,0.3544585451675916,0.1518815040040596,0.07427510640224577,0.21812358803986714,21.015800000000002,0
63,5.9,86300.0,710,31.29,7444.98,20,13,0,1,16300.0,14.93,False,False,False,True,True,False,False,False,False,False,False,False,True,True,False,0.1888738253322673,0.07848080388606839,0.08626759828970695,0.6570459915611814,51.0027,0
36,3.0,102100.0,680,8.76,25933.83,20,10,1,0,22500.0,14.74,True,False,False,False,False,False,True,False,False,False,False,False,True,False,True,0.22037002575880746,0.06254398276925684,0.2540017237833126,0.18960704845814977,19.71,0
43,5.3,52600.0,722,14.97,2970.26,25,16,2,1,14300.0,12.87,False,False,False,True,True,False,False,False,True,False,False,False,False,True,False,0.2718579494686413,0.10969252438079906,0.05646774776144941,0.2664784232365145,21.4071,0
32,3.7,68000.0,598,29.92,17141.0,12,5,0,0,22800.0,16.5,False,False,True,False,True,False,False,False,False,False,False,False,True,True,False,0.3352891869237217,0.1424254405941058,0.25206982250261023,0.8241736227045076,68.2176,1
24,0.9,54400.0,641,24.19,16202.41,14,6,0,2,6500.0,15.65,False,False,True,False,False,False,True,False,True,False,False,False,False,True,False,0.11948309773717394,0.05015051051225755,0.2978329442473484,0.5896783489096573,15.723500000000001,0
63,3.9,121100.0,689,22.04,427.72,21,10,0,1,24200.0,17.7,True,False,False,False,False,True,False,True,False,False,False,False,False,False,True,0.19983319708342623,0.060497227875480133,0.0035319278948976475,0.5653739130434782,53.3368,0
67,8.8,27600.0,688,32.83,9323.98,20,9,0,0,8000.0,15.42,False,False,False,True,False,True,False,False,True,False,False,False,False,True,False,0.28984457084888227,0.12123896532433412,0.33781312271294517,0.734743976777939,26.264,1
48,0.9,21900.0,609,44.05500000000001,13654.55,15,8,0,1,9900.0,19.73,False,False,False,True,False,False,True,False,True,False,False,False,False,False,True,0.45203415369161226,0.14282824181778364,0.6234669649787681,1.4249264754098363,43.614450000000005,1
54,0.2,55200.0,677,14.76,12439.29,13,9,0,0,1100.0,15.49,False,False,False,True,False,False,True,False,True,False,False,False,False,False,True,0.01992717523233275,0.005749337343560334,0.22534537417800404,0.3372159292035398,1.6236,0
23,15.8,62400.0,644,20.6,1680.38,17,10,3,1,15300.0,17.33,True,False,False,False,False,False,True,False,True,False,False,False,False,False,True,0.24518837839137192,0.0736328595480837,0.026928735116424418,0.5534852713178294,31.518000000000004,1
37,3.4,74200.0,643,18.78,2847.49,26,15,0,0,33400.0,14.8,True,False,False,False,False,False,True,False,True,False,False,False,False,True,False,0.4501287044648994,0.18669003790261898,0.03837535882265737,0.4315900621118013,62.7252,1
32,1.1,41400.0,708,7.74,13299.11,18,10,0,2,18600.0,14.33,True,False,False,False,True,False,False,False,True,False,False,False,False,False,True,0.44926451051906957,0.1263338778411651,0.3212267819617884,0.15643751763046546,14.396400000000002,0
27,0.7,124300.0,714,3.88,29668.29,16,11,0,2,5700.0,13.56,False,False,False,True,False,True,False,True,False,False,False,False,False,False,True,0.04585642915181696,0.012677686542988516,0.23868102428781748,0.07358433566433567,2.2116,0
51,1.4,18300.0,680,11.87,11218.08,20,12,0,3,6100.0,13.45,False,False,True,False,False,False,True,False,True,False,False,False,False,False,True,0.33331511939238295,0.09187613407774349,0.6129763400907055,0.23443685756240817,7.2406999999999995,1
64,0.9,34300.0,612,12.89,11048.2,15,7,1,2,1000.0,14.88,False,False,False,True,True,False,False,True,False,False,False,False,False,True,False,0.029153668989242296,0.012103028506744346,0.32209556572694675,0.3128926590538337,1.2890000000000001,1
59,6.8,142987.5,653,18.6,4168.02,18,6,0,0,16800.0,14.93,False,False,False,True,False,True,False,False,False,False,False,False,True,True,False,0.1174919661371369,0.04882269867486165,0.029149337184458893,0.4246146788990826,31.248,0
60,2.8,40400.0,763,23.88,3383.02,15,5,0,0,18200.0,12.55,False,False,False,True,False,True,False,False,False,False,False,False,True,True,False,0.45048389891339324,0.18092424598132417,0.08373604613747185,0.39226963350785343,43.4616,1
24,3.5,142987.5,679,24.41,10570.39,20,12,0,0,6300.0,16.28,True,False,False,False,False,True,False,False,True,False,False,False,False,False,True,0.04405948730142634,0.012935089205196761,0.07392475618668634,0.5844041176470589,15.3783,0
52,2.7,138200.0,682,15.61,7929.64,16,11,0,1,6100.0,14.2,True,False,False,False,False,False,True,False,False,False,True,False,False,False,True,0.04413860970615263,0.012378341943812522,0.057377587716442,0.3245417276720351,9.5221,0
57,4.4,27300.0,615,5.73,2703.83,17,9,0,3,12300.0,15.21,True,False,False,False,False,False,True,False,True,False,False,False,False,True,False,0.4505329475110802,0.18789522529191474,0.0990377641844621,0.14148262987012988,7.0479,1
32,2.8,82500.0,671,7.32,1857.67,28,12,0,0,3500.0,12.92,True,False,False,False,False,False,True,False,True,False,False,False,False,False,True,0.04242372819723397,0.011560863045133986,0.022516939188615897,0.14073571428571427,2.562,0
39,1.4,39400.0,695,9.21,36444.7325,20,11,0,2,17700.0,14.27,False,True,False,False,False,False,True,False,True,False,False,False,False,True,False,0.4492271769752037,0.1848983323139884,0.9249697342707037,0.1888314655172414,16.3017,0
59,1.9,16600.0,770,7.34,20242.47,15,9,1,0,7500.0,12.51,False,False,True,False,False,True,False,False,False,False,False,True,False,True,False,0.45178001325221373,0.1812700456651886,1.219352448647672,0.1190964980544747,5.505,0
43,0.8,29900.0,802,32.34,8399.81,12,7,0,0,13500.0,13.45,False,False,False,True,True,False,False,False,True,False,False,False,False,True,False,0.4514899167251931,0.18365871786203566,0.28092070499314403,0.5416849315068494,43.659000000000006,0
24,6.5,100300.0,670,9.58,3656.12,20,12,0,0,23300.0,13.52,True,False,False,False,False,True,False,False,True,False,False,False,False,True,False,0.23230077466824858,0.09461491439115678,0.03645148104206339,0.19302771982116246,22.3214,0
57,3.4,41600.0,705,4.11,35421.72,17,7,0,0,18700.0,13.88,False,False,False,True,True,False,False,False,False,False,False,True,False,False,True,0.4495084252782385,0.12514287994882944,0.8514631859811063,0.0808028328611898,7.685700000000001,0
43,5.1,63700.0,634,23.28,3977.48,19,19,0,0,4300.0,17.14,True,False,False,False,False,True,False,False,False,False,False,False,True,True,False,0.06750286494717508,0.028931410391207592,0.06243983610932324,0.6283766929133858,10.0104,1
31,8.6,55900.0,642,24.53,32837.03,14,8,0,0,5500.0,16.15,True,False,False,False,False,False,True,False,True,False,False,False,False,True,False,0.09838822203538398,0.04158775923176874,0.5874139997495572,0.616111197511664,13.491500000000002,1
37,1.9,37700.0,704,5.1,25021.92,17,10,0,0,8400.0,14.05,True,False,False,False,False,False,True,False,True,False,False,False,False,False,True,0.22280576112039469,0.062262765921501685,0.6636938012254316,0.10163829787234042,4.284,0
57,5.0,87100.0,682,19.87,2905.6,22,10,0,2,32000.0,13.85,True,False,False,False,True,False,False,False,False,False,True,False,False,True,False,0.36738958220915946,0.15033808677361152,0.03335897406459168,0.40292752562225476,63.584,1
46,10.8,43400.0,532,2.0,19265.39,16,7,0,3,19500.0,18.12,False,False,False,True,True,False,False,False,True,False,False,False,False,True,False,0.4492984032625976,0.1951938065048178,0.44389276744775463,0.06799249530956848,3.9,1
65,5.3,92000.0,753,23.15,36008.83,12,5,0,2,27800.0,14.62,True,False,False,False,False,True,False,False,False,False,False,True,False,True,False,0.3021706285801241,0.12500946936468743,0.3913960717818285,0.44887665782493363,64.35699999999999,0
25,3.1,25700.0,752,44.05500000000001,370.63,15,9,0,1,7400.0,15.4,True,False,False,False,False,False,True,False,True,False,False,False,False,False,True,0.2879265398233532,0.08288878463264374,0.014420839656044512,0.9009920318725101,32.6007,1
34,2.2,31800.0,671,18.2,4293.76,14,8,0,1,14300.0,16.58,False,False,False,True,False,True,False,True,False,False,False,False,False,True,False,0.44967139398132133,0.19119197583405215,0.13501965347001668,0.4490416666666666,26.025999999999996,1
52,0.3,15900.0,710,34.06,10349.35,22,11,0,0,7200.0,16.56,False,False,False,True,False,False,True,False,True,False,False,False,False,False,True,0.45280171058423996,0.1336648170834936,0.6508615810326395,0.7932962025316456,24.5232,1
61,7.1,35400.0,745,6.62,11046.2,20,10,0,3,1800.0,13.45,False,False,False,True,True,False,False,True,False,False,False,False,False,False,True,0.050846021298833366,0.01401944131662764,0.3120307335950962,0.11935522788203753,1.1916,0
46,3.5,48100.0,676,36.83,12609.59,15,10,0,2,5800.0,15.3,False,False,False,True,True,False,False,False,False,False,False,False,True,False,True,0.1205796137294443,0.03464332142624638,0.2621481881873558,0.8323471196454949,21.361399999999996,1
63,3.2,26700.0,619,27.91,13124.36,17,8,1,1,2800.0,15.32,False,False,False,True,False,False,True,False,True,False,False,False,False,True,False,0.1048649863301,0.04380155832737128,0.49153065428261117,0.6896470967741936,7.814800000000001,1
24,6.1,96200.0,730,13.71,10877.35,14,8,0,1,2100.0,14.59,False,False,True,False,False,False,True,False,False,False,False,False,True,True,False,0.021829294913774284,0.009027097901773532,0.11306899096682987,0.2736373461012312,2.8791,0
26,4.7,23600.0,673,6.26,808.65,16,7,0,0,7800.0,15.7,False,False,False,True,True,False,False,False,True,False,False,False,False,False,True,0.3304944705732808,0.0957681381720688,0.03426337867039532,0.14581899109792285,4.8828,0
40,1.2,58400.0,648,16.44,15503.07,14,8,1,0,2800.0,16.74,True,False,False,False,False,False,True,False,True,False,False,False,False,False,True,0.0479443845139638,0.014215511188644146,0.2654589818667489,0.4240456086286595,4.603200000000001,0
65,0.3,37700.0,649,14.35,35233.49,15,8,0,1,2400.0,16.73,True,False,False,False,False,True,False,False,True,False,False,False,False,False,True,0.06365878889154133,0.018868787622015423,0.9345505424259303,0.3693469230769231,3.444,0
25,11.1,39700.0,696,16.03,8465.41,20,9,0,0,17900.0,11.94,True,False,False,False,False,True,False,False,True,False,False,False,False,False,True,0.45087025515730084,0.12015504598316405,0.21322913780509306,0.27460286944045914,28.693700000000003,0
35,5.0,135200.0,733,20.89,34062.78,16,10,0,0,13100.0,12.57,False,False,False,True,True,False,False,False,False,False,False,False,True,True,False,0.09689277446172735,0.0389328571915024,0.251941775578583,0.3577483651226158,27.365900000000003,0
37,7.9,52900.0,688,14.64,36444.7325,20,11,0,0,2400.0,13.08,False,False,False,True,False,False,True,False,True,False,False,False,False,True,False,0.04536776242415077,0.018360597589062746,0.688923319029886,0.27792626995645864,3.5136,0
23,5.6,46400.0,694,27.41,205.19,16,8,0,2,3300.0,18.17,False,False,False,True,True,False,False,False,False,False,False,False,True,False,True,0.07111915691472166,0.02174535697628164,0.0044221029719187085,0.7166038848920864,9.045300000000001,1
46,6.1,107200.0,715,17.61,13886.38,17,9,0,0,20700.0,12.1,False,False,True,False,False,True,False,True,False,False,False,False,False,True,False,0.19309521366405163,0.07706510148215731,0.12953591850822285,0.29759916201117315,36.45269999999999,0
57,6.7,105200.0,680,7.18,2029.18,15,8,0,0,21900.0,11.88,False,False,False,True,True,False,False,False,False,False,False,False,True,True,False,0.20817292611286964,0.08282007819487826,0.019288599918251728,0.1252546255506608,15.7242,0
26,7.3,62200.0,670,21.51,36444.7325,19,12,0,0,14300.0,13.51,True,False,False,False,True,False,False,False,False,False,True,False,False,True,False,0.22989984083857173,0.09361739427487994,0.5859187553254771,0.43308509687034275,30.7593,0
62,3.0,43200.0,616,20.94,11821.29,19,10,1,0,6600.0,14.03,False,False,False,True,False,False,True,False,False,False,False,False,True,True,False,0.1527742413370061,0.06266829633713585,0.2736346380870813,0.4761559157212318,13.820400000000001,1
51,11.2,78000.0,714,26.12,25526.35,21,12,0,0,8000.0,15.12,False,False,True,False,False,False,True,False,False,False,False,True,False,True,False,0.10256278765656851,0.04273080676674364,0.32725670183715594,0.5523558041958042,20.896,0
42,3.0,73100.0,769,15.23,7925.24,15,8,1,0,16200.0,11.43,True,False,False,False,False,True,False,False,True,False,False,False,False,False,True,0.22161119546928224,0.05838350000509322,0.10841493276425766,0.2260764935064935,24.672600000000003,0
66,2.8,15000.0,605,13.91,20394.19,19,15,0,4,3500.0,14.3,False,False,False,True,False,False,True,False,False,False,False,False,True,True,False,0.2333177788147457,0.09602902677952367,1.3595220318645422,0.32823927392739277,4.8685,1
23,14.1,64300.0,692,30.99,2701.03,21,13,0,3,21400.0,14.16,True,False,False,False,False,True,False,False,True,False,False,False,False,True,False,0.33280975412513025,0.13678294248955394,0.04200603412077573,0.6332155844155845,66.3186,0
65,0.3,47800.0,725,9.3,12828.77,15,7,0,1,21500.0,10.91,False,False,True,False,False,False,True,False,True,False,False,False,False,True,False,0.4497813853266668,0.17643263444576077,0.2683786950063806,0.13975619834710745,19.995,0
40,3.6,86400.0,668,5.99,5997.19,14,5,1,3,3200.0,15.08,True,False,False,False,True,False,False,False,True,False,False,False,False,False,True,0.03703660837258828,0.010590504073669972,0.06941111792687585,0.13502122571001496,1.9168,0
24,5.9,79400.0,618,35.66,9336.02,15,7,0,2,34300.0,19.23,False,False,False,True,True,False,False,False,False,False,False,False,True,False,True,0.4319844838226219,0.1351091573730944,0.11758063500459692,1.10782197092084,122.3138,0
44,3.2,78600.0,731,22.0,4148.92,20,15,0,1,7700.0,13.84,False,False,False,True,False,True,False,False,True,False,False,False,False,True,False,0.09796313024007328,0.04008086926375242,0.052784570170862966,0.4159562841530055,16.94,0
66,0.6,124300.0,664,44.05500000000001,2578.39,24,14,2,0,16900.0,18.6,True,False,False,False,False,True,False,False,True,False,False,False,False,True,False,0.13596028994135204,0.059470451635018295,0.02074311550188655,1.2322150375939853,74.45295000000002,1
41,0.0,56400.0,569,17.84,6836.8,20,15,1,2,25400.0,17.04,True,False,False,False,False,True,False,False,True,False,False,False,False,False,True,0.45034662505983936,0.13439733065390996,0.12121770890587047,0.5333221052631578,45.3136,1
25,1.1,35400.0,634,30.16,28033.3,16,10,0,0,7200.0,15.24,False,False,False,True,True,False,False,False,False,False,False,False,True,True,False,0.20338408519533346,0.08486526754473912,0.7918787604869919,0.72384,21.7152,1
56,0.2,91700.0,763,7.49,6210.83,15,8,0,0,5100.0,9.04,False,False,True,False,False,True,False,False,False,False,True,False,False,True,False,0.05561553309124219,0.02123258864092078,0.06772914144883917,0.08862513089005235,3.8199,0
59,7.7,69200.0,670,12.62,36444.7325,19,9,0,0,2400.0,13.88,True,False,False,False,False,False,True,False,True,False,False,False,False,False,True,0.03468157974595743,0.009656349389687036,0.5266503735495152,0.261051564828614,3.0287999999999995,0
23,4.7,59900.0,701,9.46,13400.37,9,5,0,0,27000.0,13.64,True,False,False,False,True,False,False,False,False,False,True,False,False,False,True,0.45074372714979716,0.12482606806109543,0.22370861922171584,0.1838096866096866,25.542000000000005,1
48,1.8,136800.0,582,43.24,10349.88,20,13,0,2,1000.0,19.89,True,False,False,False,False,False,True,False,True,False,False,False,False,False,True,0.007309888085613409,0.0023184558552364733,0.07565646449952851,1.4752034305317325,4.324000000000001,1
32,1.8,35500.0,745,32.26,24735.82,17,6,0,0,2700.0,11.95,True,False,False,False,True,False,False,True,False,False,False,False,False,True,False,0.07605419565646038,0.030281878182607413,0.6967640348159206,0.5167654155495978,8.7102,0
51,0.7,34800.0,610,20.23,7399.78,21,14,2,0,3800.0,19.75,False,False,False,True,True,False,False,False,False,False,False,False,True,False,True,0.10919226459009798,0.03452219707349749,0.21263124622855664,0.6539157119476269,7.6874,1
23,2.4,47100.0,739,22.64,13694.65,21,12,1,0,5600.0,11.47,False,False,False,True,False,True,False,False,False,False,False,True,False,True,False,0.11889344175282902,0.04701623703008149,0.29075072716078215,0.35092000000000007,12.678400000000002,0
33,0.2,89500.0,648,3.91,23021.63,15,8,0,0,21200.0,11.63,False,False,False,True,False,True,False,False,False,False,False,False,True,True,False,0.23686886180042682,0.0938961655966917,0.2572220422118189,0.07006671802773498,8.289200000000001,0
43,1.6,131100.0,714,6.33,3048.04,18,11,3,0,1000.0,13.79,False,False,True,False,True,False,False,True,False,False,False,False,False,True,False,0.0076277068824799205,0.003118773878015484,0.023249555686074095,0.1220848951048951,0.633,0
34,3.0,48900.0,675,12.32,2700.11,13,5,0,0,14800.0,14.74,True,False,False,False,False,False,True,False,False,False,True,False,False,True,False,0.30265229749902867,0.12540836225547478,0.055215844256763666,0.2686343195266272,18.2336,1
65,2.9,108300.0,672,34.89,10987.45,25,16,0,0,1000.0,17.43,True,False,False,False,False,False,True,False,True,False,False,False,False,True,False,0.009233525082870888,0.0039737534675079855,0.10145289517178974,0.9036147102526003,3.4890000000000003,1
47,4.6,26900.0,702,7.98,6677.09,23,14,0,0,3900.0,13.85,False,False,True,False,False,True,False,False,False,False,True,False,False,True,False,0.1449760231961637,0.059308324955629814,0.24820973198022378,0.1572162162162162,3.1122,0
31,4.2,42700.0,678,22.8,2629.39,14,7,2,0,12500.0,11.48,True,False,False,False,False,True,False,False,False,False,False,True,False,True,False,0.29273319126015784,0.1157748245660954,0.061576778061403714,0.3854845360824743,28.5,0
66,0.8,21000.0,621,32.56,14935.98,22,13,0,0,9400.0,15.23,False,False,False,True,False,True,False,False,False,False,False,False,True,True,False,0.4475977334412647,0.18670121310688342,0.7112032760344745,0.7972488745980708,30.6064,1
40,2.1,15000.0,612,24.2,6945.57,14,7,0,0,5700.0,16.88,False,False,False,True,False,True,False,False,True,False,False,False,False,True,False,0.37997466835544297,0.16217449570081224,0.4630071328578095,0.6663882544861337,13.793999999999999,1
37,0.4,44400.0,775,23.43,33528.3,15,11,0,0,20000.0,12.09,True,False,False,False,True,False,False,False,False,False,True,False,False,True,False,0.4504403053985271,0.1797206808205549,0.7551248845746719,0.3650369845360824,46.86,0
56,2.0,95500.0,645,31.39,11453.32,19,11,0,0,3000.0,17.05,False,False,False,True,False,True,False,False,False,False,True,False,False,True,False,0.0314132836305379,0.013447464203797171,0.11992879655710412,0.828482198142415,9.417,1
40,1.3,47800.0,670,27.04,24970.0,23,18,0,0,21500.0,14.74,True,False,False,False,False,False,True,False,False,False,False,False,True,True,False,0.4497813853266668,0.18637246588377013,0.5223740089119474,0.5939934426229508,58.135999999999996,0
64,0.3,125900.0,631,35.55,4260.78,18,11,0,0,34300.0,14.71,False,False,False,True,True,False,False,False,True,False,False,False,False,True,False,0.27243627929881414,0.11285553017337727,0.03384230466795339,0.8274375,121.9365,1
49,0.4,23300.0,628,27.81,29388.1,12,7,2,0,1000.0,16.43,False,False,False,True,False,False,True,False,True,False,False,False,False,True,False,0.04291661302090039,0.018206774353595464,1.2612377151195227,0.7264201907790143,2.781,1
27,0.9,85200.0,630,4.31,506.61,21,11,0,1,22500.0,14.43,True,False,False,False,False,True,False,True,False,False,False,False,False,True,False,0.2640814074952172,0.10895706058371604,0.00594605697116231,0.09856307448494452,9.6975,0
40,4.0,44100.0,693,13.82,22830.78,14,10,1,0,1000.0,15.52,True,False,False,False,False,True,False,False,True,False,False,False,False,True,False,0.022675222784063854,0.009499596279980567,0.5176930228339494,0.30905821325648414,1.3820000000000001,1
52,0.0,73600.0,655,17.55,3129.2,23,16,0,1,33100.0,16.05,False,False,False,True,False,True,False,False,False,False,False,True,False,True,False,0.44972215051425934,0.18983563044948623,0.042515726688496076,0.42938643292682926,58.090500000000006,1
40,5.7,71600.0,631,21.54,11855.36,16,14,0,5,2800.0,16.04,True,False,False,False,False,False,True,False,True,False,False,False,False,True,False,0.03910559908381168,0.016504775079938867,0.1655753411265206,0.5466797468354431,6.0312,1
46,2.7,35100.0,686,18.61,26424.93,21,13,1,1,7800.0,14.12,False,False,True,False,False,False,True,False,True,False,False,False,False,False,True,0.22221589128514857,0.062193430930138204,0.7528255605253412,0.3824937409024745,14.5158,1
48,0.8,142987.5,662,9.19,24534.91,17,10,3,0,5800.0,14.04,False,False,False,True,False,True,False,False,True,False,False,False,False,True,False,0.04056270259496393,0.016644221959083896,0.17158659612486318,0.19461176470588232,5.3302,1
64,4.4,37000.0,671,34.75,28535.06,18,9,3,2,2200.0,14.52,True,False,False,False,False,True,False,False,False,False,False,True,False,False,True,0.05945785249047323,0.01678974663727859,0.7711969946758196,0.7508482142857142,7.6450000000000005,1
23,2.1,15000.0,612,35.8,17605.35,10,7,0,1,6800.0,15.68,False,False,False,True,False,False,True,True,False,False,False,False,False,True,False,0.45330311312579163,0.19024373974243947,1.1736117592160522,0.915732463295269,24.344,1
67,1.7,83800.0,691,15.95,20870.96,14,7,0,1,12500.0,13.19,True,False,False,False,False,False,True,False,True,False,False,False,False,True,False,0.1491628978174485,0.06046665276335923,0.24905382990656436,0.304018063583815,19.9375,0
53,4.7,35500.0,665,9.65,1742.36,11,5,0,0,12500.0,13.98,True,False,False,False,False,False,True,False,False,False,False,True,False,True,False,0.35210275766879806,0.14432269407921894,0.049079180868144556,0.20256306306306307,12.0625,0
22,11.1,98400.0,699,21.14,26180.58,15,9,0,3,25000.0,13.76,False,False,False,True,True,False,False,False,False,False,True,False,False,True,False,0.25406245871485045,0.1038323979470935,0.2660601010152336,0.415552,52.85,1
39,0.6,37600.0,692,8.82,10966.05,21,13,0,1,7800.0,13.42,False,False,False,True,False,False,True,True,False,False,False,False,False,True,False,0.2074412914550145,0.08435399120789032,0.29164250950772586,0.1708,6.879600000000001,0
36,11.3,36900.0,751,31.74,17206.81,14,9,0,1,16600.0,14.61,True,False,False,False,False,True,False,False,False,False,False,False,True,False,True,0.44985230752554134,0.12728306450332502,0.4662965773285277,0.6166507978723403,52.688399999999994,1
67,4.2,28100.0,617,32.49,36444.7325,16,8,0,3,1000.0,17.47,False,False,False,True,True,False,False,True,False,False,False,False,False,True,False,0.03558592220917405,0.01531890051879096,1.2969194156791573,0.9184470873786407,3.2490000000000006,1
67,3.8,55700.0,643,19.35,3969.05,23,11,0,2,11900.0,15.48,False,True,False,False,True,False,False,False,False,False,False,False,True,False,True,0.2136406886770435,0.061625637781289586,0.07125635087341341,0.4651211180124224,23.026500000000002,1
27,1.1,31200.0,709,19.45,15564.75,23,9,1,2,1000.0,12.6,True,False,False,False,True,False,False,True,False,False,False,False,False,False,True,0.032050254799525654,0.008669294056298515,0.49885420339091696,0.345169014084507,1.945,1
60,1.6,103800.0,712,13.46,15408.21,15,9,1,0,2000.0,14.99,True,False,False,False,False,False,True,False,True,False,False,False,False,False,True,0.01926763711332261,0.0054987125848787975,0.14843989942293426,0.2829809256661992,2.692,0
39,1.9,81000.0,662,24.56,7949.18,23,14,0,1,9200.0,14.74,False,False,False,True,False,False,True,False,False,False,False,False,True,False,True,0.11357884470562092,0.03223430205155673,0.09813681312576389,0.5460247360482654,22.5952,1
57,7.0,40600.0,740,10.71,36444.7325,12,8,2,0,10000.0,13.44,True,False,False,False,False,False,True,False,True,False,False,False,False,False,True,0.24629935223270363,0.06789800149417001,0.897631400704416,0.19425425101214575,10.71,0
57,1.7,58500.0,678,22.82,1536.94,18,8,0,1,12400.0,15.31,True,False,False,False,False,True,False,False,False,False,False,True,False,False,True,0.21196218868053537,0.06091401442984514,0.026272029537956616,0.5145422680412371,28.2968,0
44,3.0,68000.0,687,12.37,3936.16,19,10,0,5,12400.0,15.22,False,False,False,True,False,True,False,True,False,False,False,False,False,False,True,0.18235025955500656,0.05230177512728734,0.057883854649196334,0.27365029069767444,15.338799999999999,1
57,1.6,63100.0,703,11.84,13591.86,17,12,0,2,3700.0,14.47,False,False,False,True,False,False,True,True,False,False,False,False,False,True,False,0.058636154736058065,0.024205251981877104,0.2153984881380644,0.2433590909090909,4.3808,0
63,2.3,51300.0,766,24.49,18170.31,22,12,0,1,3700.0,12.5,True,False,False,False,False,True,False,False,False,False,True,False,False,False,True,0.07212335042201906,0.019467345985509397,0.3541901717315452,0.3991199478487614,9.0613,1
37,0.5,51500.0,683,12.8,1580.76,21,13,1,0,2000.0,14.0,False,False,False,True,False,True,False,True,False,False,False,False,False,True,False,0.038834197394225355,0.015923728727143423,0.030693772936447837,0.26198830409356727,2.5600000000000005,0
36,4.6,142987.5,699,14.06,36444.7325,19,9,0,1,9300.0,14.24,False,False,False,True,False,True,False,False,True,False,False,False,False,True,False,0.06504019554020078,0.02676404562036061,0.2548787664742269,0.28602057142857146,13.075800000000001,0
60,1.3,18700.0,645,10.47,2130.0,23,9,0,0,3500.0,14.9,True,False,False,False,False,False,True,True,False,False,False,False,False,True,False,0.18715576707127962,0.07769815523530668,0.11389765253195017,0.24149071207430342,3.6645,0
44,2.1,33800.0,642,11.69,9547.92,16,12,1,2,13500.0,12.36,True,False,False,False,False,False,True,False,True,False,False,False,False,True,False,0.39939646756013136,0.15996141797433172,0.28247448300346145,0.22470979782270603,15.781500000000001,1
26,0.9,102700.0,711,18.89,26981.46,13,6,0,3,10500.0,15.06,True,False,False,False,True,False,False,False,True,False,False,False,False,True,False,0.10223853711258897,0.04256108793449296,0.2627185713868414,0.3995553370786517,19.834500000000002,1
55,3.5,24800.0,640,20.93,29191.64,21,13,3,3,11200.0,16.92,True,False,False,False,False,True,False,False,True,False,False,False,False,True,False,0.4515946937623483,0.19290573875299757,1.1770347969839925,0.5524736349453978,23.4416,1
49,1.9,42500.0,630,14.93,12543.3,16,9,0,3,5700.0,15.51,False,False,False,True,False,False,True,False,True,False,False,False,False,True,False,0.13411449142373122,0.056177712690884875,0.2951295263640855,0.36697987321711567,8.5101,1
21,15.8,34200.0,669,7.57,25763.4,17,8,0,0,1000.0,13.39,False,False,True,False,False,True,False,False,False,False,False,False,True,True,False,0.029238911142949037,0.011884288700903762,0.7532937633402532,0.15128701492537314,0.7570000000000001,0
60,5.3,45800.0,575,23.38,36444.7325,19,13,0,0,4900.0,19.08,False,False,False,True,False,False,True,False,True,False,False,False,False,True,False,0.10698456365581538,0.0471001712706474,0.7957191436868191,0.7744624999999998,11.456199999999999,1
43,4.5,142987.5,616,11.95,36444.7325,22,10,0,0,6700.0,15.87,True,False,False,False,False,False,True,False,False,False,False,False,True,True,False,0.04685691506659626,0.019730614386268035,0.2548787664742269,0.307368719611021,8.0065,0
39,0.6,62300.0,650,25.16,6980.97,13,10,0,1,2400.0,16.09,True,False,False,False,False,False,True,False,False,False,True,False,False,False,True,0.038522656137140655,0.01126168320542185,0.11205229450570617,0.6218500768049156,6.0384,1
50,2.2,80700.0,727,31.74,3685.5,14,8,0,1,5800.0,13.15,True,False,False,False,False,True,False,False,True,False,False,False,False,True,False,0.07187023704786806,0.02911748901865708,0.045668579075847884,0.5733255494505494,18.4092,0
48,7.7,78100.0,672,7.64,3456.52,11,10,0,1,24800.0,14.78,True,False,False,False,False,False,True,False,True,False,False,False,False,False,True,0.3175375475346026,0.09019821030520178,0.04425705176630261,0.16778484398216936,18.9472,0
51,2.6,83800.0,696,23.66,14350.97,19,7,1,3,11200.0,15.32,False,False,False,True,True,False,False,False,False,False,False,False,True,True,False,0.13364995644443384,0.055840558680892556,0.17125058173530147,0.5200447632711621,26.499200000000002,1
61,10.6,35200.0,644,9.57,1233.74,20,13,0,1,15800.0,15.65,False,False,False,True,False,False,True,False,False,False,False,True,False,True,False,0.4488508849180421,0.1883749217150129,0.03504843612397375,0.23220232558139534,15.120600000000001,1
38,5.3,57600.0,712,11.51,6033.41,19,8,0,0,1000.0,15.09,False,False,False,True,False,True,False,False,True,False,False,False,False,True,False,0.01736080970816479,0.007229622600761304,0.10474488290133852,0.24359873772791024,1.151,0
32,0.4,87400.0,680,3.15,20060.94,22,8,0,1,24500.0,14.37,False,False,False,True,False,False,True,True,False,False,False,False,False,True,False,0.2803171588425762,0.11555778920872785,0.2295275797759751,0.0664691629955947,7.7175,0
28,10.0,39500.0,773,3.93,22240.88,17,8,1,1,8200.0,8.785000000000002,False,False,False,True,False,False,True,False,False,False,False,False,True,False,True,0.2075896812738918,0.05143677335523358,0.5630459988354726,0.044606007751937994,3.2226,1
42,0.7,65200.0,667,19.72,16984.54,11,6,0,0,29300.0,13.04,True,False,False,False,False,True,False,True,False,False,False,False,False,True,False,0.44937961074216654,0.18176974726595307,0.2604950844312204,0.38495329341317364,57.7796,0
46,1.7,47900.0,672,3.7,3474.73,13,4,0,1,8200.0,12.91,True,False,False,False,False,False,True,False,True,False,False,False,False,True,False,0.17118640529425272,0.06911047094283468,0.0725398217156218,0.07097622585438336,3.034,0
48,13.0,31200.0,728,10.0,1713.55,20,10,0,3,6400.0,11.84,True,False,False,False,True,False,False,True,False,False,False,False,False,False,True,0.2051216307169642,0.054535772913195155,0.054919714111727184,0.16241426611796983,6.4,1
25,0.4,49000.0,626,6.43,21365.6,21,12,0,0,1000.0,15.33,False,False,False,True,False,False,True,False,False,False,True,False,False,True,False,0.020407746780677947,0.008527009448279653,0.4360237546172527,0.15721196172248803,0.643,0
49,4.6,33300.0,685,13.13,2413.15,12,6,0,0,12400.0,15.01,True,False,False,False,True,False,False,False,True,False,False,False,False,True,False,0.372361190354644,0.15486700261511888,0.07246479084712171,0.2872905247813411,16.281200000000002,0
63,7.8,54800.0,736,20.91,30089.22,18,7,0,2,9500.0,12.44,False,False,False,True,False,False,True,False,True,False,False,False,False,True,False,0.17335450083027681,0.06951823302934561,0.5490633382602508,0.35294491180461335,19.8645,0
44,2.3,43700.0,734,44.05500000000001,9707.38,26,15,3,0,19700.0,15.87,False,False,False,True,False,False,True,False,False,False,True,False,False,True,False,0.4507905997574426,0.18978674335475346,0.2221317589986499,0.9512283673469388,86.78835000000001,1
50,5.1,138900.0,687,11.32,6561.94,21,14,0,0,2400.0,14.16,True,False,False,False,True,False,False,False,False,False,False,False,True,True,False,0.0172784933153829,0.007102016254535804,0.047241848510809856,0.23298139534883722,2.7168,0
53,15.3,19000.0,738,31.08,6434.16,14,9,3,0,8100.0,15.6,False,False,False,True,False,False,True,False,True,False,False,False,False,True,False,0.426293352981422,0.17873445784522712,0.33862217778011683,0.6560866035182679,25.1748,1
51,3.5,46100.0,625,2.3,15085.39,16,7,0,0,7600.0,15.32,True,False,False,False,False,True,False,False,True,False,False,False,False,True,False,0.16485542612958504,0.06887118721737785,0.32722478905012903,0.056287539936102235,1.7479999999999998,1
60,3.6,117100.0,776,20.22,1287.4,15,4,0,1,1000.0,13.74,False,False,True,False,True,False,False,False,False,False,False,False,True,False,True,0.008539636723853767,0.0023704157122369117,0.010993928318289341,0.3575583011583011,2.022,0
28,5.5,28800.0,616,16.72,6094.92,14,11,0,1,13000.0,17.27,False,False,True,False,False,True,False,False,False,False,False,False,True,True,False,0.45137321620777054,0.193766851723614,0.21162181868685115,0.46799740680713126,21.736,1
60,18.7,108500.0,713,17.24,2421.25,19,14,0,0,6600.0,12.63,True,False,False,False,True,False,False,False,True,False,False,False,False,False,True,0.06082893245223547,0.016468942929628343,0.02231546253029926,0.3049596638655462,11.3784,0
51,0.8,55200.0,655,19.86,11011.35,20,11,0,5,9100.0,14.2,False,False,False,True,False,True,False,False,False,False,False,True,False,True,False,0.16485208601293455,0.06778985428815723,0.19947736454049747,0.42989634146341466,18.0726,1
50,0.3,72700.0,696,32.8,9316.89,19,8,2,5,1000.0,14.01,False,False,False,True,False,False,True,False,False,False,True,False,False,True,False,0.013754968982544944,0.005641295004906741,0.12815353296378315,0.6592941176470588,3.28,1
29,0.2,24200.0,698,29.37,9977.35,17,12,0,0,10900.0,15.33,True,False,False,False,False,True,False,False,False,False,True,False,False,True,False,0.45039461179290113,0.18814600525202368,0.4122701541258626,0.6441231759656653,32.0133,0
57,2.6,66200.0,720,21.56,12542.61,22,13,0,0,8600.0,14.67,False,False,False,True,False,False,True,True,False,False,False,False,False,True,False,0.12990740321143185,0.05377887775404246,0.18946254588299272,0.4386757281553398,18.5416,1
66,2.6,80400.0,684,23.65,15497.82,22,10,2,1,1500.0,18.64,False,False,False,True,False,False,True,False,False,False,False,True,False,False,True,0.018656484372084923,0.005762468586117964,0.1927565577542568,0.6435562043795621,3.5475,0
28,5.2,66600.0,714,6.71,36444.7325,16,10,0,2,18500.0,11.49,False,False,False,True,False,False,True,False,False,False,False,True,False,True,False,0.2777736070028979,0.10988437002490879,0.5472099893394994,0.10782923076923076,12.4135,0
24,0.6,38200.0,676,10.47,487.79,19,11,0,2,1400.0,14.54,True,False,False,False,False,True,False,True,False,False,False,False,False,True,False,0.03664825528127536,0.015141845728081542,0.012769037459752363,0.22486528803545053,1.4658000000000002,0
54,5.4,63000.0,714,28.77,1942.98,18,11,0,0,1000.0,16.63,False,False,False,True,True,False,False,False,False,False,True,False,False,True,False,0.015872763924382152,0.006754686071902216,0.030840462849796035,0.669153986013986,2.8770000000000002,0
50,1.5,57700.0,652,36.38,20628.48,19,8,0,0,7000.0,17.69,True,False,False,False,True,False,False,False,False,False,False,False,True,False,True,0.12131505519835012,0.036715198517625426,0.35750645569400874,0.9855470137825423,25.466,1
22,2.1,79600.0,667,4.29,8497.28,20,11,0,0,1000.0,14.09,True,False,False,False,False,True,False,False,True,False,False,False,False,False,True,0.012562656248037084,0.003514284760101415,0.10674840768332057,0.09048817365269461,0.42900000000000005,0
59,3.1,90100.0,636,6.53,10000.96,13,5,0,2,23800.0,12.7,False,False,True,False,False,False,True,True,False,False,False,False,False,True,False,0.26414801167578605,0.10633185087631021,0.11099721423735584,0.13018995290423863,15.5414,1
43,3.0,36800.0,755,32.41,24134.74,12,5,0,0,2800.0,13.58,True,False,False,False,False,False,True,False,True,False,False,False,False,True,False,0.07608488899758159,0.03100962226586084,0.6558175049591044,0.5821796296296295,9.0748,1
35,2.8,28700.0,699,14.61,20266.05,17,9,0,1,2300.0,14.52,False,False,False,True,False,False,True,False,False,False,False,False,True,True,False,0.08013658060694749,0.033097248872713966,0.7061095432214906,0.30305314285714285,3.3603,0
24,3.1,118500.0,705,7.44,22898.61,15,11,0,3,1000.0,12.5,False,False,True,False,False,False,True,False,False,False,False,False,True,True,False,0.008438747352343018,0.003387365894766741,0.19323558450983536,0.13172804532577903,0.7440000000000001,0
22,3.1,70600.0,600,6.87,15135.7,18,8,0,0,1000.0,15.31,True,False,False,False,True,False,False,False,False,False,False,False,True,True,False,0.01416410532428719,0.00591695392579397,0.21438364895681367,0.17500782029950085,0.687,1
62,4.1,36400.0,622,10.97,13822.61,8,7,0,0,16400.0,14.18,False,False,False,True,True,False,False,False,False,False,False,False,True,True,False,0.4505370731573308,0.1851965138349733,0.37973160078019835,0.2496863563402889,17.9908,0
22,4.7,15000.0,613,11.5,10645.39,22,11,0,0,6800.0,14.49,False,False,False,True,False,True,False,True,False,False,False,False,False,True,False,0.45330311312579163,0.18707392839162387,0.7096453569762016,0.27139250814332244,7.82,1
33,4.4,120900.0,588,23.91,15083.07,21,13,0,0,1000.0,17.17,True,False,False,False,False,False,True,False,False,False,True,False,False,True,False,0.008271230180064681,0.003546783566683835,0.12475554379202819,0.6970028862478779,2.391,0
38,4.3,59600.0,686,11.93,3796.44,21,13,0,1,26800.0,13.4,True,False,False,False,False,False,True,False,False,False,True,False,False,False,True,0.4496568849515948,0.12385776003804506,0.06369758896662808,0.23269577874818048,31.9724,0
36,0.4,31700.0,734,27.32,19868.95,17,13,0,0,14300.0,14.48,False,False,False,True,False,True,False,False,True,False,False,False,False,False,True,0.45108987098198794,0.12725980212227425,0.6267609854578721,0.5382225850340137,39.0676,1
40,0.4,81500.0,686,19.76,3616.74,18,8,0,0,18000.0,14.36,True,False,False,False,False,False,True,True,False,False,False,False,False,False,True,0.220856185813671,0.06215461254330196,0.04437663341554091,0.4130328966521106,35.568000000000005,1
37,13.3,67200.0,749,39.43,2302.99,14,8,0,1,1100.0,15.61,False,False,False,True,False,False,True,False,True,False,False,False,False,True,False,0.01636880403565423,0.006866858070879834,0.03427017455097394,0.8206697333333334,4.3373,1
65,5.9,59700.0,626,25.09,7564.25,21,13,0,1,19100.0,12.09,False,False,False,True,False,False,True,False,False,False,False,False,True,True,False,0.3199276394030251,0.12765567904534053,0.12670223279342055,0.48379282296650716,47.9219,1
28,7.6,73900.0,568,24.49,1068.0,23,12,0,0,33300.0,17.87,False,False,False,True,False,True,False,False,False,False,False,False,True,True,False,0.4506028335205207,0.19510297311609717,0.014451766552550033,0.7691323374340949,81.5517,1
62,1.1,50000.0,669,13.91,24600.79,28,12,0,0,16100.0,15.66,False,False,False,True,False,False,True,False,False,False,False,True,False,False,True,0.32199356012879743,0.09324597938996389,0.4920059598808024,0.3251202985074627,22.395100000000003,1
43,1.2,15000.0,732,39.91,3922.35,20,13,0,0,1000.0,13.47,False,False,False,True,True,False,False,False,True,False,False,False,False,True,False,0.06666222251849876,0.027114931089505807,0.26147256849543365,0.7334075034106411,3.9909999999999997,1
49,2.6,59900.0,718,12.94,2114.49,24,15,0,2,4200.0,14.14,True,False,False,False,True,False,False,True,False,False,False,False,False,True,False,0.07011569088996845,0.02880861195323276,0.035299744578554615,0.2544806675938804,5.434799999999999,1
45,1.4,45600.0,657,6.54,2246.08,22,10,1,2,11000.0,14.08,False,False,False,True,False,True,False,False,False,False,False,False,True,True,False,0.24122278020218854,0.09902169868705114,0.049255060196048334,0.13994407294832828,7.194000000000001,1
36,6.2,68400.0,719,20.17,32856.12,17,11,0,2,30800.0,15.8,False,False,True,False,True,False,False,False,False,False,False,True,False,False,True,0.4502858145348752,0.13080636577119578,0.48034560898232487,0.4426194444444445,62.1236,0
65,12.1,46200.0,676,8.86,18075.25,17,9,0,3,6100.0,15.82,True,False,False,False,False,False,True,False,False,False,False,True,False,False,True,0.13203177420402157,0.038368573722322316,0.39123070929200665,0.20703870014771047,5.404599999999999,1
37,7.3,94200.0,635,6.46,10883.36,16,9,1,1,7800.0,14.21,True,False,False,False,False,False,True,False,True,False,False,False,False,True,False,0.08280166877209372,0.0340570328533726,0.11553338074967358,0.14433427672955976,5.0388,0
43,2.4,64100.0,650,17.0,7782.44,26,13,0,1,18500.0,14.87,True,False,False,False,False,False,True,False,True,False,False,False,False,True,False,0.2886070420118251,0.11981497348064565,0.12140902638024367,0.38831029185867894,31.450000000000003,0
31,1.8,46200.0,691,12.44,3643.45,23,16,0,1,1000.0,14.26,True,False,False,False,False,True,False,False,True,False,False,False,False,True,False,0.021644553148200255,0.008907827893008802,0.07886084716781022,0.256350289017341,1.244,0
29,2.3,26700.0,715,19.47,10546.92,22,13,0,3,12000.0,13.08,False,False,False,True,False,True,False,False,True,False,False,False,False,False,True,0.44942136998614285,0.12287895847677617,0.3950009362945208,0.35568100558659216,23.363999999999997,0
65,1.4,15000.0,704,18.51,3455.52,21,11,1,5,2700.0,14.82,False,False,False,True,False,False,True,False,False,False,False,True,False,False,True,0.17998800079994667,0.051141475652280215,0.23035264315712287,0.3891038297872341,4.997700000000001,1
33,0.3,64100.0,700,32.2,4608.66,22,12,0,1,15700.0,15.87,True,False,False,False,True,False,False,True,False,False,False,False,False,True,False,0.24492597619381912,0.10312421423257301,0.07189685028314691,0.7289786019971469,50.55400000000001,1
22,5.4,33100.0,780,15.24,793.21,15,9,0,0,14900.0,9.9,False,False,False,True,False,False,True,False,True,False,False,False,False,True,False,0.4501374580828374,0.17398472325506797,0.02396332437086493,0.1931830985915493,22.7076,0
63,8.2,81000.0,694,14.72,6647.1,14,8,0,0,5400.0,13.14,False,False,False,True,False,False,True,False,False,False,False,False,True,True,False,0.0666658436315601,0.02700513865836712,0.08206194985247096,0.278303309352518,7.948800000000001,0
25,1.8,74500.0,618,8.25,1308.31,21,11,0,1,14900.0,16.43,True,False,False,False,False,False,True,False,True,False,False,False,False,True,False,0.19999731547227553,0.08487359383176081,0.0175609723359418,0.21897819063004845,12.2925,0
33,10.9,32200.0,615,7.09,22458.99,18,8,0,2,12300.0,17.85,False,False,False,True,False,True,False,False,False,False,False,False,True,False,True,0.3819757150399056,0.11598274530958923,0.6974625011645602,0.20544886363636367,8.720699999999999,1
35,4.3,49500.0,686,15.49,15446.95,16,8,0,2,2900.0,13.1,False,False,False,True,True,False,False,False,True,False,False,False,False,False,True,0.05858467505706955,0.016028226048897885,0.3120532918526899,0.29536972343522566,4.4921,0
27,6.6,38200.0,758,38.67,33452.24,15,9,0,0,5400.0,13.8,False,False,False,True,False,False,True,False,True,False,False,False,False,True,False,0.14135755608491923,0.057793914712299436,0.875690165178922,0.7030909090909092,20.881800000000002,0
56,0.8,33700.0,576,10.83,6455.19,14,7,0,0,15200.0,19.79,False,False,False,True,False,False,True,False,True,False,False,False,False,False,True,0.4510251921307973,0.14271464708117065,0.19154298092044744,0.3714483535528596,16.4616,1
39,2.7,44500.0,678,22.92,2503.86,26,13,0,0,3600.0,14.48,True,False,False,False,True,False,False,False,True,False,False,False,False,True,False,0.08089705849306757,0.03339694661985778,0.05626525246623672,0.48877997054491906,8.2512,0
48,0.7,26000.0,781,26.53,2359.53,16,9,0,1,1000.0,10.48,True,False,False,False,False,False,True,False,False,False,False,False,True,True,False,0.03846005922849121,0.014989857162649538,0.09074766355140187,0.35554271099744245,2.6530000000000005,0
56,1.7,48400.0,683,17.46,1277.25,14,10,0,1,21800.0,15.14,False,True,False,False,False,False,True,False,False,False,False,True,False,True,False,0.45040391727443646,0.1876889021747288,0.02638891758434743,0.38646842105263157,38.0628,0
28,16.7,81500.0,738,7.34,15747.14,16,12,0,1,4900.0,10.49,True,False,False,False,False,False,True,True,False,False,False,False,False,True,False,0.06012196169372155,0.02344276217164679,0.19321407099299395,0.10419025710419486,3.5966,0
57,3.8,35800.0,604,16.84,646.44,18,12,0,0,16100.0,18.29,False,False,False,True,True,False,False,False,False,False,False,False,True,True,False,0.44970810871204714,0.19582210836759156,0.01805647886930533,0.5090968595041322,27.1124,1
28,3.9,30600.0,725,12.59,2277.14,15,9,0,2,10300.0,11.77,True,False,False,False,True,False,False,True,False,False,False,False,False,True,False,0.33659030750629065,0.1336640586043495,0.07441390804222084,0.20411060606060602,12.9677,1
42,2.1,53300.0,784,10.73,3963.45,16,7,0,0,1000.0,12.93,False,False,False,True,False,True,False,False,True,False,False,False,False,False,True,0.01876137408303784,0.0051134278385676826,0.07435976810941633,0.17673745222929937,1.0730000000000002,0
39,6.9,70500.0,743,24.5,15183.65,14,9,0,1,1700.0,12.18,True,False,False,False,False,True,False,False,True,False,False,False,False,True,False,0.02411313314704756,0.009634205210246006,0.21536786712245215,0.40108870967741933,4.165,0
48,2.1,66000.0,685,4.66,14579.81,22,12,0,0,1000.0,11.85,True,False,False,False,False,False,True,False,True,False,False,False,False,True,False,0.015151285586582021,0.006024852285274049,0.22090286510810442,0.08049708454810495,0.466,0
31,1.8,96400.0,666,13.55,13986.03,12,6,0,1,1300.0,14.1,False,False,False,True,False,True,False,False,True,False,False,False,False,True,False,0.013485337289032272,0.005537993355290806,0.1450817937573262,0.2864392803598201,1.7615,0
27,4.8,57800.0,610,7.85,19032.45,20,11,0,2,1100.0,15.56,True,False,False,False,True,False,False,True,False,False,False,False,False,True,False,0.01903081261569869,0.007977764391207611,0.32927544506150414,0.19991162029459902,0.8634999999999999,0
31,4.6,37500.0,678,44.05500000000001,2263.94,22,14,0,0,16900.0,17.59,False,False,False,True,False,True,False,False,False,False,False,False,True,True,False,0.45065464920935444,0.19433946931024934,0.06037012346337431,1.1412775405007365,74.45295000000002,1
65,7.5,68000.0,725,40.04,6971.81,24,9,0,1,30300.0,16.51,False,False,False,True,False,False,True,False,True,False,False,False,False,True,False,0.4455816826223144,0.18930241597417385,0.10252510992485406,0.9105515151515152,121.32119999999999,1
36,13.2,50700.0,576,25.9,5466.61,17,9,0,0,5600.0,18.57,True,False,False,False,False,False,True,False,False,False,False,False,True,True,False,0.11045147038519951,0.0482863879248871,0.10782055580757775,0.8335580589254765,14.504000000000001,0
31,11.5,18700.0,684,5.78,10183.93,21,13,1,1,5200.0,14.09,False,False,False,True,False,True,False,False,True,False,False,False,False,False,True,0.2780599967916154,0.07774968144881403,0.5445660659857762,0.11889080291970804,3.0056000000000003,0
52,4.7,63300.0,643,29.77,9610.79,23,13,0,1,15200.0,17.08,False,False,False,True,False,False,True,False,True,False,False,False,False,False,True,0.24012258890064928,0.07172352101946765,0.15182682738029415,0.7895521739130434,45.2504,1
35,3.0,142987.5,670,3.36,13822.62,20,9,1,2,4300.0,14.67,False,False,False,True,False,True,False,True,False,False,False,False,False,True,False,0.03007234847557671,0.012450417847092683,0.09666945243848282,0.07345931445603576,1.4447999999999999,0
66,1.1,42700.0,623,26.85,36444.7325,20,12,0,2,8800.0,17.18,True,False,False,False,False,True,False,False,False,False,False,False,True,False,True,0.20608416664715112,0.06168438233017257,0.8534866279478232,0.739235576923077,23.628,0
67,3.7,51100.0,651,2.0,7198.34,23,13,1,1,23000.0,15.3,True,False,False,False,False,True,False,False,True,False,False,False,False,True,False,0.4500890393534373,0.18798379852503083,0.1408649537191053,0.04693251533742331,4.6,0
27,0.6,75000.0,704,22.8,8570.43,16,5,0,1,10700.0,16.37,True,False,False,False,False,True,False,True,False,False,False,False,False,False,True,0.14266476446980708,0.041963115087650264,0.11427087638831483,0.5294127659574469,24.396,0
67,7.8,59000.0,687,22.67,4573.29,19,9,0,0,1400.0,16.51,False,False,True,False,False,False,True,False,True,False,False,False,False,True,False,0.023728411382857917,0.010080609146861284,0.07751207606650734,0.5440140988372094,3.1738000000000004,0
63,0.9,25900.0,657,18.04,33794.44,21,11,0,2,9000.0,16.12,False,False,False,True,False,True,False,False,False,False,False,False,True,False,True,0.3474769313926103,0.10162246083205657,1.3047542565924097,0.44195258358662615,16.236,0
34,6.8,80100.0,515,15.09,5589.1,18,9,0,0,1600.0,20.585,False,False,False,True,False,False,True,True,False,False,False,False,False,False,True,0.019974781837929615,0.006427905514188383,0.06977565823148275,0.601991569767442,2.4144,1
50,2.0,64000.0,672,17.9,483.01,20,8,2,3,21900.0,17.27,False,False,True,False,False,False,True,False,False,False,False,False,True,False,True,0.34218215340385305,0.10262872931885814,0.007546913329479227,0.459335809806835,39.20099999999999,1
61,3.0,37400.0,681,3.04,14107.15,20,9,2,0,16800.0,14.02,False,False,False,True,True,False,False,False,True,False,False,False,False,True,False,0.44918585064570465,0.18422347445673004,0.377186438865271,0.062493841642228744,5.1072,0
49,0.6,97100.0,621,7.78,16704.12,14,9,0,1,18700.0,17.1,True,False,False,False,False,True,False,False,True,False,False,False,False,True,False,0.19258298060782073,0.08249901705844284,0.17202830042944975,0.21388745980707397,14.5486,0
41,12.0,69200.0,714,13.17,4875.46,25,13,0,2,27400.0,11.58,False,False,True,False,True,False,False,False,False,False,True,False,False,True,False,0.395948035433014,0.15683732860502683,0.07045360616176066,0.21329874125874126,36.085800000000006,0
44,1.8,59000.0,628,8.96,33767.63,15,7,0,0,25200.0,14.1,True,False,False,False,False,True,False,True,False,False,False,False,False,True,False,0.4271114048914425,0.17538820249507905,0.5723230114743817,0.20085214626391099,22.579200000000004,0
48,5.5,77400.0,763,34.07,4496.14,17,7,0,0,7500.0,13.19,False,False,False,True,True,False,False,False,True,False,False,False,False,True,False,0.09689797289440705,0.03927942258101584,0.05808891357992791,0.5881980366492147,25.552500000000002,0
56,4.7,60100.0,675,11.62,17877.28,17,13,0,5,5600.0,11.71,False,False,False,True,True,False,False,False,False,False,False,False,True,True,False,0.09317648624814895,0.036976064899791036,0.29745395251326934,0.20128727810650887,6.5072,0
46,5.8,59200.0,709,8.97,2547.14,13,6,0,1,2000.0,15.07,False,False,False,True,False,True,False,False,True,False,False,False,False,False,True,0.03378321312139998,0.009657511210275496,0.043025286735021366,0.19039140845070426,1.7940000000000003,0
54,1.4,142987.5,750,28.28,8450.32,10,5,1,0,2700.0,14.23,False,False,False,True,False,True,False,False,True,False,False,False,False,True,False,0.018882637414897003,0.007769104202957769,0.059097899481426824,0.535851398135819,7.635600000000001,0
63,0.0,142987.5,681,4.07,8616.44,17,9,0,1,7100.0,14.17,True,False,False,False,False,True,False,False,True,False,False,False,False,True,False,0.04965434283176619,0.020412475214095987,0.0602596712323019,0.08456290322580645,2.8897,0
46,5.4,20700.0,601,27.12,22981.5,21,12,0,1,9300.0,18.38,True,False,False,False,True,False,False,False,True,False,False,False,False,False,True,0.4492536592435148,0.1379406549213008,1.110163760204821,0.8280159468438538,25.221600000000002,1
31,10.9,69100.0,609,19.72,17038.48,13,7,1,1,2400.0,17.74,False,False,False,True,True,False,False,False,True,False,False,False,False,True,False,0.03473176943893721,0.015010945936898718,0.24657356622914284,0.5734963934426229,4.732799999999999,1
45,0.2,86200.0,673,25.56,4990.1,21,12,0,0,11200.0,16.33,False,False,False,True,True,False,False,False,True,False,False,False,False,True,False,0.1299288871358801,0.05506230114440669,0.05788911961578173,0.619280118694362,28.627200000000002,0
31,3.9,142987.5,707,6.84,36444.7325,9,3,1,0,14600.0,13.23,True,False,False,False,False,False,True,False,False,False,False,False,True,False,True,0.10210611342870231,0.0280210536733448,0.2548787664742269,0.12781525423728815,9.9864,0
33,1.2,52000.0,604,14.59,12459.5,32,15,0,1,2500.0,15.99,False,False,False,True,False,True,False,False,False,True,False,False,False,True,False,0.048075998538489643,0.020275376574933196,0.23960116151612468,0.38561008264462815,3.6475,0
31,14.4,34600.0,633,2.51,7500.74,18,9,0,0,1000.0,15.8,True,False,False,False,False,True,False,False,False,False,True,False,False,False,True,0.028900898817953238,0.008394285871069268,0.21677812779977457,0.06255205047318613,0.251,0
52,3.4,36300.0,689,30.54,7560.2,19,10,0,2,6400.0,15.67,False,False,True,False,False,True,False,False,True,False,False,False,False,True,False,0.17630368309412964,0.07401312076671052,0.20826423514503734,0.6935678260869566,19.5456,0
53,2.7,59200.0,590,8.5,36444.7325,17,10,0,1,1000.0,20.2,False,False,False,True,False,False,True,False,False,False,False,False,True,False,True,0.01689160656069999,0.005391871157018529,0.6156100825999561,0.2905245346869712,0.8500000000000001,1
65,8.4,106700.0,654,32.67,36327.23,17,11,0,0,3300.0,15.95,False,False,False,True,False,False,True,False,True,False,False,False,False,False,True,0.030927545196389912,0.009014387698486146,0.3404581962680762,0.7955519083969466,10.7811,0
22,0.5,139700.0,639,44.05500000000001,1169.76,18,11,0,0,1000.0,18.47,False,False,False,True,False,False,True,True,False,False,False,False,False,True,False,0.007158144895168968,0.0031254529885507303,0.008373311572572852,1.271399765625,4.405500000000001,1
23,0.3,122800.0,684,14.84,1480.39,18,9,0,2,34300.0,13.49,True,False,False,False,False,False,True,False,True,False,False,False,False,True,False,0.27931368637063214,0.11371668508125925,0.01205519499026881,0.2922505109489051,50.9012,0
67,0.1,38800.0,679,32.41,6590.81,22,12,1,0,17500.0,14.06,False,False,False,True,False,True,False,False,True,False,False,False,False,True,False,0.4510193036261952,0.18508253819062695,0.1698618592304322,0.6701244117647058,56.717499999999994,1
40,7.1,44600.0,625,25.27,1782.79,8,3,0,0,19000.0,16.71,False,False,False,True,True,False,False,False,False,False,False,False,True,True,False,0.4259994170534293,0.18147478523793448,0.039971973722562275,0.6745394568690096,48.013,1
49,14.0,35000.0,708,30.06,17592.79,24,18,1,0,3000.0,14.07,True,False,False,False,False,True,False,True,False,False,False,False,False,True,False,0.08571183680466272,0.03517705262652176,0.5026367818062342,0.5965362482369534,9.017999999999999,1
45,2.7,142987.5,719,12.94,9674.65,17,8,0,1,4100.0,10.32,False,False,False,True,False,True,False,False,False,False,False,True,False,True,False,0.028673634592991742,0.011153518653617987,0.06766033632075306,0.18547333333333332,5.3054,0
33,0.9,23200.0,732,15.64,8241.26,23,11,0,0,5200.0,12.43,False,False,False,True,True,False,False,False,False,True,False,False,False,False,True,0.22412827033317528,0.060384743520329506,0.3552114133011508,0.265218553888131,8.132800000000001,0
61,2.1,51000.0,722,14.72,20131.02,22,15,0,0,13000.0,13.75,False,False,False,True,True,False,False,False,True,False,False,False,False,True,False,0.2548969628046509,0.10414780663992103,0.39471814278151407,0.27994467496542186,19.136000000000003,0
53,0.6,63300.0,642,7.09,4899.72,19,13,1,2,13000.0,13.48,True,False,False,False,False,True,False,True,False,False,False,False,False,True,False,0.205368003665029,0.08359230276776998,0.0774035165321243,0.14863639191290826,9.217,0
34,2.0,54100.0,696,23.48,10944.34,14,5,0,1,4000.0,13.53,False,True,False,False,False,False,True,False,False,False,False,False,True,True,False,0.07393578676919096,0.030115138522672853,0.20229459714238185,0.4557882352941176,9.392000000000001,1
35,9.1,65700.0,752,8.47,3928.56,22,15,0,1,8700.0,14.12,True,False,False,False,False,False,True,True,False,False,False,False,False,False,True,0.132418075828374,0.03706636924865109,0.05979452367543873,0.1588265604249668,7.368900000000001,0
66,1.9,69100.0,673,9.77,1806.36,15,6,0,2,29400.0,13.43,False,False,False,True,False,True,False,False,False,False,False,False,True,False,True,0.4254641756269808,0.11727567476431681,0.026140866268216087,0.19467522255192876,28.723799999999997,0
48,5.1,45900.0,717,23.82,19908.55,12,3,0,0,4900.0,14.72,False,False,False,True,True,False,False,True,False,False,False,False,False,False,True,0.10675148689571033,0.03028011429140112,0.43372802335461097,0.4883431754874652,11.6718,0
21,0.8,51300.0,698,11.84,2112.67,14,8,1,0,12700.0,13.26,False,False,False,True,False,False,True,False,True,False,False,False,False,True,False,0.2475585271242276,0.10044559665878473,0.041181848307050545,0.22460429184549358,15.0368,0
24,0.5,53400.0,668,14.96,2871.77,14,8,0,0,6100.0,15.36,True,False,False,False,False,True,False,False,False,False,True,False,False,True,False,0.11423007059792888,0.04775005100962122,0.053777457350985935,0.3434762331838565,9.1256,0
52,2.5,45200.0,657,20.87,79.21,17,12,0,1,20300.0,16.28,False,False,False,True,False,False,True,False,True,False,False,False,False,True,False,0.4491051082940643,0.19016999411679103,0.001752394858520829,0.5163580547112463,42.366099999999996,1
26,7.7,78400.0,619,17.16,2237.04,11,5,0,0,2600.0,16.29,False,False,False,True,False,True,False,False,True,False,False,False,False,True,False,0.033162842310684816,0.014045958283493441,0.02853330952411321,0.4508651612903226,4.4616,1
36,0.4,76300.0,641,22.62,5755.05,13,6,0,0,6100.0,17.5,True,False,False,False,False,True,False,True,False,False,False,False,False,False,True,0.07994652756844603,0.02409773095719167,0.07542561696439103,0.616588785046729,13.7982,1
57,2.3,58600.0,661,15.36,8032.56,19,11,0,0,3200.0,14.71,False,False,False,True,True,False,False,False,True,False,False,False,False,True,False,0.05460657667957885,0.022618264843828877,0.13707206361666183,0.3413075528700907,4.9152,1
32,2.7,82600.0,709,18.53,36444.7325,14,5,0,0,20100.0,14.05,True,False,False,False,False,False,True,False,False,True,False,False,False,True,False,0.24333845837217466,0.09985840967580228,0.4412141802157359,0.3666852112676057,37.2453,1
47,0.2,49400.0,715,26.45,14613.04,11,6,0,0,22200.0,12.15,False,False,False,True,False,True,False,True,False,False,False,False,False,True,False,0.44938361571628105,0.17945822780384968,0.29580453836966863,0.4488372905027933,58.719,1
60,2.5,43300.0,689,22.07,1117.07,21,11,0,0,12700.0,12.8,True,False,False,False,False,True,False,False,False,True,False,False,False,True,False,0.29329576684141245,0.11821872738230328,0.02579778757996351,0.40941449275362324,28.0289,0
33,4.3,89500.0,621,20.2,3604.76,16,9,0,0,26200.0,15.64,True,False,False,False,False,True,False,False,True,False,False,False,False,True,False,0.2927341593948671,0.12286144120353619,0.040276198031306915,0.5079228295819935,52.924,1
35,1.3,61000.0,708,13.8,8510.36,20,8,0,1,16000.0,14.84,False,False,False,True,False,False,True,False,False,False,True,False,False,True,False,0.2622907821183259,0.10884267366702477,0.13951181128178228,0.2888462623413258,22.080000000000002,1
47,0.7,53300.0,709,13.9,30609.46,15,10,0,4,6300.0,14.84,False,False,False,True,False,False,True,False,False,False,True,False,False,False,True,0.11819665672313841,0.03361673953206498,0.5742755295397834,0.29052957746478875,8.757,1
29,5.0,34100.0,697,17.5,4712.03,21,12,0,4,1000.0,12.68,False,False,False,True,False,True,False,False,False,False,False,False,True,True,False,0.029324653235975485,0.011798789899064402,0.13817864578751354,0.3179083094555874,1.75,1
66,24.2,64300.0,658,16.33,17421.76,23,13,0,0,2800.0,15.7,True,False,False,False,False,True,False,False,True,False,False,False,False,False,True,0.043545201474316106,0.012621914440844649,0.2709407318704219,0.38904552352048555,4.5724,0
50,1.3,77600.0,614,17.45,9951.48,18,10,0,0,7900.0,17.63,True,False,False,False,True,False,False,False,True,False,False,False,False,True,False,0.10180281181943532,0.04393234215866686,0.12823906908416127,0.5002333333333333,13.7855,0
21,8.3,83500.0,603,28.66,654.69,23,12,0,0,13700.0,17.05,True,False,False,False,False,False,True,False,False,False,False,False,True,False,True,0.16406989137854636,0.04897720820111323,0.007840504904132885,0.8090281456953643,39.2642,1
49,10.8,95200.0,727,20.7,9321.28,10,3,0,2,29000.0,14.33,False,False,False,True,False,False,True,False,True,False,False,False,False,True,False,0.3046186489637714,0.1255059030531971,0.09791157655906976,0.4074601648351648,60.029999999999994,1
33,4.9,21800.0,686,13.96,30100.32,19,10,1,1,9800.0,15.32,True,False,False,False,False,False,True,False,False,False,True,False,False,False,True,0.4495206641897161,0.1291714682815823,1.3806852896656117,0.3113059679767104,13.680800000000001,1
30,8.0,19700.0,702,41.02,10846.53,21,12,0,0,8900.0,14.2,False,False,True,False,False,False,True,False,False,False,False,False,True,True,False,0.4517537180853764,0.18570179581090704,0.5505573321151211,0.8285689900426743,36.5078,1
29,5.8,58900.0,658,44.05500000000001,21225.22,16,13,0,1,19400.0,16.88,True,False,False,False,False,True,False,False,False,True,False,False,False,True,False,0.3293662246820937,0.140651451798268,0.3603541535797355,1.1284497723823976,85.46670000000002,1
41,0.4,57100.0,784,3.64,17277.56,17,11,0,0,23500.0,9.99,False,False,False,True,True,False,False,True,False,False,False,False,False,False,True,0.41155146144550886,0.10488652381086971,0.3025789390728709,0.04632305732484077,8.554,0
53,12.8,31500.0,819,12.7,14942.85,11,7,0,4,14000.0,8.785000000000002,False,False,True,False,False,True,False,False,True,False,False,False,False,True,False,0.44443033554490335,0.16900102344044993,0.47436113139265423,0.13606036585365855,17.779999999999998,0
28,1.2,85400.0,730,17.23,9131.47,13,8,0,3,2000.0,12.32,True,False,False,False,False,True,False,False,True,False,False,False,False,True,False,0.02341892952073161,0.00937592527025536,0.10692462617533752,0.29038796169630643,3.446,0
26,2.4,43100.0,708,19.28,13791.81,21,14,0,1,5800.0,12.88,False,False,False,True,False,False,True,False,True,False,False,False,False,True,False,0.13456764344214753,0.05430224155945652,0.3199881673279042,0.35024880112834983,11.1824,1
59,6.2,135700.0,755,10.19,3618.1,15,7,0,0,5200.0,10.06,True,False,False,False,False,False,True,False,True,False,False,False,False,True,False,0.03831954075504233,0.014849318595187622,0.02666229430881128,0.13559708994708994,5.2988,0
43,4.5,55200.0,786,20.78,2424.97,11,5,0,2,1000.0,14.1,False,False,False,True,True,False,False,False,False,False,True,False,False,False,True,0.018115613847575224,0.005068490996178549,0.04392982011195449,0.3722973316391359,2.0780000000000003,0
35,1.3,94800.0,645,9.99,8875.66,17,11,0,0,1000.0,14.73,False,False,False,True,False,True,False,False,True,False,False,False,False,True,False,0.010548411936582947,0.0043707447698825225,0.0936241178890518,0.22779055727554182,0.9990000000000001,0
59,7.9,54800.0,646,28.07,6680.78,21,9,2,3,24700.0,17.5,False,False,False,True,False,True,False,False,True,False,False,False,False,False,True,0.4507217021587197,0.13585025448145466,0.12190981916388387,0.7592349304482227,69.33290000000001,1
55,1.7,119100.0,589,27.45,3007.7,20,10,1,2,10100.0,20.02,False,False,False,True,False,True,False,False,False,False,False,False,True,False,True,0.08480197479450215,0.026969638710510245,0.025253356394992484,0.9314389830508474,27.7245,0
25,2.1,39600.0,715,32.39,13884.7,17,10,0,0,1000.0,13.49,True,False,False,False,False,True,False,False,True,False,False,False,False,True,False,0.0252518875785965,0.010278839972367249,0.35061488346253883,0.6102529329608939,3.2390000000000003,1
36,12.2,25000.0,648,16.73,546.26,23,13,0,0,3600.0,14.75,True,False,False,False,False,True,False,False,True,False,False,False,False,True,False,0.14399424023039079,0.05966171419187725,0.02184952601895924,0.38022727272727275,6.0228,0
63,0.3,60200.0,731,19.52,22027.3,22,13,2,0,6500.0,15.01,False,False,True,False,False,False,True,False,False,False,False,False,True,False,True,0.10797162837826614,0.030824819030537617,0.36589591535024335,0.40026666666666666,12.688,0
32,11.7,31300.0,722,22.83,15705.65,18,8,0,0,2400.0,17.78,False,False,True,False,False,False,True,True,False,False,False,False,False,False,True,0.07667486661767994,0.023246305346474913,0.5017619245391521,0.5614348547717842,5.4792,0
52,1.8,40300.0,692,8.89,2471.48,20,10,0,5,4400.0,11.5,True,False,False,False,False,True,False,True,False,False,False,False,False,True,False,0.10917843229696533,0.04319143529602037,0.06132552542120543,0.14752525252525253,3.9116000000000004,1
21,5.0,104200.0,590,44.05500000000001,18229.28,17,12,0,0,33300.0,20.18,False,False,True,False,False,True,False,True,False,False,False,False,False,True,False,0.3195746681893648,0.14285535757171486,0.17494342664657728,1.5042807106598988,146.70315000000002,1
55,2.0,109400.0,619,16.94,598.8,17,8,0,1,10800.0,18.66,False,False,False,True,False,True,False,False,False,False,False,False,True,True,False,0.0987193901335454,0.04321620200966628,0.005473441741848794,0.5098393548387098,18.2952,0
50,5.5,27800.0,686,9.59,1494.41,15,8,1,1,6600.0,15.95,True,False,False,False,False,False,True,False,False,False,False,False,True,False,True,0.23740153231898134,0.06917469725879861,0.05375382180497105,0.2226499272197962,6.329400000000001,1
37,12.1,43200.0,610,15.45,36444.7325,15,9,1,0,2800.0,17.7,False,False,False,True,False,True,False,False,False,False,False,True,False,True,False,0.06481331450660864,0.027993840867827205,0.8436085391541862,0.447569558101473,4.3260000000000005,1
64,1.9,64600.0,734,24.92,1311.79,16,6,0,0,10700.0,12.48,False,False,False,True,True,False,False,False,False,True,False,False,False,True,False,0.1656321109580347,0.06646155366236474,0.02030603241435891,0.42313142857142866,26.664400000000004,0
30,2.7,28900.0,725,26.05,8122.28,19,12,0,1,13000.0,13.96,False,False,True,False,False,True,False,False,False,False,False,False,True,False,True,0.44981142521020034,0.12543625123090552,0.28103802636586966,0.5009063360881543,33.865,1
55,10.7,111500.0,636,26.73,2292.33,16,9,0,0,2200.0,15.09,False,False,False,True,False,False,True,False,True,False,False,False,False,True,False,0.019730764746504516,0.008217309688689403,0.02055882906879759,0.6332114599686028,5.8806,0
46,9.4,104300.0,655,8.81,20659.15,14,8,0,0,1000.0,13.71,False,False,True,False,False,True,False,False,False,False,True,False,False,True,False,0.009587635784891803,0.003915593441702585,0.19807240582544752,0.18412362804878052,0.8810000000000001,0
40,6.3,34700.0,696,44.05500000000001,4770.14,3,1,0,3,9200.0,15.25,False,False,False,True,False,False,True,True,False,False,False,False,False,True,False,0.2651220425924325,0.11064133207990039,0.13746405002737674,0.9639006456241035,40.53060000000001,1
49,3.0,48800.0,680,22.73,614.71,19,8,0,0,22000.0,16.5,True,False,False,False,False,False,True,False,False,False,False,True,False,False,True,0.4508104342124137,0.13296553243934095,0.012596258273396038,0.550726872246696,50.00600000000001,1
49,15.8,36000.0,740,27.85,14221.88,22,10,0,1,12100.0,11.59,False,False,False,True,False,True,False,False,True,False,False,False,False,True,False,0.3361017749506958,0.13313155536271112,0.39504124885419845,0.4356025641025641,33.6985,1
35,12.0,40900.0,749,26.93,13311.48,20,13,1,0,7400.0,12.53,False,False,False,True,False,False,True,True,False,False,False,False,False,False,True,0.18092467176841642,0.048865177956127166,0.32545610131781616,0.4499105333333333,19.9282,1
42,0.4,45500.0,700,33.53,12730.5,19,13,0,2,1000.0,15.47,True,False,False,False,False,False,True,False,True,False,False,False,False,True,False,0.021977538955187798,0.009200896027038828,0.2797850596690183,0.7399559201141227,3.353,0
23,3.0,142987.5,576,17.95,29651.33,13,7,0,1,4200.0,17.26,True,False,False,False,False,False,True,False,True,False,False,False,False,True,False,0.029372991534284226,0.012611413925126888,0.20736863454054,0.536944540727903,7.539,0
58,1.9,56900.0,725,16.02,26223.06,25,12,0,3,6300.0,13.42,False,False,False,True,True,False,False,False,False,False,False,False,True,True,False,0.1107186165445247,0.04502711923910503,0.4608541150419149,0.2961272727272727,10.0926,0
35,5.4,22300.0,626,16.77,10444.02,14,6,0,1,6500.0,15.04,True,False,False,False,False,False,True,False,True,False,False,False,False,True,False,0.2914667503699386,0.12125420179555474,0.46832070310748397,0.40226602870813394,10.900500000000001,1
44,2.7,60300.0,676,6.44,9727.07,21,12,0,0,27100.0,13.43,True,False,False,False,False,True,False,False,True,False,False,False,False,False,True,0.4494121158853087,0.12387384882614974,0.16130860184739887,0.1277536189069424,17.4524,0
32,1.2,59900.0,674,6.77,5022.85,16,10,0,0,12100.0,12.19,True,False,False,False,False,False,True,False,True,False,False,False,False,True,False,0.20199996661157577,0.080716800781905,0.08385252333016144,0.12226118518518517,8.191699999999999,0
28,3.9,68100.0,605,15.19,5328.84,19,8,0,1,3500.0,16.48,False,False,False,True,False,True,False,False,True,False,False,False,False,True,False,0.05139425265414605,0.021825342327375367,0.07824907123243419,0.41308778877887786,5.3165,1
23,14.2,27400.0,601,13.13,4033.04,17,11,0,0,12300.0,16.87,True,False,False,False,False,True,False,False,False,False,False,True,False,True,False,0.44888872668880697,0.19162403248226573,0.14718586912886392,0.3679453488372093,16.149900000000002,0
67,1.5,142987.5,682,25.57,2221.1,17,8,0,0,18700.0,16.49,False,False,False,True,False,False,True,False,True,False,False,False,False,True,False,0.13077974802169406,0.05555006240531331,0.015533417023047308,0.6173489019033674,47.815900000000006,0
60,0.3,39300.0,660,12.47,23483.68,13,5,0,1,13800.0,14.24,False,False,False,True,False,True,False,False,False,False,True,False,False,True,False,0.351136103407038,0.14446321612187923,0.5975339049896949,0.2686426626323752,17.2086,0
33,0.6,101900.0,597,29.39,10244.69,12,4,0,2,18000.0,18.74,True,False,False,False,True,False,False,False,False,False,False,True,False,True,False,0.17664203491624222,0.07741320719510411,0.10053571603811542,0.9210177257525084,52.902,1
43,3.0,67400.0,622,12.18,9065.21,29,26,0,1,4900.0,16.44,False,False,False,True,True,False,False,False,True,False,False,False,False,True,False,0.07269921811249092,0.030855475328395672,0.13449666918888442,0.3214112359550562,5.9681999999999995,1
67,5.8,46100.0,611,13.71,3889.01,23,14,0,0,14700.0,16.27,True,False,False,False,False,False,True,False,True,False,False,False,False,True,False,0.31886510054011846,0.1350026093325082,0.0843584737858181,0.36447990196078434,20.1537,0
53,0.8,76600.0,710,6.39,14588.58,14,9,0,0,3500.0,12.99,True,False,False,False,False,False,True,True,False,False,False,False,False,True,False,0.04569130951293064,0.018468956487585602,0.1904489497526142,0.11674556962025318,2.2365,0
39,1.0,48900.0,693,21.12,12254.37,23,13,2,1,2800.0,16.71,False,False,False,True,False,False,True,False,True,False,False,False,False,True,False,0.057258542770086504,0.024392538192432867,0.2505954888448089,0.5085233429394813,5.913600000000001,1
21,2.8,105000.0,718,9.76,10294.48,18,12,0,0,31300.0,12.11,False,False,False,True,False,True,False,False,True,False,False,False,False,True,False,0.2980923991200084,0.11898675677692373,0.0980417329358768,0.16438609179415853,30.5488,0
31,5.0,38000.0,708,12.03,10765.48,23,11,1,1,17100.0,10.22,False,False,False,True,False,True,False,False,True,False,False,False,False,True,False,0.449988158206363,0.17474591958539903,0.28329465014078575,0.17340846262341325,20.571299999999997,1
59,12.4,100700.0,647,23.26,709.52,17,10,0,0,34300.0,16.26,False,False,True,False,True,False,False,False,True,False,False,False,False,True,False,0.3406123077228627,0.14420847885337845,0.007045808879752932,0.5836537037037038,79.7818,1
46,11.1,76500.0,649,9.01,538.37,22,11,1,0,6300.0,18.07,False,False,False,True,False,False,True,False,True,False,False,False,False,True,False,0.08235186468150743,0.03575617631883313,0.007037424347394152,0.250478,5.6763,0
54,1.5,59300.0,689,31.35,11949.84,20,10,2,0,21100.0,13.27,True,False,False,False,True,False,False,False,True,False,False,False,False,True,False,0.35581187501053946,0.1443936175716647,0.20151161025952344,0.6029195652173913,66.1485,1
64,15.1,88000.0,641,15.19,85.41,9,6,0,0,15500.0,17.17,True,False,False,False,False,False,True,True,False,False,False,False,False,False,True,0.1761343621095215,0.05271551635103909,0.0009705571527596277,0.4062496884735202,23.5445,0
53,0.6,32400.0,574,13.03,29077.73,16,9,0,4,3400.0,16.94,False,True,False,False,False,True,False,False,True,False,False,False,False,True,False,0.10493503286935589,0.04484182538579569,0.8974331039165457,0.3838751304347826,4.4302,1
24,0.4,142987.5,609,17.88,8446.59,13,7,0,0,2100.0,16.29,True,False,False,False,False,True,False,False,False,False,False,False,True,True,False,0.014686495767142113,0.006220787027881227,0.059071813467516616,0.4774839344262295,3.7547999999999995,1
31,2.9,16900.0,705,25.68,13617.61,18,10,1,0,1500.0,17.94,False,False,False,True,True,False,False,True,False,False,False,False,False,False,True,0.08875214484350039,0.026992335564630678,0.8057280634281996,0.6525484419263456,3.852,1
56,1.4,42800.0,785,40.04,3921.22,19,13,0,0,5400.0,15.16,True,False,False,False,False,False,True,True,False,False,False,False,False,True,False,0.12616527651223103,0.05258791606085764,0.0916151491787575,0.7722727735368956,21.6216,0
28,3.0,26100.0,711,15.77,2876.46,15,10,0,0,11700.0,11.63,False,False,False,True,False,True,False,False,False,False,False,False,True,True,False,0.4482586874066128,0.1776392709385143,0.11020497298954063,0.25759143258426964,18.450899999999997,1
52,0.0,30000.0,674,2.0,17476.88,11,8,0,2,11300.0,10.15,True,False,False,False,False,False,True,False,True,False,False,False,False,True,False,0.3766541115296157,0.14610776733323916,0.5825432485583815,0.030074074074074076,2.26,1
31,17.4,37800.0,585,29.57,1629.49,22,11,0,1,17000.0,16.67,False,False,True,False,False,True,False,False,True,False,False,False,False,True,False,0.4497235522869765,0.19146557928379626,0.04310706065977091,0.8411807167235495,50.269,1
35,2.4,38700.0,758,9.54,4679.51,19,10,0,0,7800.0,12.42,True,False,False,False,True,False,False,False,False,False,False,False,True,True,False,0.20154517971111857,0.08079326823419163,0.1209144466551252,0.1561090909090909,7.441199999999999,0
56,3.0,29700.0,601,12.67,2283.63,13,9,0,1,13400.0,17.41,False,False,False,True,True,False,False,False,False,False,False,False,True,True,False,0.4511632604962796,0.19405706692233093,0.07688731019157605,0.36641976744186044,16.977800000000002,1
39,4.1,77700.0,690,14.78,36444.7325,22,8,0,0,1000.0,11.34,False,False,True,False,False,False,True,False,False,True,False,False,False,True,False,0.012869847234913322,0.005080290834198807,0.46903813979228065,0.24255455861070913,1.478,0
39,10.7,34600.0,735,2.0,15943.53,23,13,0,0,8900.0,11.35,False,False,False,True,False,True,False,False,False,False,True,False,False,True,False,0.2572179994797838,0.10153193567490063,0.46078234733100204,0.030842391304347825,1.78,0
38,0.8,15900.0,633,6.16,3678.91,20,10,0,0,7200.0,13.33,True,False,False,False,False,True,False,False,True,False,False,False,False,True,False,0.45280171058423996,0.18381784741297885,0.2313634362618703,0.1295154574132492,4.4352,1
45,0.7,32400.0,629,28.91,18773.72,21,14,0,0,5300.0,18.58,True,False,False,False,False,True,False,False,True,False,False,False,False,True,False,0.16357519829634887,0.0715117696681755,0.5794179192000247,0.8526155555555555,15.3223,1
60,3.5,68500.0,740,14.81,2025.68,15,7,0,2,14800.0,12.53,False,False,False,True,False,False,True,False,False,True,False,False,False,False,True,0.21605524006948804,0.05835976648006407,0.029571539101618954,0.25043090418353575,21.9188,0
59,3.0,114100.0,703,14.08,2092.67,15,8,0,0,10400.0,13.97,False,False,False,True,False,False,True,False,True,False,False,False,False,False,True,0.09114731685086021,0.025430603636075952,0.018340505341758618,0.27940000000000004,14.6432,0
33,3.0,98700.0,684,6.34,14118.67,13,6,0,2,3100.0,13.39,False,False,False,True,False,False,True,False,True,False,False,False,False,True,False,0.03140798978733751,0.012768603448511738,0.14304485263573824,0.12393080291970802,1.9654,0
25,4.7,58100.0,653,23.67,30.73,18,10,0,0,13600.0,15.85,False,False,False,True,False,True,False,False,True,False,False,False,False,True,False,0.23407514500611004,0.09852610973290538,0.0005289065592674825,0.5736536697247707,32.1912,1
56,2.6,59300.0,679,18.06,7329.25,22,11,0,0,23100.0,13.29,True,False,False,False,True,False,False,False,False,True,False,False,False,True,False,0.38953811908736785,0.15812534381331175,0.12359403720004722,0.35296676470588234,41.718599999999995,1
62,5.5,45000.0,668,5.65,12627.11,20,11,1,0,7600.0,14.28,True,False,False,False,False,True,False,False,False,False,False,False,True,False,True,0.1688851358858692,0.04743904996641097,0.2805962089731339,0.12060089686098655,4.2940000000000005,0
41,2.8,142987.5,689,4.15,1922.32,17,9,0,5,17500.0,12.51,True,False,False,False,False,False,True,False,False,False,False,False,True,True,False,0.12238746472618427,0.04913491769815231,0.013443878353853632,0.0752413043478261,7.262500000000001,0
38,1.0,29400.0,719,12.08,6402.82,24,12,0,1,11600.0,12.61,True,False,False,False,False,False,True,False,True,False,False,False,False,False,True,0.39454440325159007,0.10674237184951381,0.21777558586442636,0.21156777777777777,14.012799999999999,0
35,1.3,46200.0,652,31.77,23460.05,17,12,0,0,13300.0,16.27,False,False,False,True,False,False,True,False,True,False,False,False,False,True,False,0.2878725568710634,0.12188090303206316,0.5077822990844354,0.7915741194486983,42.2541,1
66,1.2,40700.0,735,36.64,26521.25,21,12,0,1,1700.0,14.44,False,False,False,True,False,True,False,False,False,False,True,False,False,True,False,0.04176801552787401,0.017233030634214674,0.6516117540109579,0.7188608695652173,6.228800000000001,1
64,4.2,51800.0,660,22.05,20405.43,24,15,1,5,11900.0,15.74,False,False,False,True,False,False,True,False,False,False,False,False,True,True,False,0.22972529487847726,0.09654353059830781,0.39391961545143916,0.5250635400907716,26.2395,1
35,4.1,22800.0,613,7.61,1043.46,14,9,0,1,1800.0,16.11,False,False,False,True,True,False,False,False,False,True,False,False,False,True,False,0.07894390596903644,0.03334058703097994,0.04576378229025043,0.19966954397394138,1.3698,1
54,1.8,15000.0,649,13.92,6796.78,21,11,0,0,6800.0,16.79,False,False,True,False,True,False,False,False,True,False,False,False,False,True,False,0.45330311312579163,0.19322817773370712,0.45308846076928205,0.3595643076923077,9.4656,1
54,0.6,75300.0,746,12.35,13844.4,16,9,0,2,11700.0,12.67,False,False,False,True,True,False,False,False,False,False,False,True,False,False,True,0.15537642262386953,0.04210303514757711,0.18385413208323925,0.20947054886211514,14.449499999999999,0
46,8.9,36500.0,723,29.9,2740.83,23,11,0,2,10600.0,14.31,True,False,False,False,False,False,True,False,False,False,True,False,False,False,True,0.29040300265746144,0.08162259613633911,0.07508917563902359,0.5909792817679558,31.694,1
59,3.0,99100.0,663,15.75,5761.05,16,10,0,0,4400.0,13.8,False,False,False,True,True,False,False,False,False,False,False,False,True,True,False,0.04439914834360904,0.018155765238914334,0.05813311671930657,0.3273343373493976,6.93,0
33,0.0,35000.0,675,24.56,27487.9,20,11,0,3,1000.0,15.8,True,False,False,False,True,False,False,False,False,False,False,False,True,True,False,0.02857061226822091,0.012015893665450134,0.7853461329676296,0.5740355029585799,2.456,0
60,4.6,40400.0,640,3.84,13291.13,21,15,0,0,18200.0,16.0,True,False,False,False,False,True,False,False,True,False,False,False,False,True,False,0.45048389891339324,0.19000039629661541,0.32898022326180043,0.09585023400936037,6.9888,0
47,2.0,29100.0,668,20.95,2946.78,18,6,0,0,13100.0,15.11,False,False,False,True,False,False,True,False,True,False,False,False,False,False,True,0.45015635201539467,0.12877369893418447,0.10126043778564311,0.47317563527653206,27.4445,1
52,5.8,35900.0,693,18.21,11217.16,21,10,0,0,1000.0,12.47,False,False,False,True,False,False,True,False,False,False,False,False,True,True,False,0.027854377315395116,0.011173726257357186,0.31244700704715744,0.3272027377521614,1.8210000000000002,0
34,4.3,37000.0,738,9.21,36375.14,19,11,0,1,8800.0,13.5,False,False,False,True,False,False,True,False,True,False,False,False,False,True,False,0.23783140996189292,0.09682174273618277,0.9830853220183238,0.16824763193504738,8.104800000000001,0
59,4.0,18900.0,764,29.81,12465.55,28,13,0,1,8500.0,13.54,True,False,False,False,False,False,True,False,True,False,False,False,False,False,True,0.44971165546796465,0.1242124979076599,0.6595180149198455,0.5276175163398692,25.3385,1
32,11.4,65100.0,619,15.35,2171.44,21,9,0,0,29300.0,16.75,True,False,False,False,True,False,False,True,False,False,False,False,False,True,False,0.4500698913995177,0.1918509068398958,0.03335494078431975,0.4146975806451613,44.975500000000004,1
65,12.4,45800.0,661,44.05500000000001,1583.77,18,11,0,0,4400.0,18.23,False,False,False,True,True,False,False,False,True,False,False,False,False,True,False,0.0960677714460383,0.04180005315411351,0.03457937599615729,1.2131762084592148,19.384200000000003,1
34,1.6,40300.0,721,20.51,1583.38,11,4,1,0,1000.0,13.48,False,False,True,False,True,False,False,False,True,False,False,False,False,True,False,0.024813280067492123,0.01009891285059813,0.03928885139326568,0.3829290858725762,2.051,0
44,7.5,64300.0,731,14.41,657.19,14,9,0,1,3800.0,13.44,True,False,False,False,True,False,False,False,False,False,False,False,True,True,False,0.059097059143714714,0.024041020166845936,0.010220525341752074,0.2645770491803279,5.4758000000000004,0
33,11.0,45600.0,602,13.46,22104.01,26,13,3,1,3900.0,17.75,True,False,False,False,False,False,True,False,False,False,False,False,True,False,True,0.08552444025350321,0.025915478542118165,0.484726431437907,0.3962106135986733,5.2494000000000005,1
32,4.5,22900.0,650,13.1,791.81,23,14,0,0,10300.0,13.42,False,False,False,True,True,False,False,False,False,True,False,False,False,True,False,0.4497620191258024,0.18285703980169984,0.034575346054757435,0.2700491551459293,13.493,1
21,0.6,28800.0,740,5.12,16790.48,10,4,0,0,1000.0,11.38,True,False,False,False,False,False,True,False,False,False,False,False,True,True,False,0.034721016631366966,0.013710522470593067,0.5829825353286344,0.0786310391363023,0.512,0
40,1.7,89500.0,645,44.05500000000001,25479.06,16,8,1,0,16500.0,19.3,True,False,False,False,False,True,False,False,False,True,False,False,False,True,False,0.18435548206165295,0.08141879859705342,0.28467905386531994,1.3161942724458207,72.69075000000001,1
26,2.1,83300.0,646,8.29,7630.7,23,11,0,0,9100.0,13.51,False,False,False,True,False,True,False,False,False,False,False,True,False,True,False,0.10924238604578576,0.044486527454739494,0.09160394232962389,0.173103400309119,7.5439,0
56,0.2,55200.0,710,4.15,3657.44,14,9,1,0,13200.0,11.11,False,False,False,True,False,False,True,False,True,False,False,False,False,True,False,0.23912610278799298,0.0940749846813702,0.06625677071067554,0.06484739803094235,5.478000000000001,0
65,3.8,41500.0,607,21.09,8873.19,9,4,3,0,18700.0,17.02,False,False,False,True,False,True,False,False,True,False,False,False,False,False,True,0.4505915520107949,0.13440285850043296,0.213806655261319,0.59038125,39.438300000000005,1
47,3.0,36300.0,632,18.57,5459.68,16,7,0,4,16300.0,16.3,False,False,True,False,False,False,True,False,False,False,False,False,True,True,False,0.44902344288036145,0.19017738524060973,0.15040026445552465,0.4781848341232228,30.269099999999998,1
25,3.8,80700.0,641,13.13,6968.0,12,9,0,0,34300.0,16.1,True,False,False,False,True,False,False,False,True,False,False,False,False,False,True,0.4250257121968749,0.1242838128342052,0.086343415818887,0.32927258566978196,45.035900000000005,1
52,1.3,24700.0,666,2.0,36444.7325,18,9,0,1,11100.0,14.58,False,True,False,False,False,True,False,False,True,False,False,False,False,True,False,0.4493745192502328,0.18574266876510204,1.4754355086838589,0.043718140929535236,2.22,0
32,2.0,37200.0,614,9.96,4661.67,13,4,0,1,6900.0,15.14,True,False,False,False,True,False,False,False,False,False,False,False,True,True,False,0.18547888497621032,0.07728606636136476,0.12531034111986236,0.24519414634146344,6.8724,1
30,8.6,42000.0,677,21.78,1170.97,19,11,0,2,8700.0,11.62,False,False,False,True,False,False,True,False,False,True,False,False,False,True,False,0.20713792528749317,0.08208741198776096,0.0278795742958501,0.3732796460176991,18.948600000000003,0
24,9.2,21700.0,601,15.54,18919.66,18,11,0,0,9800.0,16.08,False,False,False,True,False,True,False,False,True,False,False,False,False,True,False,0.45159209253029814,0.19063712862637733,0.8718335560573245,0.4150883720930232,15.229199999999999,1
57,2.1,22500.0,771,9.82,1382.32,14,11,0,0,6500.0,11.17,False,False,True,False,True,False,False,False,True,False,False,False,False,True,False,0.28887604995333543,0.11371286269954901,0.06143371405715301,0.14208471502590675,6.383,0
32,0.4,64700.0,723,20.08,8187.26,26,19,2,0,4700.0,14.34,True,False,False,False,False,False,True,False,True,False,False,False,False,True,False,0.07264184479374353,0.02993177504320812,0.12653992983106907,0.39771712707182316,9.437599999999998,0
46,8.4,68700.0,724,9.53,2271.07,15,8,0,0,30900.0,11.85,True,False,False,False,True,False,False,True,False,False,False,False,False,True,False,0.4497751124437781,0.1788525696503562,0.03305730629830716,0.1557662068965517,29.447699999999998,0
64,1.4,28600.0,735,20.57,18660.82,22,13,0,0,2200.0,12.48,False,False,False,True,False,True,False,True,False,False,False,False,False,True,False,0.07692038739904199,0.030858467957082126,0.6524534107199049,0.348795652173913,4.5254,0
41,7.2,25800.0,646,19.18,16329.21,17,4,1,1,11100.0,15.29,False,False,False,True,False,True,False,False,True,False,False,False,False,False,True,0.430215883105306,0.12355226581292239,0.6328905856362156,0.45326460587326123,21.289800000000003,1
61,0.8,41600.0,651,29.85,4721.27,26,15,0,0,18700.0,14.37,True,False,False,False,False,True,False,False,False,False,False,False,True,True,False,0.4495084252782385,0.18527943341977401,0.11348933919857697,0.6578903374233129,55.819500000000005,0
30,3.4,22300.0,746,7.73,3308.68,24,17,0,0,1000.0,9.61,True,False,False,False,False,True,False,False,True,False,False,False,False,True,False,0.04484103851845209,0.017255859349967293,0.14836464732523205,0.09944484605087016,0.7730000000000001,0
46,0.5,38600.0,699,15.69,11336.59,20,11,0,1,17400.0,14.72,False,False,False,True,True,False,False,False,True,False,False,False,False,True,False,0.4507655242092174,0.1867171688406329,0.2936864329939639,0.32993828571428574,27.3006,1
58,1.1,44400.0,759,8.81,19999.17,26,10,0,1,20000.0,11.22,True,False,False,False,False,False,True,True,False,False,False,False,False,False,True,0.4504403053985271,0.11808862352114707,0.45042161212585297,0.13006342105263158,17.62,0
53,2.4,78100.0,712,10.51,1590.93,15,7,0,0,11900.0,12.56,False,False,False,True,False,True,False,False,True,False,False,False,False,True,False,0.15236680708313594,0.061210676345133976,0.020370161713678444,0.1851410939691445,12.5069,1
45,0.1,53200.0,702,16.3,18673.52,12,7,0,1,14900.0,13.4,True,False,False,False,False,False,True,True,False,False,False,False,False,False,True,0.2800699234976786,0.07714340539256685,0.35099941730418605,0.31069701280227596,24.287000000000003,1
60,2.1,63900.0,652,4.1,24974.91,14,6,0,1,3800.0,14.96,True,False,False,False,False,False,True,False,True,False,False,False,False,False,True,0.05946698799705795,0.01695868705681972,0.39083754557831646,0.09392955589586524,1.5579999999999998,0
65,3.6,40500.0,626,44.05500000000001,12504.0,22,11,0,0,11100.0,18.22,False,False,True,False,True,False,False,False,False,False,True,False,False,True,False,0.2740673069800746,0.11922917064688905,0.30873311770079753,1.2801947368421054,48.90105000000001,1
65,0.3,142987.5,719,32.6,9371.79,12,8,0,1,10800.0,14.16,True,False,False,False,False,False,True,True,False,False,False,False,False,True,False,0.07553054965958801,0.031045554486381768,0.06554226388835466,0.6411333333333334,35.208000000000006,0
50,2.5,27700.0,702,15.21,163.91,23,9,1,1,12500.0,16.02,False,False,False,True,False,True,False,False,False,False,False,False,True,False,True,0.4512472473917909,0.13168673341598514,0.005917114905599076,0.3466062588904694,19.012500000000003,1
47,8.9,24500.0,674,6.46,20711.54,16,9,0,1,11000.0,11.68,False,False,False,True,True,False,False,False,True,False,False,False,False,True,False,0.44896126688706584,0.17804102549583398,0.845334476143831,0.11178192592592592,7.106000000000001,0
59,0.4,35300.0,697,17.75,1086.63,20,11,1,1,2800.0,15.87,False,False,False,True,True,False,False,False,True,False,False,False,False,False,True,0.07931786634939521,0.023073393594804856,0.030781847539729755,0.4035709169054441,4.970000000000001,0
30,1.8,27800.0,739,32.4,14003.49,11,5,0,0,2400.0,15.83,True,False,False,False,False,False,True,False,True,False,False,False,False,False,True,0.08632782993417502,0.02508849787323026,0.5037045430020503,0.6930972972972972,7.776,0
44,1.8,45100.0,726,27.74,16584.13,19,7,0,2,5600.0,15.66,False,False,False,True,True,False,False,False,False,True,False,False,False,False,True,0.12416576129132392,0.035956251272202706,0.36771091550076496,0.5975356258596973,15.5344,1
37,5.4,47600.0,629,27.73,7214.05,16,11,0,4,14200.0,19.32,True,False,False,False,False,True,False,False,True,False,False,False,False,False,True,0.29831306064998636,0.09347071010974568,0.15155248839310098,0.8503866666666667,39.376599999999996,1
50,13.9,63000.0,681,5.25,9138.45,16,8,0,4,20300.0,13.26,False,False,False,True,False,False,True,False,False,False,False,False,True,False,True,0.3222171076649577,0.08847719217898421,0.1450524594847701,0.10207478005865102,10.657499999999999,0
58,0.8,47800.0,658,11.01,5442.1,24,13,1,3,1900.0,16.97,True,False,False,False,False,False,True,False,True,False,False,False,False,True,False,0.03974812242421707,0.01699451628245756,0.11384908265517459,0.28352003034901363,2.0919,0
37,3.8,125700.0,711,25.2,14886.1,18,11,0,0,8500.0,14.12,True,False,False,False,True,False,False,False,True,False,False,False,False,True,False,0.06762078265089379,0.027778303125389335,0.11842467442582,0.499752808988764,21.419999999999998,0
66,2.0,39700.0,694,28.93,6330.41,16,8,0,0,17900.0,16.0,True,False,False,False,False,False,True,False,False,False,True,False,False,True,False,0.45087025515730084,0.19016243695124802,0.15945215485756026,0.6660143884892086,51.7847,1
28,8.9,36100.0,689,4.29,526.75,14,10,0,1,7900.0,11.55,False,False,True,False,False,True,False,False,False,False,False,False,True,False,True,0.2188305033101576,0.05780016530940875,0.014591008559319687,0.0718108695652174,3.3891,0
53,0.8,38600.0,850,13.65,41.43,15,7,0,1,17400.0,9.08,False,False,False,True,False,True,False,False,False,False,False,False,True,True,False,0.4507655242092174,0.17216308830536647,0.0010732882567809124,0.1456427732079906,23.751,0
32,14.3,90100.0,651,18.37,1291.62,19,16,0,0,8600.0,16.58,False,False,False,True,False,True,False,False,False,True,False,False,False,True,False,0.09544844119377144,0.040591997218537255,0.014335246001709191,0.4671389570552147,15.798200000000001,0
32,0.4,35600.0,702,11.2,5152.0,16,11,1,0,5100.0,12.46,False,False,False,True,False,True,False,False,False,False,True,False,False,True,False,0.1432544029662088,0.057457820895478365,0.14471503609449174,0.19850924608819345,5.712,0
43,1.0,64300.0,651,16.77,11705.22,23,11,0,2,28900.0,16.57,False,False,False,True,True,False,False,False,False,False,False,False,True,False,True,0.4494486866456198,0.13277294059167952,0.18203791542899797,0.4261946319018405,48.4653,1
63,1.3,26700.0,644,32.51,34337.33,14,8,0,1,12000.0,16.97,False,False,True,False,False,True,False,False,True,False,False,False,False,False,True,0.44942136998614285,0.13388920627314496,1.2859941575221903,0.8553406201550386,39.01199999999999,1
62,9.3,43400.0,579,8.29,11055.77,15,6,0,4,16200.0,18.31,False,False,False,True,False,True,False,False,True,False,False,False,False,True,False,0.37326328886431187,0.16258854732936223,0.2547353747609502,0.26170672413793095,13.4298,1
33,0.7,52300.0,704,44.05500000000001,1984.3,13,5,1,0,13900.0,15.38,False,False,False,True,True,False,False,True,False,False,False,False,False,True,False,0.2657692969541691,0.11112678592898179,0.037940001147205596,0.9610863829787236,61.236450000000005,1
23,0.8,67200.0,640,16.2,15051.22,15,9,0,0,10900.0,17.55,True,False,False,False,True,False,False,False,False,False,False,False,True,False,True,0.16219996726239194,0.04894250687848601,0.22397315516138153,0.44354134165366615,17.658,0
43,3.4,86800.0,696,5.09,6666.02,13,8,0,0,34000.0,12.63,True,False,False,False,False,False,True,False,False,False,False,False,True,True,False,0.39170055644520224,0.1575189308307016,0.07679658068455433,0.09223342898134863,17.305999999999997,0
49,3.1,35100.0,705,24.88,241.36,16,9,0,2,1800.0,15.27,True,False,False,False,False,False,True,False,False,False,False,False,True,True,False,0.051280590296572746,0.021406647399975928,0.006876157374433777,0.5381269121813032,4.4784,0
34,6.6,15100.0,568,20.84,16126.26,18,8,0,0,6800.0,17.48,False,False,False,True,False,True,False,True,False,False,False,False,False,False,True,0.45030130454936756,0.13559357258653856,1.06789351698563,0.6402165202108964,14.1712,1
53,2.5,37000.0,694,20.6,28992.27,21,12,0,2,10300.0,18.32,True,False,False,False,False,True,False,False,True,False,False,False,False,False,True,0.27837085484176105,0.08538267294550261,0.7835536877381692,0.5430100719424461,21.218000000000004,0
52,6.1,87600.0,689,9.01,10312.01,7,3,0,0,15000.0,15.43,False,False,False,True,True,False,False,False,True,False,False,False,False,False,True,0.1712309220214381,0.049341674612728224,0.117715665346286,0.20148449275362315,13.515,0
62,2.4,44000.0,762,13.61,7862.48,12,7,3,1,1000.0,9.72,False,False,False,True,True,False,False,False,False,False,True,False,False,True,False,0.022726756210086133,0.008761943633242703,0.17868866616667803,0.17338034076015726,1.361,0
28,2.7,83900.0,654,35.15,5876.57,22,10,2,0,8000.0,16.8,False,False,False,True,True,False,False,False,True,False,False,False,False,True,False,0.09535047258077974,0.04067492063576586,0.07004171583175409,0.901557251908397,28.12,1
61,7.5,37400.0,633,9.89,12435.57,21,9,0,0,16800.0,16.12,True,False,False,False,True,False,False,False,False,False,True,False,False,True,False,0.44918585064570465,0.18976818385556782,0.33249298147108364,0.25146182965299685,16.6152,0
21,1.5,126700.0,705,20.31,27088.74,26,12,0,2,17800.0,12.17,True,False,False,False,False,True,False,False,True,False,False,False,False,True,False,0.1404882360833774,0.05612674726619156,0.21380052248995668,0.35010297450424926,36.1518,0
63,2.4,41600.0,636,15.89,6411.27,19,10,0,2,18700.0,17.38,False,False,False,True,True,False,False,True,False,False,False,False,False,True,False,0.4495084252782385,0.19328498785172557,0.15411336265955147,0.43354505494505496,29.7143,1
56,4.3,69700.0,652,9.98,13677.48,19,12,3,0,6400.0,14.96,False,False,False,True,False,True,False,False,True,False,False,False,False,False,True,0.091820777320268,0.026185656648719226,0.196230757091003,0.2286382848392037,6.3872,0
47,0.7,38600.0,702,21.36,14978.76,12,3,0,0,17400.0,12.93,False,False,False,True,False,False,True,False,False,False,False,False,True,True,False,0.4507655242092174,0.1820226682388129,0.3880407243335665,0.3928660028449502,37.166399999999996,0
61,2.6,58500.0,640,10.78,16315.73,19,12,0,0,1900.0,16.61,False,False,False,True,False,True,False,True,False,False,False,False,False,True,False,0.03247807729782397,0.013817057608963578,0.27889660005811867,0.2793382215288611,2.0482,0
21,0.1,69500.0,718,41.54,9025.66,18,11,0,0,1700.0,15.32,True,False,False,False,False,False,True,False,False,False,False,False,True,True,False,0.024460079711083292,0.010219439419859987,0.12986374296772707,0.8851082058414464,7.061800000000001,1
26,3.0,58700.0,809,13.03,10170.11,14,10,0,0,9700.0,8.785000000000002,True,False,False,False,True,False,False,False,True,False,False,False,False,True,False,0.16524420367625764,0.06284664905611646,0.17325275548968502,0.14131919753086422,12.6391,0
42,0.6,108400.0,683,42.61,16624.4,10,4,0,0,18700.0,17.23,False,False,False,True,False,False,True,False,False,False,True,False,False,True,False,0.17250763369341612,0.07403407466597291,0.15336020885416188,1.0733483918128655,79.6807,1
21,1.9,54800.0,630,29.58,12658.02,16,8,0,0,6600.0,15.57,True,False,False,False,False,True,False,False,True,False,False,False,False,True,False,0.12043575847156074,0.05049355480933549,0.23098155143154322,0.7298900158478605,19.5228,1
26,0.3,29600.0,720,13.81,11115.24,15,9,1,1,3500.0,12.96,True,False,False,False,True,False,False,False,True,False,False,False,False,False,True,0.11823924867403128,0.032242647557824314,0.37550217898043986,0.24823522884882113,4.8335,1
56,0.9,46400.0,682,12.66,11602.09,21,12,0,2,1700.0,12.89,False,False,False,True,False,False,True,False,True,False,False,False,False,True,False,0.036637141440917224,0.014786612701418228,0.2500396543177949,0.23892737920937043,2.1522,0
63,6.1,74600.0,666,25.13,1539.82,18,12,0,0,27900.0,17.28,False,False,True,False,False,True,False,False,True,False,False,False,False,False,True,0.37398962480395703,0.11219550612398349,0.020640742081205345,0.6510440779610195,70.1127,0
36,5.0,28500.0,591,28.29,27871.36,15,5,0,3,3900.0,17.67,False,False,False,True,False,False,True,True,False,False,False,False,False,True,False,0.13683730395424723,0.059069680446877215,0.9779081435739098,0.8443991554054054,11.0331,1
42,4.3,44700.0,562,19.19,1948.5,10,5,1,1,15400.0,18.76,False,False,False,True,False,False,True,False,False,False,True,False,False,True,False,0.34451130847184624,0.15100262207169485,0.043589628867363145,0.6394394316163411,29.5526,1
45,18.8,70300.0,647,10.9,1241.56,9,4,0,0,28300.0,15.71,False,False,False,True,False,False,True,False,False,True,False,False,False,True,False,0.402554728951224,0.16911428563953723,0.01766063071649052,0.2642577160493827,30.847,0
23,1.7,31700.0,628,26.2,3095.92,15,9,1,1,1000.0,18.88,True,False,False,False,False,True,False,False,False,False,False,True,False,True,False,0.03154474622251664,0.013847897361602274,0.09766001072521371,0.78641653418124,2.62,0
41,13.4,62800.0,667,7.48,5284.14,21,10,0,1,6100.0,15.17,False,False,False,True,False,False,True,False,False,False,True,False,False,True,False,0.09713221127052117,0.04049544931054009,0.08414101686278881,0.1698676646706587,4.5628,0
23,7.2,76700.0,682,27.07,13386.41,14,7,0,4,18600.0,13.97,False,False,False,True,False,False,True,False,True,False,False,False,False,True,False,0.2425000977822975,0.09940029175013444,0.17452718999752284,0.5536865300146413,50.3502,1
45,7.9,68600.0,798,12.32,20569.95,20,13,0,1,3700.0,10.66,True,False,False,False,False,False,True,False,True,False,False,False,False,True,False,0.053935073832742965,0.021081743079239375,0.29984912756373816,0.1643694618272841,4.5584,0
42,0.6,49300.0,700,16.41,595.6,15,9,0,3,6900.0,16.44,False,False,False,True,False,True,False,False,True,False,False,False,False,False,True,0.13995659317255227,0.041226147681536325,0.01208089085414089,0.384850784593438,11.322899999999999,0
66,2.4,39500.0,653,14.23,34024.71,20,9,0,0,9100.0,14.8,False,False,False,True,False,True,False,False,True,False,False,False,False,False,True,0.2303739145844409,0.06545885734692515,0.8613632566264146,0.3220244648318043,12.949300000000001,1
65,4.1,130700.0,720,8.43,6422.15,23,13,2,0,6600.0,13.55,True,False,False,False,True,False,False,False,True,False,False,False,False,True,False,0.05049693575412583,0.020576462158912262,0.04913619635656957,0.15842787794729543,5.5638,0
35,3.5,32600.0,659,22.65,9020.89,20,12,0,0,14700.0,14.59,False,True,False,False,True,False,False,False,False,False,False,False,True,True,False,0.45090641391368363,0.18642235996804996,0.2767059292659734,0.5007022727272726,33.2955,1
58,4.9,88700.0,647,29.74,27875.59,19,10,0,0,28900.0,17.21,False,False,False,True,True,False,False,False,False,False,True,False,False,False,True,0.32581368868445676,0.09759762979047996,0.31426466443444834,0.789854012345679,85.9486,1
58,2.3,56000.0,680,29.23,14958.52,19,11,0,1,1000.0,14.14,True,False,False,False,False,True,False,False,True,False,False,False,False,True,False,0.01785682398528598,0.007336784801820022,0.26711165872038,0.6069195301027901,2.923,0
21,3.0,68500.0,695,12.61,132.51,14,8,0,0,10800.0,13.72,True,False,False,False,False,False,True,False,False,False,False,False,True,False,True,0.15766193194259936,0.043741028061208616,0.001934424314973504,0.24857643678160918,13.6188,0
35,12.6,74800.0,693,23.0,7204.93,18,11,0,0,3800.0,14.64,True,False,False,False,False,True,False,False,False,False,False,False,True,True,False,0.0508014598735311,0.021022186781222103,0.09632130586489486,0.48518731988472624,8.74,0
66,3.2,111100.0,659,27.15,8550.85,15,9,1,1,27500.0,16.7,False,True,False,False,False,False,True,False,True,False,False,False,False,True,False,0.24752252454973403,0.10544485200649918,0.0769646537834943,0.6869772727272727,74.6625,1
54,5.0,95400.0,641,7.22,18655.23,13,7,0,0,9300.0,13.17,False,False,False,True,False,False,True,False,False,False,False,False,True,True,False,0.09748325489250637,0.039506452524315464,0.1955454345342292,0.14811121495327104,6.7146,0
58,0.7,33900.0,702,9.78,3849.69,18,10,0,0,3600.0,12.47,False,False,False,True,False,True,False,False,False,False,True,False,False,False,True,0.1061915577711572,0.0286403596996076,0.11355682723223504,0.17348022759601706,3.5207999999999995,0
33,1.0,72500.0,698,25.28,4215.13,25,11,0,0,24100.0,16.58,True,False,False,False,False,False,True,False,True,False,False,False,False,False,True,0.3324092081488531,0.09822120570425134,0.05813892222176246,0.5996314735336193,60.924800000000005,0
41,0.7,43200.0,700,21.91,7869.42,16,8,0,2,3700.0,13.86,False,False,False,True,False,False,True,False,False,False,False,False,True,True,False,0.08564616559801856,0.03504742797377912,0.18215828337307008,0.43319914407988586,8.1067,0
29,5.2,44500.0,666,28.16,17746.41,18,11,0,3,6200.0,17.21,False,False,False,True,False,True,False,False,True,False,False,False,False,True,False,0.13932271184917192,0.059766922632676175,0.39878676883665537,0.7265871064467766,17.4592,1
49,4.6,40100.0,630,8.59,21908.26,21,13,0,0,16500.0,14.03,True,False,False,False,True,False,False,False,True,False,False,False,False,True,False,0.4114610608214259,0.16877882063474237,0.546327024263734,0.19099477020602218,14.173499999999999,1
60,1.6,54500.0,692,23.97,8742.17,20,12,1,0,3200.0,15.34,False,False,True,False,False,True,False,False,True,False,False,False,False,True,False,0.05871451899965138,0.024536819049947867,0.16040384580099448,0.530591341991342,7.6704,0
60,7.3,36500.0,673,10.19,3746.36,15,11,0,4,16400.0,15.1,False,False,False,True,False,True,False,False,False,False,False,True,False,False,True,0.4493027588285253,0.1285110335737765,0.10263718802224597,0.22829228486646885,16.711599999999997,0
54,0.4,27200.0,614,26.68,489.65,13,6,0,0,1000.0,16.55,True,False,False,False,False,False,True,False,True,False,False,False,False,True,False,0.03676335428844528,0.015623624409429313,0.01800117642733723,0.7179739837398375,2.668,0
61,4.7,33300.0,771,17.43,14275.57,26,12,0,1,1000.0,10.5,False,False,True,False,False,False,True,True,False,False,False,False,False,True,False,0.030029128254406776,0.011708373020420323,0.4286829224347617,0.2370660621761658,1.743,0
50,2.0,101600.0,625,35.64,9373.18,9,8,0,0,9200.0,17.09,False,False,False,True,False,False,True,False,False,False,True,False,False,True,False,0.09055028985935178,0.038784866787512126,0.09225480064172598,0.9729833865814695,32.7888,0
52,11.6,88500.0,685,27.17,1630.92,14,10,2,3,7900.0,16.58,False,False,False,True,False,True,False,False,True,False,False,False,False,True,False,0.08926452808442842,0.03796203933656474,0.018428266347272914,0.6566743440233236,21.4643,1
35,1.8,133200.0,717,11.21,3757.18,14,10,1,1,34300.0,12.69,False,False,False,True,False,False,True,True,False,False,False,False,False,True,False,0.25750557428247534,0.10364721120134103,0.028206845293954248,0.1981266016713092,38.450300000000006,0
39,5.2,45200.0,715,13.55,2607.21,18,14,2,0,9700.0,13.59,False,False,False,True,False,False,True,True,False,False,False,False,False,True,False,0.21459702218977456,0.08747979206213766,0.05768036105395898,0.2571850558659218,13.1435,0
62,5.6,93100.0,594,7.58,12254.58,20,8,0,0,21200.0,16.81,False,False,False,True,True,False,False,False,False,False,False,False,True,True,False,0.22770969162522423,0.09715198984246026,0.13162672796210567,0.2141509243697479,16.0696,0
41,0.8,111800.0,645,30.6,6310.93,15,7,0,1,22700.0,16.16,False,False,False,True,True,False,False,False,True,False,False,False,False,True,False,0.20303932880743464,0.0858432657036004,0.05644788508152879,0.7654736842105264,69.462,1
31,0.2,33500.0,671,20.37,14182.02,15,8,1,0,7000.0,13.51,False,False,True,False,False,True,False,False,False,False,False,False,True,True,False,0.208948986597415,0.08507312134595314,0.4233312438434674,0.40952187500000004,14.259,0
37,13.7,68800.0,673,19.79,1641.36,20,15,0,2,20300.0,15.25,False,False,False,True,False,False,True,False,False,False,True,False,False,False,True,0.2950538509614686,0.08468353161994704,0.023856629990843155,0.44777077151335315,40.1737,1
38,0.1,105000.0,832,11.84,8318.67,28,16,0,0,6800.0,10.88,True,False,False,False,False,False,True,False,False,False,True,False,False,True,False,0.06476128798773345,0.025395617363426312,0.07922467405072332,0.15464489795918368,8.0512,0
64,0.1,99400.0,621,8.83,20279.6,21,8,3,0,6600.0,16.46,True,False,False,False,False,False,True,False,False,False,False,False,True,True,False,0.06639772235691793,0.028190329014112264,0.20401806822868984,0.23366848874598073,5.827800000000001,0
45,13.1,57500.0,672,6.76,25755.04,24,13,0,0,20100.0,15.39,True,False,False,False,True,False,False,False,False,False,True,False,False,True,False,0.34955913810194605,0.14618542522046638,0.4479059494617485,0.15458603268945023,13.587599999999998,0
31,1.2,98500.0,728,6.51,36444.7325,18,10,0,2,2000.0,9.03,False,False,False,True,False,True,False,True,False,False,False,False,False,True,False,0.020304362392259977,0.00775061642437281,0.3699935279844874,0.08063827160493826,1.302,0
27,4.9,95100.0,674,17.0,12594.97,15,9,0,0,1000.0,15.61,False,False,False,True,True,False,False,False,False,False,False,True,False,True,False,0.01051513653904796,0.004411404589612776,0.13243782925521289,0.39314074074074074,1.7000000000000002,0
25,0.7,65600.0,639,16.71,13141.36,12,7,0,0,4800.0,16.11,False,False,False,True,False,True,False,True,False,False,False,False,False,False,True,0.07316961631682443,0.021399878661424274,0.20032255605859667,0.42062203125000003,8.0208,1
26,1.4,18700.0,710,8.78,5714.18,19,10,0,1,8400.0,15.64,False,False,True,False,False,False,True,False,True,False,False,False,False,False,True,0.44917384097107105,0.1299711929285223,0.3055547831666756,0.19313530239099858,7.3751999999999995,1
41,0.8,99400.0,689,4.35,36444.7325,18,10,0,0,20500.0,11.48,True,False,False,False,True,False,False,False,True,False,False,False,False,True,False,0.20623534974497237,0.08157725287955167,0.36664351968290054,0.07237391304347826,8.917499999999999,0
67,8.6,57100.0,758,10.62,14143.61,21,10,0,2,25700.0,11.62,False,False,False,True,False,False,True,False,True,False,False,False,False,True,False,0.4500796833680671,0.17837600056965344,0.24769461130277928,0.1625881422924901,27.293399999999995,0
34,1.8,94000.0,655,14.97,5964.91,11,9,0,0,1000.0,14.21,True,False,False,False,True,False,False,False,False,False,False,False,True,True,False,0.010638184700162765,0.00437557504822344,0.06345581429984787,0.32427393292682927,1.497,0
22,9.6,49200.0,713,10.68,23944.08,25,14,3,1,10500.0,15.21,True,False,False,False,False,False,True,False,False,True,False,False,False,True,False,0.21341029653868823,0.08901894033432613,0.4866584012520071,0.2275109243697479,11.214,0
26,1.5,78400.0,662,19.81,4850.97,22,11,0,2,20500.0,14.13,False,False,False,True,False,True,False,False,False,False,False,False,True,True,False,0.2614762566803995,0.10742281369299213,0.0618738281399472,0.42219502262443437,40.610499999999995,1
41,0.6,43300.0,609,21.06,3391.89,12,9,0,0,3400.0,17.45,True,False,False,False,False,False,True,False,False,False,False,False,True,True,False,0.07852012655596868,0.03379629586406777,0.07833283295997782,0.6024540983606557,7.1604,0
48,18.5,19000.0,687,21.62,25933.17,23,15,1,0,8600.0,14.24,False,False,False,True,False,True,False,False,True,False,False,False,False,True,False,0.4526077574864481,0.18615468791936335,1.3648318509552129,0.4474837209302326,18.5932,1
53,0.8,81700.0,654,6.18,12542.63,25,13,0,0,12300.0,14.59,False,False,False,True,False,True,False,False,True,False,False,False,False,True,False,0.1505489528891935,0.06225544923694166,0.15351868398183618,0.137658320610687,7.6014,0
66,3.5,73700.0,704,23.67,3207.47,21,11,0,0,12700.0,13.38,True,False,False,False,False,True,False,False,True,False,False,False,False,True,False,0.17231787899757126,0.07004146815024544,0.043520033649475584,0.44922638297872347,30.060900000000004,0
62,3.2,82700.0,752,17.6,20729.13,18,9,0,1,9700.0,12.02,True,False,False,False,True,False,False,False,False,False,False,False,True,True,False,0.11728999649339186,0.04675570237902728,0.25065150360938804,0.2809455511288181,17.072,0
46,0.4,37600.0,681,21.31,28123.58,20,10,0,0,13800.0,15.37,False,False,False,True,False,True,False,False,False,False,False,True,False,False,True,0.3670115156511795,0.10560054932077531,0.7479476609664637,0.48025615835777125,29.407799999999995,0
23,3.0,60700.0,593,35.31,3927.8,24,12,0,2,8300.0,18.47,True,False,False,False,False,True,False,False,False,False,False,True,False,True,False,0.13673580336403024,0.0596966874731868,0.06470733595822145,1.0979388888888888,29.3073,0
23,3.4,59000.0,708,23.76,15993.06,17,10,0,0,6800.0,12.57,False,False,False,True,False,False,True,True,False,False,False,False,False,True,False,0.1152522838595956,0.04630509683982824,0.27106421925052115,0.4212456981664316,16.1568,0
45,5.6,38600.0,587,10.09,394.34,24,13,0,3,17400.0,15.51,True,False,False,False,False,False,True,False,False,False,True,False,False,True,False,0.4507655242092174,0.188811170608352,0.01021579751819901,0.2661494897959184,17.5566,1
65,12.7,43800.0,768,6.54,18219.51,19,13,0,1,18400.0,8.785000000000002,False,False,False,True,False,True,False,False,False,False,False,False,True,True,False,0.4200817332937604,0.15975777773222669,0.4159610511175544,0.07471248374512356,12.0336,0
25,2.5,45800.0,651,14.1,8578.63,15,10,0,0,16100.0,16.27,True,False,False,False,False,False,True,True,False,False,False,False,False,False,True,0.3515207091548219,0.10316096294167529,0.18730224230911988,0.351851226993865,22.701,1
45,2.9,91500.0,739,27.4,1225.44,14,10,1,0,1900.0,13.34,False,False,False,True,True,False,False,False,True,False,False,False,False,False,True,0.020764800384695248,0.005712333011766874,0.013392640517589972,0.4939405405405405,5.2059999999999995,0
24,3.8,60800.0,685,37.01,9761.1,17,11,0,1,27400.0,16.7,True,False,False,False,False,False,True,False,True,False,False,False,False,True,False,0.45065048272232366,0.1919618508634086,0.16054176740514137,0.900972303206997,101.4074,1
63,1.5,48900.0,637,3.12,9520.19,24,10,0,0,22000.0,13.43,False,False,True,False,False,False,True,False,True,False,False,False,False,True,False,0.44988855033639397,0.1829812742281103,0.19468293081941065,0.06567648902821317,6.864000000000001,0
65,3.0,34300.0,698,7.65,1991.07,22,16,0,4,10400.0,13.64,False,False,True,False,False,True,False,True,False,False,False,False,False,True,False,0.3031981574881199,0.12367625359411595,0.05804699571441066,0.14927896995708154,7.956,1
56,2.5,75900.0,630,8.03,2973.6,17,10,0,0,34200.0,16.38,False,False,False,True,False,True,False,False,True,False,False,False,False,False,True,0.4505869487885535,0.13256378663971774,0.03917734944203634,0.20844912836767035,27.4626,0
43,0.1,43800.0,680,39.24,11525.78,17,13,0,0,7600.0,16.18,False,False,False,True,False,False,True,False,False,False,False,False,True,False,True,0.17351202027350973,0.05082029125064884,0.26313965434579123,0.9323101321585903,29.822400000000002,1
28,8.1,52100.0,651,26.85,1248.31,8,6,1,3,17800.0,15.24,True,False,False,False,True,False,False,False,True,False,False,False,False,True,False,0.3416441143164239,0.14257067471780482,0.02395942496305253,0.6275981595092025,47.793000000000006,1
49,0.4,40100.0,676,17.95,3140.64,19,10,0,1,18000.0,15.3,False,False,False,True,False,False,True,False,True,False,False,False,False,True,False,0.4488666118051919,0.18746217372206164,0.07831824642776988,0.40566469719350073,32.31,0
31,2.2,39600.0,640,26.92,367.23,20,10,0,0,5400.0,17.08,True,False,False,False,False,True,False,False,False,False,False,False,True,True,False,0.13636019292442111,0.05838830560596997,0.009273250675487994,0.7173067082683307,14.536800000000001,1
49,6.0,142987.5,743,27.22,4003.77,19,9,0,1,2000.0,13.63,False,False,False,True,True,False,False,False,True,False,False,False,False,True,False,0.013987138825849631,0.005706011484420303,0.02800064340838599,0.4986674731182796,5.444,0
27,3.7,31800.0,717,44.05500000000001,31242.04,19,14,0,4,14300.0,17.26,False,False,False,True,False,True,False,False,False,False,False,True,False,False,True,0.44967139398132133,0.1348148029100697,0.9824231942391749,1.0590380222841227,62.998650000000005,1
52,2.0,77700.0,737,6.98,13654.0,27,17,0,1,24200.0,12.59,True,False,False,False,False,False,True,False,False,True,False,False,False,False,True,0.3114503030849024,0.0842431346445534,0.1757248941455065,0.11907615176151762,16.8916,0
25,1.9,38900.0,656,34.64,20395.84,15,8,0,1,4500.0,16.52,True,False,False,False,False,True,False,False,True,False,False,False,False,True,False,0.11567826019896661,0.049146074514125455,0.524301174776998,0.8710088280060883,15.588000000000001,0
65,9.1,71800.0,640,6.11,264.55,17,10,0,2,32300.0,14.29,False,False,False,True,False,False,True,True,False,False,False,False,False,False,True,0.449854458851548,0.1264016366933009,0.0036844890739683293,0.13621201248049922,19.735300000000002,0
37,1.8,131200.0,680,14.03,9678.83,12,6,0,0,34300.0,13.28,False,False,False,True,False,False,True,False,True,False,False,False,False,True,False,0.26143093421544045,0.1061183912972041,0.07377100784292803,0.2735953010279001,48.1229,0
57,9.3,105500.0,600,20.17,3844.89,20,12,0,2,1000.0,20.54,True,False,False,False,False,False,True,False,True,False,False,False,False,False,True,0.009478583141392025,0.0030474534114000233,0.03644410953450678,0.6893374376039934,2.0170000000000003,1
51,1.6,86800.0,655,8.85,2163.27,17,8,0,2,2100.0,12.61,False,False,False,True,True,False,False,False,True,False,False,False,False,True,False,0.024193269662791905,0.00972632298024301,0.02492217831591802,0.17011966463414632,1.8584999999999998,0
34,2.3,85500.0,702,36.83,14851.54,14,7,0,0,1000.0,15.06,False,False,True,False,False,False,True,False,True,False,False,False,False,True,False,0.011695769640121168,0.004868750767285952,0.17370019064104514,0.7889897581792319,3.683,1
59,1.4,31600.0,752,12.84,18783.21,20,11,1,1,14200.0,14.19,False,False,False,True,False,False,True,False,False,False,False,False,True,False,True,0.4493528685801082,0.1259558033664108,0.5943865700452517,0.24196494023904383,18.232799999999997,1
46,0.2,45500.0,653,9.94,12952.11,12,7,0,0,1000.0,13.28,False,False,False,True,False,False,True,False,True,False,False,False,False,True,False,0.021977538955187798,0.008919575216563362,0.28465550207687745,0.20183975535168194,0.994,0
39,1.0,55700.0,565,13.5,9364.27,14,6,0,0,17200.0,20.17,False,False,False,True,False,True,False,False,False,True,False,False,False,False,True,0.3087915836340461,0.09850444095255105,0.16811673039981329,0.48108657243816255,23.22,1
38,1.9,76600.0,744,23.97,27110.7,22,12,0,2,5200.0,12.7,False,False,False,True,False,True,False,False,False,True,False,False,False,False,True,0.0678842312763541,0.01840739334764504,0.3539209670892025,0.40861610738255033,12.4644,0
36,3.9,71100.0,656,13.22,173.74,14,9,0,3,3100.0,15.31,True,False,False,False,False,True,False,False,False,False,True,False,False,True,False,0.04359994936780073,0.018213587676978678,0.00244356619456829,0.30806423135464234,4.0982,0
36,3.2,62100.0,725,23.43,12016.93,21,12,0,0,27900.0,15.52,False,False,False,True,True,False,False,False,True,False,False,False,False,False,True,0.4492681277274118,0.1297099619659224,0.19350622373230705,0.5008727272727272,65.3697,1
67,3.8,41100.0,630,22.43,23122.99,17,11,0,1,8900.0,18.16,True,False,False,False,False,False,True,True,False,False,False,False,False,True,False,0.21653974355855088,0.09412466995454857,0.5625894747086446,0.6455290015847861,19.9627,1
27,0.6,36700.0,631,13.9,7533.09,17,11,0,2,14000.0,17.53,False,False,False,True,False,False,True,False,True,False,False,False,False,False,True,0.3814609956131986,0.11503754324855008,0.2052557151031307,0.38554905063291145,19.46,1
29,1.1,51800.0,697,15.29,2264.04,22,15,0,0,1000.0,15.05,False,False,False,True,False,False,True,False,False,False,True,False,False,True,False,0.019304646628443466,0.008034390192800535,0.04370649215266115,0.3296769340974212,1.529,0
54,7.6,71900.0,640,37.07,16358.95,20,12,0,0,9200.0,18.37,True,False,False,False,False,False,True,False,False,False,False,False,True,False,True,0.12795371413471301,0.03929390032638627,0.22752047954826776,1.062364898595944,34.1044,1
52,2.1,48200.0,685,10.22,9196.29,17,9,0,0,4200.0,12.04,False,False,False,True,False,True,False,False,False,False,True,False,False,True,False,0.08713512167797349,0.03474164646094793,0.1907904400323645,0.17937142857142857,4.2924,0
50,1.5,75800.0,701,15.59,11254.51,19,8,0,0,28400.0,12.59,True,False,False,False,False,True,False,True,False,False,False,False,False,True,False,0.3746652418833525,0.150579232560599,0.14847442645875383,0.279598433048433,44.2756,1
48,3.0,31600.0,576,27.1,7839.13,15,7,0,1,14200.0,17.53,False,False,False,True,False,False,True,False,False,False,False,True,False,True,False,0.4493528685801082,0.1936058028158825,0.24806588399101295,0.8233327556325823,38.482,1
66,2.5,28900.0,663,25.69,7939.71,16,9,0,0,13000.0,14.7,True,False,False,False,True,False,False,False,True,False,False,False,False,False,True,0.44981142521020034,0.1275148208990268,0.2747209439119754,0.5687394578313253,33.397000000000006,1
21,3.0,100700.0,735,17.3,2821.2,18,8,0,0,7400.0,15.16,True,False,False,False,False,False,True,False,True,False,False,False,False,True,False,0.07348487105391208,0.03063431806600162,0.028015610569904963,0.35634239130434786,12.802,0
48,3.2,29000.0,721,33.08,8482.06,21,9,0,0,6000.0,16.78,False,False,False,True,False,False,True,False,False,False,False,False,True,True,False,0.20688941760628943,0.0882090166969327,0.2924747422502672,0.768812188365651,19.848,0
50,0.2,135200.0,724,5.14,8706.63,13,11,0,0,15500.0,10.98,False,False,False,True,True,False,False,False,True,False,False,False,False,True,False,0.11464412245471557,0.04502292606279725,0.06439767457341292,0.07784441379310345,7.967,0
55,3.0,38800.0,663,15.96,2914.96,12,6,0,4,13000.0,18.24,True,False,False,False,True,False,False,True,False,False,False,False,False,False,True,0.3350429112651736,0.10259121206557223,0.07512589881704079,0.4384192771084337,20.748,1
64,0.3,142987.5,641,35.56,9794.61,14,9,0,4,1800.0,17.46,False,False,True,False,False,True,False,True,False,False,False,False,False,True,False,0.012588424943264669,0.005419969846236434,0.06849928490752753,0.9670990654205608,6.4008,1
66,3.0,63200.0,650,12.0,7168.91,21,12,0,1,1600.0,13.76,True,False,False,False,False,False,True,False,False,True,False,False,False,True,False,0.025316055125710037,0.010345735819041309,0.1134303254695337,0.25364055299539173,1.92,1
63,2.3,59500.0,728,12.01,4606.51,28,17,0,5,26800.0,10.67,False,False,True,False,True,False,False,False,True,False,False,False,False,True,False,0.4504125981075948,0.17607514872011776,0.07741903497420212,0.17578422496570645,32.1868,1
46,3.0,54300.0,744,8.02,17993.81,16,9,1,1,24400.0,13.77,False,False,False,True,True,False,False,False,False,False,False,True,False,False,True,0.4493471575109114,0.12479895040286272,0.33137161378243496,0.14823543624161073,19.5688,0
37,1.0,32800.0,664,8.53,6397.76,17,10,0,0,14800.0,15.3,False,False,False,True,False,True,False,False,True,False,False,False,False,True,False,0.45120575592207557,0.1884275809368899,0.19504771196000123,0.19625413533834585,12.6244,1
54,2.7,42500.0,603,12.97,21694.21,19,9,0,0,16700.0,15.76,False,False,False,True,False,True,False,True,False,False,False,False,False,False,True,0.3929319310133879,0.11403416916548942,0.5104399896473024,0.3384225165562914,21.6599,1
54,3.9,63000.0,628,40.63,13823.67,11,3,0,0,5900.0,18.55,True,False,False,False,False,False,True,False,True,False,False,False,False,True,False,0.0936493071538547,0.04093134888044715,0.21941985047856383,1.1982297297297297,23.971700000000002,1
46,8.8,142987.5,606,42.59,36444.7325,12,7,0,2,3000.0,18.94,True,False,False,False,False,True,False,False,False,False,False,False,True,False,True,0.020980708238774445,0.006522202718287071,0.2548787664742269,1.3289202635914334,12.777000000000001,1
63,1.6,126000.0,637,17.35,10586.01,20,12,0,0,7100.0,16.95,False,False,True,False,False,True,False,False,False,False,False,True,False,True,False,0.056348759136832245,0.024088917519621052,0.08401528559297149,0.4609443573667712,12.3185,1
50,3.5,71400.0,788,22.76,11560.63,13,6,0,0,10200.0,11.73,False,False,False,True,False,True,False,False,True,False,False,False,False,True,False,0.14285514208484476,0.05670846940734022,0.1619113177686587,0.338371102661597,23.215200000000003,0
26,1.7,15300.0,687,17.4,12582.47,21,12,2,0,6900.0,14.38,False,False,False,True,False,False,True,False,True,False,False,False,False,True,False,0.4509509182406379,0.18581593157585286,0.8223299130775766,0.3636802325581395,12.005999999999998,1
45,6.8,46400.0,688,9.98,11712.2,24,14,0,2,6000.0,14.11,True,False,False,False,False,False,True,False,True,False,False,False,False,True,False,0.12930755802676666,0.05310345954723958,0.25241266352018277,0.2043799709724238,5.988,0
29,6.3,128700.0,735,8.82,5540.04,25,12,0,1,5900.0,12.1,True,False,False,False,True,False,False,False,False,False,False,False,True,True,False,0.0458426896449911,0.01829632136616723,0.0430458193798028,0.14500271739130435,5.2038,0
33,2.4,40400.0,681,7.88,474.52,14,11,0,4,13400.0,13.45,False,False,True,False,False,True,False,False,True,False,False,False,False,True,False,0.33167495854063017,0.13493284763314792,0.011745253830350733,0.1554046920821114,10.5592,1
22,2.9,65200.0,734,11.34,11747.18,19,14,0,1,29300.0,11.99,True,False,False,False,False,True,False,False,True,False,False,False,False,True,False,0.44937961074216654,0.17905404052148574,0.18016870906887933,0.18498857142857142,33.2262,1
61,1.8,69400.0,850,38.98,1873.51,15,8,0,2,1800.0,8.785000000000002,False,False,False,True,True,False,False,False,False,False,False,False,True,True,False,0.025936225702799673,0.009864503102777436,0.026995432342473452,0.40239635722679207,7.016399999999999,0
53,0.6,68900.0,678,39.71,2569.09,10,5,0,1,9800.0,15.31,True,False,False,False,True,False,False,False,True,False,False,False,False,True,False,0.14223305902671948,0.059416617076271265,0.037286686695403554,0.8953756995581738,38.9158,1
22,6.8,52000.0,643,12.1,1613.45,23,12,0,0,23400.0,15.56,False,True,False,False,False,True,False,False,False,False,False,True,False,True,False,0.44999134632026305,0.1886334980500509,0.031027287936770447,0.29235403726708076,28.313999999999997,0
45,2.5,59000.0,685,22.64,927.27,15,8,0,3,1800.0,14.13,False,False,False,True,False,True,False,False,True,False,False,False,False,True,False,0.030507957492245896,0.012533067107583588,0.015716174302130473,0.466331195335277,4.0752,0
26,4.0,56100.0,668,10.25,10755.15,16,9,1,0,25200.0,13.86,True,False,False,False,False,False,True,False,True,False,False,False,False,True,False,0.4491898540132974,0.1838245821657562,0.1917104864440919,0.2123542600896861,25.830000000000002,1
30,1.0,40400.0,713,18.06,2907.54,18,7,0,2,14700.0,13.39,False,False,False,True,True,False,False,False,False,False,False,False,True,True,False,0.36385237989158686,0.14789675566710872,0.07196703051904656,0.3386882352941176,26.548199999999998,1
49,4.9,136700.0,658,10.46,7381.96,16,10,0,0,1000.0,15.41,True,False,False,False,False,False,True,True,False,False,False,False,False,True,False,0.007315235440852664,0.003060428674735255,0.05400077541495673,0.244595751138088,1.046,1
64,6.4,56400.0,699,36.95,4882.97,14,8,0,0,2300.0,13.94,False,False,False,True,True,False,False,False,True,False,False,False,False,True,False,0.04077941880463112,0.01670741114034352,0.0865759472349781,0.7358328571428571,8.498500000000002,0
66,7.3,88900.0,713,17.78,5780.25,16,4,0,0,19700.0,13.36,False,False,True,False,True,False,False,False,True,False,False,False,False,True,False,0.22159480770744985,0.09004750135244452,0.0650189536675628,0.3326901960784314,35.0266,0
36,5.5,59400.0,688,10.67,9129.5,26,14,0,3,26700.0,14.39,True,False,False,False,False,False,True,False,False,True,False,False,False,False,True,0.44948738236730024,0.1265752318027281,0.15369269877611488,0.2228465892597968,28.488899999999997,1
30,0.2,50800.0,660,12.52,36444.7325,19,9,0,1,22900.0,14.64,False,False,False,True,False,True,False,False,True,False,False,False,False,True,False,0.4507785279817326,0.1865240135888872,0.7174018720103935,0.2772962178517398,28.6708,0
61,0.6,100000.0,681,17.23,5116.48,11,7,0,1,10600.0,15.21,True,False,False,False,True,False,False,False,False,False,True,False,False,True,False,0.1059989400105999,0.04421991358405399,0.05116428835711642,0.3842643695014663,18.2638,1
35,3.6,39300.0,659,26.99,11494.53,24,18,1,1,1000.0,15.76,True,False,False,False,True,False,False,True,False,False,False,False,False,True,False,0.025444645174423044,0.010695561494985515,0.2924742372967609,0.6444884848484849,2.699,0
35,1.8,15000.0,674,14.23,6717.52,11,7,0,0,6800.0,14.74,True,False,False,False,False,False,True,False,False,False,False,True,False,True,False,0.45330311312579163,0.18773729637708986,0.4478048130124659,0.31074103703703704,9.676400000000001,1
64,1.9,44500.0,639,40.18,4451.93,12,6,0,3,20000.0,18.34,True,False,False,False,False,False,True,False,False,False,False,False,True,True,False,0.4494281027392643,0.19584750979272164,0.10004112267140065,1.1514081250000001,80.36,1
37,2.3,86500.0,782,23.13,4662.25,15,9,0,4,1900.0,11.42,True,False,False,False,False,True,False,False,False,False,False,False,True,True,False,0.021965063987699564,0.008680712046343603,0.053898220829816997,0.3373494252873563,4.3947,0
57,2.3,77800.0,680,8.11,3798.86,16,7,0,2,2400.0,17.55,False,False,False,True,False,False,True,False,False,False,False,False,True,False,True,0.030847932545854165,0.00930831764063693,0.04882790709630982,0.20900220264317182,1.9463999999999997,0
51,9.5,66000.0,636,16.0,7335.16,25,9,0,1,1900.0,16.45,True,False,False,False,True,False,False,False,True,False,False,False,False,True,False,0.028787442614505842,0.012219822806936469,0.11113710398327298,0.41318681318681316,3.04,0
48,1.5,45900.0,702,8.36,18013.69,17,10,0,0,20700.0,11.44,False,False,False,True,False,False,True,False,True,False,False,False,False,False,True,0.45097056709004163,0.11882480464808905,0.39244656979150777,0.13604324324324324,17.3052,0
22,2.8,15200.0,712,30.03,5606.28,16,7,0,2,6800.0,15.4,False,False,False,True,False,False,True,False,True,False,False,False,False,True,False,0.44733899085586476,0.1870037397063915,0.36880994671403194,0.6486143057503507,20.4204,0
47,2.2,142987.5,663,28.88,12493.48,16,3,0,0,10000.0,17.12,True,False,False,False,True,False,False,False,True,False,False,False,False,False,True,0.06993569412924816,0.020909565219725836,0.08737401958898793,0.7446168674698795,28.88,1
25,2.7,58300.0,684,24.49,27177.36,18,5,0,0,25800.0,15.64,True,False,False,False,False,True,False,False,True,False,False,False,False,False,True,0.4425310028987496,0.12810019668749376,0.4661559836023396,0.5591585401459854,63.1842,0
44,3.0,32200.0,602,16.68,1663.89,27,19,0,2,1000.0,17.15,False,False,False,True,False,False,True,False,False,False,False,False,True,True,False,0.031054936182106144,0.013309608155712228,0.051671997764044596,0.47439800995024867,1.6680000000000001,1
57,1.5,39600.0,647,5.8,3179.58,20,9,0,1,5700.0,15.38,False,False,False,True,False,True,False,False,True,False,False,False,False,True,False,0.14393575919800006,0.060180163458653804,0.08029039670715386,0.1376604938271605,3.3059999999999996,0
63,16.3,60600.0,652,11.59,2513.57,18,11,3,0,1600.0,15.35,True,False,False,False,False,True,False,False,False,True,False,False,False,True,False,0.02640220458408277,0.01103527071215659,0.04147736836025808,0.2724448698315467,1.8544,1
24,2.8,142987.5,669,8.47,4750.38,21,11,0,1,21700.0,15.18,True,False,False,False,False,False,True,False,True,False,False,False,False,True,False,0.1517604562604685,0.06328568878609106,0.033222112267769784,0.1919023880597015,18.3799,0
58,0.2,86300.0,730,4.82,6383.89,13,6,0,1,1000.0,13.6,False,False,False,True,False,True,False,False,False,False,False,True,False,False,True,0.011587351247378362,0.003206237367545085,0.07397237575462626,0.08967441860465117,0.48200000000000004,0
61,3.2,37500.0,735,13.79,1413.74,17,13,0,2,4500.0,12.99,True,False,False,False,False,True,False,False,True,False,False,False,False,True,False,0.11999680008533106,0.04849683624989403,0.0376987280339191,0.2433860054347826,6.2055,0
27,0.7,142987.5,674,18.31,20402.23,24,13,0,4,31400.0,13.17,False,False,False,True,True,False,False,False,True,False,False,False,False,True,False,0.2195980795658392,0.08899860801457017,0.14268441168345705,0.3572484444444444,57.4934,1
22,0.5,49600.0,738,12.61,2320.06,17,12,0,1,15500.0,11.43,True,False,False,False,False,False,True,False,False,False,False,False,True,True,False,0.31249369972379587,0.12350533784135122,0.04677446019233483,0.19503694181326114,19.5455,0
54,2.2,30300.0,738,25.06,2366.98,20,11,0,0,13600.0,14.06,False,False,False,True,True,False,False,False,True,False,False,False,False,False,True,0.4488300716147982,0.12544394912052786,0.07811557374344082,0.4767843031123139,34.0816,1
36,13.2,25300.0,674,13.77,36273.89,18,13,0,4,6100.0,15.28,False,False,False,True,False,True,False,False,False,False,False,False,True,False,True,0.2410971898343939,0.06922408233126769,1.4336939251412988,0.311712,8.3997,1
56,1.5,58700.0,749,19.1,8230.83,11,8,1,1,15100.0,11.4,False,False,False,True,False,True,False,False,True,False,False,False,False,True,False,0.25723582221767943,0.10162553296319225,0.14021618030357233,0.29032,28.841,0
23,6.9,33400.0,683,15.02,13239.54,14,8,0,0,1000.0,14.76,False,False,False,True,False,True,False,False,True,False,False,False,False,False,True,0.02993922337654561,0.00849903159323043,0.3963815454627107,0.3241157894736842,1.502,0
57,0.3,97600.0,605,5.24,4563.27,15,7,0,0,4300.0,16.78,False,False,True,False,False,False,True,False,True,False,False,False,False,True,False,0.044056925646253624,0.018789042275145593,0.04675433653343716,0.14509438943894393,2.2532,0
53,14.9,20900.0,648,11.19,11869.16,16,10,0,1,2800.0,16.52,False,False,False,True,True,False,False,False,True,False,False,False,False,True,False,0.13396488206305918,0.05690131922322343,0.5678752212812784,0.2848363636363636,3.1332,0
64,6.4,38300.0,690,11.07,14999.79,19,9,2,0,6100.0,13.66,True,False,False,False,False,True,False,False,True,False,False,False,False,False,True,0.15926477115480014,0.044120918491242174,0.391629200281977,0.21883675832127353,6.7527,0
29,1.4,68200.0,758,8.83,3014.98,13,8,0,0,30700.0,12.89,True,False,False,False,False,True,False,False,True,False,False,False,False,True,False,0.4501400272723274,0.18168858894101297,0.04420726968812774,0.14995876152832677,27.1081,0
55,0.2,34800.0,693,11.87,12211.05,18,8,1,0,2800.0,10.94,True,False,False,False,False,True,False,False,True,False,False,False,False,True,False,0.08045745811901957,0.03157148215890676,0.35088215855866206,0.1871149855907781,3.3236,0
56,7.5,40300.0,726,29.01,2361.78,11,7,1,0,4600.0,14.33,False,False,False,True,False,False,True,False,True,False,False,False,False,True,False,0.11414108831046375,0.04701985974134902,0.05860350859780155,0.571820220082531,13.344600000000002,1
23,3.2,59500.0,646,9.54,1797.49,16,11,0,1,17500.0,12.23,True,False,False,False,False,True,False,False,True,False,False,False,False,True,False,0.29411270398816824,0.11759135267074017,0.030209408245239575,0.18033106646058733,16.695,0
49,6.0,71000.0,786,15.43,9964.58,16,10,0,4,25700.0,10.29,False,False,False,True,False,True,False,False,True,False,False,False,False,True,False,0.3619667328629174,0.1407261175073519,0.14034422050393655,0.20174675984752224,39.6551,0
56,4.8,74100.0,701,7.31,1841.06,12,5,2,5,9400.0,15.31,False,False,False,True,False,True,False,False,True,False,False,False,False,False,True,0.12685388861148972,0.03645690528089083,0.02484527874117758,0.15942464387464386,6.8713999999999995,0
40,6.1,62600.0,664,24.67,2292.89,16,9,0,0,28200.0,15.38,True,False,False,False,False,False,True,False,True,False,False,False,False,False,True,0.45047203718790435,0.12965835993253333,0.036627050686091275,0.5705633082706768,69.5694,0
63,4.2,57300.0,713,16.27,4411.21,14,6,0,1,21100.0,12.35,False,False,False,True,False,False,True,False,True,False,False,False,False,False,True,0.36823092092633636,0.0990574231053362,0.07698312420376607,0.2814208683473389,34.329699999999995,0
41,12.5,60700.0,677,11.59,5237.72,17,9,0,2,17400.0,16.93,False,False,False,True,False,True,False,False,False,False,False,False,True,True,False,0.28665096126917183,0.12249666277790758,0.08628721108383718,0.28940811209439526,20.1666,0
52,2.9,92200.0,578,11.47,8212.11,26,12,0,0,20700.0,15.87,False,False,False,True,False,True,False,False,True,False,False,False,False,True,False,0.2245094955586165,0.09453295396677273,0.08906747215323045,0.3143849740932642,23.7429,1
63,1.2,54300.0,794,7.35,1125.39,19,12,0,0,11200.0,8.95,False,False,False,True,False,True,False,False,True,False,False,False,False,True,False,0.20625771164435278,0.07863376753181991,0.020725032688164124,0.08274528301886791,8.232000000000001,0
55,2.9,54100.0,625,17.96,20545.23,22,10,1,1,2700.0,17.31,True,False,False,False,False,False,True,True,False,False,False,False,False,False,True,0.04990665606920389,0.014980668145213672,0.37975693610099626,0.49662555910543127,4.849200000000001,1
52,1.3,141600.0,618,21.86,2851.15,20,15,0,1,22200.0,17.14,False,False,False,True,False,False,True,False,True,False,False,False,False,True,False,0.15677855382377243,0.06720093359968594,0.020135097915975172,0.6052995153473344,48.5292,1
59,0.2,46800.0,662,13.25,4570.49,20,12,0,0,9200.0,13.0,False,False,False,True,True,False,False,False,False,False,True,False,False,True,False,0.19657699621802954,0.07946279375295724,0.09765795602658063,0.25980392156862747,12.190000000000001,0
58,4.6,28000.0,719,15.77,5431.49,19,11,0,1,3800.0,8.785000000000002,True,False,False,False,True,False,False,False,False,False,False,False,True,False,True,0.13570943894860898,0.033622372630743434,0.19397485804078424,0.19241590277777781,5.9925999999999995,0
53,0.4,77000.0,733,22.13,11634.59,14,13,0,1,1800.0,13.22,False,False,False,True,False,False,True,False,False,False,False,True,False,False,True,0.0233763197880547,0.006413317362478661,0.1510966091349463,0.39858119891008176,3.9833999999999996,0
22,2.4,37300.0,697,7.03,4384.9,16,5,0,0,7300.0,12.35,False,False,False,True,False,True,False,False,True,False,False,False,False,True,False,0.19570520897563068,0.07837261683215957,0.1175544891557867,0.12438467048710601,5.1319,0
34,1.5,69900.0,623,24.92,13066.15,14,8,0,0,4000.0,15.66,True,False,False,False,False,True,False,False,True,False,False,False,False,True,False,0.05722378792864194,0.02402293512945581,0.18692364916095622,0.6253961538461539,9.968000000000002,0
27,0.3,67700.0,652,26.2,11509.27,14,8,1,1,8900.0,17.55,False,False,False,True,True,False,False,False,True,False,False,False,False,False,True,0.13146039201784315,0.0396671406659445,0.17000147708305638,0.7041500765696784,23.318,1
21,9.1,62000.0,671,19.67,5530.86,20,13,0,0,27900.0,13.35,True,False,False,False,False,False,True,False,False,False,False,True,False,True,False,0.4499927420525475,0.18282363166520496,0.08920598054870083,0.39076562500000006,54.87930000000001,0
26,2.3,51400.0,669,13.57,11494.88,16,8,0,2,10800.0,16.11,False,False,False,True,False,False,True,False,False,False,False,False,True,False,True,0.21011264372288477,0.06144868682700696,0.2236314468590105,0.3262876119402985,14.655600000000002,1
22,7.2,55100.0,637,12.1,5196.08,17,7,0,2,24800.0,15.98,False,False,False,True,False,False,True,False,False,False,False,False,True,True,False,0.450082575633836,0.18979160171308926,0.09430101087094608,0.3030689655172414,30.008,0
34,1.8,43100.0,622,20.12,19871.37,17,10,0,2,7100.0,16.24,False,False,False,True,False,False,True,False,True,False,False,False,False,True,False,0.16472935662745644,0.0697134028726218,0.46104197118396323,0.5244764044943819,14.2852,1
56,9.1,78100.0,701,11.36,6054.25,13,7,0,1,3800.0,13.63,False,False,True,False,True,False,False,False,False,False,False,False,True,True,False,0.04865494679965685,0.019847371717611716,0.07751821359521645,0.22056524216524218,4.3168,0
28,4.1,25400.0,739,19.48,5057.84,22,14,0,0,1000.0,13.27,False,False,True,False,False,False,True,False,True,False,False,False,False,True,False,0.03936852879807882,0.015972366388478217,0.19911971969607498,0.34932378378378376,1.9480000000000002,0
47,12.1,21700.0,720,15.28,4773.27,15,12,0,0,8900.0,16.09,True,False,False,False,False,True,False,False,True,False,False,False,False,False,True,0.41011934933874017,0.1198543861051606,0.21995622321552005,0.3409919556171983,13.5992,1
27,15.9,38000.0,616,8.59,6871.1,8,4,0,0,5900.0,15.39,True,False,False,False,True,False,False,False,False,False,True,False,False,False,True,0.1552590721296808,0.044692613064897094,0.18081366279834743,0.21426272285251213,5.068099999999999,1
22,2.9,54000.0,710,21.8,36444.7325,15,11,1,4,12500.0,13.48,True,False,False,False,False,False,True,False,False,False,False,True,False,True,False,0.23147719486676172,0.09421688116374877,0.6748899557415603,0.413310829817159,27.25,1
55,5.1,36300.0,650,15.97,945.2,20,7,0,0,5000.0,15.18,False,False,False,True,False,True,False,False,False,False,True,False,False,True,False,0.1377372524172888,0.057424884574132654,0.026037850196964273,0.3723880184331797,7.985,1
22,1.9,85000.0,720,29.84,18036.86,18,8,0,0,5900.0,13.3,False,False,False,True,False,False,True,False,False,False,False,False,True,True,False,0.06941094810649287,0.02818161157283816,0.21219585651933506,0.5504466019417475,17.6056,0
48,3.0,59400.0,646,20.35,18603.32,14,10,0,1,9800.0,16.11,False,False,False,True,True,False,False,False,False,False,True,False,False,True,False,0.16498038753556338,0.06969730786931373,0.3131819329640915,0.5067055641421948,19.943,0
59,0.8,96800.0,627,13.1,3947.07,18,10,0,1,9500.0,18.09,False,False,False,True,False,True,False,False,False,False,True,False,False,True,False,0.09813948203014432,0.04262407385178147,0.040775095298602286,0.37735509554140123,12.444999999999999,0
47,1.2,84000.0,675,14.17,2145.48,20,11,0,1,4000.0,17.46,False,False,False,True,True,False,False,False,True,False,False,False,False,False,True,0.04761848073237224,0.014341142466446119,0.025541124510422494,0.3659884615384616,5.668,1
24,1.1,15000.0,691,8.54,1557.59,17,11,0,0,1000.0,13.47,True,False,False,False,False,False,True,False,True,False,False,False,False,True,False,0.06666222251849876,0.027114931089505807,0.10383241117258848,0.16623381502890172,0.854,0
51,17.9,142987.5,690,25.85,962.74,22,15,0,0,10600.0,16.61,False,False,False,True,True,False,False,False,False,False,False,True,False,True,False,0.07413183577700305,0.03154120322852132,0.006732989016599237,0.6213726483357452,27.401000000000003,0
28,3.2,50100.0,718,6.01,17148.52,19,11,0,0,5400.0,12.75,True,False,False,False,False,False,True,False,False,False,False,True,False,False,True,0.10778227979481447,0.02925685406741947,0.34227899642721704,0.10657510431154381,3.2454,0
53,3.1,50000.0,654,39.29,10052.38,18,10,0,0,18300.0,16.34,False,False,False,True,False,False,True,False,False,False,False,False,True,True,False,0.3659926801463971,0.15511071057559533,0.20104357912841742,0.9801505343511451,71.9007,1
65,3.1,42700.0,687,21.93,16629.25,30,13,0,0,12500.0,16.5,False,True,False,False,True,False,False,False,True,False,False,False,False,False,True,0.29273319126015784,0.08633822261772706,0.3894346736610384,0.5259375,27.4125,1
32,3.7,23500.0,626,22.34,1103.18,18,5,0,2,10600.0,18.48,False,False,False,True,False,True,False,True,False,False,False,False,False,True,False,0.4510446363984511,0.19688973025952325,0.04694183226245692,0.6584421052631579,23.680400000000002,1
25,3.9,28900.0,809,8.09,2984.58,15,8,0,1,2900.0,12.51,True,False,False,False,False,False,True,False,False,False,False,True,False,True,False,0.100342548700737,0.04027231228514724,0.10326909103491229,0.12494555555555556,2.3461,0
50,1.6,56600.0,715,25.92,2887.11,24,16,1,2,7000.0,14.3,True,False,False,False,True,False,False,False,False,False,False,True,False,True,False,0.12367272663027155,0.05092869886293398,0.051008109397360474,0.5176759776536314,18.144,0
24,0.6,37100.0,670,17.73,31305.36,22,10,0,3,1400.0,15.01,True,False,False,False,False,False,True,False,True,False,False,False,False,True,False,0.037734831945230585,0.015694648430298122,0.8437874989892455,0.3966129657228018,2.4822,1
23,6.3,126200.0,579,32.65,19986.99,22,11,0,0,11100.0,18.83,False,False,False,True,True,False,False,False,True,False,False,False,False,True,False,0.0879549290417667,0.03859490947189817,0.15837426010887395,1.0599991379310345,36.2415,1
39,1.2,41400.0,719,16.09,2676.28,20,8,3,5,15700.0,13.2,True,False,False,False,False,False,True,False,False,False,False,False,True,True,False,0.37921789328760175,0.15372608899156998,0.06464288302214923,0.2949833333333333,25.261300000000002,1
48,0.3,40400.0,671,14.3,481.63,16,9,0,1,18200.0,14.56,True,False,False,False,False,True,False,False,True,False,False,False,False,True,False,0.45048389891339324,0.18618068553544118,0.011921239573277889,0.30983333333333335,26.026000000000003,0
59,6.9,75000.0,642,10.92,3788.8,16,10,0,1,11000.0,13.78,False,False,False,True,True,False,False,True,False,False,False,False,False,True,False,0.14666471113718485,0.05995514740970431,0.05051665977786963,0.23402426127527215,12.012,0
35,0.3,77100.0,615,6.62,11212.2,16,10,0,0,1000.0,16.57,False,False,False,True,False,True,False,False,True,False,False,False,False,False,True,0.012970000389100012,0.0038316142481165634,0.14542223836266716,0.1780737012987013,0.662,0
58,1.4,115000.0,670,5.96,2590.85,20,11,0,0,16800.0,14.19,True,False,False,False,False,False,True,False,False,False,True,False,False,True,False,0.14608568621142426,0.0600705029534901,0.022528934531004078,0.12603934426229507,10.0128,0
43,11.9,19500.0,691,11.44,320.64,20,13,0,1,8800.0,13.52,False,False,False,True,False,True,False,False,True,False,False,False,False,False,True,0.45125890979949745,0.12458630264715952,0.016442233731603507,0.22350982658959534,10.0672,1
42,1.4,64900.0,790,7.03,4031.07,23,10,0,1,9500.0,10.93,False,False,False,True,False,True,False,False,False,False,False,False,True,True,False,0.14637678926364772,0.057438314174545924,0.06211106146284341,0.09714020227560051,6.6785,0
41,5.9,44000.0,614,3.88,16262.02,13,5,0,0,1000.0,15.13,False,False,False,True,True,False,False,False,True,False,False,False,False,True,False,0.022726756210086133,0.00946896952571932,0.3695829640235449,0.09545430894308943,0.388,1
38,4.2,65000.0,672,16.86,2275.43,18,4,0,3,14300.0,15.4,False,False,False,True,False,False,True,False,True,False,False,False,False,False,True,0.21999661543668558,0.06334938779656867,0.035006076829587236,0.38580089153046065,24.1098,1
57,3.5,83000.0,727,7.34,16083.45,17,8,0,0,30700.0,12.07,False,False,False,True,False,False,True,False,False,False,False,True,False,True,False,0.369875061746244,0.14755062216200457,0.19377417139552536,0.12169478021978022,22.5338,0
39,8.3,91600.0,613,33.22,5858.4,17,10,1,1,34300.0,16.26,True,False,False,False,True,False,False,False,False,False,False,False,True,True,False,0.3744500605888582,0.15853299046283728,0.06395563367212148,0.8797348534201954,113.94460000000001,1
21,3.0,98300.0,748,6.89,8689.43,18,9,0,3,6500.0,12.24,False,False,False,True,False,False,True,False,True,False,False,False,False,True,False,0.06612343719799392,0.02644302120639934,0.08839615059867142,0.11259492656875834,4.4785,0
35,7.7,38600.0,589,23.52,7690.92,19,9,0,0,17400.0,16.23,True,False,False,False,True,False,False,False,False,False,False,True,False,True,False,0.4507655242092174,0.19073138095633677,0.19924147042822726,0.6469993220338983,40.9248,0
34,1.1,56900.0,705,44.05500000000001,36444.7325,21,16,0,0,25600.0,18.55,False,False,False,True,False,True,False,False,False,False,False,True,False,True,False,0.4499042196094972,0.19663617927159988,0.6404937083706789,1.1575357648725215,112.78080000000001,1
38,0.4,80300.0,671,12.35,853.82,20,12,0,0,1000.0,13.16,False,False,False,True,False,True,False,False,True,False,False,False,False,True,False,0.012453145041780302,0.00504598111741615,0.010632744299572857,0.24185416666666668,1.235,0
22,0.9,21700.0,705,17.18,19967.77,13,6,0,0,9800.0,13.5,False,False,False,True,True,False,False,False,False,False,True,False,False,True,False,0.45159209253029814,0.18380571988409034,0.92013133035344,0.3285127478753541,16.8364,1
37,0.3,97900.0,639,17.57,3886.33,18,13,0,0,11400.0,17.15,True,False,False,False,False,False,True,False,True,False,False,False,False,False,True,0.11644416298097057,0.03483613460095594,0.03969653016823117,0.47082109375,20.029799999999998,0
64,6.4,78500.0,624,2.0,1209.93,12,7,0,1,1000.0,15.59,False,False,False,True,True,False,False,False,True,False,False,False,False,True,False,0.012738691226863353,0.0053426152454186335,0.015412924676118777,0.049888,0.2,0
52,0.3,82100.0,613,13.99,517.37,15,8,0,1,7300.0,14.23,True,False,False,False,False,True,False,False,False,False,False,True,False,True,False,0.08891487314405427,0.03658119858078791,0.006301628481991693,0.3242307817589577,10.2127,1
60,1.3,110000.0,662,13.33,36444.7325,17,5,0,0,10700.0,15.18,True,False,False,False,False,False,True,False,False,False,False,False,True,True,False,0.09727184298324561,0.040562434593713746,0.3313127380660176,0.3052027149321267,14.263100000000001,0
60,0.3,94000.0,722,14.74,24128.82,13,10,1,0,16300.0,12.92,False,False,False,True,True,False,False,False,False,True,False,False,False,True,False,0.17340241061265305,0.07002300222983505,0.2566868437569813,0.26340359612724756,24.0262,0
41,1.3,142987.5,597,24.75,7164.57,13,6,0,0,1000.0,17.19,False,False,False,True,False,False,True,True,False,False,False,False,False,False,True,0.006993569412924816,0.002094120783882935,0.050105917608758745,0.7114590301003345,2.475,1
43,0.1,64000.0,710,44.05500000000001,17776.7,27,19,2,2,8600.0,16.23,False,False,False,True,False,True,False,False,False,False,False,False,True,True,False,0.1343729004234309,0.05686332582466601,0.27775659755316323,1.005643670886076,37.8873,1
29,3.2,33300.0,649,20.12,24204.76,17,9,0,0,15000.0,17.24,True,False,False,False,True,False,False,False,False,False,False,True,False,False,True,0.4504369238161016,0.13498813862402598,0.7268478424071348,0.5336443076923076,30.18,0
21,3.0,37900.0,702,5.11,3071.15,12,6,0,2,17100.0,12.06,False,False,False,True,True,False,False,False,False,False,True,False,False,True,False,0.45117543072742144,0.17992873821264077,0.08103084351336376,0.08766230440967283,8.738100000000001,0
46,8.1,81400.0,635,7.25,13771.14,18,6,0,0,5600.0,14.79,True,False,False,False,False,False,True,False,True,False,False,False,False,True,False,0.06879522364590115,0.0285290289729604,0.1691765457426813,0.16859669811320754,4.0600000000000005,0
29,1.2,40700.0,678,9.82,5533.55,18,7,0,0,18300.0,12.84,False,False,False,True,True,False,False,False,True,False,False,False,False,False,True,0.4496204024471143,0.12228843588690085,0.13595611901427485,0.1856977908689249,17.9706,1
44,0.4,108800.0,749,23.57,22583.43,24,13,0,2,4800.0,14.01,False,False,False,True,True,False,False,False,False,False,False,True,False,True,False,0.04411724156947087,0.01809461496438388,0.20756638266192406,0.44028760000000006,11.3136,0
49,1.6,57800.0,634,21.1,36444.7325,12,9,0,0,6500.0,19.36,True,False,False,False,False,True,False,False,False,False,True,False,False,False,True,0.11245480182003771,0.035266813811788,0.6305207954879674,0.6433007874015748,13.715000000000002,1
51,2.0,39400.0,611,20.87,16333.73,17,13,0,0,3300.0,16.85,False,False,False,True,False,True,False,False,True,False,False,False,False,False,True,0.08375421943605492,0.024890158178318154,0.4145511535240222,0.5746070261437909,6.8871,1
53,5.0,102700.0,720,3.06,7403.3,23,12,1,3,19800.0,11.47,False,True,False,False,False,True,False,True,False,False,False,False,False,True,False,0.1927926699837392,0.07624921658102222,0.07208595826720285,0.04867988904299585,6.0588,0
21,0.1,51900.0,658,27.38,10099.03,16,9,0,4,4100.0,16.22,False,False,False,True,False,False,True,False,False,False,False,False,True,True,False,0.07899655112618253,0.03342338201687648,0.19458257066337836,0.6739053110773899,11.2258,1
65,2.7,60900.0,659,44.05500000000001,27823.17,26,15,0,2,27400.0,16.56,True,False,False,False,True,False,False,False,False,False,True,False,False,True,False,0.4499105105006486,0.1912717102262353,0.4568590006732237,1.1053800000000003,120.71070000000003,1
34,0.8,55500.0,621,24.83,8474.67,14,5,0,1,2400.0,17.59,True,False,False,False,False,True,False,True,False,False,False,False,False,False,True,0.04324246409974595,0.013058841050397632,0.15269400551341417,0.7021860128617362,5.959199999999999,0
32,3.0,51000.0,692,9.2,6967.42,23,14,0,0,15400.0,13.5,True,False,False,False,False,True,False,False,True,False,False,False,False,True,False,0.3019548636301249,0.12293658548508771,0.13661339973726006,0.1792207792207792,14.168,1
51,5.5,43300.0,609,9.9,5275.36,18,13,2,0,1500.0,15.48,False,False,True,False,True,False,False,False,True,False,False,False,False,True,False,0.03464123230410383,0.014504415841256306,0.12182998083185145,0.2512327868852459,1.485,0
41,25.0,34100.0,691,8.33,21313.58,17,7,0,0,4800.0,13.86,True,False,False,False,True,False,False,False,True,False,False,False,False,True,False,0.14075833553268233,0.057596069834298845,0.6250133427172224,0.1668407514450867,3.9983999999999997,0
53,3.0,66700.0,692,22.3,19975.08,11,5,1,1,3600.0,14.66,True,False,False,False,False,False,True,True,False,False,False,False,False,True,False,0.05397220431477789,0.022340200001634926,0.2994719719344538,0.47174314574314574,8.028,0
58,0.8,73300.0,663,19.48,16412.48,15,8,0,0,20100.0,14.96,True,False,False,False,False,True,False,False,False,False,False,False,True,False,True,0.2742118115714656,0.07820094974121701,0.22390526732241034,0.4388867469879519,39.154799999999994,0
65,9.9,112800.0,707,10.31,29671.21,30,17,1,0,34300.0,11.49,True,False,False,False,False,True,False,False,False,False,False,False,True,True,False,0.30407531848121916,0.1202971916942914,0.26304030992633043,0.16731906779661018,35.3633,0
65,16.6,45400.0,717,23.06,12954.63,21,12,0,0,1000.0,16.3,False,False,False,True,False,False,True,False,False,False,False,False,True,False,True,0.022025946565053633,0.006468178687197271,0.28533798815004074,0.5235069637883009,2.306,0
28,5.0,15000.0,592,6.11,2360.67,18,11,1,0,6800.0,11.52,False,False,False,True,True,False,False,False,True,False,False,False,False,True,False,0.45330311312579163,0.179297785724621,0.1573675088327445,0.11869679595278247,4.154800000000001,1
31,1.9,48000.0,682,24.18,3417.4,12,6,1,0,1000.0,15.12,False,False,False,True,False,False,True,False,False,False,False,True,False,False,True,0.020832899314597614,0.005961751054898115,0.07119435011770588,0.5352878477306002,2.418,1
51,1.5,18600.0,748,39.84,3670.57,16,5,0,0,8400.0,16.58,True,False,False,False,False,False,True,False,False,False,True,False,False,False,True,0.4515886242675125,0.13337804408395795,0.19733186387828613,0.8819054739652871,33.4656,0
25,3.0,57100.0,747,32.84,15368.29,18,8,0,0,25700.0,12.93,True,False,False,False,False,True,False,False,False,False,True,False,False,True,False,0.4500796833680671,0.1817624968575077,0.26914222167737867,0.5676754010695187,84.39880000000001,1
39,3.2,19600.0,616,31.15,453.41,22,12,0,2,8800.0,16.18,False,False,False,True,True,False,False,False,True,False,False,False,False,True,False,0.4489566858833733,0.1897804305627385,0.02313198306208867,0.816867098865478,27.412,1
26,4.0,142987.5,654,9.68,16583.69,15,4,0,0,14300.0,13.59,True,False,False,False,False,False,True,False,True,False,False,False,False,False,True,0.10000804260482486,0.02766758310880825,0.11597918713742712,0.20084152671755726,13.8424,0
61,0.0,62300.0,631,38.05,9005.61,15,4,0,1,7300.0,17.9,True,False,False,False,False,False,True,False,True,False,False,False,False,True,False,0.11717307908380283,0.050753580942830175,0.14455000722299804,1.0776819620253164,27.7765,1
25,3.7,27000.0,668,9.67,8365.89,14,10,0,0,1900.0,17.2,False,False,False,True,False,True,False,False,True,False,False,False,False,True,False,0.07036776415688308,0.030177455881470482,0.30983630235917187,0.24861584454409563,1.8373,0
22,0.6,53700.0,700,14.17,36444.7325,19,12,0,0,14000.0,12.84,True,False,False,False,False,False,True,False,False,False,False,False,True,True,False,0.26070278020893467,0.10514681137284905,0.6786602204800655,0.2595475035663338,19.837999999999997,1
58,1.5,23200.0,579,17.28,2704.22,25,15,0,4,7800.0,19.57,True,False,False,False,False,False,True,False,False,False,False,False,True,True,False,0.3361924054997629,0.1489763019180745,0.11655618292314986,0.5830510344827586,13.4784,1
28,5.6,142987.5,702,15.68,18611.67,22,17,0,1,13000.0,12.85,True,False,False,False,False,False,True,False,True,False,False,False,False,True,False,0.0909164023680226,0.036678398856808334,0.1301620060354504,0.2866116642958748,20.384,0
37,0.3,39300.0,666,25.07,16106.47,24,11,0,0,8200.0,16.36,True,False,False,False,False,False,True,False,True,False,False,False,False,True,False,0.20864609043026894,0.08844542090751982,0.40982341416248946,0.6149103448275862,20.557399999999998,1
52,3.6,50200.0,674,25.35,9062.05,15,12,0,1,2600.0,15.76,False,False,False,True,False,True,False,True,False,False,False,False,False,True,False,0.05179179697615585,0.021771811022788645,0.18051532837991274,0.5918755555555556,6.591,1
21,2.6,49700.0,664,8.76,35186.51,19,9,0,0,22400.0,12.96,False,False,True,False,False,True,False,False,False,False,False,False,True,True,False,0.4506951570390938,0.18208393009288285,0.7079638236655198,0.1707212030075188,19.622400000000003,0
32,0.9,142987.5,662,4.0,29048.1,14,8,1,0,14700.0,15.8,True,False,False,False,False,True,False,False,False,False,True,False,False,True,False,0.1028054703699948,0.04324698264341259,0.20314990366358132,0.09532428355957769,5.88,0
66,15.5,49400.0,611,11.35,350.66,16,7,0,0,12500.0,15.61,True,False,False,False,False,True,False,False,True,False,False,False,False,True,False,0.25303131515556365,0.10614261548997468,0.0070982368777959964,0.28949918300653593,14.1875,1
45,4.2,82200.0,614,9.81,33318.63,23,15,0,4,23300.0,17.83,True,False,False,False,False,True,False,False,False,False,False,False,True,False,True,0.28345153951898394,0.08604790479937464,0.4053312003503607,0.284410243902439,22.857300000000002,1
52,6.6,40500.0,710,16.51,11858.73,18,11,0,0,3800.0,12.84,True,False,False,False,False,False,True,False,False,False,False,True,False,False,True,0.09382484383101652,0.025518588632369776,0.2928009184958396,0.2981552742616034,6.2738000000000005,0
24,3.1,53800.0,691,29.5,21583.02,12,7,1,2,1700.0,14.49,False,False,False,True,False,True,False,False,False,False,False,True,False,False,True,0.031597925689113585,0.008917537308295162,0.40116391888626607,0.6177095375722543,5.015000000000001,0
60,14.7,80400.0,774,15.78,8166.32,8,5,2,0,13600.0,10.69,False,False,False,True,False,False,True,False,True,False,False,False,False,True,False,0.16915212497357,0.06614724146531809,0.10156988097162971,0.2176621935483871,21.4608,0
56,2.3,142987.5,691,36.64,32298.94,15,11,0,0,6900.0,16.17,True,False,False,False,False,True,False,False,False,False,False,False,True,False,True,0.04825562894918123,0.014133069051878715,0.22588487885389383,0.8561687861271677,25.281599999999997,0
26,1.3,62800.0,729,31.97,3392.45,9,5,0,0,28300.0,15.9,False,False,False,True,True,False,False,False,False,False,False,False,True,False,True,0.4506297670419261,0.1311911578149596,0.054019044282734345,0.6963328767123287,90.4751,0
44,0.0,51500.0,707,7.19,36444.7325,14,10,0,2,3400.0,12.01,True,False,False,False,False,True,False,False,False,False,True,False,False,True,False,0.0660181355701831,0.026311125902067987,0.70765096794237,0.1219659604519774,2.4446000000000003,1
63,1.6,122700.0,639,16.28,4328.07,16,9,0,0,4000.0,17.18,False,False,False,True,False,True,False,True,False,False,False,False,False,True,False,0.0325995713156372,0.013980979858980338,0.035273306656017474,0.43701625,6.5120000000000005,1
30,0.2,15000.0,764,29.53,10094.07,16,9,0,1,5200.0,11.94,False,True,False,False,True,False,False,False,True,False,False,False,False,True,False,0.3466435570961936,0.1379419916733598,0.6728931404573029,0.4608996078431372,15.3556,0
23,5.9,127400.0,702,15.24,14837.61,23,9,0,0,1700.0,14.72,False,False,False,True,False,True,False,False,True,False,False,False,False,True,False,0.013343694319510836,0.005528354593698693,0.1164638425130101,0.3191078236130868,2.5908,0
49,1.4,46900.0,773,5.83,10116.12,16,11,0,1,3700.0,8.785000000000002,False,False,False,True,False,False,True,False,True,False,False,False,False,True,False,0.07888957591522569,0.030002334047068663,0.21569092343446836,0.06617125322997418,2.1571,0
54,1.5,62500.0,776,13.78,8037.02,24,13,0,0,12900.0,14.56,True,False,False,False,False,False,True,False,True,False,False,False,False,False,True,0.20639669765283755,0.058341199973902004,0.1285902625557991,0.2582198198198198,17.7762,0
43,0.6,62200.0,650,7.37,1500.98,23,15,0,0,28000.0,16.14,False,False,True,False,False,True,False,False,False,True,False,False,False,True,False,0.4501535345090915,0.1902526841694182,0.02413112329383772,0.18272165898617512,20.636,0
55,3.0,97900.0,667,17.6,3908.07,17,6,3,1,34300.0,17.76,False,False,True,False,False,True,False,False,True,False,False,False,False,False,True,0.3503539289690606,0.10620016787880929,0.03991859122991594,0.46792814371257496,60.36800000000001,1
39,9.8,94800.0,713,10.23,1885.86,19,8,0,1,10300.0,11.04,True,False,False,False,False,False,True,False,False,False,True,False,False,True,False,0.10864864294680436,0.04270395240223877,0.019892828134724316,0.1581781512605042,10.536900000000001,0
50,3.5,67000.0,750,7.67,5053.92,13,8,0,2,17900.0,11.93,True,False,False,False,True,False,False,False,True,False,False,False,False,False,True,0.2671601916389308,0.0711889311326146,0.07543051596244832,0.1218416777629827,13.7293,0
50,1.0,55700.0,672,19.26,17952.79,13,9,0,2,8200.0,18.18,False,False,False,True,False,True,False,False,False,False,False,False,True,False,True,0.14721459219762661,0.04502366715541649,0.32230642178775964,0.5202775631500743,15.7932,1
45,11.3,67800.0,661,20.78,5995.69,14,7,0,0,2200.0,16.95,True,False,False,False,False,True,False,False,True,False,False,False,False,False,True,0.032447898998539844,0.009664933223017312,0.08843070161207062,0.5320558912386707,4.5716,0
26,1.9,48800.0,666,5.37,845.18,13,10,0,1,2500.0,12.9,False,False,False,True,False,False,True,False,False,False,False,False,True,True,False,0.051228458433228825,0.020678812145949455,0.017318907399438536,0.10385757121439282,1.3425,1
51,15.2,47600.0,703,3.94,31680.1,15,12,0,0,21400.0,11.8,False,False,False,True,False,False,True,False,False,True,False,False,False,False,True,0.44957038717673997,0.11943321413169491,0.6655343375139178,0.06603977272727274,8.4316,0
48,3.1,35900.0,739,11.81,24920.65,26,14,2,0,10000.0,10.61,False,False,False,True,True,False,False,False,False,True,False,False,False,True,False,0.2785437731539511,0.10878036245280266,0.6941491880449013,0.16932986486486487,11.81,0
61,3.3,42300.0,610,17.86,10951.87,14,8,0,2,1400.0,15.66,True,False,False,False,True,False,False,False,True,False,False,False,False,False,True,0.03309614429918915,0.009583914772355411,0.25890333561854334,0.4577538461538461,2.5004,1
56,4.4,56100.0,687,23.58,25635.02,15,8,0,1,17700.0,13.7,False,False,False,True,False,False,True,False,True,False,False,False,False,True,False,0.3155023974617208,0.12882126451507142,0.456944082993173,0.4695436046511627,41.736599999999996,1
64,11.4,55500.0,701,23.72,6258.45,18,8,0,0,2000.0,12.54,False,False,True,False,False,False,True,False,True,False,False,False,False,True,False,0.03603538674978829,0.014471601608964865,0.11276283310210626,0.42371623931623925,4.744,0
44,4.4,25600.0,617,14.54,9981.78,21,13,0,0,11500.0,16.25,False,False,False,True,True,False,False,False,False,True,False,False,False,True,False,0.44920120307800476,0.1900952868201608,0.38989805085738843,0.38232200647249187,16.720999999999997,1
50,13.6,67200.0,724,9.51,19900.42,15,7,0,3,1000.0,11.53,False,False,False,True,False,False,True,False,True,False,False,False,False,True,False,0.014880730941503847,0.0058900689261848094,0.29613279564292194,0.15124179310344826,0.9510000000000001,0
32,8.0,57600.0,646,17.9,11969.77,18,8,0,1,9000.0,16.62,False,False,False,True,False,True,False,False,False,False,True,False,False,False,True,0.1562472873734831,0.04620670377127747,0.20780489922049966,0.4598114374034003,16.11,0
54,9.0,142987.5,642,12.8,31461.36,21,14,0,2,1000.0,16.46,False,False,True,False,True,False,False,True,False,False,False,False,False,False,True,0.006993569412924816,0.0020612501730534485,0.2200272049850163,0.3276640746500778,1.2800000000000002,0
34,13.3,67600.0,661,24.81,4558.23,17,8,0,2,10200.0,15.59,True,False,False,False,False,True,False,True,False,False,False,False,False,False,True,0.15088534193281164,0.04363029703461282,0.06742844040768627,0.584271752265861,25.3062,1
39,0.0,52000.0,675,11.63,16573.54,14,9,0,3,12700.0,14.6,False,False,False,True,False,True,False,False,False,False,False,True,False,False,True,0.2442260725755274,0.06909300536532349,0.31871579392703986,0.25118047337278104,14.770100000000001,1
59,0.8,36500.0,676,10.72,27755.07,17,7,0,0,16400.0,15.69,False,False,False,True,False,False,True,False,False,False,False,False,True,True,False,0.4493027588285253,0.18867282164514096,0.7603920440535875,0.2484443131462334,17.5808,1
54,4.3,33200.0,703,7.99,4024.18,7,3,0,0,14900.0,12.75,True,False,False,False,True,False,False,False,True,False,False,False,False,True,False,0.44878166320291557,0.18074704525045204,0.1212065901629469,0.1447052556818182,11.905100000000001,0
30,9.0,51000.0,766,6.37,157.78,16,5,0,0,23000.0,11.89,True,False,False,False,True,False,False,False,True,False,False,False,False,True,False,0.4509715495774593,0.17942162112238255,0.0030936648301013708,0.09874745762711865,14.651,0
28,5.3,84900.0,675,17.06,8265.57,15,5,0,3,4100.0,14.93,False,False,False,True,True,False,False,False,True,False,False,False,False,False,True,0.04829153955783795,0.013763161151868958,0.09735539039587283,0.37678372781065084,6.994599999999999,1
62,4.3,112900.0,673,13.68,715.51,17,10,0,1,26700.0,13.74,False,False,False,True,False,True,False,False,False,False,True,False,False,True,False,0.23649037652456578,0.09662477109273498,0.006337499224984721,0.27887715133531155,36.5256,0
56,2.1,70800.0,642,23.82,23046.67,15,8,1,3,4000.0,15.59,False,False,False,True,True,False,False,False,True,False,False,False,False,True,False,0.05649637716981398,0.02369425567125955,0.3255133402070592,0.5775331259720062,9.528,1
55,7.5,86500.0,706,7.73,668.15,21,9,0,1,10100.0,14.92,False,False,False,True,True,False,False,False,True,False,False,False,False,False,True,0.11676165593461348,0.033269979636219436,0.007724188159674454,0.16312814710042434,7.807300000000001,0
63,4.6,25000.0,699,18.02,28922.85,25,12,1,0,2400.0,14.75,False,False,False,True,False,False,True,True,False,False,False,False,False,False,True,0.09599616015359386,0.027241980862332826,1.1568677252909882,0.37970714285714285,4.3248,1
31,0.1,24200.0,676,21.0,4696.15,18,13,0,0,10900.0,13.21,False,False,False,True,True,False,False,False,True,False,False,False,False,True,False,0.45039461179290113,0.18257107466597597,0.19404776662121398,0.40976366322008867,22.89,0
29,1.7,41600.0,676,4.2,455.66,21,13,0,2,18700.0,12.26,False,False,False,True,False,False,True,False,False,False,False,False,True,True,False,0.4495084252782385,0.1797843908520399,0.010953102088892094,0.07605908419497785,7.854000000000001,1
52,25.0,68600.0,750,18.38,15552.11,14,5,0,0,6500.0,13.19,True,False,False,False,False,False,True,False,True,False,False,False,False,True,False,0.09475080538184574,0.03840832759181171,0.22670383813647033,0.32281251664447397,11.947,0
58,1.7,94500.0,600,26.76,5165.02,14,9,0,0,9700.0,18.41,True,False,False,False,False,False,True,False,False,False,False,False,True,True,False,0.10264441646120147,0.04477863370736466,0.05465571792891081,0.8197198003327788,25.9572,1
35,4.0,37000.0,695,6.35,828.78,14,7,0,0,12000.0,14.41,False,False,True,False,True,False,False,False,False,True,False,False,False,False,True,0.3243155590389449,0.09135726956141171,0.02239885408502473,0.1314705459770115,7.619999999999999,0
27,2.5,58200.0,728,28.57,1413.71,23,13,0,0,10200.0,13.58,False,False,False,True,False,False,True,False,True,False,False,False,False,True,False,0.17525472070926618,0.07143573362069962,0.024290132471950655,0.5322093278463649,29.1414,0
64,0.2,50400.0,625,10.2,18163.06,22,8,0,0,4100.0,16.68,True,False,False,False,True,False,False,False,False,False,False,True,False,True,False,0.08134759230967639,0.03464033703984516,0.36037102438443686,0.27178274760383386,4.1819999999999995,0
51,15.2,70300.0,749,23.32,36444.7325,20,10,0,0,22000.0,12.52,True,False,False,False,False,True,False,False,True,False,False,False,False,True,False,0.31294007197621654,0.12564412731157404,0.5184098732592708,0.38928853333333335,51.304,0
57,0.3,85500.0,729,18.25,2350.3,22,13,0,0,4900.0,13.54,False,False,False,True,True,False,False,False,True,False,False,False,False,False,True,0.057309271236593726,0.01583626807947884,0.027488567385176785,0.33849999999999997,8.942499999999999,0
40,0.4,71100.0,632,9.08,5884.91,28,10,0,0,32000.0,13.51,False,False,False,True,False,True,False,False,True,False,False,False,False,True,False,0.4500639934740721,0.18327438037674698,0.08276831549485943,0.19379273301737757,29.056,1
30,1.8,44500.0,715,13.12,35981.73,16,10,2,0,20000.0,12.38,True,False,False,False,False,True,False,False,True,False,False,False,False,True,False,0.4494281027392643,0.1800652276531076,0.8085600323588235,0.22685139664804468,26.24,1
44,1.3,40700.0,558,18.5,4476.98,13,10,0,1,10800.0,20.585,False,False,False,True,False,False,True,True,False,False,False,False,False,True,False,0.2653497457064937,0.11925519621181603,0.10999680597528315,0.6812567084078712,19.98,1
59,4.0,30600.0,680,10.82,7831.42,24,11,0,0,7700.0,14.53,True,False,False,False,False,False,True,False,False,False,False,False,True,True,False,0.251625763863926,0.10394127744912232,0.2559203947583412,0.23085844346549192,8.3314,1
55,3.0,44700.0,693,11.79,3137.97,10,7,0,3,20100.0,12.88,False,False,False,True,False,False,True,False,True,False,False,False,False,True,False,0.4496543701483188,0.18145122109484188,0.0701991006912597,0.2188115273775216,23.697899999999997,0
37,7.5,49600.0,740,6.57,15633.55,18,10,0,1,14300.0,12.65,True,False,False,False,True,False,False,False,False,False,True,False,False,True,False,0.28830063910001813,0.11595976692945878,0.31518618576238383,0.11215991902834008,9.3951,0
45,2.0,119600.0,698,9.89,5114.71,18,11,1,0,34300.0,11.12,False,False,False,True,True,False,False,False,True,False,False,False,False,True,False,0.2867868997750855,0.11285371242758828,0.0427647762142457,0.15733447782546495,33.922700000000006,0
37,1.2,93600.0,636,18.5,9066.76,19,11,0,1,7200.0,15.52,False,False,False,True,False,False,True,False,False,False,False,True,False,False,True,0.07692225510411213,0.022209849461338353,0.09686605912329997,0.45073783359497643,13.32,0
57,6.1,55400.0,670,4.43,3947.18,12,8,0,1,3100.0,14.92,False,False,False,True,False,False,True,False,True,False,False,False,False,False,True,0.055955668670240606,0.01594282877336272,0.07124745040703236,0.098503129657228,1.3733,0
65,2.1,27200.0,677,4.79,4624.3,28,13,0,1,2700.0,14.03,True,False,False,False,False,True,False,False,True,False,False,False,False,True,False,0.09926105657880226,0.04071098611555535,0.1700047792360575,0.09912050147492625,1.2933000000000001,1
22,4.4,63800.0,737,21.26,1559.23,29,19,0,1,1000.0,14.37,False,False,False,True,True,False,False,False,False,False,True,False,False,False,True,0.015673735521386813,0.004411806661584023,0.02443895863701196,0.41396504065040646,2.1260000000000003,0
40,0.5,55400.0,678,21.31,1930.17,15,8,0,1,5200.0,16.75,False,False,False,True,False,False,True,True,False,False,False,False,False,False,True,0.0938611216404036,0.027835577914572935,0.03483998483781881,0.5256885125184094,11.081199999999999,1
47,8.3,32900.0,749,17.61,2880.66,14,10,0,0,3800.0,11.96,True,False,False,False,False,False,True,False,False,False,True,False,False,False,True,0.11549800917905231,0.030791970351865823,0.08755539345308652,0.2808208,6.6918,0
48,13.1,27100.0,749,44.05500000000001,6702.09,14,6,0,0,12200.0,14.01,True,False,False,False,False,True,False,False,True,False,False,False,False,True,False,0.450167890483746,0.18457937729568832,0.2473004686173942,0.8229474000000002,53.74710000000001,1
30,3.3,79500.0,598,44.05500000000001,10112.14,20,5,0,0,4900.0,20.4,False,False,False,True,False,False,True,True,False,False,False,False,False,False,True,0.061634444849750315,0.019757471962441514,0.12719512962101104,1.5003706176961604,21.58695,1
33,9.1,21000.0,704,33.38,16245.81,18,9,0,2,8600.0,16.55,True,False,False,False,False,True,False,False,False,False,False,False,True,False,True,0.4095043093186039,0.12087766641248207,0.7735731631827055,0.7836014184397164,28.7068,1
43,1.7,79100.0,698,36.56,7690.55,18,11,0,0,23900.0,14.7,True,False,False,False,False,True,False,False,True,False,False,False,False,True,False,0.30214535846575896,0.12513820637505568,0.09722443458363358,0.7688583690987125,87.37840000000001,0
34,0.1,40400.0,694,11.83,8566.33,22,14,0,0,9300.0,13.23,False,False,True,False,False,False,True,False,True,False,False,False,False,True,False,0.23019232197222841,0.0933539607518482,0.21203262295487735,0.22519553956834532,11.001900000000001,0
52,13.0,58600.0,645,3.41,2266.0,15,6,0,3,1000.0,13.02,True,False,False,False,False,False,True,False,True,False,False,False,False,True,False,0.01706455521236839,0.006900345197029919,0.03866828211122677,0.06872786377708978,0.341,1
47,0.1,19500.0,634,21.85,23594.17,25,16,0,0,8800.0,17.79,False,False,True,False,True,False,False,False,True,False,False,False,False,False,True,0.45125890979949745,0.13681308173076664,1.209895389980001,0.612144094488189,19.228,1
49,1.0,62900.0,713,7.82,27427.5,23,14,0,2,15300.0,12.35,False,False,False,True,False,False,True,False,True,False,False,False,False,True,False,0.24323937616254113,0.09741996193943342,0.4360423522678495,0.13526190476190475,11.9646,0
58,4.4,70300.0,584,11.19,12575.72,21,12,0,1,18000.0,17.93,False,False,False,True,False,False,True,False,True,False,False,False,False,False,True,0.25604187707144993,0.07789222883683193,0.17888394190694298,0.3429687179487179,20.142,1
55,2.7,55500.0,670,14.78,9595.1,18,9,0,1,19000.0,16.79,False,False,False,True,False,False,True,True,False,False,False,False,False,True,False,0.3423361741229888,0.1460046971259786,0.17288156970144683,0.3698304023845007,28.081999999999997,1
42,3.9,52300.0,722,17.07,19053.91,12,6,0,0,14400.0,11.57,False,False,False,True,False,True,False,False,True,False,False,False,False,False,True,0.2753293436071968,0.07276337878404124,0.3643125370451808,0.2731672199170124,24.5808,0
55,0.2,52000.0,693,8.65,18409.87,28,13,0,4,6500.0,15.01,False,False,False,True,False,False,True,False,True,False,False,False,False,False,True,0.12499759620007307,0.035684534404882166,0.3540291532855137,0.1870842939481268,5.6225000000000005,0
31,13.6,52400.0,768,16.72,12293.09,10,4,0,2,23600.0,12.11,True,False,False,False,True,False,False,False,False,False,True,False,False,True,False,0.4503730844831206,0.1797523140828517,0.23459647716646628,0.2633019505851755,39.459199999999996,0
30,3.1,49700.0,725,17.36,7183.34,17,13,0,0,7500.0,15.04,True,False,False,False,False,False,True,False,True,False,False,False,False,False,True,0.15090239633005373,0.04310797908373893,0.14453109595380376,0.35963415977961427,13.02,0
23,1.7,31800.0,695,23.29,6656.26,16,7,0,1,12400.0,14.42,False,False,False,True,False,True,False,False,True,False,False,False,False,False,True,0.3899248451306563,0.10985795336579922,0.2093097701330147,0.48253132183908043,28.8796,1
60,3.1,64500.0,743,15.11,141.41,17,5,0,0,9900.0,12.79,False,False,False,True,False,False,True,False,True,False,False,False,False,False,True,0.1534859924652331,0.041702491389221025,0.0021923691105564256,0.25975389784946235,14.9589,0
64,6.4,42300.0,678,10.99,1107.31,14,6,1,3,8800.0,15.17,False,False,False,True,True,False,False,False,False,False,True,False,False,False,True,0.20803290702347463,0.059596560712901155,0.026176922531382235,0.24553505154639174,9.6712,1
22,0.6,76300.0,666,6.24,22375.72,16,11,2,1,9900.0,14.6,True,False,False,False,False,True,False,False,False,False,False,False,True,True,False,0.12974928244715012,0.05366139496497498,0.29325592063013595,0.13658770614692653,6.1776,0
30,3.3,28000.0,719,15.07,8016.11,15,5,0,0,4500.0,12.34,True,False,False,False,True,False,False,False,False,False,False,False,True,True,False,0.16070854612335272,0.06434222698858258,0.28627941859219314,0.25828305555555553,6.7815,1
29,4.4,71700.0,656,7.59,36444.7325,24,13,0,3,20800.0,13.08,True,False,False,False,False,True,False,True,False,False,False,False,False,True,False,0.29009358307415517,0.11740896191453169,0.508287645918467,0.1511068493150685,15.7872,0
63,2.4,43100.0,695,20.93,21441.98,18,10,0,0,1000.0,14.42,False,False,False,True,True,False,False,False,True,False,False,False,False,True,False,0.02320131783485302,0.009570042958895138,0.4974821929885617,0.4336359195402299,2.093,0
40,1.3,90000.0,743,21.48,5871.43,24,11,2,0,29900.0,14.26,False,False,False,True,False,True,False,False,False,False,False,False,True,False,True,0.33221853090521214,0.09328857454184834,0.06523738625126388,0.4117,64.2252,1
54,3.0,34900.0,709,8.03,2478.23,16,12,0,0,7200.0,13.86,False,False,False,True,False,True,False,False,True,False,False,False,False,True,False,0.20629781381622303,0.08441440482588804,0.07100742099080255,0.15675464788732393,5.781599999999999,0
63,4.7,32000.0,666,29.21,4684.16,14,5,0,0,9800.0,16.75,False,False,False,True,False,True,False,True,False,False,False,False,False,True,False,0.3062404299865629,0.13051803868383094,0.14637542576794474,0.7335344827586208,28.6258,1
64,2.0,43100.0,709,3.91,10981.44,18,11,0,1,7400.0,13.9,True,False,False,False,False,False,True,False,False,False,False,True,False,False,True,0.17168975197791234,0.04782009278612824,0.25478387972436833,0.07654788732394367,2.8934,0
56,3.8,33300.0,765,5.0,21560.13,15,6,0,0,1700.0,10.24,True,False,False,False,False,True,False,False,False,False,True,False,False,False,True,0.05104951803249152,0.01308395388558993,0.6474319089516831,0.06684073107049608,0.8500000000000001,0
64,1.9,32300.0,631,9.64,36444.7325,15,8,0,0,10100.0,14.62,False,False,True,False,False,True,False,False,True,False,False,False,False,True,False,0.312683817838457,0.12933025091837785,1.1282849602179499,0.22300126582278482,9.736400000000001,0
33,6.7,74900.0,710,10.11,3822.61,16,10,0,4,15000.0,11.66,True,False,False,False,True,False,False,False,True,False,False,False,False,True,False,0.2002643489406016,0.07941835203300168,0.05103550019358887,0.1657983122362869,15.165,1
54,6.2,128000.0,612,9.46,5578.86,14,5,0,1,5700.0,15.26,True,False,False,False,False,False,True,False,False,False,False,True,False,True,False,0.044530902102327324,0.018590652655173994,0.043584503246068385,0.23549690048939642,5.3922,0
33,2.2,35200.0,698,15.67,6139.29,14,5,0,4,12400.0,14.04,False,False,False,True,True,False,False,False,False,False,False,True,False,True,False,0.35226271980909635,0.1445110365180729,0.17440669299167638,0.3147450643776824,19.4308,1
56,0.8,16600.0,706,12.53,31058.71,14,9,0,1,7500.0,12.91,True,False,False,False,False,False,True,False,False,False,False,False,True,True,False,0.45178001325221373,0.18231132232208141,1.8708939220528884,0.22880099009900987,9.397499999999999,1
56,25.0,48300.0,726,26.6,10024.84,18,10,0,0,21700.0,15.09,False,False,False,True,False,False,True,False,True,False,False,False,False,True,False,0.449266060744084,0.1870825566084784,0.2075493261009089,0.5521237964236588,57.722,0
35,1.6,51200.0,797,31.69,18525.68,14,9,1,0,3200.0,11.85,False,False,False,True,True,False,False,False,False,False,True,False,False,True,False,0.062498779320716395,0.024851209813669325,0.3618226206519404,0.4705845864661654,10.1408,0
36,4.0,30700.0,663,23.91,11234.57,20,12,0,0,6800.0,17.3,False,False,False,True,False,True,False,False,True,False,False,False,False,False,True,0.22149115663984886,0.06646119408362973,0.3659349858310804,0.6229563253012048,16.2588,1
36,1.7,23100.0,686,12.81,12589.0,16,9,0,1,8400.0,15.39,True,False,False,False,False,True,False,False,True,False,False,False,False,True,False,0.36362062248387517,0.15202263146096165,0.5449547638630362,0.2869663755458515,10.7604,1
61,2.5,45800.0,615,18.96,34050.38,16,9,0,1,7600.0,16.05,True,False,False,False,True,False,False,False,True,False,False,False,False,True,False,0.16593524158861161,0.07003783178599732,0.7434418462478984,0.49400649350649356,14.409600000000001,1
49,1.9,20000.0,708,21.47,27825.09,17,12,0,0,9000.0,12.55,False,False,False,True,False,True,False,True,False,False,False,False,False,True,False,0.4499775011249438,0.1806707065249187,1.3911849407529624,0.38004019746121304,19.323,1
38,0.8,102800.0,672,19.38,9310.37,20,13,0,0,6300.0,15.37,True,False,False,False,False,False,True,False,True,False,False,False,False,True,False,0.06128345055009193,0.0256236388851902,0.09056692055524752,0.44260118870728077,12.209399999999999,0
53,2.5,25000.0,689,14.53,272.62,15,10,0,0,1000.0,13.01,True,False,False,False,False,True,False,False,False,False,False,False,True,True,False,0.03999840006399744,0.01616764856639315,0.010904363825446982,0.27396420289855067,1.453,0
64,3.2,106000.0,755,14.55,4913.53,23,12,0,0,14500.0,14.0,False,False,False,True,False,False,True,False,True,False,False,False,False,False,True,0.13679116234752503,0.03819072980222473,0.046353619305478246,0.2694444444444445,21.0975,0
67,4.5,114400.0,738,8.26,1458.33,15,10,0,1,34000.0,12.73,True,False,False,False,False,True,False,False,False,False,False,False,True,True,False,0.2972001992989572,0.11969140062390546,0.012747528430695536,0.14228660351826794,28.084,0
51,21.7,54100.0,625,19.06,27427.78,20,10,0,0,24300.0,18.48,False,False,False,True,True,False,False,False,True,False,False,False,False,False,True,0.44915990462283506,0.13825170237491272,0.5069736234080701,0.5626658146964856,46.3158,1
58,2.5,71500.0,680,34.91,22913.87,15,7,0,3,32200.0,14.66,True,False,False,False,False,True,False,False,False,False,False,True,False,True,False,0.450343351841233,0.18640839379246385,0.3204692242066544,0.7515133627019088,112.41019999999999,1
30,5.1,46100.0,762,17.43,11744.22,23,15,0,1,20700.0,12.26,False,False,False,True,False,True,False,False,True,False,False,False,False,True,False,0.4490141211687382,0.17959132413848017,0.25474978850784147,0.2800678899082569,36.080099999999995,1
46,4.1,105800.0,697,15.87,2088.0,25,21,0,0,2600.0,16.11,True,False,False,False,False,True,False,False,False,False,False,True,False,False,True,0.024574436914584927,0.007187730323409208,0.01973516318371282,0.36628323782234956,4.1262,0
23,4.0,36600.0,622,6.12,11142.61,17,10,0,0,16500.0,14.61,False,False,False,True,True,False,False,False,False,False,True,False,False,True,False,0.45080735499030083,0.18644106941152905,0.30443457829021064,0.1435203852327448,10.097999999999999,0
42,3.1,45500.0,737,19.1,381.93,14,8,1,0,9200.0,13.12,False,False,False,True,False,True,False,False,True,False,False,False,False,True,False,0.20219335838772773,0.08187283730291303,0.008393881453154875,0.33955555555555555,17.572000000000003,0
52,0.9,100200.0,519,23.26,29512.68,22,8,0,0,3900.0,20.585,False,False,False,True,True,False,False,False,True,False,False,False,False,True,False,0.038921767247831855,0.017495278932629744,0.2945347850819852,0.9207828846153847,9.0714,0
30,3.0,34800.0,635,16.29,15973.78,19,9,0,2,14100.0,14.28,False,False,True,False,False,True,False,False,False,False,False,True,False,True,False,0.4051607712422057,0.16677845857992402,0.459003476911583,0.3657566037735849,22.968899999999998,0
65,2.4,38500.0,723,3.32,87.95,19,12,0,1,3900.0,12.48,True,False,False,False,False,False,True,False,False,False,False,True,False,True,False,0.10129607023194202,0.0406413785105154,0.0022843562504870005,0.057228729281767955,1.2948,0
55,1.6,27500.0,684,11.02,1637.73,18,13,0,0,6200.0,13.91,False,False,False,True,False,True,False,False,False,False,False,True,False,True,False,0.2254463474055489,0.09230752691949111,0.05955165266717574,0.22377839416058393,6.8324,1
50,6.2,48300.0,653,24.04,25454.39,16,14,0,2,9700.0,15.09,True,False,False,False,False,False,True,False,False,False,False,True,False,True,False,0.20082399950311589,0.0836267649355871,0.5269950932692905,0.5546844036697247,23.3188,1
29,0.7,54500.0,629,44.05500000000001,495.48,18,9,1,0,14300.0,19.32,False,False,True,False,False,True,False,False,True,False,False,False,False,False,True,0.2623805067796921,0.08221433416308971,0.009091209335608521,1.35102,62.998650000000005,1
40,0.9,32900.0,646,8.5,8301.74,17,10,0,3,14800.0,14.33,True,False,False,False,False,True,False,True,False,False,False,False,False,True,False,0.4498343515394669,0.18529567563053703,0.25232485334792254,0.1882612055641422,12.58,1
31,0.6,74800.0,717,14.32,21751.52,13,6,0,1,1000.0,12.2,True,False,False,False,False,False,True,False,False,True,False,False,False,False,True,0.013368805229876607,0.003584288007733983,0.2907918343337656,0.2433203342618384,1.4320000000000002,0
65,0.6,114400.0,677,44.05500000000001,955.69,24,16,0,1,2600.0,16.16,True,False,False,False,False,False,True,False,False,False,True,False,False,True,False,0.022727074064037903,0.009608831112341546,0.00835386054317707,1.0500424778761064,11.454300000000002,1
39,3.9,38500.0,703,32.89,6068.22,16,7,0,2,17300.0,16.35,False,False,False,True,False,True,False,False,True,False,False,False,False,False,True,0.4493389782083582,0.13209172361690846,0.15761201007766032,0.7638515625000001,56.8997,1
58,3.9,142987.5,591,21.84,6920.04,14,6,0,0,29300.0,17.82,False,False,True,False,False,False,True,False,True,False,False,False,False,False,True,0.2049115837986971,0.062195576089382344,0.04839578008021624,0.6574135135135135,63.991200000000006,0
44,3.4,25700.0,659,43.26,7870.01,20,13,0,0,7800.0,16.58,False,False,False,True,True,False,False,False,False,False,False,False,True,True,False,0.30349013657056145,0.129027814431879,0.3062141550912416,1.0867436363636362,33.7428,1
59,8.8,116100.0,597,26.95,3144.0,16,7,0,0,6300.0,15.12,False,False,False,True,True,False,False,False,False,True,False,False,False,True,False,0.05426309850905677,0.022608719269077905,0.027079870113091188,0.6814113712374582,16.9785,1
62,2.1,26200.0,748,34.6,12489.9,15,9,0,1,11800.0,13.96,False,False,False,True,False,False,True,False,True,False,False,False,False,True,False,0.45036448990496547,0.18452624282599372,0.4766955459715278,0.6448811748998666,40.828,1
46,9.5,60300.0,679,19.65,4104.45,24,17,0,0,2300.0,16.07,False,False,True,False,True,False,False,False,True,False,False,False,False,True,False,0.0381419876950631,0.016104394054810053,0.06806603538913118,0.4643757352941176,4.5195,0
52,2.3,59000.0,707,6.04,8038.66,17,11,0,1,12700.0,14.1,False,False,True,False,False,False,True,False,True,False,False,False,False,True,False,0.21525058897306826,0.08839008617807555,0.13624616531923187,0.12028813559322034,7.6708,0
66,0.2,31400.0,689,2.59,12849.49,19,14,0,3,14100.0,14.22,False,False,True,False,False,False,True,False,False,False,False,False,True,False,True,0.4490302856596924,0.1259490945461994,0.4092063947008057,0.053376521739130434,3.6518999999999995,1
49,8.2,54000.0,646,33.96,8036.04,7,3,0,0,2300.0,15.84,True,False,False,False,False,False,True,False,True,False,False,False,False,True,False,0.04259180385548416,0.01792481916573317,0.14881279976296735,0.8314163833075735,7.8108,0
22,1.6,78400.0,723,7.99,575.61,15,5,0,4,2500.0,11.77,False,False,False,True,True,False,False,False,False,False,False,False,True,False,True,0.03188734837565847,0.008466202557143525,0.00734187063940511,0.12989267955801104,1.9975,0
50,3.7,56300.0,632,25.58,30345.77,22,12,0,5,18000.0,16.99,False,False,False,True,False,True,False,False,False,True,False,False,False,False,True,0.31971012948260247,0.0953081938598618,0.5389916697749596,0.6865785150078988,46.044,1
37,3.0,142987.5,693,44.05500000000001,18376.37,20,12,0,0,34300.0,16.45,True,False,False,False,False,False,True,False,False,False,False,True,False,True,False,0.23987943086332117,0.10183423368396066,0.12851641915258918,1.0442431556195968,151.10865000000004,1
32,5.9,33300.0,608,27.28,2704.0,20,12,0,0,1500.0,18.74,False,False,False,True,False,True,False,True,False,False,False,False,False,False,True,0.04504369238161016,0.013939678904335171,0.08119876279991592,0.8394535303776682,4.092,1
45,3.5,67300.0,760,27.18,1240.53,20,11,0,0,7800.0,11.02,True,False,False,False,False,False,True,False,False,False,True,False,False,True,False,0.11589723778249952,0.04553765315274322,0.018432564152092837,0.3935921156373193,21.200400000000002,0
24,4.7,84600.0,628,14.67,8449.92,21,7,0,2,22000.0,18.08,False,False,True,False,True,False,False,False,True,False,False,False,False,True,False,0.26004420751527757,0.11292524220394144,0.09987967045306793,0.4216750397456279,32.274,1
39,3.7,71600.0,677,34.51,9562.37,19,11,0,0,32200.0,17.68,True,False,False,False,False,False,True,False,False,False,False,False,True,True,False,0.4497143894638343,0.19420398862802113,0.13355078839681012,0.8999067846607669,111.1222,1
31,2.0,49900.0,721,10.88,24673.88,15,9,0,1,22500.0,14.05,False,False,True,False,False,True,False,False,False,False,True,False,False,True,False,0.4508927676800064,0.18501599247819545,0.4944566241157492,0.21172299168975073,24.48,0
48,1.5,123600.0,633,21.58,1556.76,19,11,0,3,26600.0,17.28,False,False,False,True,False,True,False,False,True,False,False,False,False,False,True,0.2152086148170322,0.06456556320747375,0.012595043729419666,0.5881741324921136,57.4028,0
33,3.8,98800.0,717,8.87,3653.46,24,17,0,0,18000.0,8.785000000000002,True,False,False,False,False,False,True,False,True,False,False,False,False,True,False,0.1821843908462465,0.06929471009290242,0.03697796581006265,0.10852778551532036,15.966,0
52,3.5,142987.5,649,7.77,19379.34,26,12,3,2,2900.0,14.47,False,False,False,True,True,False,False,True,False,False,False,False,False,False,True,0.020281351297481966,0.005721975584292093,0.1355307594666704,0.17297215384615383,2.2533,0
32,7.4,73000.0,676,2.94,1385.56,16,8,0,0,3600.0,11.44,False,False,False,True,False,True,False,True,False,False,False,False,False,True,False,0.049314392953521184,0.019494481121356464,0.018980013972411336,0.04968035450516987,1.0584,0
22,1.2,34000.0,668,17.3,29665.4,27,15,0,1,4600.0,14.63,True,False,False,False,False,True,False,False,True,False,False,False,False,False,True,0.1352901385253375,0.03829553454932828,0.8724861033499015,0.37832436472346787,7.958000000000001,1
57,0.9,57600.0,690,6.62,13609.13,15,9,1,1,5800.0,14.84,True,False,False,False,True,False,False,False,False,False,False,True,False,False,True,0.10069269630735578,0.02863881583315975,0.23626551622367667,0.14217192474674387,3.8396,0
28,0.2,93400.0,627,10.64,7940.96,17,11,0,2,24400.0,15.21,False,False,False,True,False,True,False,False,False,False,True,False,False,False,True,0.26123917302812605,0.07491552414034305,0.08502007473153392,0.25769808917197456,25.9616,1
47,3.0,43300.0,592,22.0,13463.55,18,9,0,0,2100.0,17.89,False,False,True,False,False,True,False,False,True,False,False,False,False,False,True,0.048497725225745365,0.014739734143374964,0.31092930879194475,0.6637099494097809,4.62,0
62,4.0,39700.0,619,14.56,26265.43,18,11,0,0,17900.0,17.48,True,False,False,False,False,False,True,False,True,False,False,False,False,True,False,0.45087025515730084,0.19413822892950047,0.6615810684869399,0.410498064516129,26.0624,1
42,4.2,65300.0,677,6.94,36444.7325,12,5,1,0,2800.0,12.95,False,False,False,True,False,True,False,False,False,False,True,False,False,False,True,0.04287836327161912,0.011692239113267918,0.5581037426685656,0.13255604719764014,1.9432000000000003,0
57,6.9,40900.0,658,24.75,13815.87,14,10,0,1,10500.0,16.86,False,False,False,True,True,False,False,False,False,True,False,False,False,False,True,0.2567174396714017,0.07630884406484648,0.3377880736412313,0.6332094081942337,25.9875,0
55,2.6,35900.0,686,27.07,2373.39,21,13,1,4,15800.0,14.73,True,False,False,False,False,False,True,False,True,False,False,False,False,True,False,0.4400991615832428,0.18232081308000686,0.06610930057658561,0.5804091703056768,42.7706,1
53,10.2,49900.0,592,15.56,15572.62,16,13,0,0,22500.0,15.98,False,False,False,True,False,False,True,False,True,False,False,False,False,True,False,0.4508927676800064,0.1901292904190932,0.312070299192401,0.4193065767284992,35.01,1
59,0.2,75200.0,684,6.13,17059.63,19,12,0,0,24200.0,13.98,True,False,False,False,False,True,False,False,False,False,True,False,False,False,True,0.3218042313267111,0.08980068793249281,0.2268537652424835,0.12510569343065694,14.8346,0
50,7.5,48000.0,759,17.52,5365.16,20,10,0,1,16200.0,11.99,False,False,False,True,False,True,False,False,False,True,False,False,False,True,False,0.33749296889648134,0.13446499571487353,0.11177183808670653,0.27640105263157894,28.3824,0
35,0.9,43400.0,520,29.2,1037.77,18,10,1,0,8100.0,19.14,True,False,False,False,False,False,True,False,False,False,False,False,True,True,False,0.18663164443215594,0.0822318497219243,0.023911200202760306,1.072721689059501,23.652,1
42,0.3,136800.0,603,5.25,2876.82,18,11,0,2,4600.0,15.55,True,False,False,False,True,False,False,False,False,False,True,False,False,True,False,0.033625485193821684,0.014095451967488319,0.02102923224245437,0.1351614238410596,2.415,0
66,2.2,43000.0,747,17.93,1214.64,23,16,0,0,1000.0,11.66,True,False,False,False,True,False,False,False,True,False,False,False,False,True,False,0.02325527313318295,0.009221283343402184,0.02824678495848934,0.2794970588235294,1.7930000000000001,0
40,17.6,48500.0,599,10.47,7441.96,18,10,3,5,14300.0,15.42,False,False,False,True,False,False,True,False,False,False,True,False,False,True,False,0.29483928166429557,0.12334937603236787,0.1534393105296798,0.269079,14.972100000000001,1
57,1.0,82000.0,696,10.1,8772.84,12,5,0,0,16800.0,13.35,False,False,False,True,False,False,True,False,False,False,False,False,True,False,True,0.2048755502981671,0.056372490928395316,0.10698454896891502,0.19345050215208032,16.968,0
31,0.7,114100.0,596,14.32,8981.26,8,4,0,1,2300.0,17.2,True,False,False,False,False,True,False,True,False,False,False,False,False,True,False,0.020157579688171005,0.008647334972942766,0.07871324528268815,0.4125695142378559,3.2936,1
28,12.1,106500.0,716,34.22,977.68,11,8,0,2,29500.0,14.48,True,False,False,False,False,True,False,False,False,False,False,True,False,True,False,0.2769927042938564,0.11436808422817704,0.009180007699458221,0.6910817294281729,100.949,1
25,3.0,34600.0,722,23.43,17357.11,11,5,0,2,1100.0,13.69,False,False,False,True,False,True,False,False,True,False,False,False,False,True,False,0.031790988699748564,0.012976996928509276,0.5016360798820844,0.44364688796680496,2.5773,0
31,1.8,29100.0,665,13.29,21450.74,19,11,0,2,13100.0,13.83,True,False,False,False,False,False,True,True,False,False,False,False,False,True,False,0.45015635201539467,0.18410802880967633,0.7371135012542525,0.275977027027027,17.4099,1
39,1.2,87000.0,748,15.3,17768.52,14,5,0,0,1000.0,13.13,False,False,True,False,False,False,True,False,False,False,True,False,False,False,True,0.011494120757232676,0.0031471075269700888,0.20423351455730396,0.2682096128170895,1.5300000000000002,0
25,3.0,81200.0,667,34.11,18333.11,23,14,1,2,9400.0,17.94,False,False,False,True,True,False,False,False,True,False,False,False,False,True,False,0.1157621211561434,0.05017233732070768,0.22577443627541532,0.9160679640718563,32.063399999999994,1
22,3.0,73400.0,633,17.41,14709.46,21,9,0,3,1000.0,18.88,True,False,False,False,False,True,False,False,False,False,True,False,False,False,True,0.013623792591381589,0.00422948300594829,0.2003986321712238,0.5184555205047318,1.741,0
40,2.9,85400.0,649,12.76,9281.31,20,10,0,0,1000.0,17.77,True,False,False,False,False,True,False,False,True,False,False,False,False,False,True,0.011709464760365804,0.003550106388578595,0.10867917237503073,0.34883876923076923,1.276,0
45,2.8,49600.0,705,22.5,19916.1,17,9,1,3,22300.0,13.55,False,False,False,True,False,False,True,True,False,False,False,False,False,True,False,0.44958770992520314,0.18317253595250965,0.4015261789076833,0.4318342776203966,50.175,1
65,0.2,35900.0,605,3.79,2686.76,15,8,0,1,5700.0,16.3,False,False,True,False,False,True,False,True,False,False,False,False,False,False,True,0.15876995069775215,0.04662167810467571,0.07483802679591098,0.10194224422442244,2.1603,1
60,0.1,81600.0,663,13.83,613.39,23,13,0,1,1000.0,14.14,False,False,False,True,False,True,False,False,False,False,False,False,True,True,False,0.012254751780002696,0.005035386834283477,0.007516942194335853,0.2945123493975904,1.383,0
61,5.0,90900.0,623,20.74,1238.08,13,9,0,1,15000.0,16.11,True,False,False,False,False,True,False,False,True,False,False,False,False,True,False,0.16501468630708133,0.06971627061982232,0.013620092188204749,0.5354509615384614,31.11,1
38,0.9,27900.0,613,9.03,36444.7325,21,13,0,1,5600.0,15.26,True,False,False,False,False,False,True,False,False,False,False,False,True,True,False,0.20070965198379986,0.08376595311509824,1.3062159958424429,0.22442638436482085,5.0568,1
28,1.2,75100.0,691,20.76,13245.41,16,11,0,0,1800.0,15.59,False,False,False,True,False,False,True,False,False,False,False,False,True,False,True,0.023967723465732813,0.006930665836517643,0.1763679578168067,0.46770000000000006,3.7368,0
35,2.0,88400.0,686,8.69,3554.55,11,6,0,1,1000.0,16.6,False,False,False,True,True,False,False,True,False,False,False,False,False,True,False,0.011312089229759844,0.004812103149909068,0.040209386771642854,0.20997671033478893,0.869,0
60,13.8,30100.0,666,28.05,30783.88,13,8,0,1,3200.0,15.86,False,True,False,False,False,False,True,False,False,False,False,False,True,False,True,0.10630876050629547,0.03091655674203141,1.0226862894920434,0.666976011994003,8.976,1
28,1.2,46500.0,633,13.9,6837.27,17,10,0,1,8400.0,17.03,False,False,False,True,True,False,False,False,True,False,False,False,False,True,False,0.1806412765316875,0.07729833400986232,0.14703490247521558,0.3733706624605678,11.676,0
42,0.0,39500.0,638,8.46,7553.92,18,10,1,0,1200.0,15.08,True,False,False,False,False,False,True,False,False,False,False,False,True,True,False,0.0303789777473988,0.012647931117083986,0.19123363965469228,0.19965070422535214,1.0152,0
37,3.9,34400.0,700,13.09,8824.53,22,18,0,0,5200.0,14.24,True,False,False,False,False,False,True,False,False,False,False,False,True,True,False,0.1511583965582396,0.06218659262642045,0.25651957791924657,0.26590813124108414,6.8068,0
33,3.5,130000.0,639,20.85,24412.34,17,9,0,3,11900.0,13.09,False,False,False,True,True,False,False,False,True,False,False,False,False,True,False,0.09153775740186613,0.03705572565825089,0.1877857862631826,0.42644765625000003,24.811500000000002,0
25,1.8,15000.0,597,15.03,24382.77,23,11,0,0,6800.0,16.56,False,False,False,True,True,False,False,False,False,False,True,False,False,True,False,0.45330311312579163,0.1926075888934668,1.6254096393573763,0.41621538461538454,10.2204,1
60,0.4,27300.0,692,12.11,4004.52,24,15,0,0,4600.0,13.36,False,False,True,False,True,False,False,False,False,True,False,False,False,True,False,0.16849199663016007,0.06844947912511508,0.14668034137943664,0.23346262626262623,5.5706,0
32,2.4,31600.0,653,18.49,493.82,18,7,0,2,14200.0,15.98,False,False,False,True,False,False,True,False,True,False,False,False,False,True,False,0.4493528685801082,0.1894557771820103,0.015626720673396412,0.4517892966360856,26.255799999999997,1
21,9.3,65600.0,722,25.79,7124.22,20,11,0,0,27600.0,13.93,False,False,False,True,False,False,True,True,False,False,False,False,False,True,False,0.4207252938217405,0.17235222192644387,0.1085992591576348,0.49689446749654215,71.18039999999999,0
60,0.0,142987.5,688,8.34,10230.52,18,9,0,3,34300.0,16.45,False,False,False,True,False,True,False,True,False,False,False,False,False,True,False,0.23987943086332117,0.10183423368396066,0.07154785175031558,0.19911901306240926,28.6062,1
35,4.2,30600.0,691,15.98,12614.4,13,8,3,3,1600.0,15.74,True,False,False,False,False,True,False,False,False,False,False,False,True,False,True,0.05228587301068593,0.01516589691974985,0.4122218228162478,0.36347572254335264,2.5568,1
67,7.1,95900.0,688,10.89,3.24,13,8,0,0,20700.0,16.07,False,False,False,True,False,False,True,False,False,False,False,True,False,False,True,0.21584759283010604,0.06307707153171392,3.3784840616886165e-05,0.2539946298984035,22.5423,0
52,4.2,71900.0,724,14.8,13260.9,14,8,0,0,4400.0,11.67,False,False,False,True,True,False,False,False,False,True,False,False,False,True,False,0.06119525458616709,0.02427140336597952,0.18443276171402345,0.2382289655172414,6.5120000000000005,0
60,0.6,52400.0,683,19.09,18648.21,15,4,0,0,23200.0,13.49,False,False,False,True,True,False,False,False,False,True,False,False,False,True,False,0.44273964237323715,0.18023043364995697,0.35587507871987173,0.3764972222222222,44.288799999999995,1
27,2.0,51400.0,633,16.82,36444.7325,12,8,0,0,1100.0,15.15,False,True,False,False,True,False,False,False,False,False,False,True,False,True,False,0.02140036186066419,0.008919173449264458,0.7090276940137351,0.4019290220820189,1.8502,0
59,9.6,26900.0,734,11.39,2033.22,24,15,0,0,12100.0,12.25,False,False,True,False,False,True,False,False,False,False,False,True,False,True,False,0.44979740530091816,0.17984816252961286,0.07558157689305231,0.18983333333333333,13.7819,0
61,1.3,45800.0,767,8.05,25202.41,20,9,0,1,4900.0,11.87,False,False,False,True,False,False,True,False,False,True,False,False,False,True,False,0.10698456365581538,0.04255113298431603,0.5502589463112159,0.12441861979166667,3.9445,0
56,2.1,21700.0,739,7.81,5670.94,18,11,1,0,1700.0,11.26,False,False,True,False,True,False,False,False,True,False,False,False,False,True,False,0.07833740380627621,0.030876216398496095,0.2613215980830376,0.11883864864864864,1.3277,0
64,6.5,58700.0,598,4.27,3372.13,22,13,0,1,26400.0,17.15,False,False,False,True,False,False,True,False,False,False,True,False,False,True,False,0.449736801758062,0.19277912837020678,0.057445869746682345,0.12225459098497495,11.2728,1
44,2.2,63100.0,743,9.29,4644.28,15,7,0,0,6200.0,13.47,True,False,False,False,True,False,False,False,False,False,False,True,False,False,True,0.09825517820636757,0.02710709343084749,0.0736007353290756,0.1681939516129032,5.759799999999999,0
21,4.5,83500.0,730,23.47,28773.98,17,13,0,0,14500.0,12.82,True,False,False,False,False,False,True,False,True,False,False,False,False,True,False,0.17365061496269507,0.07002195327417945,0.3445944359947785,0.4116079343365253,34.031499999999994,0
44,3.2,30600.0,700,5.1,7671.17,19,10,0,0,7900.0,10.25,True,False,False,False,False,False,True,False,True,False,False,False,False,True,False,0.2581614979902618,0.10028970438957396,0.2506836377896147,0.07457203994293865,4.029,0
63,3.2,88600.0,684,26.75,7728.3,16,3,0,1,27700.0,14.44,False,False,False,True,False,False,True,False,False,False,False,False,True,True,False,0.3126375548808704,0.12900971230885,0.08722587781176284,0.5638978102189781,74.0975,1
47,1.1,87900.0,670,8.31,16229.24,21,10,0,0,11500.0,16.58,True,False,False,False,False,False,True,False,False,False,False,False,True,False,True,0.1308290008077269,0.03865874776242989,0.1846308915711994,0.20533502235469447,9.5565,0
60,4.3,24700.0,642,16.48,272.5,19,12,0,4,11100.0,15.95,False,False,False,True,True,False,False,False,True,False,False,False,False,True,False,0.4493745192502328,0.18936668048589092,0.011031942026638597,0.408796267496112,18.292800000000003,1
65,2.4,57000.0,721,7.82,16615.53,14,8,0,0,12000.0,11.73,False,False,False,True,False,True,False,False,False,False,True,False,False,True,False,0.21052262241013314,0.08356682839354729,0.29149541236118665,0.12704792243767313,9.384,0
56,0.7,63800.0,690,29.04,9644.8,29,15,0,1,9700.0,14.34,True,False,False,False,True,False,False,False,True,False,False,False,False,False,True,0.15203523455745208,0.042766027922352234,0.1511700443566715,0.6026535455861071,28.168799999999997,1
40,1.1,33400.0,673,10.49,15301.54,15,8,0,2,12600.0,13.86,True,False,False,False,False,True,False,False,False,True,False,False,False,True,False,0.3772342145444747,0.1543571913456978,0.4581162240651478,0.21571424332344213,13.2174,0
21,2.1,35100.0,698,29.13,8855.54,23,9,0,0,14500.0,14.47,False,False,False,True,True,False,False,True,False,False,False,False,False,True,False,0.4130936440557249,0.17050309291859336,0.25228739921939547,0.6030201716738197,42.238499999999995,1
42,0.2,57700.0,686,15.32,6448.26,16,11,0,0,26000.0,14.63,False,False,True,False,False,False,True,False,True,False,False,False,False,True,False,0.4505987764510147,0.18642806744706028,0.11175300254761616,0.3262468704512373,39.832,0
35,8.4,31100.0,648,11.61,4331.46,20,14,0,2,1000.0,15.41,True,False,False,False,False,False,True,False,False,False,False,True,False,True,False,0.03215330696762162,0.013448101214335505,0.13927076299797433,0.2756704160246533,1.161,1
32,3.0,37700.0,705,42.73,8700.04,23,17,3,0,3300.0,17.24,False,False,False,True,False,False,True,False,False,False,False,False,True,True,False,0.08753083472586934,0.037563176957505155,0.23076417071165223,1.0434351274787534,14.1009,1
65,0.1,23000.0,684,15.84,15732.77,7,5,1,2,10400.0,11.7,True,False,False,False,False,True,False,False,False,True,False,False,False,True,False,0.4521542541628625,0.17935366472063838,0.684003738967871,0.2705518248175182,16.4736,1
67,9.2,41800.0,722,25.27,20747.69,20,10,2,0,1000.0,15.24,False,False,False,True,False,True,False,False,True,False,False,False,False,False,True,0.023922872658548838,0.0068638939857381,0.49634434582904713,0.5326622406639004,2.527,1
22,0.0,65300.0,667,11.21,10479.81,18,12,1,5,1500.0,12.36,False,False,False,True,False,True,False,False,True,False,False,False,False,True,False,0.0229705517526531,0.009201330135942523,0.16048467864198096,0.2074185628742515,1.6815,0
62,2.3,142987.5,674,5.17,12764.79,15,9,1,1,5200.0,13.55,False,False,False,True,True,False,False,False,False,False,False,False,True,True,False,0.03636656094720904,0.014818732374166858,0.08927144490640856,0.10378296296296297,2.6884,0
65,2.9,48300.0,596,19.71,13203.61,13,7,0,1,1300.0,19.82,True,False,False,False,False,False,True,False,False,False,True,False,False,True,False,0.02691455663443821,0.011970569225991254,0.27336100701848826,0.6543587939698493,2.5623,1
58,5.5,120000.0,675,34.41,348.12,20,10,0,0,7400.0,15.57,True,False,False,False,False,False,True,False,False,False,False,False,True,True,False,0.06166615278206015,0.025856795853178315,0.0029009758252014567,0.7925498520710059,25.463399999999996,0
26,3.0,64300.0,676,9.8,1345.76,24,12,0,1,4700.0,12.8,False,False,False,True,True,False,False,False,True,False,False,False,False,True,False,0.07309373104617346,0.029464334726717223,0.020929067977169872,0.185288035450517,4.606,1
23,3.8,31700.0,754,24.38,14996.65,25,18,0,0,14300.0,10.56,False,False,False,True,True,False,False,False,True,False,False,False,False,True,False,0.45108987098198794,0.17603038091980178,0.4730655184379042,0.3409970860927153,34.8634,1
58,0.5,68100.0,732,38.2,16801.09,19,5,0,0,12200.0,14.04,True,False,False,False,False,True,False,False,False,False,False,False,True,True,False,0.17914568068016623,0.07350319580139765,0.24670841837858476,0.7316889495225102,46.604,1
55,3.9,123400.0,687,15.09,10921.33,9,6,0,0,6200.0,15.86,False,False,False,True,True,False,False,False,True,False,False,False,False,False,True,0.0502427046782441,0.01461554592295398,0.08850276740058832,0.3478595930232558,9.3558,0
67,1.2,99700.0,625,21.79,36444.7325,10,5,1,0,1000.0,16.91,True,False,False,False,False,False,True,False,True,False,False,False,False,True,False,0.010029989669110641,0.0042852958991639305,0.3655402904685008,0.588608466453674,2.179,0
59,1.1,68200.0,606,27.97,12277.1,17,7,0,0,5900.0,18.25,True,False,False,False,False,True,False,False,True,False,False,False,False,True,False,0.08650899546927464,0.03765433566379885,0.18001348953827656,0.8409431630971993,16.502299999999998,1
24,0.4,84200.0,567,12.71,3419.56,20,13,0,2,11300.0,18.17,False,False,False,True,False,False,True,False,False,False,False,True,False,True,False,0.13420268167836485,0.05835078850010108,0.04061186921770525,0.4065857394366198,14.3623,0
31,0.9,73600.0,683,27.36,874.44,14,9,0,0,19400.0,16.21,False,False,False,True,False,False,True,True,False,False,False,False,False,True,False,0.2635833752258801,0.11151325707641242,0.011880816836727762,0.6484,53.078399999999995,0
62,0.0,34000.0,661,15.3,27662.38,14,7,0,1,6400.0,17.18,False,False,False,True,False,True,False,False,True,False,False,False,False,False,True,0.18822975794829563,0.05633655155049728,0.8135754830740273,0.3970604229607251,9.792,0
52,2.6,45500.0,706,6.62,11207.39,17,9,0,1,1000.0,13.15,False,False,False,True,False,False,True,False,False,True,False,False,False,False,True,0.021977538955187798,0.006019493728157148,0.24631085031098215,0.12313012729844412,0.662,0
51,0.5,49900.0,755,25.04,10071.64,23,10,1,1,17900.0,15.41,False,False,False,True,False,True,False,False,True,False,False,False,False,False,True,0.3587102462876495,0.10331025071320393,0.20183242820785152,0.510405291005291,44.8216,0
45,1.3,142700.0,624,11.96,7563.3,18,12,1,0,19500.0,14.03,False,False,True,False,False,True,False,False,False,False,False,False,True,True,False,0.1366493577480186,0.05606378815880312,0.05300103012592764,0.26847808,23.322000000000003,1
58,1.4,142300.0,756,20.22,29003.1,13,6,1,0,22200.0,11.5,True,False,False,False,True,False,False,False,False,False,False,True,False,False,True,0.1560073365612329,0.04116891481157949,0.20381515238824743,0.3071730515191545,44.888400000000004,0
51,0.8,88300.0,649,24.31,21930.96,21,11,0,0,5700.0,16.42,True,False,False,False,True,False,False,False,True,False,False,False,False,True,False,0.06455193032921484,0.027390934347179655,0.24836593017066624,0.614108,13.856699999999998,1
48,0.5,59500.0,727,20.0,7443.85,19,11,0,2,2000.0,12.38,False,False,False,True,False,False,True,False,False,False,False,True,False,False,True,0.03361288045579066,0.009048373562412252,0.12510462009041864,0.3401098901098901,4.0,1
54,6.5,49500.0,565,14.03,12163.46,14,6,0,1,1000.0,19.21,False,False,False,True,False,True,False,False,True,False,False,False,False,True,False,0.020201612088644672,0.008909908433661197,0.24572150057574593,0.4761772084805654,1.403,1
44,6.9,134600.0,630,33.9,20532.8,17,8,0,1,34300.0,19.33,False,False,False,True,False,False,True,False,True,False,False,False,False,True,False,0.25482723010973174,0.1125930844949218,0.15254567202323904,1.0384896988906496,116.277,1
62,1.9,54100.0,797,17.13,2260.12,19,12,0,0,19500.0,12.62,True,False,False,False,False,False,True,False,False,False,False,False,True,True,False,0.3604369604998059,0.14491468739095945,0.041775937598195964,0.270903007518797,33.403499999999994,0
55,0.3,19900.0,681,37.01,16753.71,19,7,0,1,1200.0,15.63,True,False,False,False,False,False,True,False,True,False,False,False,False,False,True,0.06029847746344405,0.017444525444281152,0.8418526707200643,0.8481910557184752,4.441199999999999,1
35,1.9,90500.0,733,14.1,1311.85,20,8,1,1,2600.0,13.24,False,False,True,False,False,True,False,False,False,False,True,False,False,False,True,0.028728964320836235,0.00788552837643573,0.014495419940111158,0.25433787465940055,3.666,0
35,12.2,35900.0,736,6.39,24479.58,13,7,0,2,3900.0,13.07,False,False,False,True,False,False,True,False,True,False,False,False,False,False,True,0.10863207153004095,0.02969819520973302,0.6818634578424,0.11332062415196742,2.4920999999999998,0
67,3.8,58000.0,692,20.54,910.14,16,9,2,1,12500.0,14.99,False,False,False,True,False,False,True,False,True,False,False,False,False,False,True,0.21551352562886847,0.06149938276363487,0.015691798417268667,0.44429235209235207,25.674999999999997,1
41,7.6,21100.0,680,7.15,36444.7325,29,12,0,0,4400.0,13.5,False,False,False,True,False,True,False,False,False,False,False,True,False,True,False,0.20852092317899626,0.08487036619343494,1.7271566513435381,0.14174008810572689,3.1460000000000004,0
37,10.5,38800.0,673,19.62,9927.15,15,7,0,0,17500.0,14.48,False,False,True,False,True,False,False,True,False,False,False,False,False,True,False,0.4510193036261952,0.18618873271585828,0.25584778742815906,0.42150979228486646,34.335,1
51,0.2,43400.0,663,10.86,1263.48,12,7,0,1,3000.0,15.14,True,False,False,False,True,False,False,False,False,False,True,False,False,False,True,0.06912283127116886,0.019789120864921537,0.029111771618165482,0.2476210843373494,3.2579999999999996,0
21,15.2,31800.0,661,8.68,12286.9,19,11,0,3,14300.0,13.45,False,False,False,True,False,True,False,False,True,False,False,False,False,True,False,0.44967139398132133,0.18292299163198544,0.38636835319644036,0.17635347432024168,12.4124,0
58,6.2,90800.0,662,14.28,36444.7325,13,6,0,5,11700.0,15.25,True,False,False,False,False,False,True,False,True,False,False,False,False,True,False,0.12885320646248388,0.05378384255641227,0.40136928558055524,0.3284615384615384,16.7076,0
38,1.2,54400.0,782,25.77,5154.11,13,4,1,1,4100.0,13.39,True,False,False,False,False,False,True,False,True,False,False,False,False,True,False,0.07536626164960203,0.030636618184312472,0.0947429275197147,0.44069003831417625,10.5657,1
24,10.8,59600.0,726,27.96,21995.71,17,11,0,0,26800.0,12.2,False,False,False,True,True,False,False,False,True,False,False,False,False,True,False,0.4496568849515948,0.17970322378822506,0.36904934480965085,0.46920495185694633,74.9328,0
47,3.8,56300.0,750,29.5,36444.7325,12,4,0,0,1400.0,13.56,False,False,False,True,False,False,True,False,True,False,False,False,False,True,False,0.024866343404202414,0.010132840189651856,0.6473194525852116,0.5326498002663116,4.130000000000001,1
57,0.2,75300.0,654,9.72,36444.7325,19,10,0,1,3800.0,17.01,False,True,False,False,False,False,True,False,False,False,False,False,True,True,False,0.05046413726245336,0.021590069686125216,0.4839873640456302,0.25242320610687025,3.6936000000000004,0
50,8.8,48200.0,757,11.75,7584.37,23,7,0,0,13000.0,10.56,True,False,False,False,False,False,True,False,True,False,False,False,False,True,False,0.26970394805087033,0.10526001523062448,0.15734881019065994,0.1636939313984169,15.275,0
37,0.6,83000.0,573,13.77,4612.89,17,12,0,0,4100.0,19.14,True,False,False,False,False,False,True,False,False,True,False,False,False,True,False,0.049396995216925095,0.02176746296166243,0.055576318357610156,0.4591599303135888,5.6457,1
48,2.5,25500.0,631,28.67,8117.63,15,6,0,0,1000.0,18.01,False,False,False,True,True,False,False,False,True,False,False,False,False,False,True,0.03921414846476609,0.011946786322238636,0.3183259480020391,0.8170042721518989,2.8670000000000004,1
58,3.7,27700.0,684,6.35,3538.48,19,12,1,0,1300.0,13.52,False,False,False,True,True,False,False,True,False,False,False,False,False,True,False,0.046929713728746256,0.019108739989195173,0.12773834879607235,0.12533138686131384,0.8255,0
31,1.1,114400.0,707,23.64,36444.7325,14,5,0,1,20700.0,12.67,False,False,False,True,True,False,False,False,True,False,False,False,False,True,False,0.18094247427907098,0.07280835450831993,0.3185700518352112,0.42304915254237285,48.934799999999996,0
30,4.9,84600.0,633,31.41,2870.63,16,10,0,1,9600.0,15.78,False,False,True,False,False,False,True,False,True,False,False,False,False,False,True,0.11347383600666659,0.03295031345822352,0.03393139560998097,0.7817820189274447,30.153599999999997,1
35,3.1,71400.0,656,10.32,3018.14,18,8,0,0,1500.0,14.87,True,False,False,False,False,True,False,False,True,False,False,False,False,False,True,0.021008109130124228,0.0059792671806508995,0.04227027632666209,0.23357442922374427,1.548,0
31,6.4,41500.0,709,11.56,22351.96,20,10,0,0,2100.0,13.61,False,True,False,False,False,False,True,False,False,True,False,False,False,False,True,0.050601190332763064,0.014002630403039321,0.5385884677477651,0.22159380281690141,2.4276,0
44,16.4,121800.0,585,18.56,18672.93,18,9,0,0,22000.0,17.89,False,False,False,True,False,False,True,True,False,False,False,False,False,False,True,0.1806224907841479,0.05490491215500248,0.15330686940172905,0.5666184300341296,40.832,1
65,3.2,59000.0,647,16.63,3445.96,18,13,0,0,5600.0,14.62,False,False,False,True,False,True,False,True,False,False,False,False,False,True,False,0.09491364553143167,0.039263614748901374,0.05840511177776648,0.3752015432098765,9.312800000000001,0
64,0.3,142987.5,672,39.33,792.23,16,11,0,2,13200.0,16.61,False,False,True,False,True,False,False,False,False,False,False,False,True,True,False,0.09231511625060757,0.03927772477513976,0.005540515496001427,0.9706854383358098,51.9156,1
60,2.1,59200.0,687,19.31,4730.14,13,8,0,5,26600.0,13.44,False,False,False,True,False,False,True,False,False,True,False,False,False,True,False,0.4493167345146197,0.18278191283509038,0.07989966385702944,0.37721860465116275,51.364599999999996,1
48,6.5,81800.0,634,39.0,27169.28,17,9,0,0,1000.0,14.35,True,False,False,False,False,False,True,False,False,True,False,False,False,True,False,0.012224789428002102,0.0050380679161709605,0.33213872691042895,0.8813385826771654,3.9000000000000004,1
30,2.6,41800.0,629,21.61,11371.94,16,7,0,0,1400.0,15.9,False,False,False,True,True,False,False,False,True,False,False,False,False,False,True,0.03349202172196837,0.00974962350955982,0.2720494725006579,0.545395238095238,3.0254000000000003,1
22,13.4,36000.0,737,24.83,9552.44,22,12,0,0,16200.0,14.7,False,False,True,False,False,True,False,False,False,False,False,False,True,False,True,0.4499875003472126,0.12757430798641725,0.2653381850504153,0.4945813008130081,40.2246,1
34,1.8,50400.0,775,22.36,2858.04,21,13,0,0,11100.0,13.93,False,False,False,True,True,False,False,False,False,False,False,True,False,False,True,0.22023372552131903,0.06138417889414784,0.0567060177377433,0.4013850515463917,24.8196,0
44,3.0,37000.0,730,16.13,5829.31,21,13,0,1,3200.0,12.05,False,False,True,False,False,False,True,False,True,False,False,False,False,True,False,0.08648414907705197,0.03448467310671471,0.15754466095510933,0.26589124487004107,5.1616,0
50,5.3,65800.0,754,24.82,22017.75,17,9,0,0,29600.0,12.07,False,False,False,True,False,False,True,False,False,False,False,False,True,False,True,0.44984118782389326,0.1202485588652482,0.3346111761219434,0.3967912582781457,73.4672,1
41,7.7,81300.0,637,14.72,1040.13,14,7,0,1,1000.0,13.95,False,False,False,True,False,False,True,False,True,False,False,False,False,True,False,0.012299971710065067,0.005040340945694388,0.012793569574789979,0.32185579937304076,1.4720000000000002,1
30,1.5,56100.0,653,13.17,213.74,19,9,0,0,7700.0,13.62,True,False,False,False,False,True,False,False,True,False,False,False,False,True,False,0.137252455392952,0.05597708609019548,0.003809914261777865,0.2742743119266055,10.1409,0
41,1.7,61000.0,696,2.15,11869.84,12,7,0,3,1700.0,14.98,False,False,False,True,True,False,False,False,False,False,False,False,True,False,True,0.02786839560007213,0.00795090204972412,0.19458435107621186,0.046208034433285514,0.3655,0
24,6.8,55000.0,588,37.34,850.14,19,14,1,1,19600.0,18.72,False,False,False,True,True,False,False,False,True,False,False,False,False,False,True,0.3563571571425974,0.11024937104419526,0.01545680987618407,1.186765365025467,73.1864,1
37,3.2,51500.0,718,6.28,15112.32,19,12,0,2,23200.0,12.28,False,False,True,False,False,False,True,True,False,False,False,False,False,True,False,0.45047668977301414,0.18023255636651497,0.2934374089823499,0.10725785813630041,14.5696,0
58,1.6,88600.0,687,24.97,12954.17,18,10,0,5,3100.0,15.4,False,False,True,False,False,False,True,False,False,False,False,True,False,True,False,0.034988318416270696,0.014635138970160473,0.14620794347693591,0.558921511627907,7.7406999999999995,0
55,2.4,68600.0,721,17.17,17393.75,22,10,0,3,11000.0,13.45,True,False,False,False,True,False,False,False,True,False,False,False,False,True,False,0.16034751680004664,0.06524028326281475,0.2535495109400738,0.31985664819944604,18.887000000000004,0
22,1.6,24900.0,773,7.51,11033.21,20,9,2,1,5600.0,10.86,False,False,False,True,False,False,True,False,False,False,False,True,False,False,True,0.22489056664390988,0.058461920208741955,0.4430830087145094,0.10537286821705426,4.2056000000000004,0
54,2.2,35500.0,697,21.26,7798.9,18,10,1,0,9700.0,14.96,False,False,False,True,False,False,True,False,True,False,False,False,False,True,False,0.2732317399509873,0.1135606146670604,0.21968113574265513,0.4556584527220631,20.6222,0
47,20.9,48500.0,709,26.26,2593.29,18,9,0,0,1200.0,16.37,False,False,False,True,False,True,False,False,True,False,False,False,False,False,True,0.02474175790189893,0.0072769058137379375,0.053468794457846226,0.6054594366197183,3.1512000000000002,0
45,0.8,54000.0,602,14.51,5903.69,19,6,0,0,24300.0,16.22,True,False,False,False,True,False,False,False,True,False,False,False,False,True,False,0.4499916668209848,0.19039270837925915,0.1093255680450362,0.3903021558872305,35.2593,1
24,10.8,49900.0,750,19.89,4428.27,18,11,0,0,4900.0,11.73,False,True,False,False,False,True,False,False,True,False,False,False,False,True,False,0.09819442496142362,0.038977147946765135,0.08874110739263744,0.310665379494008,9.7461,0
39,1.7,34200.0,661,12.93,6767.85,24,13,0,1,15400.0,13.02,True,False,False,False,False,True,False,False,False,False,False,False,True,True,False,0.45027923160141514,0.18205374439962851,0.19788456477880764,0.25430302114803627,19.9122,1
21,3.0,48800.0,763,5.99,427.38,19,11,1,1,8600.0,8.785000000000002,True,False,False,False,False,False,True,False,False,False,False,False,True,True,False,0.17622589701030716,0.06702072405444348,0.008757607426077334,0.06887715968586389,5.1514,0
49,7.0,41000.0,730,28.65,4471.34,18,10,0,2,11600.0,12.85,False,False,False,True,False,False,True,False,False,False,True,False,False,True,False,0.2829199287822248,0.11411653491465967,0.10905441330699252,0.5036285909712722,33.233999999999995,1
24,3.2,27400.0,678,15.61,36444.7325,28,12,0,1,3900.0,16.73,True,False,False,False,False,False,True,False,True,False,False,False,False,True,False,0.1423305718769388,0.06064007345822763,1.330051184263348,0.3846175257731959,6.0879,0
67,1.5,54700.0,680,14.76,8896.57,18,8,0,1,18600.0,13.31,True,False,False,False,False,False,True,False,False,False,False,False,True,True,False,0.3400303467943913,0.13806588195479574,0.16263998830003107,0.2884810572687225,27.4536,0
39,1.6,30300.0,661,5.54,13406.79,12,7,1,0,8700.0,13.92,False,False,True,False,True,False,False,False,True,False,False,False,False,True,False,0.28711923698887826,0.11758014651704132,0.4424537143988648,0.1164906344410876,4.8198,0
23,3.0,108600.0,655,9.31,23858.93,13,7,0,0,34300.0,16.14,False,False,False,True,False,True,False,False,True,False,False,False,False,True,False,0.3158350291433781,0.13349445719392064,0.21969346506938242,0.2290600609756098,31.933300000000003,0
43,1.7,42100.0,664,11.46,14301.54,12,11,0,1,5100.0,14.01,False,False,True,False,False,False,True,False,True,False,False,False,False,False,True,0.12113726514809625,0.033822526963123385,0.3396959692168832,0.24143548872180454,5.844600000000001,0
43,10.6,37600.0,662,12.99,13489.95,21,10,0,2,7200.0,15.5,False,False,False,True,False,True,False,False,True,False,False,False,False,True,False,0.191484269035398,0.08019469425404449,0.3587657243158427,0.30368778280542985,9.3528,1
58,0.4,35700.0,652,10.09,12442.61,12,6,1,1,7300.0,14.22,False,False,False,True,True,False,False,False,True,False,False,False,False,True,False,0.2044760650962158,0.08409859768614662,0.34852273045572957,0.21972404287901992,7.3656999999999995,1
37,1.7,26600.0,596,37.12,9749.46,24,15,0,1,4700.0,17.3,False,False,False,True,False,False,True,False,True,False,False,False,False,True,False,0.1766850870268035,0.07587722557960443,0.3665072741626254,1.0756716917922946,17.446399999999997,1
53,2.0,20100.0,689,33.81,4919.52,17,8,0,0,9000.0,14.66,True,False,False,False,False,False,True,False,False,False,False,False,True,True,False,0.44773891846176805,0.18525748589263488,0.2447400626834486,0.71834,30.429000000000002,1
32,1.1,67500.0,640,14.31,23753.58,14,10,0,0,6300.0,15.83,False,False,False,True,False,True,False,False,False,False,False,False,True,False,True,0.09333195063776833,0.02713033860620312,0.3518996755603621,0.35339672386895477,9.0153,0
45,1.3,69500.0,607,32.61,15043.04,18,10,0,0,2600.0,19.71,True,False,False,False,False,True,False,False,False,False,False,False,True,False,True,0.03740953367577445,0.01181929442521965,0.2164435044100085,1.0571432565789474,8.4786,0
29,4.4,72300.0,667,12.09,8761.0,22,12,1,0,6000.0,14.07,True,False,False,False,False,False,True,False,False,False,False,False,True,True,False,0.08298640406080138,0.03406402717556643,0.12117398099611347,0.2546501497005988,7.254,1
31,3.6,71000.0,687,5.76,1397.55,21,6,0,3,1000.0,13.15,False,False,False,True,True,False,False,False,True,False,False,False,False,False,True,0.014084308671708849,0.003857928217144822,0.0196835255841467,0.11009302325581395,0.576,1
54,4.0,71600.0,752,44.05500000000001,50.83,16,7,0,0,32200.0,15.78,False,False,False,True,False,False,True,False,True,False,False,False,False,True,False,0.4497143894638343,0.18911280581074838,0.0007099062862250527,0.9232243027888448,141.85710000000003,1
40,2.5,48100.0,643,6.92,13933.65,17,12,0,0,4200.0,13.3,True,False,False,False,False,True,False,False,True,False,False,False,False,True,False,0.0873162720109769,0.03544785220335634,0.28967485083470196,0.14291304347826086,2.9063999999999997,0
61,1.6,45300.0,648,4.2,16647.59,21,13,0,3,3000.0,14.04,True,False,False,False,False,False,True,False,False,False,True,False,False,True,False,0.06622370367100064,0.0271692748442753,0.36748835566543786,0.09085978428351309,1.26,0
28,2.9,50400.0,716,6.02,24991.52,21,9,0,0,9600.0,12.81,False,True,False,False,False,False,True,True,False,False,False,False,False,True,False,0.19047241126168132,0.0767874521676934,0.4958536536973473,0.10755397489539748,5.7791999999999994,0
27,4.3,26800.0,695,21.99,990.03,19,14,0,1,12100.0,15.16,False,False,False,True,False,False,True,False,True,False,False,False,False,True,False,0.45147569120555203,0.18815418286318028,0.03694003955076303,0.47897758620689646,26.607899999999997,1
60,5.1,40300.0,707,7.03,1438.12,15,8,0,0,8600.0,12.94,True,False,False,False,False,False,True,False,False,False,False,False,True,True,False,0.21339420858043226,0.08618362133332702,0.03568447433066177,0.1284861581920904,6.0458,0
28,1.3,36400.0,692,20.8,17791.37,12,5,2,2,16400.0,14.54,True,False,False,False,False,True,False,False,False,False,True,False,False,True,False,0.4505370731573308,0.18614435246951183,0.4887604736133622,0.4364098124098124,34.112,1
35,6.4,123100.0,587,16.77,8903.64,14,6,0,2,10500.0,15.32,False,False,False,True,False,False,True,True,False,False,False,False,False,True,False,0.085295814006385,0.03563910989710817,0.07232792584950569,0.43693265306122453,17.6085,1
56,12.0,142987.5,671,13.3,3972.66,22,12,0,2,2700.0,13.14,False,False,False,True,False,False,True,False,False,False,False,True,False,True,False,0.018882637414897003,0.007649468330279606,0.027783073463949898,0.26006250000000003,3.5910000000000006,0
48,13.5,42700.0,659,17.68,9762.27,25,13,0,2,19200.0,16.54,False,False,False,True,True,False,False,True,False,False,False,False,False,False,True,0.44963818177560244,0.13273087140941217,0.2286192360834641,0.4430715151515151,33.9456,1
50,2.4,63900.0,625,16.5,9495.34,20,11,0,0,5600.0,14.5,True,False,False,False,False,False,True,False,True,False,False,False,False,False,True,0.08763556125882224,0.024738710862336838,0.14859454468631164,0.3821884984025559,9.24,0
46,4.3,83400.0,621,7.35,33432.98,24,14,0,0,8400.0,17.24,True,False,False,False,False,True,False,False,True,False,False,False,False,True,False,0.10071821680795194,0.043229348757100744,0.40087025335427634,0.20372025723472667,6.1739999999999995,0
34,11.2,70900.0,575,12.72,9696.46,13,6,0,2,1800.0,16.56,False,False,False,True,False,False,True,False,False,False,False,False,True,True,False,0.02538751216484958,0.010793338769601143,0.1367605534477652,0.3657,2.2896,0
22,8.6,61900.0,559,19.03,6055.22,20,14,0,0,8500.0,19.07,True,False,False,False,False,True,False,False,False,False,False,False,True,False,True,0.13731603689762686,0.04280053096686898,0.09782103681685272,0.6480394642857144,16.1755,1
26,3.2,43000.0,606,12.78,441.04,30,19,0,0,4000.0,13.53,False,False,False,True,False,True,False,False,False,False,False,False,True,True,False,0.0930210925327318,0.03788687751648083,0.010256505662659008,0.284865568369028,5.112,1
31,1.5,51000.0,671,12.5,14714.98,25,10,0,0,13900.0,15.06,True,False,False,False,True,False,False,False,True,False,False,False,False,True,False,0.2725436756142036,0.11344544336644266,0.288523362287014,0.28013392857142855,17.375,0
36,2.6,23000.0,627,14.61,792.72,13,6,0,0,1500.0,16.78,False,False,False,True,False,False,True,False,True,False,False,False,False,True,False,0.0652145558888744,0.027802016256859588,0.034464588496152346,0.39037547770700637,2.1915,0
60,6.6,73300.0,727,4.93,32077.79,11,5,0,0,18300.0,13.96,False,False,True,False,False,True,False,False,False,False,False,False,True,False,True,0.24965552993820003,0.06963600878569497,0.437617358562639,0.09453681318681319,9.0219,0
59,9.2,142987.5,661,13.94,24499.74,19,13,0,4,10100.0,15.23,False,False,True,False,False,False,True,False,True,False,False,False,False,True,False,0.07063505107054063,0.029476338361693815,0.17134063228861063,0.32070422960725076,14.0794,0
41,0.9,142987.5,617,5.66,15407.26,24,14,0,0,7700.0,15.85,False,False,False,True,False,False,True,False,False,False,False,True,False,True,False,0.05385048447952108,0.02266910925220697,0.10775174227298,0.14516343042071198,4.3582,0
67,4.3,48900.0,612,15.5,9232.31,21,11,0,2,10300.0,17.37,True,False,False,False,False,True,False,False,True,False,False,False,False,False,True,0.21062963947567534,0.06330597311692591,0.1887959346434633,0.43920880913539967,15.965,0
57,2.4,55500.0,708,17.03,9980.72,16,8,1,0,25000.0,13.78,False,False,False,True,False,False,True,False,True,False,False,False,False,True,False,0.45044233437235365,0.1841270813475522,0.1798295526206735,0.33099210155148096,42.575,1
63,2.7,48200.0,665,32.82,14357.99,23,14,1,0,9300.0,18.66,False,False,True,False,True,False,False,False,True,False,False,False,False,True,False,0.19294205514408413,0.08445310061276227,0.29787742992883964,0.9195513513513514,30.5226,1
57,3.0,49500.0,629,17.97,2521.14,12,9,0,1,4700.0,15.73,False,False,False,True,False,False,True,False,False,False,False,True,False,False,True,0.09494757681662996,0.027537979524493814,0.05093109230116563,0.4486795238095238,8.445899999999998,0
27,3.8,41900.0,730,16.39,30201.0,14,9,0,0,18900.0,11.19,False,False,True,False,False,False,True,False,False,False,False,False,True,True,False,0.45106322044819935,0.1776475584052624,0.7207703873415909,0.25089480164158684,30.9771,0
39,4.7,96600.0,733,24.66,32711.8,18,10,0,0,22000.0,13.52,False,False,True,False,False,True,False,False,True,False,False,False,False,False,True,0.22774091365513816,0.06290439948586554,0.3386279645138249,0.4542277929155313,54.252,0
63,1.0,63600.0,823,6.53,6794.38,21,10,0,2,24100.0,8.785000000000002,False,False,False,True,True,False,False,False,False,False,False,True,False,True,False,0.3789248596720177,0.14411701525408113,0.10682819452524332,0.06961899271844663,15.737300000000001,0
48,1.3,48600.0,674,9.59,26858.33,16,7,1,1,1000.0,13.24,False,False,False,True,False,True,False,False,True,False,False,False,False,True,False,0.02057570831875887,0.008346005223332119,0.552629164008971,0.18810607407407406,0.9590000000000001,0
51,0.4,38800.0,712,19.66,4240.32,19,10,0,0,8400.0,16.03,False,False,False,True,False,True,False,False,False,False,False,False,True,False,True,0.2164892657405737,0.06319868072865523,0.10928378134584159,0.44200532959326794,16.5144,0
34,3.6,48400.0,644,34.97,6750.67,21,10,0,0,21800.0,17.93,False,False,False,True,False,False,True,False,False,False,True,False,False,False,True,0.45040391727443646,0.13701071932195658,0.13947377120307433,0.9721117829457363,76.2346,1
60,2.3,83200.0,685,18.64,3476.25,6,2,0,0,23400.0,17.26,False,False,False,True,False,False,True,False,False,False,False,True,False,False,True,0.28124661963197556,0.08433782844165011,0.0417813487818656,0.46898892128279884,43.617599999999996,1
24,1.8,41300.0,658,8.2,328.25,21,14,0,1,7800.0,14.22,True,False,False,False,False,False,True,False,True,False,False,False,False,True,False,0.18885741265344666,0.07767807403609489,0.00794774944916588,0.17694081942336873,6.396,0
62,1.9,62300.0,688,43.85,16607.08,26,15,0,0,28000.0,16.79,False,False,True,False,False,True,False,False,True,False,False,False,False,False,True,0.44943098826664096,0.13340243680694538,0.2665620134508275,1.068565312046444,122.78,1
29,8.6,90300.0,635,9.77,7568.54,17,10,0,4,9800.0,15.69,False,False,False,True,True,False,False,False,True,False,False,False,False,True,False,0.10852592994540482,0.04558077811708866,0.08381457569683613,0.24102405660377355,9.5746,1
51,10.2,75200.0,667,31.12,10255.32,22,11,0,0,1800.0,18.17,False,False,False,True,False,False,True,False,False,False,False,False,True,False,True,0.02393585191686281,0.007319278171156321,0.13637212271113416,0.846482634730539,5.6016,1
43,1.5,39100.0,692,2.0,3036.67,22,13,0,0,17600.0,11.75,False,False,False,True,False,False,True,False,False,False,False,True,False,True,False,0.4501163653103501,0.17870910836128934,0.07766220812766937,0.03391053391053391,3.52,0
26,0.7,55100.0,695,6.67,15371.7,15,6,0,0,6400.0,12.76,True,False,False,False,True,False,False,False,True,False,False,False,False,True,False,0.11615034209905446,0.04679246701458069,0.2789731583818806,0.12228333333333334,4.2688,0
21,1.1,24300.0,715,15.2,6043.65,23,16,0,0,10900.0,14.82,True,False,False,False,False,True,False,False,True,False,False,False,False,True,False,0.4485412122957903,0.1860276350049559,0.24869964199004155,0.31461452513966476,16.568,1
55,2.5,61600.0,736,34.86,11560.08,18,6,0,0,23400.0,14.39,False,False,False,True,False,False,True,False,True,False,False,False,False,False,True,0.3798639632473499,0.10697004859066693,0.18766058992548823,0.6806450474898236,81.57239999999999,0
53,0.1,26600.0,668,5.68,1373.66,21,13,0,1,6200.0,14.84,True,False,False,False,False,True,False,False,True,False,False,False,False,True,False,0.2330739445885493,0.09669603251303356,0.05163941205217849,0.12599581464872944,3.5216,0
23,3.4,98300.0,667,8.84,11599.2,22,10,1,2,2700.0,14.69,False,False,False,True,False,False,True,False,True,False,False,False,False,True,False,0.027466658528397473,0.011374443538440582,0.11799676503799555,0.1944005988023952,2.3868,0
62,0.6,61900.0,613,25.15,14526.13,19,10,0,4,17100.0,16.73,True,False,False,False,False,False,True,False,True,False,False,False,False,True,False,0.2762475565822846,0.11772185898757709,0.23466712977173226,0.6852760586319219,43.006499999999996,1
66,1.2,31200.0,680,17.54,8321.57,19,10,3,2,8300.0,14.68,False,False,False,True,True,False,False,False,True,False,False,False,False,True,False,0.26601711483606294,0.11012044413058668,0.2667084388320887,0.3781016152716593,14.5582,1
45,1.3,36300.0,729,16.68,6189.52,19,12,0,1,10400.0,11.01,True,False,False,False,False,True,False,False,False,False,False,False,True,True,False,0.2864934850279607,0.11253533071054601,0.17050549571637147,0.2515709589041096,17.3472,0
53,3.3,56100.0,698,23.72,18764.2,17,7,0,4,14600.0,12.42,True,False,False,False,False,False,True,False,False,False,True,False,False,True,False,0.2602449154204025,0.10433338313820523,0.3344717562966792,0.421462660944206,34.6312,1
50,4.0,23200.0,679,9.84,15033.53,17,8,2,2,10400.0,13.68,True,False,False,False,False,True,False,False,False,False,False,True,False,True,False,0.44825654066635057,0.18292251216345942,0.6479690530580579,0.19795764705882352,10.233600000000001,1
24,25.0,66200.0,633,10.45,1301.12,19,11,0,1,12800.0,14.43,True,False,False,False,False,True,False,False,False,False,True,False,False,True,False,0.19335055361701484,0.07977133906219283,0.019654083775169556,0.23784463722397475,13.376,0
24,7.7,104700.0,716,20.04,36444.7325,19,9,0,0,8800.0,13.57,True,False,False,False,False,True,False,False,True,False,False,False,False,False,True,0.08404886295259835,0.023241363338677677,0.3480839008223417,0.37927866108786606,17.6352,0
61,2.3,83800.0,553,4.05,5964.26,23,13,1,2,3000.0,17.42,False,False,False,True,True,False,False,False,True,False,False,False,False,True,False,0.035799095476187634,0.015403949112952979,0.07117170439493563,0.12734837545126354,1.2149999999999999,1
53,3.8,83800.0,693,4.96,18118.39,21,15,0,0,1000.0,14.58,False,False,False,True,False,True,False,False,True,False,False,False,False,True,False,0.011933031825395879,0.004933900572971772,0.21620732449493443,0.10420288184438041,0.496,0
63,2.9,66500.0,656,10.7,218.01,17,9,0,0,4400.0,14.58,True,False,False,False,False,True,False,False,False,False,False,False,True,True,False,0.06616441858017173,0.027355790371908894,0.0032782965669689175,0.23745205479452056,4.707999999999999,0
60,0.8,83000.0,704,20.55,575.47,13,7,0,0,1000.0,13.43,False,False,True,False,True,False,False,False,False,False,False,True,False,True,False,0.01204804761388417,0.00490070443541861,0.006933289960361923,0.3914702127659574,2.055,0
65,5.5,51600.0,680,8.7,3938.96,24,12,2,0,18200.0,13.86,False,False,True,False,True,False,False,False,False,False,False,False,True,True,False,0.35270634290033137,0.1443376049586916,0.07633495474893898,0.17706607929515417,15.834,0
44,3.0,135200.0,725,7.9,14129.59,17,10,0,0,16600.0,12.06,False,False,False,True,False,False,True,False,False,False,False,False,True,False,True,0.12278015695150184,0.03281614119335641,0.10450802878676933,0.13123140495867772,13.114,0
64,5.5,20200.0,630,20.04,36444.7325,24,15,0,1,8000.0,14.48,False,False,False,True,False,True,False,False,True,False,False,False,False,True,False,0.39601999900995,0.16344139762331614,1.8041053660709865,0.45987194928684627,16.032,1
29,2.5,52800.0,673,9.71,16769.48,24,12,0,0,22100.0,15.0,False,False,False,True,True,False,False,True,False,False,False,False,False,True,False,0.41855267892653547,0.17407492841233638,0.3175977727694551,0.2160979228486647,21.459100000000003,1
46,2.2,34600.0,626,12.34,30480.83,16,13,1,0,10800.0,16.33,True,False,False,False,False,False,True,False,True,False,False,False,False,False,True,0.312129707233895,0.09171354695863014,0.8809233837172337,0.3213910685805422,13.327200000000001,1
46,1.2,48500.0,775,16.15,17688.92,16,10,0,1,6200.0,9.89,False,False,True,False,False,False,True,False,False,False,False,False,True,False,True,0.1278324158264778,0.03250239685708783,0.3647124801550483,0.2058292525773196,10.013,0
23,1.3,142900.0,636,24.49,16446.36,22,15,1,2,7900.0,15.28,False,False,False,True,True,False,False,False,False,True,False,False,False,False,True,0.055283028110370114,0.015878600723861106,0.11508918761940085,0.5874524332810046,19.3471,1
33,0.6,41000.0,744,44.05500000000001,16960.92,14,7,0,0,3900.0,17.86,True,False,False,False,True,False,False,False,True,False,False,False,False,False,True,0.09511963122850663,0.02889034932409745,0.4136708860759493,1.0561373154362417,17.18145,1
64,0.8,109500.0,610,23.64,11889.49,19,9,0,1,22100.0,16.91,False,False,True,False,False,True,False,False,True,False,False,False,False,True,False,0.20182464087085963,0.08623008333162838,0.10857882576414828,0.6542592471358429,52.2444,0
47,7.3,45800.0,764,29.71,4617.02,21,8,0,1,4600.0,10.83,False,False,False,True,False,True,False,False,True,False,False,False,False,True,False,0.10043448832994913,0.0393507488547896,0.10080609593676995,0.42060039215686273,13.6666,0
42,0.5,42100.0,817,11.57,4552.81,24,13,0,1,17200.0,8.785000000000002,False,False,True,False,False,True,False,False,False,False,True,False,False,True,False,0.4085413648131873,0.15536738138988865,0.10814018669390277,0.12425727383863083,19.9004,0
52,2.5,30700.0,697,5.43,9447.04,19,12,0,0,1000.0,15.37,False,False,False,True,False,True,False,False,True,False,False,False,False,True,False,0.03257222891762483,0.01361557429113161,0.30771114947395856,0.11956891117478509,0.543,0
39,3.1,37500.0,704,17.38,5743.31,15,9,0,0,1800.0,16.52,True,False,False,False,True,False,False,True,False,False,False,False,False,False,True,0.04799872003413242,0.01416231062802737,0.15315084931068507,0.40725900709219853,3.1283999999999996,0
56,1.2,60700.0,643,22.94,1880.53,30,14,1,2,13200.0,13.82,True,False,False,False,True,False,False,False,False,False,False,False,True,True,False,0.21745934992833726,0.08894285907433326,0.030980214493995156,0.49228385093167704,30.280800000000003,0
30,3.6,58600.0,618,27.05,7272.74,17,12,0,1,21300.0,16.49,True,False,False,False,False,True,False,False,True,False,False,False,False,True,False,0.3634750260234467,0.15437270923712507,0.12410607327520008,0.7206050080775444,57.6165,0
23,2.7,59200.0,695,20.59,7740.57,14,4,0,1,11900.0,13.26,False,False,False,True,False,True,False,False,False,False,False,True,False,True,False,0.20101011807232985,0.08156115277693127,0.13075066299555752,0.392275,24.5021,1
32,2.4,52100.0,645,7.87,16796.92,19,14,0,0,2300.0,15.63,False,False,False,True,False,True,False,False,False,False,False,False,True,False,True,0.044145026007178366,0.012775646659870571,0.32239150880021494,0.1904150154798762,1.8101,0
30,0.8,44200.0,687,7.93,36444.7325,21,9,0,3,12300.0,13.25,False,False,False,True,False,True,False,False,False,False,False,False,True,False,True,0.27827424718897764,0.0763881584242228,0.8245228049139159,0.15272165697674417,9.7539,1
50,2.9,69500.0,662,29.99,4354.51,25,15,0,2,4400.0,15.45,False,False,False,True,False,False,True,False,True,False,False,False,False,True,False,0.06330844160515676,0.026498822075759217,0.06265391864865254,0.6988619909502262,13.195599999999999,0
42,0.6,81300.0,658,14.57,2828.08,27,15,0,0,20200.0,14.45,False,False,False,True,True,False,False,False,True,False,False,False,False,True,False,0.24845942854331435,0.10254003384283086,0.034785303993800816,0.31947875569044004,29.4314,1
41,12.7,43600.0,722,23.34,1578.05,12,7,0,2,11500.0,16.01,False,False,False,True,True,False,False,False,True,False,False,False,False,False,True,0.2637554184537052,0.07696563250674371,0.036192977225292994,0.5168373443983403,26.840999999999998,0
30,1.4,26300.0,676,14.5,11398.97,26,18,0,0,5100.0,14.03,True,False,False,False,False,False,True,False,False,False,False,True,False,True,False,0.19390897684498687,0.07952883779686652,0.4334044332915098,0.30049483013293943,7.3950000000000005,0
33,12.2,40300.0,768,9.59,18928.29,27,19,0,1,2500.0,10.77,True,False,False,False,True,False,False,False,True,False,False,False,False,False,True,0.062033200168730304,0.016095377998857578,0.4696729609687105,0.13430988296488944,2.3975,0
39,0.2,76600.0,719,43.0,2611.07,11,7,0,0,23000.0,16.95,True,False,False,False,False,False,True,False,True,False,False,False,False,True,False,0.3002571767992585,0.12835177424692268,0.03408663072283652,1.0122916666666666,98.89999999999999,1
49,0.3,24000.0,665,8.76,26248.86,18,9,1,0,10800.0,12.3,True,False,False,False,False,False,True,False,True,False,False,False,False,True,False,0.4499812507812174,0.1800419796396811,1.09365693096121,0.1617837837837838,9.4608,1
21,1.0,142987.5,611,15.45,11250.58,20,12,0,1,19800.0,16.36,False,False,False,True,False,False,True,False,False,False,False,True,False,False,True,0.13847267437591135,0.040724035572715624,0.07868171216566368,0.4130098039215686,30.590999999999998,0
40,3.9,29500.0,690,9.79,20815.81,32,14,1,0,2400.0,15.0,True,False,False,False,False,False,True,False,True,False,False,False,False,False,True,0.08135317446866208,0.023215979482486212,0.7055967594318837,0.21251808972503616,2.3495999999999997,0
40,3.1,105300.0,661,44.05500000000001,22545.41,10,6,0,2,13300.0,18.72,False,False,True,False,False,False,True,False,False,False,False,True,False,False,True,0.12630459349863724,0.039079703845234744,0.21410442445940683,1.2457848942598189,58.593150000000016,1
31,12.3,43600.0,696,16.59,6786.87,20,8,0,3,1000.0,15.03,True,False,False,False,False,True,False,False,False,False,False,False,True,True,False,0.02293525377858306,0.009542333697198885,0.155658585812252,0.3577441893830703,1.659,1
45,2.3,36000.0,678,20.2,5450.59,21,11,0,1,3900.0,13.84,True,False,False,False,False,True,False,False,False,True,False,False,False,True,False,0.10833032415766229,0.04431519020641103,0.1514010721924391,0.41173490427098675,7.878,0
56,1.1,122700.0,670,21.64,10871.34,13,8,0,3,2800.0,14.16,True,False,False,False,False,False,True,False,True,False,False,False,False,True,False,0.02281969992094604,0.009379532256626006,0.08860025590663483,0.4566652757078987,6.059200000000001,1
27,1.5,65100.0,632,19.16,36444.7325,16,7,0,0,4100.0,15.59,False,True,False,False,False,False,True,False,True,False,False,False,False,True,False,0.062979063301639,0.026412697711759154,0.5598183207631219,0.47188688783570304,7.8556,0
22,2.5,26000.0,630,17.86,13818.79,18,6,1,0,9300.0,16.77,False,False,False,True,False,True,False,True,False,False,False,False,False,False,True,0.35767855082496824,0.10609582520346784,0.5314714818660821,0.4746627575277338,16.6098,1
45,1.0,49000.0,686,11.74,931.17,21,12,0,2,22000.0,15.01,False,False,False,True,False,False,True,False,False,False,False,False,True,True,False,0.4489704291749148,0.1867489512188695,0.01900308156976388,0.2565027656477438,25.828000000000003,0
54,20.0,55400.0,667,22.35,1274.28,21,10,0,3,3400.0,16.49,True,False,False,False,False,True,False,False,True,False,False,False,False,True,False,0.061370733380263894,0.02606468946315731,0.023001028862294905,0.5517238023952096,7.599000000000001,1
57,7.5,83900.0,578,16.94,1532.88,27,16,0,0,6600.0,18.05,True,False,False,False,False,True,False,False,True,False,False,False,False,True,False,0.07866413987914328,0.03414597016754019,0.018270104051203204,0.5280949913644215,11.1804,0
51,0.2,63100.0,641,14.03,10209.79,21,13,0,0,28300.0,16.42,False,False,False,True,False,True,False,False,False,False,True,False,False,True,False,0.4484873456839036,0.1902944859156767,0.16180076385477252,0.35883582554517135,39.7049,0
48,4.7,114300.0,644,10.33,13856.48,17,9,0,0,11900.0,15.04,True,False,False,False,False,False,True,False,True,False,False,False,False,True,False,0.10411107514369954,0.04332884175361193,0.12122798575690501,0.24087317829457366,12.2927,0
59,1.2,36400.0,649,37.2,1252.08,15,10,0,0,16400.0,16.9,True,False,False,False,False,False,True,False,True,False,False,False,False,True,False,0.4505370731573308,0.1924273938782281,0.034396857229197,0.9672,61.008,1
61,1.1,53300.0,652,24.52,3013.48,21,12,0,1,6700.0,14.77,True,False,False,False,False,False,True,False,False,False,False,False,True,False,True,0.12570120635635354,0.035695855005462664,0.05653702557175288,0.5546101071975498,16.4284,0
35,4.6,66400.0,760,8.78,175.18,21,17,0,0,29900.0,12.96,True,False,False,False,False,False,True,True,False,False,False,False,False,False,True,0.4502944232767579,0.12281602058371802,0.0026382132799204834,0.14952536136662287,26.2522,0
40,1.8,53700.0,676,3.56,11454.0,18,12,0,0,22200.0,13.81,False,False,True,False,False,False,True,False,False,False,False,True,False,True,False,0.41340012290273925,0.16905637818789934,0.2132921174652241,0.07261979320531758,7.903200000000001,0
41,8.7,29300.0,703,7.01,1626.6,11,9,1,0,10000.0,13.91,False,False,False,True,False,True,False,False,True,False,False,False,False,True,False,0.3412852803658578,0.1397404498327801,0.05551346370431043,0.13850724431818182,7.01,0
59,3.4,33300.0,652,6.87,15918.97,26,16,0,0,15000.0,15.9,False,False,False,True,True,False,False,True,False,False,False,False,False,True,False,0.4504369238161016,0.18970289680669836,0.4780327918080538,0.16727871362940278,10.305,1
37,5.6,142987.5,657,14.0,10453.07,16,13,0,1,5000.0,16.3,True,False,False,False,False,True,False,False,False,False,False,True,False,False,True,0.03496784706462408,0.010270418097371057,0.07310427062316201,0.3468085106382979,7.0,0
27,1.6,41400.0,685,19.63,25131.82,14,10,0,0,6600.0,13.0,True,False,False,False,False,False,True,False,False,False,True,False,False,True,False,0.15941643921644405,0.06443931707381252,0.6070341296103958,0.37199708454810493,12.9558,0
49,6.5,46200.0,653,15.93,14873.47,14,7,1,0,1000.0,16.37,True,False,False,False,False,False,True,False,False,False,False,False,True,False,True,0.021644553148200255,0.006365901620719992,0.32192961191316205,0.3987371559633028,1.593,0
28,2.4,95600.0,656,11.83,7149.29,14,9,0,1,11700.0,16.4,False,False,True,False,False,True,False,False,False,True,False,False,False,True,False,0.1223836570747168,0.05191627144515062,0.07478258595621384,0.29529984779299845,13.841099999999999,1
65,4.0,73300.0,675,15.22,15987.01,20,9,0,0,33000.0,13.44,False,False,False,True,False,False,True,False,False,False,True,False,False,True,False,0.4501984966098689,0.18314715813027113,0.2181008444632406,0.3025988165680473,50.226,0
42,1.6,72100.0,712,6.22,3417.6,17,13,0,1,4500.0,14.07,False,False,False,True,True,False,False,False,False,False,False,True,False,True,False,0.06241244920320106,0.025618876883731833,0.04740017475485777,0.12274249649368864,2.799,0
61,3.3,47900.0,601,17.75,5687.62,16,12,0,2,6300.0,17.73,False,False,False,True,True,False,False,False,True,False,False,False,False,True,False,0.131521262604121,0.056831114278000826,0.11873697835118265,0.5227699335548173,11.1825,1
33,0.2,88700.0,719,8.64,7606.76,11,6,0,0,2800.0,12.7,False,False,True,False,False,False,True,False,True,False,False,False,False,False,True,0.031566724163199965,0.008559756492962943,0.08575731953416535,0.15239999999999998,2.4192000000000005,0
22,3.5,55200.0,703,6.66,17713.92,20,10,0,1,15000.0,12.01,True,False,False,False,True,False,False,False,True,False,False,False,False,True,False,0.2717342077136284,0.1082995638310187,0.3208985344468397,0.11361732954545455,9.99,0
24,0.6,58700.0,647,32.26,3513.31,19,12,0,1,2300.0,16.28,True,False,False,False,True,False,False,False,True,False,False,False,False,True,False,0.039181615304679646,0.016592072449350504,0.059850939506993064,0.8104827160493828,7.4197999999999995,1
54,0.3,60300.0,615,8.42,123.02,13,5,1,0,15000.0,14.54,False,False,False,True,False,True,False,False,True,False,False,False,False,True,False,0.248752093663455,0.10278697362313326,0.002040098837498549,0.19874480519480517,12.629999999999999,1
66,2.3,53100.0,697,10.74,4094.57,18,11,0,1,8400.0,15.01,False,False,False,True,False,False,True,False,False,False,False,False,True,False,True,0.15818911131617108,0.045160304578772695,0.07710909399069697,0.23095616045845274,9.0216,0
60,7.1,87900.0,689,18.88,5183.3,18,11,0,1,18200.0,16.26,False,False,False,True,False,False,True,False,False,False,False,True,False,False,True,0.20705111432179385,0.0607571435164626,0.05896747477275571,0.4449113043478261,34.3616,1
67,0.8,139700.0,633,15.01,12969.62,11,7,0,2,16100.0,16.02,True,False,False,False,True,False,False,False,False,False,False,False,True,True,False,0.11524613281222039,0.04863037249553109,0.09283841919528135,0.37927476340694005,24.1661,0
32,1.2,138300.0,708,12.28,11012.7,21,15,0,2,1000.0,13.05,True,False,False,False,False,False,True,True,False,False,False,False,False,True,False,0.007230605707840146,0.0029253895683607404,0.07962849147873118,0.22602820874471086,1.228,0
49,0.2,39200.0,689,10.8,7353.98,22,11,0,0,4300.0,12.84,False,False,False,True,False,True,False,False,False,False,False,False,True,True,False,0.1096910793092013,0.04423732492526234,0.18759674498099538,0.20097391304347825,4.644,0
65,0.6,74400.0,631,15.54,7851.75,13,8,0,2,2700.0,18.4,True,False,False,False,False,True,False,False,False,False,False,False,True,True,False,0.0362898348140482,0.01582875393080644,0.10553285574118627,0.4524303797468354,4.1958,0
41,3.9,70000.0,623,23.26,1589.75,17,12,0,1,6200.0,16.05,False,False,False,True,False,False,True,False,True,False,False,False,False,False,True,0.08857016328338167,0.02587043078856186,0.02271038985157355,0.5982740384615385,14.4212,0
46,8.6,142987.5,583,7.41,18052.75,16,3,0,1,1300.0,15.81,True,False,False,False,False,True,False,False,True,False,False,False,False,True,False,0.00909164023680226,0.003825100827895369,0.12625316021917846,0.20060291095890412,0.9633,0
63,3.0,61100.0,725,21.36,25673.69,12,5,0,2,2100.0,13.04,True,False,False,False,True,False,False,False,False,True,False,False,False,True,False,0.03436932292433839,0.013901904494766054,0.4201844486996939,0.38365619834710735,4.4856,0
64,24.3,86600.0,739,10.75,3633.17,15,9,0,0,2100.0,13.35,False,True,False,False,False,True,False,False,False,False,False,False,True,False,True,0.024249142619600237,0.006672315507694598,0.04195297975773952,0.1939358108108108,2.2575,0
61,6.6,32200.0,621,16.25,6638.08,27,14,0,1,6600.0,16.87,True,False,False,False,False,True,False,False,True,False,False,False,False,False,True,0.20496257880190055,0.06093356922705904,0.20614515077171516,0.4407355305466238,10.725,0
61,2.3,28500.0,688,19.6,522.31,16,11,1,2,12800.0,14.27,False,False,False,True,False,True,False,False,True,False,False,False,False,False,True,0.44910704887547803,0.12610621262450883,0.01832602364829304,0.4059390420899855,25.088,1
55,4.2,96100.0,664,8.05,1407.37,21,11,0,0,1600.0,13.79,False,False,True,False,False,True,False,False,True,False,False,False,False,False,True,0.016649150373045027,0.004626506902592389,0.014644696725320235,0.16693157894736843,1.288,0
41,9.7,80200.0,697,15.4,1573.88,21,12,0,5,1000.0,14.48,False,False,False,True,False,False,True,False,True,False,False,False,False,True,False,0.012468672460443137,0.005148041329169055,0.019624194212042246,0.31947277936962754,1.54,0
22,3.0,44900.0,667,22.68,2383.57,19,9,0,0,1000.0,14.08,True,False,False,False,False,True,False,True,False,False,False,False,False,True,False,0.022271218903810605,0.009142277667264016,0.053085009242555846,0.47804550898203596,2.2680000000000002,1
49,7.4,114400.0,797,17.68,10879.69,16,10,0,2,3200.0,11.21,True,False,False,False,False,False,True,False,False,False,True,False,False,True,False,0.027971783463431262,0.01102147495371472,0.09510135400914328,0.24836190476190476,5.6576,0
50,3.0,91500.0,751,18.2,11823.52,18,10,0,1,2400.0,13.26,False,False,False,True,False,False,True,False,True,False,False,False,False,False,True,0.02622922153856242,0.007202640737200777,0.12921738560234314,0.32092021276595745,4.367999999999999,0
44,4.9,33300.0,734,5.52,27898.63,17,13,0,1,4900.0,12.87,False,False,False,True,False,True,False,False,False,False,False,False,True,False,True,0.1471427284465932,0.04004475602930402,0.8377715383922405,0.09665632653061222,2.7047999999999996,0
64,1.6,15000.0,683,22.47,4327.3,13,7,0,3,6800.0,14.4,True,False,False,False,True,False,False,True,False,False,False,False,False,True,False,0.45330311312579163,0.1868354496480915,0.2884674355042997,0.47305263157894734,15.2796,1
60,15.0,99600.0,726,8.5,637.16,17,6,0,0,6700.0,11.21,True,False,False,False,False,False,True,False,True,False,False,False,False,True,False,0.06726840091966949,0.026504795635533183,0.0063971245268621794,0.13106602475928475,5.695,0
31,1.4,56000.0,805,17.35,13276.58,20,11,0,0,5700.0,11.77,False,False,False,True,True,False,False,False,False,False,False,False,True,False,True,0.10178389671613007,0.027022464378998835,0.2370775521865681,0.2533616625310174,9.8895,0
42,0.2,52500.0,699,24.49,9479.42,20,11,0,0,1000.0,14.84,True,False,False,False,False,True,False,False,False,False,False,True,False,True,False,0.019047256242738234,0.007903799614579184,0.18055694177253767,0.5191879999999999,2.449,1
26,7.4,64300.0,719,34.44,8131.37,18,7,0,1,28900.0,13.21,True,False,False,False,False,False,True,False,False,False,False,True,False,True,False,0.4494486866456198,0.18223926969638898,0.12645790889721778,0.6318783333333333,99.5316,0
44,0.2,27600.0,679,32.68,10378.94,22,10,0,2,4700.0,15.79,True,False,False,False,False,True,False,False,True,False,False,False,False,True,False,0.17028368537371835,0.07159981956554412,0.37603492627078733,0.7588488235294117,15.359599999999999,1
38,7.6,40700.0,697,21.27,16661.69,21,9,0,1,3300.0,14.7,True,False,False,False,True,False,False,False,False,True,False,False,False,True,False,0.08107908896587307,0.0335757630115464,0.40936807449448415,0.44794985673352433,7.0191,0
61,3.0,99700.0,640,38.95,1003.45,16,11,0,0,23100.0,17.6,False,False,False,True,False,True,False,False,False,True,False,False,False,True,False,0.2316927613564558,0.09994693695025608,0.010064593133469073,1.0694539781591266,89.9745,1
53,1.6,103100.0,682,12.29,3640.59,16,6,0,0,21800.0,14.04,False,False,False,True,True,False,False,True,False,False,False,False,False,True,False,0.21144314798110592,0.08675955324312365,0.03531090872057497,0.2526377745241581,26.7922,0
47,2.5,18700.0,704,18.93,4712.93,17,12,0,1,8400.0,13.65,True,False,False,False,False,False,True,False,False,False,True,False,False,True,False,0.44917384097107105,0.18319766712196034,0.2520148655152131,0.36651702127659574,15.9012,1
42,23.3,60500.0,691,17.4,29103.33,22,12,0,0,27200.0,16.4,True,False,False,False,False,True,False,False,True,False,False,False,False,False,True,0.4495793457959373,0.13232005725556711,0.48103882580453217,0.4123699421965317,47.328,0
67,11.5,19200.0,662,7.89,22700.21,20,17,0,0,6700.0,15.19,False,False,False,True,False,True,False,False,True,False,False,False,False,True,False,0.34894015936669964,0.1454600741937599,1.182241029113067,0.1807678733031674,5.2863,0
57,0.3,136900.0,666,20.69,26609.36,29,20,0,2,23600.0,14.0,False,False,False,True,False,True,False,False,False,False,False,False,True,True,False,0.17238734560010519,0.07069581006393029,0.19436936180159387,0.4342728635682159,48.8284,0
60,2.0,18200.0,633,23.96,8246.18,18,10,0,3,6800.0,17.7,True,False,False,False,False,False,True,False,True,False,False,False,False,True,False,0.37360584583264655,0.16130955631192412,0.4530619196747432,0.6689148264984227,16.292800000000003,1
46,6.4,17900.0,630,20.68,10813.02,15,8,0,3,8100.0,16.0,False,False,False,True,False,True,False,False,False,False,False,False,True,False,True,0.45248868778280543,0.13196265920668254,0.6040455840455841,0.5243740095087163,16.7508,1
51,1.2,36800.0,666,7.75,36444.7325,19,7,0,0,16600.0,15.33,False,False,False,True,True,False,False,False,True,False,False,False,False,False,True,0.45107469905709086,0.1296731929653217,0.9903190810032335,0.17812218890554724,12.865,1
47,3.9,45300.0,710,11.93,1715.4,16,9,0,1,12900.0,12.49,True,False,False,False,True,False,False,True,False,False,False,False,False,True,False,0.28476192578530274,0.11427168925575822,0.037866713759078165,0.20957201125175806,15.3897,0
30,0.5,102300.0,696,5.04,1132.22,20,11,0,2,1000.0,13.04,True,False,False,False,False,False,True,False,False,False,False,False,True,True,False,0.009775075512458334,0.003954166282613328,0.011067535996715575,0.09429210903873744,0.504,0
63,0.2,115400.0,599,35.96,11561.31,15,7,0,0,15200.0,18.66,False,False,False,True,False,False,True,False,True,False,False,False,False,True,False,0.1317146298558938,0.05766076753771707,0.10018379390126601,1.118356,54.6592,1
52,25.0,41400.0,684,6.99,4925.39,19,9,3,2,18600.0,14.28,False,False,False,True,False,True,False,True,False,False,False,False,False,True,False,0.44926451051906957,0.18494242875701947,0.11896789932610324,0.1457185401459854,13.0014,1
50,1.6,36400.0,670,17.88,4123.33,17,8,0,1,1900.0,11.41,True,False,False,False,False,True,False,False,False,False,False,False,True,True,False,0.05219636823164199,0.020621701744313214,0.11327518474767176,0.30403994038748133,3.3971999999999998,0
43,1.0,142987.5,724,16.12,13751.63,22,13,1,0,26600.0,12.23,False,False,False,True,False,False,True,False,True,False,False,False,False,True,False,0.1860289463838001,0.07438562234003933,0.09617297894585927,0.27192772413793104,42.879200000000004,0
21,0.7,35300.0,707,8.97,2547.39,18,7,0,2,11000.0,15.1,False,False,False,True,False,False,True,False,True,False,False,False,False,False,True,0.3116059035154812,0.08912561928146963,0.07216197841420922,0.1913093220338983,9.867,0
33,12.2,70800.0,672,24.89,5568.54,22,11,0,0,27900.0,14.72,False,False,False,True,False,False,True,False,True,False,False,False,False,True,False,0.39406223075945257,0.16325054711760573,0.07865058403129899,0.5443994056463596,69.4431,1
43,0.2,75800.0,743,10.37,2081.39,25,19,0,1,10100.0,13.69,True,False,False,False,False,False,True,False,False,False,False,False,True,False,True,0.13324362475429083,0.03694232012813267,0.027458608725478555,0.19081357526881718,10.4737,0
43,6.3,40000.0,661,5.97,16626.42,15,9,0,1,18000.0,16.67,False,False,False,True,True,False,False,False,False,True,False,False,False,True,False,0.44998875028124297,0.19158155010823263,0.41565010874728126,0.15033217522658612,10.746,1
44,7.4,71600.0,696,2.81,649.64,13,7,0,2,5900.0,11.77,True,False,False,False,True,False,False,False,False,True,False,False,False,True,False,0.08240108378374604,0.032729195676076475,0.009073057638859792,0.047451506456241035,1.6579,0
63,1.8,63400.0,677,10.91,8637.33,21,13,0,5,27400.0,13.58,True,False,False,False,True,False,False,False,False,False,False,False,True,True,False,0.43216983959243543,0.17615986545422802,0.13623334016813615,0.2185218289085546,29.893400000000003,0
47,0.5,58300.0,719,27.08,10437.81,22,9,0,0,14100.0,13.95,False,False,False,True,False,True,False,False,False,False,False,False,True,True,False,0.24184833879350268,0.09910047437861606,0.1790331212157596,0.524675,38.18279999999999,0
47,1.0,21000.0,680,15.19,13524.83,24,9,1,0,1900.0,15.24,True,False,False,False,False,False,True,False,True,False,False,False,False,False,True,0.09047188229131946,0.025951216311164798,0.6440088567211085,0.33993480176211455,2.8861,1
35,1.2,142987.5,617,5.12,956.0,10,5,0,0,29000.0,13.19,True,False,False,False,True,False,False,False,False,True,False,False,False,True,False,0.20281351297481964,0.08221964521032718,0.006685852358756124,0.10927637540453074,14.847999999999999,0
34,10.8,101500.0,759,10.4,24199.21,9,6,0,0,2400.0,10.4,False,False,False,True,True,False,False,False,True,False,False,False,False,False,True,0.023645087240519797,0.006083995946429126,0.23841351316735795,0.14231578947368423,2.496,0
32,0.8,64500.0,729,7.96,9072.0,10,8,0,1,6900.0,12.37,False,False,False,True,True,False,False,True,False,False,False,False,False,True,False,0.1069750856575867,0.042857145211406614,0.14064898218632269,0.13488383561643835,5.4924,1
33,4.1,64200.0,627,8.8,11290.41,16,8,0,2,23200.0,19.47,True,False,False,False,False,True,False,True,False,False,False,False,False,False,True,0.3613650877712185,0.11359306211676275,0.17586034485444152,0.272828025477707,20.416,1
22,3.7,99000.0,569,27.65,6314.93,19,11,0,0,34300.0,19.7,False,False,False,True,True,False,False,False,False,False,True,False,False,True,False,0.34646114685710244,0.15385697897562398,0.06378652740881406,0.9556228070175438,94.8395,1
38,3.7,124900.0,567,17.98,10238.62,21,10,0,0,20600.0,18.46,True,False,False,False,False,True,False,False,True,False,False,False,False,False,True,0.1649306250550436,0.05074995322620559,0.08197388331558594,0.58435,37.0388,0
24,2.2,98700.0,716,21.73,2222.18,14,8,0,0,1000.0,14.83,False,False,False,True,False,True,False,False,True,False,False,False,False,True,False,0.010131609608818553,0.004204003973119804,0.02251426024052441,0.44945034867503486,2.173,0
49,2.3,75400.0,757,5.4,1057.41,18,10,2,2,11800.0,10.18,False,False,False,True,False,False,True,False,True,False,False,False,False,True,False,0.15649659818835293,0.06074642661376318,0.014023819312741211,0.07252242744063325,6.372,0
39,9.3,31700.0,651,21.28,20549.19,19,8,0,1,11100.0,15.89,True,False,False,False,True,False,False,False,True,False,False,False,False,False,True,0.3501466830699347,0.10189787077616987,0.6482189836282767,0.5186184049079755,23.620800000000003,0
59,17.4,51700.0,742,8.99,6210.34,32,19,1,0,23300.0,10.84,True,False,False,False,False,False,True,True,False,False,False,False,False,True,False,0.4506682656041469,0.17660455046145357,0.1201203071507321,0.13115962314939433,20.9467,0
42,3.1,39200.0,678,14.76,7373.34,19,9,0,0,4800.0,17.4,True,False,False,False,False,False,True,False,True,False,False,False,False,False,True,0.12244585597306192,0.03682357457729439,0.18809060993342008,0.3782385861561119,7.0847999999999995,0
56,0.0,86400.0,736,10.55,13020.57,16,9,0,3,30800.0,12.17,False,False,False,True,False,False,True,False,True,False,False,False,False,True,False,0.35647735558616217,0.14241124302042743,0.15069929746183494,0.1742109905020353,32.494,0
44,2.6,54200.0,665,7.29,9801.91,15,8,0,2,1500.0,15.52,True,False,False,False,True,False,False,False,False,False,False,False,True,True,False,0.027674766148226046,0.01159465222928049,0.18084371137063893,0.16988108108108108,1.0935,1
36,14.8,43400.0,727,14.78,2345.53,22,12,2,0,19500.0,12.12,False,False,False,True,False,False,True,False,True,False,False,False,False,True,False,0.4492984032625976,0.17934135445151037,0.05404322481048824,0.24606263736263734,28.820999999999998,1
60,3.1,142987.5,661,33.24,2236.06,15,6,3,0,1800.0,14.25,False,False,True,False,False,True,False,False,True,False,False,False,False,True,False,0.012588424943264669,0.005180872982722116,0.015638040821464663,0.7155135951661632,5.9832,0
66,4.7,34000.0,730,36.22,36442.41,17,11,0,1,15300.0,14.43,False,False,False,True,True,False,False,False,True,False,False,False,False,True,False,0.44998676509514424,0.1856234667644518,1.0718040645863358,0.7149857729138166,55.4166,1
54,15.2,27900.0,693,20.92,743.02,21,11,0,0,6900.0,14.64,True,False,False,False,True,False,False,True,False,False,False,False,False,True,False,0.24730296405146768,0.10231132128220492,0.02663058671732196,0.4413095100864554,14.4348,0
26,3.0,49700.0,623,10.28,2979.74,22,17,0,0,7800.0,14.82,True,False,False,False,True,False,False,False,False,True,False,False,False,True,False,0.15693849218325587,0.06510360248513235,0.05995332085873523,0.24414999999999998,8.0184,0
54,2.8,23500.0,669,24.65,1096.5,21,14,0,0,10600.0,16.83,False,False,False,True,True,False,False,False,True,False,False,False,False,True,False,0.4510446363984511,0.19242396763515746,0.04665758903876431,0.6191932835820895,26.129,1
22,5.5,82900.0,692,9.02,7094.97,18,7,0,0,3100.0,12.34,False,False,False,True,True,False,False,False,False,False,False,True,False,True,False,0.037394000072375484,0.014975178056126292,0.08558364796564577,0.16061587301587302,2.7962,0
42,0.7,74700.0,749,11.64,14271.07,22,11,0,1,13200.0,11.61,False,False,True,False,False,False,True,False,True,False,False,False,False,True,False,0.17670446178766014,0.07002476232024947,0.1910425563245472,0.1801872,15.3648,0
22,0.4,123000.0,736,8.13,34666.58,20,9,0,0,1700.0,13.64,True,False,False,False,True,False,False,False,True,False,False,False,False,False,True,0.01382102584531833,0.003827866526255732,0.28183982244046796,0.1504656716417911,1.3821000000000003,0
48,1.6,62200.0,680,14.37,1135.09,16,6,0,0,7800.0,15.15,False,False,False,True,False,False,True,False,True,False,False,False,False,True,False,0.1253999131846755,0.05226571099866669,0.018248741981640164,0.31968502202643173,11.2086,0
23,8.8,15000.0,698,20.96,14589.23,12,4,0,0,6800.0,13.56,False,False,False,True,False,False,True,False,True,False,False,False,False,True,False,0.45330311312579163,0.1846181805967508,0.9725504966335577,0.406606008583691,14.252800000000002,0
44,2.3,26100.0,724,14.01,36444.7325,24,7,1,0,11700.0,13.38,False,True,False,False,False,False,True,False,False,False,False,False,True,True,False,0.4482586874066128,0.1821526271850256,1.396296406267959,0.2585569655172414,16.3917,1
42,3.0,77100.0,754,19.95,9771.18,17,9,0,0,1500.0,12.09,False,False,True,False,False,False,True,True,False,False,False,False,False,False,True,0.019455000583650017,0.005203070580221764,0.12673220840196625,0.319464238410596,2.9924999999999997,1
33,5.4,52600.0,754,17.51,1590.4,17,8,0,1,3600.0,12.81,True,False,False,False,False,True,False,False,False,False,False,True,False,True,False,0.06843976350259501,0.02759120332821714,0.030235166631813085,0.29709019867549674,6.3036,0
67,3.5,43200.0,659,44.05500000000001,5935.95,14,9,0,0,11600.0,20.03,False,False,True,False,True,False,False,False,True,False,False,False,False,False,True,0.2685123029559501,0.08539925457315112,0.13740306937339414,1.3370025000000003,51.10380000000001,1
66,2.3,90700.0,707,8.36,8901.81,29,20,0,1,34300.0,11.29,True,False,False,False,True,False,False,False,True,False,False,False,False,True,False,0.37816562110671326,0.14917378838412546,0.09814456290448836,0.13331129943502823,28.674799999999998,1
26,2.0,24100.0,695,44.05500000000001,2155.15,19,10,0,2,3700.0,16.84,False,False,False,True,True,False,False,True,False,False,False,False,False,False,True,0.15352060080494584,0.04560543210880221,0.0894216007634538,1.0659284482758622,16.30035,1
61,2.4,127000.0,619,4.17,16461.65,13,6,0,1,2700.0,14.77,False,False,False,True,False,True,False,False,True,False,False,False,False,True,False,0.021259675120668342,0.008814212842777447,0.1296182707222778,0.09934016129032258,1.1259000000000001,0
27,2.5,28100.0,656,8.79,5455.56,20,12,0,3,12600.0,15.25,False,False,False,True,False,True,False,False,False,False,False,False,True,True,False,0.448382619835593,0.18710612589001344,0.1941411337674816,0.20402968036529678,11.075399999999998,1
27,0.1,38800.0,662,11.95,663.71,21,11,0,0,5500.0,14.11,False,False,False,True,False,False,True,False,True,False,False,False,False,False,True,0.1417489239968042,0.03966482030817224,0.01710548697198526,0.2543205128205128,6.5725,0
55,3.0,33900.0,691,17.98,36444.7325,19,9,0,1,15300.0,13.88,True,False,False,False,False,True,False,False,False,True,False,False,False,False,True,0.4513141205274181,0.12563804092913267,1.0750341435355888,0.36063930635838154,27.5094,1
65,3.8,50900.0,620,20.22,7869.67,19,13,0,0,13800.0,15.68,True,False,False,False,False,True,False,False,False,False,False,False,True,True,False,0.27111451641421586,0.11384106396384741,0.15460737510068565,0.5105468599033817,27.903599999999997,0
46,3.7,50900.0,645,10.74,763.42,23,11,1,0,22900.0,13.44,True,False,False,False,True,False,False,False,False,False,False,False,True,True,False,0.4498929294119958,0.18301076489782928,0.01499813363195222,0.22344520123839007,24.5946,1
22,1.9,114300.0,635,12.8,323.81,12,8,0,0,16500.0,15.99,True,False,False,False,False,True,False,False,True,False,False,False,False,True,False,0.144355692426138,0.060887002679874444,0.0028329585917883484,0.321811320754717,21.12,0
59,0.4,51000.0,714,9.93,918.13,23,8,0,1,14200.0,10.32,True,False,False,False,False,False,True,False,True,False,False,False,False,True,False,0.2784259132173879,0.10828755638584439,0.018002196035371856,0.14332531468531468,14.100599999999998,0
22,8.9,55000.0,752,17.22,12301.99,22,8,0,1,2900.0,10.5,False,False,False,True,True,False,False,False,True,False,False,False,False,True,False,0.052726314067016965,0.020560696465554813,0.22366847875493173,0.24011952191235061,4.993799999999999,0
29,0.5,122100.0,670,22.16,779.27,17,13,0,1,10700.0,15.73,True,False,False,False,True,False,False,False,False,False,True,False,False,False,True,0.08763236992326025,0.025419682265389945,0.006382175412158787,0.5194885245901639,23.7112,1
25,3.4,46500.0,656,8.54,5646.9,18,12,0,2,20900.0,16.16,False,False,False,True,True,False,False,False,True,False,False,False,False,True,False,0.4494526999419367,0.18999845144352423,0.1214360981484269,0.21005540334855402,17.848599999999998,1
42,2.2,76600.0,674,10.44,4228.08,18,12,0,0,17400.0,13.04,False,False,False,True,False,True,False,False,False,False,False,False,True,True,False,0.22715108157856947,0.09188274286400547,0.05519614626440908,0.20168533333333333,18.165599999999998,0
25,9.8,29100.0,637,24.8,36444.7325,18,9,0,0,1900.0,14.9,True,False,False,False,False,True,False,False,False,True,False,False,False,False,True,0.06528985258238548,0.018590764675544328,1.2523532696470911,0.5791849529780565,4.712000000000001,1
28,10.4,63500.0,707,30.38,5098.55,17,13,0,0,2900.0,14.71,False,False,True,False,False,False,True,True,False,False,False,False,False,False,True,0.0456685721484701,0.012951908230984155,0.08029086156123526,0.6312002824858758,8.810199999999998,1
62,4.7,142987.5,607,6.27,12082.89,15,7,0,1,6100.0,18.61,True,False,False,False,False,True,False,False,False,False,False,False,True,False,True,0.04266077341884138,0.01316910014288647,0.08450252992373512,0.19191562499999998,3.8246999999999995,0
46,12.9,46600.0,742,43.22,4530.6,25,11,0,2,15200.0,14.23,False,False,True,False,False,False,True,True,False,False,False,False,False,True,False,0.32617325808459047,0.13417992704435563,0.09722108967618721,0.8277531628532975,65.6944,1
54,1.9,60800.0,741,9.37,9538.5,15,7,0,2,5600.0,11.5,True,False,False,False,False,False,True,True,False,False,False,False,False,True,False,0.09210374829361359,0.03643997290478617,0.15688064341047023,0.14522237196765497,5.2472,0
52,0.8,41700.0,661,17.34,19978.19,23,15,0,0,3900.0,14.74,True,False,False,False,False,True,False,False,True,False,False,False,False,True,False,0.09352293709982974,0.0387510786271485,0.4790817965996019,0.38609003021148036,6.7626,0
40,0.8,54100.0,667,10.6,1028.19,18,10,0,3,8000.0,12.15,False,False,False,True,False,False,True,False,True,False,False,False,False,True,False,0.14787157353838193,0.05905262859710272,0.019005009149553612,0.19279940119760478,8.48,0
47,4.4,15000.0,662,32.89,4861.79,19,11,0,0,6800.0,14.6,False,False,True,False,False,True,False,False,False,False,False,True,False,True,False,0.45330311312579163,0.1873656423915195,0.32409772681821214,0.7242745098039216,22.3652,1
22,1.5,123600.0,658,14.77,2325.88,20,13,1,2,4500.0,15.08,False,False,False,True,False,True,False,False,False,False,False,True,False,True,False,0.03640747243145282,0.015160695997300699,0.018817647106414998,0.3379842185128983,6.6465,0
29,0.4,137300.0,661,14.24,20383.96,19,5,0,0,1200.0,14.26,True,False,False,False,False,True,False,False,False,False,False,True,False,True,False,0.00873992177770009,0.0035974878460008396,0.14846184659980627,0.30674078549848943,1.7087999999999999,0
67,3.3,41300.0,706,11.98,9933.45,21,12,0,0,1600.0,12.48,False,False,False,True,False,True,False,False,False,False,False,False,True,True,False,0.038739982082758286,0.015543315350820963,0.24051354688748458,0.21147157001414427,1.9168,0
46,7.8,71000.0,742,13.26,23502.48,10,5,0,0,1000.0,12.44,False,False,False,True,False,True,False,False,False,False,False,True,False,True,False,0.014084308671708849,0.005648316502184199,0.3310161828706638,0.22201130551816958,1.326,0
65,6.5,20500.0,699,17.86,18349.67,18,11,0,0,9200.0,16.03,False,False,True,False,False,False,True,False,True,False,False,False,False,False,True,0.4487585971416028,0.1309708266430174,0.8950621920881907,0.40899399999999997,16.4312,1
44,2.5,32000.0,685,12.53,13228.35,24,16,0,0,3300.0,12.66,False,False,False,True,True,False,False,False,True,False,False,False,False,True,False,0.10312177744445486,0.04147834056612713,0.4133730195931377,0.23123877551020405,4.1349,1
26,3.6,72000.0,766,6.63,15204.16,22,13,1,0,5400.0,13.78,False,False,False,True,True,False,False,False,True,False,False,False,False,True,False,0.07499895834780072,0.030658677839656014,0.2111659560283885,0.11911525423728812,3.5802,0
53,2.1,38400.0,634,24.22,4585.69,19,11,0,0,4500.0,16.99,True,False,False,False,True,False,False,False,False,False,False,False,True,True,False,0.1171844483216583,0.050113989060484615,0.1194159006275878,0.6480280314960629,10.899,1
52,3.8,68500.0,656,8.85,3184.83,15,8,0,0,8100.0,16.14,True,False,False,False,False,True,False,False,True,False,False,False,False,True,False,0.11824644895694954,0.049976437860279714,0.0464931898804397,0.21741095890410958,7.1685,0
25,4.6,60400.0,682,14.68,10188.54,19,11,0,0,27100.0,14.84,True,False,False,False,False,True,False,False,False,False,False,True,False,False,True,0.44866806840946344,0.12761040654699224,0.16868164434363672,0.3189622254758419,39.7828,0
45,1.5,39700.0,684,24.78,15715.49,19,13,0,3,9000.0,16.38,False,False,True,False,False,True,False,False,True,False,False,False,False,False,True,0.22669454169920153,0.06668527987956877,0.39584620034759826,0.5925494890510948,22.302000000000003,0
34,3.9,141500.0,734,19.56,33507.56,18,10,0,0,18000.0,14.61,False,False,False,True,False,False,True,False,False,False,False,False,True,True,False,0.12720758157186168,0.05262114950710175,0.23680087066522496,0.38880489795918366,35.208,0
37,10.2,63800.0,741,7.52,33165.64,23,12,0,0,9000.0,11.95,True,False,False,False,False,False,True,False,True,False,False,False,False,True,False,0.1410636196924813,0.05617386792561246,0.5198294697575273,0.12111051212938004,6.768,0
25,3.0,78200.0,633,18.41,30817.37,10,7,0,3,3800.0,17.95,True,False,False,False,False,True,False,False,False,False,False,True,False,True,False,0.04859272899323538,0.021063336852934947,0.3940789759721743,0.5212294952681388,6.9958,0
42,3.9,102600.0,636,8.49,10465.16,26,11,0,3,34300.0,14.52,True,False,False,False,True,False,False,False,True,False,False,False,False,True,False,0.33430473387198956,0.1381094744000802,0.10199861599789475,0.19352401883830456,29.120700000000003,1
52,4.2,41400.0,680,6.99,2337.87,23,14,0,2,3600.0,16.56,False,False,True,False,False,False,True,False,False,False,False,False,True,False,True,0.08695442139078766,0.025679447617025866,0.05646892587135576,0.1699770925110132,2.5164,0
23,4.1,101500.0,749,16.99,12645.84,26,12,1,1,34300.0,13.58,True,False,False,False,True,False,False,False,True,False,False,False,False,False,True,0.3379277051457621,0.09346505891938035,0.12458832917902286,0.3076322666666666,58.2757,1
55,7.3,33000.0,674,41.33,18110.08,24,13,0,0,1000.0,17.5,True,False,False,False,False,False,True,False,False,False,False,False,True,True,False,0.03030211205721039,0.013050551033278523,0.5487736735250448,1.0715185185185185,4.133,1
31,0.6,45300.0,672,6.86,6162.98,20,12,0,1,20400.0,13.53,False,False,True,False,False,False,True,False,False,False,True,False,False,True,False,0.4503211849628044,0.18341523032018572,0.13604512041676783,0.13791352154531947,13.9944,0
31,3.1,47900.0,650,18.18,17267.27,12,7,0,0,3200.0,15.08,False,False,True,False,True,False,False,False,True,False,False,False,False,False,True,0.06680445084653765,0.01910057267519556,0.36047827811527944,0.42112811059907834,5.8176,0
43,15.0,40600.0,731,35.84,12078.55,19,10,0,1,15000.0,15.31,True,False,False,False,False,False,True,False,False,False,False,False,True,False,True,0.36944902834905546,0.10616402148893397,0.2974939040910322,0.7496043715846995,53.760000000000005,1
38,7.9,49900.0,615,14.87,5822.77,24,14,0,0,3600.0,15.25,True,False,False,False,False,False,True,True,False,False,False,False,False,True,False,0.07214284282880103,0.0301097211722349,0.11668643914951606,0.3681290584415584,5.353199999999999,1
42,3.8,73900.0,626,17.86,169.16,26,17,2,1,33300.0,15.84,False,False,False,True,False,False,True,False,True,False,False,False,False,True,False,0.4506028335205207,0.18964722196995729,0.002289008267817756,0.4512,59.4738,1
30,6.4,60600.0,808,4.95,6281.61,20,11,0,1,6200.0,10.66,False,False,True,False,False,True,False,False,True,False,False,False,False,True,False,0.10230854276332074,0.03998876080263825,0.1036552202108876,0.06522496909765142,3.069,0
57,2.9,55600.0,656,27.94,18716.59,18,8,0,0,1800.0,17.71,True,False,False,False,False,False,True,False,False,False,False,False,True,False,True,0.03237351846189817,0.00980177175992536,0.3366232621715437,0.7531467275494673,5.0292,1
38,5.0,47200.0,677,5.81,4506.35,17,5,0,3,21200.0,15.55,True,False,False,False,False,True,False,False,True,False,False,False,False,False,True,0.4491430266307917,0.12975200494810307,0.09547149424800323,0.13325294985250738,12.3172,0
36,1.3,68600.0,724,8.8,10808.11,15,9,0,1,15500.0,12.23,False,False,True,False,True,False,False,False,True,False,False,False,False,True,False,0.22594422821824756,0.0903386304704607,0.15755032725470475,0.14844689655172416,13.640000000000002,0
36,8.3,55900.0,681,27.29,15061.99,17,12,0,0,18700.0,16.65,False,False,False,True,False,True,False,False,False,False,False,False,True,False,True,0.33451995492030556,0.09899081716856017,0.2694404393481333,0.6662441348973607,51.0323,0
51,0.8,30800.0,704,6.66,3835.36,15,8,0,0,1400.0,14.24,False,False,False,True,True,False,False,False,False,False,False,False,True,False,True,0.045453069705529044,0.012754774015588373,0.12452063244699847,0.13452255319148937,0.9324000000000001,0
43,0.3,74000.0,652,6.59,32094.16,15,9,0,3,11400.0,16.21,False,False,False,True,False,False,True,False,True,False,False,False,False,False,True,0.154051972270645,0.045154753274657414,0.4336990040675126,0.1635894333843798,7.512599999999999,0
63,0.3,41300.0,719,23.54,15508.53,14,9,0,0,4300.0,16.04,False,False,True,False,False,False,True,False,True,False,False,False,False,True,False,0.10411370184741289,0.0439369207667584,0.3755001089561996,0.5244188888888889,10.1222,0
44,16.7,91300.0,736,6.01,8332.12,26,15,2,1,9500.0,11.95,True,False,False,False,True,False,False,False,False,False,False,False,True,False,True,0.1040514342668755,0.027739920052542107,0.09125989857723356,0.0974484396200814,5.709499999999999,0
67,0.6,38600.0,714,12.93,8757.53,18,5,0,0,7600.0,11.81,False,False,False,True,False,True,False,False,False,False,False,False,True,True,False,0.19688609103391103,0.07823670175602507,0.2268731380016062,0.21357104895104898,9.8268,1
41,2.9,37600.0,720,18.8,36444.7325,16,8,1,0,1100.0,10.79,True,False,False,False,False,True,False,False,True,False,False,False,False,True,False,0.02925454110263025,0.01145484235886821,0.9692490226323768,0.2813481276005548,2.068,0
55,3.6,51400.0,684,7.78,36444.7325,16,10,0,0,23100.0,13.44,False,False,False,True,False,False,True,False,True,False,False,False,False,False,True,0.449407599073948,0.12389644636920658,0.7090276940137351,0.15264700729927005,17.9718,1
22,1.5,42400.0,652,25.02,17532.6,16,9,0,0,2200.0,16.09,False,False,False,True,False,False,True,False,True,False,False,False,False,True,False,0.0518855687365864,0.021911702705559224,0.4134949647413976,0.616495865237366,5.5043999999999995,1
26,1.0,37500.0,691,11.43,4521.94,14,10,0,0,15800.0,13.4,False,False,False,True,False,False,True,False,True,False,False,False,False,True,False,0.4213220980773846,0.171277557997551,0.12058185115063597,0.22133236994219654,18.0594,1
57,5.0,142987.5,703,23.8,4351.41,20,12,0,0,5400.0,15.69,False,False,False,True,False,True,False,False,True,False,False,False,False,True,False,0.037765274829794006,0.015862088186177306,0.03043188787909517,0.5304289772727273,12.852000000000002,0
31,3.2,21800.0,679,15.83,8096.89,21,10,0,1,8900.0,14.33,True,False,False,False,False,False,True,False,False,False,False,False,True,True,False,0.4082381542131095,0.16813276710915043,0.37139993578276226,0.33359397058823526,14.088700000000001,0
42,8.1,26500.0,798,37.42,8739.57,16,9,1,0,1000.0,12.28,True,False,False,False,False,False,True,False,False,False,False,True,False,True,False,0.03773442511603336,0.01509423748834607,0.32978264971133164,0.5751158948685857,3.7420000000000004,1
49,4.5,56300.0,707,25.01,731.49,24,16,0,1,6000.0,13.91,False,False,False,True,True,False,False,False,True,False,False,False,False,True,False,0.10657004316086748,0.043643330716349446,0.012992486811957159,0.4913687853107345,15.006,1
54,3.0,82400.0,681,17.89,4017.79,22,9,0,2,4200.0,14.24,True,False,False,False,False,True,False,False,False,True,False,False,False,True,False,0.05097025521534933,0.02097307782598314,0.04875899564325675,0.3735390029325513,7.5138,1
52,12.5,32100.0,675,12.39,27504.07,22,12,2,0,5400.0,12.07,False,False,False,True,False,False,True,False,True,False,False,False,False,True,False,0.1682190585963054,0.06709187847960331,0.8567979190679418,0.22122381656804735,6.690600000000001,1
67,12.1,110200.0,663,19.17,15829.24,15,9,0,0,1000.0,16.03,False,False,True,False,False,False,True,False,True,False,False,False,False,False,True,0.009074327819166795,0.0026495118460445138,0.1436397128882678,0.4627938253012049,1.9170000000000003,0
22,9.0,30100.0,743,6.93,1330.27,21,15,1,1,1000.0,10.52,True,False,False,False,True,False,False,False,False,False,False,False,True,True,False,0.033221487658217336,0.01295637948757661,0.04419354838709677,0.09798870967741935,0.6930000000000001,0
49,8.6,135700.0,612,21.61,20565.41,14,8,0,0,32800.0,16.88,False,False,False,True,False,True,False,False,False,False,False,True,False,True,False,0.24170787245488243,0.10322903062820786,0.15154943589214523,0.595068189233279,70.8808,1
54,1.8,28300.0,652,10.32,36444.7325,16,5,0,4,12500.0,14.73,False,False,False,True,False,True,False,False,True,False,False,False,False,False,True,0.4416805059891877,0.12529195559189485,1.2877542312992474,0.2327926493108729,12.9,1
46,6.0,82600.0,665,28.83,6071.36,23,11,1,0,13600.0,16.75,False,False,True,False,False,True,False,False,True,False,False,False,False,True,False,0.16464691710754106,0.07018641233511119,0.07350225784191475,0.7250788288288288,39.208800000000004,0
28,0.8,33200.0,687,13.4,1589.04,14,9,0,4,7600.0,14.06,True,False,False,False,True,False,False,False,False,False,False,False,True,True,False,0.22890876780819855,0.09393165704157717,0.04786120899972892,0.273843023255814,10.184000000000001,0
60,0.7,77500.0,605,23.3,935.04,18,11,0,2,14100.0,19.52,False,False,False,True,True,False,False,False,False,False,False,True,False,False,True,0.18193313634662778,0.05725171908733589,0.012064876582237647,0.7505214521452146,32.853,0
33,0.7,53500.0,694,21.03,3159.52,15,7,0,1,1100.0,12.95,True,False,False,False,False,False,True,False,True,False,False,False,False,False,True,0.020560363357694247,0.0056062717111671195,0.05905534475991103,0.3918539568345324,2.3133000000000004,0
58,0.5,23000.0,673,24.57,13468.01,18,7,0,1,7700.0,15.86,False,False,False,True,False,False,True,False,True,False,False,False,False,True,False,0.3347680535628886,0.14088853357406284,0.5855401939046129,0.5781605341246291,18.9189,0
30,1.7,89800.0,668,24.07,6728.06,18,15,0,0,13300.0,17.85,False,False,True,False,False,True,False,False,True,False,False,False,False,False,True,0.14810525495261745,0.044980392060557296,0.07492188282981259,0.6422264573991032,32.0131,0
52,3.8,68400.0,676,10.77,25044.06,20,12,0,1,30800.0,12.95,False,False,True,False,False,True,False,False,True,False,False,False,False,True,False,0.4502858145348752,0.18190354623147076,0.36613587520650287,0.20601403249630723,33.1716,0
39,8.5,63200.0,575,44.05500000000001,10547.11,23,13,0,0,11000.0,20.585,False,False,True,False,False,True,False,False,True,False,False,False,False,True,False,0.1740478789892565,0.07822924654181049,0.16688201136057976,1.5744308593750003,48.46050000000001,1
23,7.9,112200.0,627,37.39,7567.63,13,9,0,0,9000.0,20.585,True,False,False,False,True,False,False,True,False,False,False,False,False,False,True,0.08021318883075908,0.025813701403225246,0.06744708157681305,1.2255941878980894,33.651,0
62,0.8,85200.0,640,29.33,4951.43,12,8,0,0,3000.0,16.9,False,True,False,False,False,False,True,False,True,False,False,False,False,True,False,0.03521085433269563,0.015041393744555992,0.058114693489513036,0.7732870514820591,8.799,1
53,0.2,36800.0,696,33.39,10903.28,15,8,1,0,12100.0,12.93,True,False,False,False,True,False,False,False,False,False,False,False,True,True,False,0.32879541316812044,0.13276832691839657,0.29627673161055407,0.6194156384505022,40.4019,1
33,8.0,68800.0,698,19.92,9907.87,20,10,0,2,3500.0,14.26,False,False,True,False,False,False,True,False,True,False,False,False,False,False,True,0.05087135361404631,0.01428438489903905,0.1440076452377146,0.40637939914163096,6.972,0
56,3.5,35700.0,703,8.84,3928.12,18,10,0,0,6400.0,12.99,False,False,True,False,True,False,False,False,True,False,False,False,False,True,False,0.17926668720764125,0.07244975393890979,0.11002829052407495,0.16311306818181817,5.6576,0
41,21.5,114000.0,688,7.02,36444.7325,17,9,0,0,1000.0,12.16,True,False,False,False,False,True,False,False,True,False,False,False,False,False,True,0.008771852878483522,0.0023497932211600033,0.31968783168568693,0.1238943396226415,0.702,0
31,11.1,91800.0,700,21.73,11304.09,16,12,1,1,1700.0,15.96,False,False,False,True,False,True,False,False,False,False,False,False,True,False,True,0.018518316793934706,0.005398585176830128,0.12313689393361728,0.4947372325249644,3.6941,1
53,2.3,27900.0,719,9.46,5384.76,17,9,0,2,6700.0,11.73,False,False,False,True,True,False,False,False,False,False,False,True,False,True,False,0.2401347621949034,0.09530217151672682,0.1929952331457654,0.1541191666666667,6.338200000000001,1
43,0.1,53100.0,731,4.91,28393.72,22,12,0,0,13200.0,12.51,False,False,False,True,True,False,False,False,True,False,False,False,False,False,True,0.24858288921112598,0.06711250061668705,0.534711587352404,0.0839127049180328,6.4812,0
50,4.8,77800.0,747,33.57,7757.83,17,10,0,1,7700.0,13.43,False,False,False,True,False,True,False,False,True,False,False,False,False,True,False,0.09897045025128212,0.040257197215928985,0.09971375689258492,0.6027340909090909,25.8489,1
55,1.1,63100.0,704,9.02,21567.2,23,13,0,3,8600.0,15.26,False,False,False,True,True,False,False,False,False,True,False,False,False,True,False,0.1362894407378647,0.05689275595313023,0.3417885611955437,0.1952414184397163,7.757199999999999,1
62,6.2,81700.0,758,25.19,3469.56,19,9,0,3,3000.0,14.52,False,False,False,True,False,False,True,False,False,True,False,False,False,False,True,0.03671925680224232,0.010370493638504558,0.04246655487692929,0.48189565217391306,7.557,1
48,2.0,52100.0,710,27.96,7304.07,17,11,0,0,7500.0,15.61,True,False,False,False,False,False,True,False,False,True,False,False,False,False,True,0.14395117176253816,0.041641448661260516,0.1401905913514136,0.6138616033755274,20.97,0
35,12.1,54700.0,712,13.22,5750.61,18,14,1,1,19000.0,12.53,True,False,False,False,True,False,False,False,False,False,False,False,True,True,False,0.3473428273706148,0.1394704599138668,0.10512805981609111,0.2323234221598878,25.118,0
50,0.3,61900.0,766,13.19,12273.38,21,7,0,3,27900.0,11.72,False,False,False,True,False,False,True,False,False,False,False,True,False,True,False,0.4507196975816223,0.17888987767654252,0.19827434128689359,0.2015473272490222,36.8001,0
66,7.1,113600.0,691,12.32,918.12,24,11,1,3,13200.0,15.76,False,False,False,True,False,False,True,False,False,False,False,False,True,True,False,0.11619616024506826,0.04885156196598503,0.008081971109409248,0.28058265895953755,16.2624,0
41,0.6,142987.5,681,26.74,1272.2,22,9,1,1,4900.0,15.13,False,False,True,False,False,True,False,True,False,False,False,False,False,True,False,0.034268490123331594,0.014280235980917398,0.008897219007122951,0.5932202346041056,13.102599999999999,0
40,8.7,81800.0,722,17.04,1195.59,20,16,0,2,1400.0,14.36,True,False,False,False,False,True,False,False,True,False,False,False,False,True,False,0.017114705199202943,0.00705429537232366,0.014615835992225034,0.3384431535269709,2.3856,0
47,7.5,105100.0,736,9.24,21736.07,11,5,3,0,4700.0,12.9,True,False,False,False,True,False,False,False,True,False,False,False,False,False,True,0.04471888944919649,0.012181178137565698,0.2068112577425524,0.1617313432835821,4.3427999999999995,0
57,3.5,98100.0,633,43.83,277.76,24,10,0,0,8100.0,19.08,True,False,False,False,False,False,True,False,False,True,False,False,False,False,True,0.08256796566803601,0.025743050382361774,0.002831367672093047,1.3190479495268137,35.5023,1
58,0.8,77600.0,622,24.86,10617.95,19,10,0,3,19600.0,18.72,True,False,False,False,False,True,False,False,True,False,False,False,False,True,False,0.2525740647672066,0.11065602808277945,0.13682748933647762,0.7469971107544141,48.7256,1
45,3.4,140000.0,696,21.38,9349.53,24,17,0,0,34300.0,14.28,False,False,False,True,False,True,False,False,True,False,False,False,False,True,False,0.24499825001249992,0.10087386902444431,0.06678188012942765,0.4380292682926829,73.3334,0
57,3.9,83000.0,577,30.24,3279.55,16,5,0,1,18600.0,20.585,False,False,False,True,False,False,True,False,True,False,False,False,False,True,False,0.22409368561824555,0.10072750124040906,0.03951217455211383,1.076973010380623,56.2464,1
67,10.8,76400.0,662,9.5,24476.72,22,14,0,0,10300.0,16.36,False,False,False,True,False,False,True,False,False,False,False,True,False,False,True,0.13481498933260036,0.03964567299590526,0.32037172288320837,0.23441930618401205,9.785,0
51,1.5,54600.0,674,3.79,821.66,14,3,1,4,24600.0,14.42,False,False,False,True,False,True,False,False,False,False,False,False,True,True,False,0.4505411988791414,0.18584850992967886,0.015048442336220947,0.08096562962962964,9.3234,1
43,5.8,42300.0,638,22.86,226.91,17,9,0,0,3100.0,16.46,True,False,False,False,False,False,True,False,True,False,False,False,False,True,False,0.0732843195196331,0.031109509239616386,0.005364175787806434,0.5888507042253521,7.0866,1
41,3.5,79900.0,718,24.7,3377.72,18,9,0,2,13000.0,14.07,False,False,False,True,True,False,False,False,False,False,False,True,False,True,False,0.16270134291185342,0.06678615879666441,0.04227381384463273,0.48335048678720444,32.11,0
28,1.2,40200.0,743,41.62,12725.18,25,13,0,0,9200.0,14.06,True,False,False,False,False,False,True,False,False,True,False,False,False,False,True,0.22885002860625359,0.06396723152004168,0.3165388920673615,0.7865284946236559,38.2904,1
52,5.8,77100.0,759,8.81,5425.48,14,6,0,0,28000.0,12.41,False,False,False,True,False,False,True,False,False,False,False,False,True,False,True,0.3631600108948003,0.09783088629766788,0.07036847771105433,0.14385802631578948,24.668,0
58,7.3,69200.0,690,7.69,13751.71,16,5,0,1,2500.0,13.28,True,False,False,False,False,False,True,False,True,False,False,False,False,True,False,0.03612664556870566,0.01466319811796479,0.19872126125345008,0.1477904486251809,1.9225,0
35,13.5,133400.0,756,8.69,27601.18,14,9,0,1,5900.0,11.08,False,False,True,False,True,False,False,False,True,False,False,False,False,True,False,0.04422755451608309,0.0173941201373245,0.20690384629800376,0.12719313077939232,5.1270999999999995,0
29,22.0,20200.0,611,19.6,9054.06,18,13,0,0,6200.0,16.89,False,False,False,True,False,True,False,False,False,False,False,True,False,True,False,0.3069154992327113,0.131035606108462,0.44819860402950346,0.540921568627451,12.152000000000001,1
48,6.9,32000.0,608,44.05500000000001,6306.67,14,7,0,1,1400.0,20.585,True,False,False,False,False,False,True,False,False,False,True,False,False,True,False,0.04374863285522328,0.019660348918477434,0.1970772788350364,1.4891168719211827,6.167700000000002,1
33,1.0,120200.0,659,6.22,9110.31,15,6,1,0,15200.0,14.45,True,False,False,False,False,True,False,False,True,False,False,False,False,True,False,0.12645485478490195,0.05219062474932471,0.0757922979010158,0.136180303030303,9.4544,0
45,14.2,138000.0,637,13.32,4424.65,16,8,1,1,1000.0,15.74,True,False,False,False,True,False,False,False,True,False,False,False,False,False,True,0.0072463243019978115,0.0021024369099579315,0.03206244882283461,0.32861567398119124,1.332,1
52,4.5,73100.0,664,9.72,6991.76,23,10,0,0,32900.0,12.83,True,False,False,False,True,False,False,False,True,False,False,False,False,True,False,0.4500622426505793,0.1815032830174688,0.09564520321199436,0.1875302255639098,31.978800000000003,1
58,3.0,44600.0,693,17.53,12000.3,16,6,0,0,13300.0,11.93,False,False,False,True,False,True,False,True,False,False,False,False,False,True,False,0.29819959193740053,0.11870504488255025,0.2690589897087509,0.3013442363112392,23.3149,1
55,7.3,24000.0,634,13.71,36444.7325,16,10,0,0,1000.0,14.22,False,False,False,True,True,False,False,False,True,False,False,False,False,True,False,0.041664930627890506,0.01713372263963719,1.5184672513645263,0.30701763779527563,1.3710000000000002,1
51,2.6,72200.0,622,20.64,7734.17,18,13,0,1,26900.0,16.31,False,False,False,True,False,True,False,False,False,False,False,False,True,True,False,0.3725710170219249,0.1578429612418894,0.10711998448774948,0.5403505617977528,55.5216,1
25,1.0,89000.0,790,7.59,19704.29,13,10,0,1,1100.0,10.28,False,False,False,True,False,False,True,False,True,False,False,False,False,False,True,0.01235941169200346,0.003171291872406764,0.2213940292805699,0.09864121365360304,0.8349,0
28,1.8,32100.0,603,31.39,7398.57,15,8,0,0,6100.0,16.99,False,False,False,True,False,False,True,False,False,False,False,False,True,True,False,0.19002523285878944,0.08125982077677533,0.23047786673312357,0.8829736754966887,19.1479,1
63,7.4,27900.0,741,19.04,35544.26,14,10,1,2,12600.0,12.71,False,False,False,True,False,True,False,False,False,False,True,False,False,True,False,0.4515967169635497,0.18176523643176865,1.2739421526110175,0.3261433962264151,23.990399999999998,0
32,14.7,69300.0,620,40.72,7125.39,20,13,1,0,13200.0,17.67,False,False,True,False,True,False,False,False,False,False,False,True,False,True,False,0.19047344194167473,0.08224191179200847,0.10281799685430225,1.1586512077294686,53.7504,0
54,2.6,71600.0,711,5.79,26785.96,16,5,0,2,8400.0,11.22,False,False,True,False,False,True,False,True,False,False,False,False,False,True,False,0.11731679725143504,0.04622932381765894,0.3741003617267915,0.09124129213483147,4.8636,0
34,9.4,68900.0,612,7.55,15553.44,20,6,0,1,15300.0,15.99,False,False,False,True,False,True,False,True,False,False,False,False,False,True,False,0.22205773501110287,0.09365458649962856,0.2257360560804633,0.19694045676998367,11.5515,1
63,2.6,98500.0,674,12.19,2795.09,23,12,0,1,1000.0,12.7,True,False,False,False,False,True,False,True,False,False,False,False,False,True,False,0.010152181196129989,0.0040867672931907744,0.02837626013949097,0.22935259259259258,1.219,0
32,2.1,51300.0,618,11.38,21214.36,21,12,0,0,11700.0,17.74,False,False,False,True,False,False,True,False,True,False,False,False,False,True,False,0.2280657297128711,0.0985637456346635,0.41352722169158496,0.32614087237479805,13.3146,0
43,3.1,64200.0,688,8.89,36444.7325,23,11,0,0,6900.0,14.57,False,False,True,False,False,True,False,False,False,False,False,False,True,True,False,0.10747496144919862,0.04442914800941691,0.5676661189078052,0.1879931785195936,6.1341,0
26,10.0,44900.0,649,4.47,3774.72,16,6,0,0,20200.0,13.93,False,False,False,True,False,False,True,False,True,False,False,False,False,True,False,0.44987862185697425,0.18428078556339827,0.08406761542059196,0.09579553846153845,9.029399999999999,0
39,0.1,114700.0,661,9.38,4288.29,24,16,1,0,7600.0,17.89,True,False,False,False,False,False,True,False,True,False,False,False,False,False,True,0.06625923052109398,0.020141106903150036,0.03738668363832922,0.2534867069486405,7.128800000000001,1
22,1.5,61200.0,673,44.05500000000001,15315.68,17,10,0,1,2600.0,18.43,False,False,False,True,False,False,True,False,False,False,True,False,False,True,False,0.04248296596460842,0.018537154001306413,0.25025212006339764,1.2046493323442138,11.454300000000002,1
26,4.9,142987.5,732,17.57,14355.37,11,6,0,1,4400.0,9.97,False,False,True,False,False,False,True,False,True,False,False,False,False,True,False,0.03077170541686919,0.011908880113128895,0.10039527654321852,0.23898076398362897,7.7308,0
37,7.7,27200.0,747,22.03,1767.08,15,5,0,0,12200.0,13.59,False,False,False,True,False,False,True,False,False,False,True,False,False,True,False,0.4485129223190324,0.18280543141330577,0.06496378809602588,0.400250935828877,26.8766,0
30,1.4,40900.0,641,41.94,1894.51,26,17,0,1,15700.0,16.86,True,False,False,False,True,False,False,False,False,False,True,False,False,True,False,0.38385369550866727,0.16386034145768127,0.04631940539351116,1.101414953271028,65.8458,1
41,1.8,142987.5,682,5.1,13576.82,18,12,1,2,21700.0,16.08,False,False,False,True,False,True,False,False,True,False,False,False,False,True,False,0.1517604562604685,0.06409238865411268,0.0949504330767859,0.12007027818448021,11.066999999999998,0
62,6.2,44600.0,771,27.53,8939.71,17,13,0,1,1600.0,14.33,True,False,False,False,False,True,False,False,False,False,False,False,True,False,True,0.03587363512028878,0.01008791414269815,0.200437434138248,0.5110167098445596,4.404800000000001,0
39,0.6,69900.0,689,8.32,17658.08,14,12,0,0,11500.0,13.0,False,False,False,True,True,False,False,False,True,False,False,False,False,True,False,0.16451839029484558,0.0665088307651661,0.2526155562867484,0.1567536231884058,9.568,0
58,0.8,37300.0,711,33.67,12556.9,17,11,0,0,5900.0,12.76,False,False,False,True,False,True,False,False,True,False,False,False,False,True,False,0.15817270314468782,0.06371557746349478,0.3366370874775475,0.6034117977528091,19.8653,1
43,1.6,45000.0,671,28.61,11540.53,15,9,0,2,8500.0,16.59,True,False,False,False,False,True,False,False,True,False,False,False,False,False,True,0.18888469145130107,0.05581913008115609,0.256450523321704,0.706309375,24.3185,1
50,7.9,67600.0,741,17.17,6595.77,26,15,0,0,3600.0,12.44,True,False,False,False,True,False,False,False,False,False,False,True,False,True,False,0.05325365009393352,0.021356470822208717,0.09756911880001776,0.2878636118598383,6.1812000000000005,0
28,3.0,33400.0,717,44.05500000000001,18208.67,20,9,0,0,1000.0,18.92,False,False,True,False,False,False,True,True,False,False,False,False,False,False,True,0.02993922337654561,0.009300808778132535,0.5451534385198047,1.1608922005571034,4.405500000000001,1
50,0.0,75900.0,679,15.68,8602.24,19,14,0,0,1400.0,17.31,True,False,False,False,False,False,True,True,False,False,False,False,False,False,True,0.018445079774970025,0.005537052066834323,0.1133350021738844,0.39914823529411764,2.1952000000000003,0
55,1.3,57300.0,759,23.83,7522.42,15,6,3,0,9000.0,14.14,False,False,False,True,False,False,True,False,False,False,False,False,True,True,False,0.157065321722134,0.0645332899371142,0.13127903526989057,0.44336342105263155,21.447,0
66,5.0,32900.0,707,10.85,15414.02,14,8,0,2,1500.0,11.27,True,False,False,False,True,False,False,False,False,False,False,False,True,True,False,0.045591319412783805,0.01797523977312512,0.46849700617002527,0.17271115819209037,1.6275,0
41,4.6,77600.0,715,16.82,19806.77,8,1,2,0,26600.0,14.58,False,False,False,True,False,False,True,False,False,False,False,False,True,True,False,0.3427790878983518,0.14172594431612132,0.2552385922861819,0.34250782122905027,44.741200000000006,1
36,0.7,48800.0,632,17.17,36379.59,19,5,0,0,7900.0,16.42,True,False,False,False,True,False,False,False,False,False,False,False,True,True,False,0.16188192864900308,0.06868346557410467,0.7454681256531628,0.44538925750394953,13.564300000000001,0
55,0.2,142987.5,715,12.83,162.91,14,6,0,4,4400.0,12.45,True,False,False,False,False,True,False,False,False,False,False,True,False,True,False,0.03077170541686919,0.012343297986122857,0.0011393223930595817,0.22309148044692736,5.6452,0
57,8.3,48200.0,712,19.28,15462.33,20,12,0,2,21700.0,12.97,True,False,False,False,False,False,True,False,True,False,False,False,False,True,False,0.4501981286695297,0.18190788244220582,0.32078857285118567,0.3507175315568023,41.8376,1
62,15.5,37300.0,630,23.46,7164.15,19,12,0,3,13800.0,16.38,False,False,False,True,True,False,False,False,False,False,True,False,False,True,False,0.36996327176215116,0.1568696409787234,0.1920632154633924,0.6089933438985736,32.3748,1
60,9.9,32400.0,659,5.55,1826.04,20,11,0,5,1000.0,15.04,False,False,False,True,False,False,True,False,False,False,False,False,True,False,True,0.03086324496157526,0.008815598569298736,0.05635751982963488,0.12647272727272726,0.555,0
42,14.7,136900.0,654,33.85,13746.19,23,12,0,3,7100.0,18.18,False,False,False,True,False,True,False,False,True,False,False,False,False,True,False,0.051862294650879104,0.02255377797680133,0.10040971212774195,0.9395312977099237,24.0335,1
21,15.2,60300.0,639,18.49,1112.58,22,16,0,5,9000.0,15.07,False,False,False,True,False,True,False,False,True,False,False,False,False,False,True,0.149251256198073,0.04266617741117434,0.018450440291205784,0.43538171875,16.641,1
60,1.2,50900.0,649,9.68,15215.03,19,12,0,0,22900.0,14.4,True,False,False,False,False,True,False,False,True,False,False,False,False,True,False,0.4498929294119958,0.18552577265871306,0.29891416671578164,0.21444923076923075,22.1672,0
58,0.8,67700.0,711,29.22,9840.63,22,12,0,0,17500.0,12.72,False,False,True,False,True,False,False,False,True,False,False,False,False,True,False,0.2584895348665455,0.10407965215532891,0.1453542783710728,0.5220202247191011,51.135,0
40,11.5,15000.0,682,13.27,26193.78,13,6,0,0,1500.0,15.94,False,False,False,True,True,False,False,False,True,False,False,False,False,True,False,0.09999333377774815,0.04211920633922454,1.7461355909606024,0.30969809663250364,1.9905,0
21,11.1,47300.0,656,10.81,1522.77,19,11,0,1,1200.0,17.65,True,False,False,False,False,True,False,False,False,True,False,False,False,False,True,0.02536944250650092,0.007670974453248947,0.032193188304687,0.2904056316590563,1.2972,0
44,1.6,57400.0,693,5.98,12531.3,13,8,1,2,1500.0,12.74,False,False,False,True,False,True,False,False,True,False,False,False,False,True,False,0.02613194892075051,0.010524618760695645,0.2183115276737339,0.10977694524495679,0.897,0
63,4.1,42300.0,726,18.29,12311.99,22,12,0,1,1700.0,10.67,True,False,False,False,True,False,False,False,True,False,False,False,False,False,True,0.04018817522044396,0.010403561896408215,0.29105671260726695,0.2684378266850068,3.1093,0
63,20.4,44700.0,712,44.05500000000001,2974.83,19,12,0,3,5400.0,15.79,False,False,False,True,True,False,False,False,True,False,False,False,False,True,False,0.12080266660701103,0.05080209214317516,0.06654951790787678,0.9756359747545582,23.789700000000007,1
44,0.9,24200.0,634,15.57,21107.83,9,5,0,1,10900.0,14.51,False,False,False,True,True,False,False,False,True,False,False,False,False,False,True,0.45039461179290113,0.12713454349448153,0.8721883393248213,0.35578062992125986,16.971300000000003,1
23,1.6,47900.0,731,3.89,8008.65,29,17,0,0,2900.0,8.785000000000002,False,False,True,False,False,False,True,False,False,False,True,False,False,True,False,0.06054153357967475,0.02302454011953586,0.16719170789753868,0.046685314207650284,1.1280999999999999,0
32,2.2,90800.0,627,11.36,1161.13,15,7,0,0,3600.0,13.8,False,False,False,True,False,True,False,False,True,False,False,False,False,True,False,0.039647140449995046,0.0162124026853014,0.012787634497417431,0.24963057324840765,4.0896,0
53,0.2,95400.0,652,6.31,2926.14,19,9,0,1,26300.0,15.47,True,False,False,False,False,False,True,False,False,False,False,False,True,False,True,0.2756784520078406,0.07950978585242707,0.03067200553453318,0.14948805513016847,16.595299999999998,0
51,1.9,42500.0,729,22.06,18416.84,23,10,1,0,5900.0,13.68,False,False,False,True,False,True,False,False,False,False,False,True,False,True,False,0.13882026305263406,0.05666134172703159,0.4333272158302158,0.4133983561643836,13.015399999999998,1
24,2.2,66800.0,725,5.69,20952.31,14,8,0,0,2900.0,11.7,False,False,False,True,False,True,False,False,True,False,False,False,False,False,True,0.043412523764614304,0.011507535313926029,0.31365263993054,0.09169834710743803,1.6501,0
60,9.8,142987.5,744,29.68,887.86,18,11,0,0,3000.0,12.14,True,False,False,False,True,False,False,False,False,False,False,False,True,True,False,0.020980708238774445,0.008378517302939332,0.006209310538959427,0.48364456375838927,8.904,0
39,1.1,23200.0,667,11.13,2046.58,28,17,0,0,10400.0,15.38,True,False,False,False,True,False,False,True,False,False,False,False,False,True,False,0.44825654066635057,0.18738121693869494,0.08821085298047497,0.25625658682634733,11.5752,0
22,2.4,31200.0,751,23.48,9025.04,12,6,0,0,14000.0,12.16,True,False,False,False,False,False,True,False,True,False,False,False,False,True,False,0.4487035671933592,0.17918913151904967,0.28925483157591103,0.3796765957446808,32.872,0
48,0.8,61900.0,709,44.05500000000001,22221.05,25,12,1,0,17400.0,15.96,True,False,False,False,False,False,True,False,True,False,False,False,False,False,True,0.28109400494337733,0.08194168667519765,0.3589772378475307,0.9903067605633804,76.65570000000001,1
55,13.3,56600.0,630,21.49,465.79,20,14,0,1,18200.0,17.2,False,False,True,False,False,False,True,False,False,False,False,False,True,False,True,0.321549089238706,0.0962926007997748,0.008229359905302026,0.5857812995245641,39.111799999999995,1
48,0.7,49200.0,673,7.24,22634.76,11,8,0,1,14700.0,13.17,False,False,True,False,True,False,False,False,False,False,False,True,False,True,False,0.29877441515416353,0.12106940397716356,0.460046747017337,0.1414700296735905,10.6428,0
59,0.0,27900.0,703,41.48,21913.74,21,9,1,1,12600.0,17.09,False,False,True,False,False,False,True,False,False,False,False,False,True,True,False,0.4515967169635497,0.19337443821326575,0.7854105587613348,1.006950568181818,52.264799999999994,1
46,0.1,44600.0,652,6.52,702.43,15,5,0,0,6200.0,15.65,False,False,False,True,False,True,False,False,False,True,False,False,False,True,False,0.13901033609111904,0.058344065355152235,0.01574919844846528,0.15626033690658497,4.0424,0
64,3.4,85600.0,628,17.32,12962.25,21,12,0,0,5600.0,19.39,True,False,False,False,False,False,True,False,True,False,False,False,False,False,True,0.06541979649770446,0.02053050256466623,0.1514263852057803,0.5339186009538951,9.699200000000001,0
58,8.1,97500.0,632,17.01,2749.26,24,16,1,1,32300.0,15.13,False,False,True,False,False,False,True,False,False,True,False,False,False,True,False,0.33127865355227126,0.13804423724813833,0.02819724925898196,0.4065739336492891,54.9423,1
51,0.0,40800.0,771,19.73,1367.72,12,9,0,1,5300.0,10.26,False,False,False,True,True,False,False,False,False,False,False,True,False,True,False,0.12989877699076002,0.05047450312353194,0.03352172740864195,0.2622147668393782,10.456900000000001,0
57,6.0,38000.0,777,5.92,4582.2,16,13,0,0,6200.0,11.58,False,False,False,True,True,False,False,False,True,False,False,False,False,True,False,0.1631536012210205,0.06461766219229745,0.12058103734112259,0.08811516709511569,3.6704,0
43,1.7,70500.0,763,16.72,12600.49,12,10,0,0,1700.0,10.93,False,False,False,True,True,False,False,False,False,False,False,True,False,True,False,0.02411313314704756,0.009462131036280217,0.1787278194635537,0.23920104712041884,2.8424,0
56,4.9,24400.0,625,44.05500000000001,6165.09,10,6,1,0,11000.0,20.12,False,False,False,True,False,False,True,False,False,False,True,False,False,False,True,0.45080119667226753,0.14361838877074906,0.25265726814474815,1.4159530351437701,48.46050000000001,1
50,14.8,38900.0,740,12.1,6038.76,15,7,0,1,13000.0,12.47,False,False,False,True,True,False,False,False,True,False,False,False,False,True,False,0.33418164057479244,0.13405944555933252,0.15523405567980259,0.20362618083670717,15.73,1
31,0.0,53300.0,739,13.8,2954.19,13,7,0,1,21100.0,12.77,True,False,False,False,False,True,False,False,True,False,False,False,False,True,False,0.39586499315209844,0.15950040503305865,0.055424663702369564,0.23814324324324324,29.118,0
44,3.7,78900.0,600,24.8,15323.9,13,7,0,1,34300.0,17.09,False,False,False,True,False,True,False,False,True,False,False,False,False,True,False,0.43472199338411427,0.18619608526729142,0.19421680333582592,0.7052113144758735,85.06400000000001,1
34,1.1,55500.0,701,6.98,1073.1,17,6,0,1,18700.0,14.07,False,False,True,False,False,True,False,False,False,False,False,True,False,False,True,0.33693086611052053,0.09420562539008434,0.019334786760598906,0.1398982905982906,13.052600000000002,0
62,2.5,68800.0,636,8.02,36444.7325,22,9,2,0,1000.0,17.34,False,True,False,False,False,True,False,False,True,False,False,False,False,True,False,0.014534672461156087,0.006246963261522784,0.5297122498219502,0.21831522762951333,0.802,0
37,3.6,54500.0,660,8.08,14978.16,16,12,0,0,11300.0,13.63,True,False,False,False,False,False,True,False,True,False,False,False,False,True,False,0.20733564521751893,0.08457139454349391,0.2748235812186932,0.16661180030257186,9.1304,0
56,0.2,44600.0,766,30.72,3890.36,23,14,0,0,1500.0,11.93,True,False,False,False,True,False,False,True,False,False,False,False,False,True,False,0.033631532925270734,0.013387787016828976,0.08722584695410417,0.47782216427640156,4.608,0
43,10.6,66200.0,681,17.46,3517.21,18,8,0,0,1700.0,14.13,True,False,False,False,False,True,False,False,True,False,False,False,False,True,False,0.025679370402259784,0.010549634385338246,0.05312925786619538,0.36174457478005867,2.9682000000000004,0
64,11.4,105900.0,686,8.73,31825.86,14,8,0,1,9200.0,12.05,True,False,False,False,False,True,False,False,True,False,False,False,False,True,False,0.08687358948451857,0.03464665781921745,0.3005246409382348,0.15312445414847164,8.031600000000001,0
49,5.0,29700.0,763,8.81,5575.2,23,15,0,1,13400.0,12.21,True,False,False,False,False,True,False,True,False,False,False,False,False,False,True,0.4511632604962796,0.12096104802537445,0.18771085148648192,0.1407985602094241,11.8054,0
43,0.2,18100.0,580,17.43,12092.35,25,15,0,0,8100.0,18.27,False,False,False,True,False,False,True,False,True,False,False,False,False,False,True,0.4474890890006077,0.13706603537552262,0.6680487265896912,0.5481,14.118300000000001,1
21,3.9,47300.0,740,9.07,16908.62,17,10,0,0,10900.0,11.4,False,False,False,True,True,False,False,False,True,False,False,False,False,True,False,0.23043910276738336,0.09103490731325445,0.35746855246189296,0.13953846153846156,9.8863,0
65,2.8,99900.0,700,11.74,5161.26,19,9,0,2,4300.0,15.12,False,False,False,True,False,True,False,True,False,False,False,False,False,True,False,0.04304261218606421,0.017933428290889706,0.051663747109638544,0.2532222539229672,5.0482,1
28,3.0,36900.0,587,20.55,29081.63,18,11,0,1,14300.0,18.27,False,False,True,False,True,False,False,False,True,False,False,False,False,True,False,0.3875233733503157,0.16869901981495938,0.7880986965122897,0.6385178571428571,29.386499999999998,1
61,0.2,50000.0,688,11.22,36444.7325,22,12,0,0,14800.0,15.31,False,False,False,True,False,False,True,False,False,True,False,False,False,True,False,0.2959940801183976,0.12364147942495449,0.728880072398552,0.24931523947750367,16.6056,1
49,1.2,40400.0,658,10.37,613.77,12,10,0,3,1000.0,17.3,False,False,False,True,False,False,True,False,False,False,False,True,False,False,True,0.02475186257765897,0.007427744935606038,0.015191950694289745,0.27223216995447647,1.037,0
56,5.3,41000.0,667,22.83,3587.99,10,5,0,1,1200.0,15.3,True,False,False,False,False,True,False,False,True,False,False,False,False,True,False,0.0292675788395405,0.012223223629408203,0.08750981683373575,0.5229026946107784,2.7396,1
33,0.2,69600.0,559,26.02,36444.7325,11,10,1,0,12000.0,18.27,False,False,False,True,False,False,True,False,True,False,False,False,False,True,False,0.17241131592936884,0.07506564722274531,0.5236236907515697,0.8489025,31.223999999999997,1
33,6.3,75000.0,767,11.77,840.58,11,5,1,0,22300.0,12.31,False,False,False,True,False,False,True,False,True,False,False,False,False,False,True,0.29732936894174744,0.07991547222661073,0.011207583898881348,0.18865716145833333,26.2471,0
61,5.2,30200.0,776,12.5,965.08,20,10,0,2,1000.0,12.53,False,False,False,True,False,False,True,False,True,False,False,False,False,False,True,0.033111486374623356,0.00894208923848531,0.03195523327042151,0.20157657657657657,1.25,0
54,0.0,84000.0,712,9.12,5852.96,12,9,0,3,13400.0,14.19,False,False,True,False,False,True,False,False,False,False,False,False,True,True,False,0.159521910453447,0.06559316950484056,0.06967726574683634,0.18150462833099576,12.2208,0
44,2.3,37400.0,727,18.98,6862.98,18,7,0,0,16800.0,10.58,True,False,False,False,True,False,False,False,True,False,False,False,False,True,False,0.44918585064570465,0.175347484190699,0.18349723269431298,0.2758357142857143,31.8864,1
62,1.0,23200.0,691,44.05500000000001,6925.6,20,9,0,1,10400.0,18.42,False,False,False,True,False,True,False,False,True,False,False,False,False,False,True,0.44825654066635057,0.13775990387594206,0.29850437481143055,1.1726778901734107,45.81720000000001,1
56,1.1,100500.0,662,17.77,33715.6,24,12,0,0,27400.0,18.01,True,False,False,False,False,True,False,False,True,False,False,False,False,False,True,0.2726341031432523,0.08308607635596632,0.335475268902797,0.4827114630467572,48.689800000000005,0
41,1.7,38000.0,686,8.62,351.57,16,10,0,1,1000.0,12.68,False,False,False,True,False,True,False,False,False,False,True,False,False,True,False,0.026315096971132337,0.01058824373978967,0.009251598642140996,0.15909985443959243,0.862,0
61,3.9,75600.0,728,8.27,15199.52,19,10,0,1,1400.0,12.67,True,False,False,False,False,True,False,True,False,False,False,False,False,False,True,0.01851827356780995,0.0050179812459651835,0.20104919247099906,0.1437323731138546,1.1578,0
39,0.7,66000.0,696,6.49,7252.02,13,6,0,0,11200.0,12.63,True,False,False,False,True,False,False,False,True,False,False,False,False,True,False,0.16969439856971863,0.06823838372554299,0.10987742609960456,0.11760215208034436,7.268800000000001,0
47,5.0,36200.0,696,4.65,4203.32,25,18,0,0,16300.0,14.67,True,False,False,False,False,True,False,False,True,False,False,False,False,False,True,0.45026380486726886,0.12756812726767686,0.11611060467942874,0.09787015781922526,7.5795,0
43,0.5,32000.0,706,14.86,12529.71,15,10,0,1,7400.0,13.59,True,False,False,False,False,True,False,False,False,False,False,False,True,False,True,0.23124277366332302,0.06395707832395761,0.39154120183744257,0.2856398868458274,10.9964,0
53,8.1,142987.5,673,44.05500000000001,18855.32,25,17,0,0,1000.0,14.24,True,False,False,False,False,False,True,False,False,False,True,False,False,True,False,0.006993569412924816,0.002877854367780711,0.13186598922290954,0.9307762611275966,4.405500000000001,1
29,3.0,63100.0,612,22.02,10402.27,6,5,0,1,28400.0,17.52,False,False,False,True,False,False,True,False,False,False,True,False,False,False,True,0.45007210662271596,0.1357164616859478,0.16485111170979858,0.6293481239804241,62.53679999999999,0
58,12.0,105300.0,716,3.25,29868.83,21,13,0,0,9600.0,11.4,True,False,False,False,False,False,True,False,False,False,True,False,False,True,False,0.091167225382475,0.036020201339806594,0.28365191213758656,0.051673640167364025,3.12,0
23,2.2,43100.0,740,8.37,4696.85,12,9,0,0,13300.0,11.38,False,False,True,False,False,True,False,False,True,False,False,False,False,False,True,0.30857752720354514,0.08119347140700695,0.10897310967262941,0.12854331983805667,11.1321,0
58,2.8,142987.5,685,15.75,3329.35,11,7,0,1,11600.0,16.4,True,False,False,False,True,False,False,True,False,False,False,False,False,False,True,0.08112540518992786,0.023879308898737142,0.023284040324921235,0.37653061224489787,18.27,1
21,2.4,34000.0,647,13.54,36444.7325,18,9,0,2,1600.0,15.6,False,False,False,True,False,False,True,False,False,False,False,False,True,False,True,0.04705743948707391,0.013608017560985553,1.0718723714008411,0.32596296296296295,2.1664,1
60,3.5,64900.0,745,12.98,7159.67,23,10,2,0,9100.0,13.32,False,False,False,True,True,False,False,False,True,False,False,False,False,True,False,0.14021355603149413,0.05694221904460676,0.1103167901881327,0.2317608579088472,11.811800000000002,1
46,1.9,25200.0,596,40.13,19533.05,15,9,0,1,1000.0,19.44,True,False,False,False,False,True,False,False,False,False,True,False,False,True,False,0.0396809650410698,0.017553005087532284,0.7750902741954684,1.3067457286432163,4.013000000000001,1
22,3.0,102400.0,675,17.27,22622.96,20,11,0,1,5900.0,12.6,True,False,False,False,False,False,True,False,False,False,True,False,False,False,True,0.05761662483764807,0.0155885778610184,0.22092518627747776,0.321896449704142,10.1893,0
54,4.7,33900.0,753,16.92,8928.13,11,7,0,1,15300.0,12.89,False,False,True,False,False,False,True,True,False,False,False,False,False,True,False,0.4513141205274181,0.18213276770122686,0.2633588979676115,0.2892557029177719,25.887600000000003,1
45,0.1,52900.0,655,28.06,12700.39,23,14,0,3,23800.0,14.21,True,False,False,False,False,True,False,True,False,False,False,False,False,True,False,0.44989697737282847,0.18502959937479688,0.24007844842252507,0.6078240853658536,66.7828,1
29,7.2,57600.0,595,12.4,14270.16,19,8,2,0,4100.0,16.41,False,False,False,True,False,False,True,False,False,False,True,False,False,True,False,0.07117931980347564,0.03019685962558027,0.24774153226506485,0.34141610738255035,5.084,0
60,1.2,27300.0,642,9.01,31617.32,19,10,0,0,1000.0,14.34,True,False,False,False,True,False,False,False,False,False,False,True,False,True,False,0.03662869491960002,0.015089190213296345,1.158101168455368,0.20093841368584758,0.901,0
24,3.0,39300.0,736,22.61,27147.01,16,6,1,0,2000.0,15.63,False,False,False,True,False,False,True,False,True,False,False,False,False,True,False,0.05088929034884609,0.02135203691942485,0.690746036996514,0.4795037991858887,4.522,0
23,13.8,41500.0,754,20.26,21523.45,10,3,0,1,18700.0,12.41,False,False,False,True,True,False,False,True,False,False,False,False,False,True,False,0.4505915520107949,0.18060585826863104,0.5186248524131949,0.33301536423841066,37.8862,1
43,1.8,35800.0,651,40.07,2671.05,17,10,0,5,4900.0,17.36,False,False,False,True,False,True,False,False,True,False,False,False,False,True,False,0.13686768526018828,0.058833086309201865,0.07460825116616855,1.0668944785276073,19.6343,1
50,1.0,58200.0,709,24.63,175.71,18,9,0,2,1000.0,13.62,False,False,False,True,False,True,False,False,True,False,False,False,False,True,False,0.017181835363653544,0.007007494894820295,0.0030190202917475648,0.4724797183098591,2.463,0
51,2.2,87900.0,806,19.96,5510.81,20,8,0,0,7300.0,9.99,False,False,False,True,False,False,True,False,True,False,False,False,False,True,False,0.08304797442577445,0.03214799275463293,0.06269337095141125,0.24708847583643126,14.5708,0
39,3.5,85200.0,623,12.82,30316.88,16,8,0,0,11500.0,15.18,False,False,False,True,False,False,True,False,True,False,False,False,False,False,True,0.13497494160866658,0.03868074427209679,0.35582774850060445,0.3118711538461538,14.742999999999999,0
42,2.2,53100.0,644,10.61,4826.31,13,6,0,1,1000.0,17.47,True,False,False,False,True,False,False,True,False,False,False,False,False,False,True,0.018832037061448936,0.005672388372677402,0.09088924879004162,0.2873747286821705,1.061,1
36,1.3,39600.0,710,26.75,28367.19,16,6,0,3,17800.0,15.0,True,False,False,False,False,True,False,False,True,False,False,False,False,True,False,0.4494835988990177,0.186926036769057,0.7163250928006868,0.5643459915611815,47.615,1
27,1.5,37700.0,664,10.78,14088.84,16,6,0,0,1900.0,13.63,False,False,False,True,False,True,False,False,True,False,False,False,False,True,False,0.05039654120580356,0.02055470274191353,0.3736993713694597,0.22094947368421053,2.0482,0
28,16.9,27600.0,640,17.89,9050.65,11,9,0,1,12400.0,16.22,False,False,False,True,False,False,True,False,True,False,False,False,False,True,False,0.44925908481576754,0.19004573064755462,0.3279102206441796,0.4526923556942277,22.183600000000002,1
52,11.4,33700.0,678,20.33,36444.7325,15,8,0,0,15200.0,15.0,True,False,False,False,False,False,True,False,False,False,True,False,False,True,False,0.4510251921307973,0.18755801848496162,1.081413978813685,0.4491163475699558,30.9016,0
55,3.0,142987.5,628,7.39,1360.87,15,10,0,1,4700.0,16.55,False,False,True,False,False,False,True,False,False,False,False,False,True,True,False,0.032869776240746634,0.01397351261310798,0.009517338806966993,0.19444276629570748,3.4732999999999996,0
43,9.9,40000.0,709,38.6,4415.45,21,15,0,0,6900.0,16.73,False,False,False,True,True,False,False,False,True,False,False,False,False,True,False,0.1724956876078098,0.0735012399235028,0.11038349041273968,0.9095464788732395,26.634,1
30,7.7,98300.0,631,8.75,56.36,22,10,0,2,3600.0,15.6,True,False,False,False,False,False,True,False,False,True,False,False,False,True,False,0.03662221137119663,0.015361974632026189,0.0005733410646890673,0.21598101265822786,3.15,1
61,6.7,39800.0,676,24.6,16165.49,18,9,0,4,17900.0,13.95,False,False,False,True,False,False,True,False,True,False,False,False,False,True,False,0.44973744378281955,0.18426955775333587,0.4061578854802643,0.5068980797636632,44.034000000000006,1
55,2.0,38500.0,694,18.35,5232.96,17,11,0,0,17300.0,13.18,False,False,False,True,False,True,False,False,True,False,False,False,False,True,False,0.4493389782083582,0.1820958860587615,0.13591750863613933,0.34798992805755397,31.745500000000003,1
58,5.6,48100.0,642,18.09,3715.05,20,12,0,1,4500.0,14.7,True,False,False,False,False,True,False,False,False,True,False,False,False,True,False,0.09355314858318954,0.0387430218805574,0.07723436103199519,0.4135660964230171,8.1405,0
65,6.7,83700.0,655,21.73,17808.93,18,9,0,0,20000.0,16.62,True,False,False,False,False,False,True,False,True,False,False,False,False,True,False,0.23894577125721317,0.10167400985023074,0.21276842570578608,0.5505375,43.46,1
62,7.5,74700.0,684,16.29,23106.39,14,10,0,2,16600.0,14.3,True,False,False,False,True,False,False,False,False,False,False,False,True,True,False,0.2222192473996332,0.0915146797999016,0.30931834915195244,0.34006861313868614,27.041399999999996,0
62,7.1,28300.0,722,16.61,16767.47,16,9,0,0,12000.0,15.18,True,False,False,False,False,True,False,False,True,False,False,False,False,False,True,0.42401328574962016,0.1214810219386677,0.592469170700682,0.34874107883817423,19.932,1
21,7.8,45100.0,692,5.52,10489.74,6,2,0,1,1900.0,12.4,False,False,False,True,False,True,False,False,False,False,False,True,False,True,False,0.04212766900955633,0.01688352408556624,0.23258331300858073,0.09877056277056276,1.0488,0
56,5.5,50500.0,655,13.22,2155.16,16,7,0,4,8200.0,16.0,False,False,False,True,False,True,False,False,False,False,False,False,True,False,True,0.16237302231638978,0.047372838538361745,0.042675590582364704,0.3224390243902439,10.8404,0
39,11.9,48900.0,717,11.44,17818.02,19,14,0,0,2600.0,12.26,False,False,False,True,True,False,False,False,True,False,False,False,False,True,False,0.053168646857937464,0.021266053044244056,0.36436923580294883,0.19534038997214484,2.9744,0
25,0.4,57400.0,721,7.37,33062.23,20,12,0,2,25800.0,13.89,False,False,True,False,False,True,False,False,True,False,False,False,False,False,True,0.44946952143690877,0.12516907172459518,0.5759870037107369,0.14178573407202216,19.0146,0
34,6.3,60700.0,740,27.3,2968.52,21,14,0,1,20100.0,12.06,False,False,False,True,False,False,True,True,False,False,False,False,False,True,False,0.33113128284542265,0.1320695315151667,0.048903971927974826,0.4443157894736842,54.873,0
59,8.5,142987.5,642,32.45,17553.35,11,6,0,0,1000.0,15.83,True,False,False,False,False,True,False,False,True,False,False,False,False,True,False,0.006993569412924816,0.002943212640414411,0.1227605716543638,0.7988856920684294,3.2450000000000006,0
59,2.1,70300.0,674,21.84,36444.7325,19,15,0,0,2800.0,15.49,False,False,False,True,False,True,False,True,False,False,False,False,False,False,True,0.039828736433336655,0.011491776362439476,0.5184098732592708,0.5011875555555556,6.115200000000001,0
53,0.4,30700.0,721,9.86,14175.73,15,5,0,4,13800.0,13.02,True,False,False,False,True,False,False,False,False,False,False,True,False,True,False,0.4494967590632227,0.18173071929860585,0.4617351226344419,0.17780775623268696,13.606799999999998,0
27,2.3,50600.0,716,44.05500000000001,2280.47,17,10,1,1,14200.0,17.21,False,False,False,True,False,True,False,True,False,False,False,False,False,False,True,0.28062686508171775,0.08405404989121214,0.04506768640935949,1.057442887029289,62.5581,1
60,5.7,48600.0,683,17.4,829.85,15,7,0,3,1000.0,13.56,True,False,False,False,False,True,False,False,True,False,False,False,False,False,True,0.02057570831875887,0.005687674292868228,0.01707475154832205,0.3449473684210526,1.74,0
25,0.6,34200.0,644,27.59,9798.31,15,4,1,2,15400.0,16.46,False,False,True,False,True,False,False,False,False,False,True,False,False,True,False,0.45027923160141514,0.19113370470065574,0.28649191544106895,0.7040796899224807,42.4886,1
65,0.1,59800.0,640,11.22,9097.49,16,9,0,3,4900.0,16.28,False,False,True,False,False,True,False,False,True,False,False,False,False,True,False,0.08193842912325881,0.0346982386293481,0.15212939582950116,0.28496349453978165,5.4978,0
54,0.7,32900.0,678,8.36,2567.89,15,10,0,1,1300.0,14.18,False,False,True,False,False,False,True,False,False,False,False,False,True,True,False,0.03951247682441263,0.016241366667889615,0.07804899547126226,0.17458733431516935,1.0868,0
64,0.5,67900.0,717,21.18,5576.86,20,15,0,0,2900.0,13.96,False,False,False,True,False,True,False,False,True,False,False,False,False,False,True,0.042709238450096464,0.011912675903210747,0.08213222191131206,0.41180055710306407,6.1422,1
58,1.2,86300.0,782,12.69,5357.39,16,4,0,0,2700.0,9.45,False,False,False,True,False,False,True,False,True,False,False,False,False,False,True,0.03128584836792158,0.007874558561332557,0.062077959699192366,0.1531551724137931,3.4263,0
22,11.6,44200.0,600,24.42,19126.93,11,7,0,0,7900.0,16.67,False,False,False,True,False,False,True,False,False,False,False,False,True,True,False,0.17872898803194498,0.0760953936150464,0.4327261826655506,0.6773400998336108,19.291800000000002,1
67,0.3,48000.0,693,9.18,9846.67,24,8,0,2,10900.0,12.45,True,False,False,False,False,False,True,False,True,False,False,False,False,True,False,0.22707860252911397,0.09107302388415998,0.20513468469406887,0.16468443804034583,10.0062,1
29,8.8,17600.0,760,12.11,17960.44,15,9,1,1,1600.0,11.33,False,False,False,True,True,False,False,False,False,True,False,False,False,True,False,0.09090392591330038,0.03586123737934655,1.020421566956423,0.18029737187910644,1.9376,0
23,9.5,69200.0,666,18.31,5466.53,18,6,1,1,12700.0,17.99,True,False,False,False,True,False,False,False,True,False,False,False,False,False,True,0.18352335948902473,0.05590257953359712,0.0789949567202786,0.49384842578710636,23.2537,0
59,6.1,122800.0,612,15.42,3099.38,19,10,0,1,21300.0,18.58,True,False,False,False,False,True,False,False,False,False,False,False,True,False,True,0.17345135625931385,0.05350841781102828,0.02523904528464752,0.467379445350734,32.8446,0
61,20.9,38300.0,642,12.74,20355.56,16,9,0,0,11100.0,16.77,False,False,False,True,False,False,True,False,True,False,False,False,False,False,True,0.2898096655439806,0.08597600212190437,0.5314628860865251,0.3322702954898911,14.1414,0
29,6.5,58900.0,738,26.86,12023.23,15,5,0,3,26500.0,14.16,True,False,False,False,False,False,True,False,False,False,False,True,False,True,False,0.449907471859561,0.18490654826745162,0.20412607595796337,0.5146652232746955,71.179,1
22,0.6,25300.0,664,3.38,490.97,20,8,0,0,11400.0,16.38,False,False,True,False,False,True,False,False,True,False,False,False,False,False,True,0.45057507608394926,0.1325218891091742,0.019405161851310224,0.08325473684210526,3.8531999999999997,0
38,0.6,72300.0,745,3.72,33408.85,21,11,1,1,32500.0,11.22,False,False,False,True,True,False,False,True,False,False,False,False,False,True,False,0.4495096886626741,0.17713200792594072,0.462080054217784,0.05594959785522789,12.09,0
31,0.3,30400.0,614,27.4,28818.11,14,8,0,0,6500.0,19.09,False,False,False,True,False,True,False,False,True,False,False,False,False,True,False,0.21380875629091148,0.09413126713783418,0.9479329627314891,0.8505138211382113,17.81,1
47,1.3,83900.0,586,11.99,16152.52,19,13,0,1,15400.0,20.585,False,False,False,True,False,True,False,False,False,False,True,False,False,False,True,0.18354965971800097,0.059066838212286095,0.19251880192131202,0.4204670357751278,18.4646,0
35,0.1,77700.0,670,7.61,33760.93,17,4,0,0,2800.0,16.32,False,False,False,True,False,False,True,False,False,False,False,False,True,False,True,0.0360355722577573,0.01058794768608796,0.4344980116086022,0.18508971684053654,2.1308000000000002,0
39,1.2,86700.0,660,7.63,19733.11,19,10,0,0,6100.0,15.04,False,False,False,True,True,False,False,False,True,False,False,False,False,True,False,0.07035674329015813,0.029280101197635224,0.22759956632564793,0.17360847201210286,4.6543,0
59,1.7,91200.0,723,13.18,5388.34,16,11,0,0,5700.0,13.05,True,False,False,False,False,False,True,False,True,False,False,False,False,True,False,0.0624993147004967,0.025285203123283462,0.05908202760934639,0.23756767955801103,7.512599999999999,0
26,1.1,66200.0,781,8.74,14525.73,25,16,1,0,1000.0,12.33,False,False,False,True,False,False,True,False,True,False,False,False,False,False,True,0.015105512001329285,0.00406178335982148,0.21941858884306883,0.13780588235294117,0.8740000000000001,0
48,2.9,40800.0,668,26.82,45.57,23,14,1,0,18400.0,14.45,True,False,False,False,False,True,False,False,False,False,False,False,True,True,False,0.45096933898678954,0.18609155949283995,0.0011168843900884783,0.5792959641255605,49.348800000000004,1
41,0.5,25700.0,681,13.62,9960.73,19,6,0,0,11600.0,13.79,True,False,False,False,False,False,True,False,False,False,True,False,False,True,False,0.4513443056690401,0.18447964748190135,0.3875619625695498,0.27539560117302053,15.799199999999997,0
29,7.4,55800.0,676,44.05500000000001,344.1,18,11,0,0,1000.0,20.585,False,False,False,True,False,False,True,False,False,False,False,False,True,False,True,0.01792082579165248,0.005766595518802629,0.006166556154907619,1.3395453101920238,4.405500000000001,1
21,0.7,21000.0,713,37.43,7218.27,13,6,1,0,3600.0,16.01,False,False,False,True,False,False,True,False,False,True,False,False,False,True,False,0.1714204085519737,0.07229188630969353,0.3437107756773487,0.8392917366946779,13.4748,1
39,10.5,33600.0,605,16.57,9190.5,20,9,2,0,4300.0,15.52,True,False,False,False,False,False,True,False,False,True,False,False,False,True,False,0.12797238177435197,0.05360878917472217,0.27351864527841435,0.42436699669967,7.1251,1
29,18.5,142987.5,709,13.97,834.73,15,10,0,4,1500.0,15.91,False,True,False,False,False,True,False,False,False,False,False,False,True,True,False,0.010490354119387223,0.004419785299922817,0.005837742196050731,0.3130460563380282,2.0955,0
34,1.4,27800.0,694,23.0,5766.52,9,7,1,5,2200.0,14.27,False,False,False,True,False,True,False,False,True,False,False,False,False,False,True,0.07913384410632711,0.02222003074091779,0.20742131578000794,0.47224460431654675,5.06,1
54,4.3,41900.0,655,18.77,3153.4,20,10,0,1,1200.0,15.85,True,False,False,False,False,False,True,False,True,False,False,False,False,True,False,0.028638934631631703,0.012053720306409362,0.07525834705615618,0.4535129573170732,2.2523999999999997,0
52,2.7,57000.0,700,6.35,13502.94,13,6,0,2,2100.0,13.09,True,False,False,False,True,False,False,False,False,False,False,False,True,True,False,0.036841458921773304,0.014912306400759327,0.23688952825389029,0.1185756062767475,1.3335,1
55,1.9,86400.0,649,28.42,6635.5,19,11,1,2,1100.0,15.61,False,False,False,True,True,False,False,False,False,False,False,False,True,True,False,0.012731334128077221,0.0053411015213161986,0.07679887964259673,0.6825172307692308,3.1262000000000003,0
60,1.2,62200.0,673,8.54,10007.09,24,9,0,2,13000.0,15.87,True,False,False,False,False,False,True,False,True,False,False,False,False,False,True,0.20899985530779247,0.06080579177453556,0.16088310477323517,0.20108278931750737,11.101999999999999,1
59,1.3,31900.0,679,8.32,3333.06,12,4,0,1,1400.0,15.26,False,False,False,True,False,True,False,False,False,True,False,False,False,True,False,0.043885771605905774,0.01831658375649146,0.10448136422055734,0.18671058823529413,1.1648,0
61,0.0,106700.0,698,18.09,17639.65,17,7,0,0,11000.0,13.43,True,False,False,False,False,True,False,False,True,False,False,False,False,True,False,0.10309181732129971,0.041935209184746476,0.16531850685560587,0.3475660944206009,19.899,1
37,0.3,69900.0,699,12.85,17441.26,21,12,2,0,31500.0,12.5,False,False,True,False,False,False,True,False,False,False,False,False,True,False,True,0.4506373299380553,0.12164178752155774,0.24951374086207634,0.2294642857142857,40.4775,0
31,0.3,57300.0,719,28.59,4118.24,18,8,0,1,25800.0,12.27,False,False,False,True,True,False,False,False,True,False,False,False,False,True,False,0.45025392227011746,0.1801214612977738,0.07187029894766234,0.48722124999999994,73.7622,0
26,5.7,48000.0,694,20.01,15909.21,13,5,1,0,9700.0,14.18,True,False,False,False,False,False,True,True,False,False,False,False,False,True,False,0.20207912335159683,0.08307214606290343,0.33143497010478945,0.40826158273381297,19.4097,0
41,19.2,78300.0,697,12.96,522.17,11,9,0,0,7000.0,15.83,True,False,False,False,False,False,True,False,False,False,False,False,True,True,False,0.08939860282755009,0.037620614360641846,0.006668752634065976,0.29392091690544414,9.072,0
48,0.8,37700.0,632,34.21,1219.46,16,12,0,1,12100.0,15.94,False,False,True,False,False,False,True,False,True,False,False,False,False,False,True,0.32094639399485425,0.09350749353564325,0.032345561125699585,0.8614650868878357,41.3941,1
49,1.9,118000.0,635,33.93,16998.47,15,6,0,2,10800.0,18.69,False,False,False,True,False,True,False,False,True,False,False,False,False,False,True,0.09152464809620257,0.028300746858907603,0.14405360971517192,0.9970938679245284,36.644400000000005,0
38,4.1,104300.0,742,9.25,10027.08,26,16,0,1,2800.0,12.41,False,False,False,True,False,False,True,True,False,False,False,False,False,True,False,0.026845380197697048,0.010761867568649849,0.09613599102597291,0.15449865410497982,2.5900000000000003,0
33,2.0,69800.0,678,4.41,5287.94,9,8,0,0,25400.0,12.97,False,False,False,True,False,True,False,False,True,False,False,False,False,True,False,0.36389163479033254,0.14704510404567273,0.07575736737296027,0.08423814432989692,11.201400000000001,0
24,4.2,142987.5,779,11.46,10071.55,20,10,0,1,21000.0,12.09,False,False,False,True,False,False,True,True,False,False,False,False,False,True,False,0.14686495767142113,0.05860749597329088,0.07043608402074292,0.17763,24.066000000000003,0
24,2.3,22300.0,628,15.23,3528.85,26,16,0,0,9900.0,14.22,False,False,False,True,False,False,True,False,False,False,True,False,False,True,False,0.44392628133267564,0.18254786596573078,0.15823729877583964,0.34430937996820354,15.0777,0
35,4.1,94400.0,628,21.02,1929.54,20,8,1,0,18200.0,17.42,False,False,False,True,True,False,False,False,False,False,False,False,True,True,False,0.19279456785415408,0.0829585619469193,0.020439825849302443,0.5821437201907791,38.2564,1
52,3.3,60800.0,689,4.66,17809.67,25,14,2,3,13800.0,15.3,False,False,False,True,True,False,False,False,False,True,False,False,False,False,True,0.2269699511521192,0.06521308416425868,0.2929173862272002,0.1033304347826087,6.4308,0
64,1.1,130600.0,660,41.73,18550.81,15,6,0,5,10000.0,17.48,False,False,True,False,False,True,False,False,True,False,False,False,False,True,False,0.07656909212027473,0.03297590418449631,0.14204186797957138,1.1035406959152798,41.73,1
67,5.4,48200.0,657,13.88,14724.27,20,11,0,1,19500.0,16.99,False,False,False,True,False,False,True,False,False,False,False,True,False,True,False,0.4045559220763055,0.1730186199928604,0.30547644239746063,0.3583908814589666,27.066000000000003,0
66,4.9,38900.0,697,5.79,4952.59,21,13,0,0,1000.0,12.1,False,False,False,True,True,False,False,False,True,False,False,False,False,True,False,0.0257062800442148,0.010257635288674473,0.1273126654841778,0.10037106017191977,0.5790000000000001,0
36,15.9,95600.0,691,22.84,10849.84,18,12,0,3,28000.0,13.86,False,False,False,True,False,True,False,False,True,False,False,False,False,True,False,0.2928839656488949,0.11986832143902101,0.11349086306628592,0.4574601156069364,63.952,0
54,2.7,41500.0,630,17.99,26582.73,18,8,0,0,14100.0,15.21,False,False,False,True,True,False,False,False,False,False,False,True,False,True,False,0.33975084937712347,0.14171296720496948,0.6405322763306908,0.4336416798732171,25.365899999999996,1
49,1.7,23400.0,697,27.16,16939.86,15,9,0,0,2500.0,13.84,False,False,True,False,False,True,False,False,False,False,False,False,True,True,False,0.10683304132302038,0.043695503229586236,0.7238947053544721,0.538530659025788,6.79,0
42,7.3,48200.0,740,13.3,16263.86,22,9,0,1,5400.0,11.11,True,False,False,False,False,True,False,False,False,False,False,False,True,True,False,0.11203087072882305,0.04407296984535187,0.3374174809651252,0.19941025641025642,7.182000000000001,0
62,0.4,54500.0,634,8.66,12348.23,14,7,0,4,13700.0,17.52,False,False,False,True,True,False,False,False,False,False,False,False,True,False,True,0.25137153446725746,0.07579744776441036,0.22656887029595787,0.23893417322834645,11.8642,0
63,1.8,63300.0,678,15.87,27242.82,11,6,0,0,3500.0,14.91,False,False,False,True,False,False,True,False,True,False,False,False,False,False,True,0.05529138560212319,0.015750473721661787,0.43036950443120964,0.3484855670103093,5.554499999999999,1
45,0.4,41700.0,755,18.07,1362.29,20,11,0,0,18800.0,12.18,False,False,False,True,True,False,False,False,True,False,False,False,False,True,False,0.45082851730174334,0.1801054438045123,0.03266804153377617,0.29112777777777776,33.971599999999995,1
59,0.5,101000.0,606,2.0,2735.46,24,13,0,0,9900.0,16.3,True,False,False,False,False,True,False,False,True,False,False,False,False,True,False,0.09801883149671785,0.04152251606823882,0.027083494222829477,0.05370675453047776,1.98,0
62,0.8,52300.0,781,10.74,36444.7325,18,12,2,0,6100.0,12.26,False,False,False,True,False,True,False,False,False,False,False,True,False,False,True,0.11663256916693754,0.031310739147276806,0.6968266859142273,0.16837902813299235,6.5514,0
42,3.0,41100.0,725,15.99,3460.81,16,9,0,1,18500.0,14.42,True,False,False,False,False,False,True,False,True,False,False,False,False,True,False,0.4501107029026058,0.1856586471787291,0.08420257414661443,0.31759752066115704,29.581500000000002,1
21,9.6,55600.0,695,28.57,792.8,20,8,0,1,18400.0,11.86,False,False,True,False,True,False,False,False,False,False,True,False,False,True,False,0.33092929983273683,0.13160764205790454,0.014258736353662703,0.48683936781609194,52.5688,1
26,3.4,55400.0,688,18.35,9913.08,12,8,0,3,4000.0,16.12,False,True,False,False,False,True,False,False,True,False,False,False,False,False,True,0.07220086280031046,0.021120505025628223,0.1789332322521254,0.42932075471698117,7.340000000000001,1
58,3.2,64600.0,690,8.83,10053.49,10,4,0,1,1000.0,13.26,False,False,False,True,False,True,False,False,True,False,False,False,False,False,True,0.015479636538134084,0.004250552394438581,0.15562437113976563,0.169443994211288,0.883,0
35,1.8,42400.0,784,30.33,5890.84,17,10,0,2,11000.0,14.06,False,False,False,True,True,False,False,False,False,False,True,False,False,True,False,0.259427843682932,0.106462669857319,0.13893162897101483,0.5432354140127389,33.363,1
62,1.6,142987.5,795,11.58,1337.56,22,12,0,1,5600.0,9.91,False,False,False,True,False,False,True,False,False,True,False,False,False,True,False,0.039163988712378965,0.015143525587989407,0.009354318703951717,0.1441680904522613,6.484800000000001,0
33,3.5,75300.0,724,10.23,2299.73,24,13,1,1,1000.0,12.91,False,False,False,True,False,True,False,False,True,False,False,False,False,True,False,0.01328003612169825,0.005361793935299228,0.030540497470153118,0.18216455172413792,1.0230000000000001,0
64,8.9,41200.0,747,9.06,3017.12,21,13,0,4,18500.0,11.04,False,False,False,True,True,False,False,False,True,False,False,False,False,False,True,0.4490182277129196,0.11722914774534397,0.07322929055120021,0.1337197860962567,16.761000000000003,0
62,5.5,91400.0,728,35.48,36444.7325,14,8,3,0,34300.0,13.25,True,False,False,False,False,False,True,False,True,False,False,False,False,True,False,0.37526941718361945,0.15225622011328208,0.39873450509294206,0.644869684499314,121.6964,1
56,9.5,24600.0,569,10.8,13399.52,17,11,0,2,6300.0,17.45,False,False,False,True,False,False,True,False,True,False,False,False,False,True,False,0.25608715092882406,0.11020265758365566,0.5446737937482217,0.33063157894736844,6.804,1
53,9.1,82500.0,627,17.25,36444.7325,21,15,0,3,6300.0,15.55,False,False,False,True,False,False,True,False,True,False,False,False,False,True,False,0.07636271075502116,0.032008756407049296,0.44174897880025693,0.4271297770700637,10.8675,0
33,3.3,123100.0,779,32.17,36444.7325,16,8,0,0,3000.0,12.65,False,False,True,False,False,False,True,True,False,False,False,False,False,False,True,0.024370232573252857,0.006601103277494588,0.296055535698329,0.5217314102564103,9.651,0
32,4.5,70200.0,658,12.91,1200.43,14,8,0,2,6600.0,16.24,False,False,False,True,False,False,True,False,False,False,False,True,False,False,True,0.09401575476132819,0.02757511905422349,0.017099898861839574,0.318146282245827,8.5206,0
29,1.9,45600.0,606,12.63,13239.2,19,11,0,2,20500.0,17.52,False,False,False,True,True,False,False,False,True,False,False,False,False,False,True,0.44955154492226046,0.1355504229053206,0.2903269665138923,0.36454299835255355,25.8915,1
66,9.9,80700.0,577,25.12,6587.75,23,15,0,0,34300.0,18.79,True,False,False,False,False,False,True,True,False,False,False,False,False,False,True,0.4250257121968749,0.13169822079444113,0.08163157829518841,0.8166173010380623,86.1616,1
63,2.0,47300.0,707,20.09,7860.53,14,9,0,0,21300.0,13.58,True,False,False,False,False,True,False,False,False,False,False,False,True,True,False,0.4503076044903913,0.183542293531115,0.16618105325468804,0.38534209039548023,42.7917,0
53,2.4,142987.5,643,29.28,3502.78,18,13,0,0,1000.0,17.13,False,False,True,False,True,False,False,True,False,False,False,False,False,True,False,0.006993569412924816,0.0029972798525153377,0.024496935068204787,0.7788298136645962,2.9280000000000004,1
42,2.1,47900.0,666,18.21,1255.3,17,10,0,2,21600.0,16.09,True,False,False,False,False,True,False,False,False,False,False,True,False,True,False,0.45093004321412916,0.19043713967273945,0.026206133483643347,0.43927871064467766,39.333600000000004,0
61,25.0,37000.0,681,10.71,2562.66,12,6,0,0,16600.0,13.2,False,False,False,True,True,False,False,False,False,False,False,False,True,True,False,0.4486365233372071,0.1818610380718212,0.06925920921056188,0.20729032258064517,17.7786,1
29,3.4,81900.0,804,9.26,5021.63,19,10,0,0,15000.0,10.11,False,False,True,False,False,False,True,False,False,False,False,False,True,False,True,0.18314794691151512,0.046808986941499674,0.061313414976618116,0.11629639751552794,13.89,0
47,3.5,38800.0,709,23.76,33.75,15,10,0,0,17500.0,13.84,False,False,False,True,False,True,False,False,False,False,False,False,True,True,False,0.4510193036261952,0.18450463390903615,0.0008698229427076622,0.4631526760563381,41.580000000000005,0
57,3.0,19300.0,706,44.05500000000001,1400.65,18,8,0,0,2300.0,16.21,False,False,False,True,True,False,False,False,True,False,False,False,False,False,True,0.11916481011346562,0.03491413973375827,0.07256877881975028,1.0100870579915138,10.132650000000002,1
25,5.0,127600.0,638,19.17,10652.76,12,6,0,0,2600.0,16.79,True,False,False,False,False,False,True,False,False,False,True,False,False,True,False,0.020376015861944655,0.00869124382867353,0.08348492566672674,0.5037,4.9842,0
62,13.5,142987.5,710,32.18,6514.69,18,9,0,0,8500.0,14.59,False,False,False,True,False,True,False,False,False,False,False,False,True,True,False,0.05944534000986093,0.02458343167122695,0.04556093671868716,0.6603462728551336,27.352999999999998,0
51,10.6,37300.0,719,6.33,3274.76,20,10,1,1,13100.0,10.49,False,False,False,True,True,False,False,False,True,False,False,False,False,True,False,0.3511970188466797,0.13691688746396669,0.0877928205678132,0.09222458333333335,8.292300000000001,0
59,2.5,71000.0,682,8.66,8792.69,25,18,0,1,10400.0,16.72,True,False,False,False,False,True,False,False,True,False,False,False,False,False,True,0.14647681018577202,0.043412990025089776,0.12383896001464768,0.21199882869692532,9.006400000000001,0
23,0.5,40800.0,645,22.95,628.21,12,4,0,0,8600.0,14.84,True,False,False,False,False,False,True,False,True,False,False,False,False,True,False,0.2107791475699125,0.08745911001917883,0.015396926545917993,0.5272105263157895,19.737,0
55,3.0,28700.0,683,25.95,4750.99,18,11,0,3,1500.0,16.71,True,False,False,False,False,True,False,True,False,False,False,False,False,False,True,0.052262987352357064,0.015482878003451312,0.16553395352078323,0.633953947368421,3.8924999999999996,1
45,2.7,39900.0,684,28.62,8788.01,10,5,0,0,2400.0,13.53,False,False,False,True,False,True,False,True,False,False,False,False,False,True,False,0.06014886844941229,0.024497750687595812,0.22024535725921657,0.5652972262773722,6.8688,1
46,9.3,54600.0,726,13.21,2875.86,20,15,0,2,24500.0,14.47,True,False,False,False,False,True,False,False,True,False,False,False,False,False,True,0.4487097305910148,0.1265786688625112,0.052670463910917384,0.262928060522696,32.36450000000001,0
62,6.6,98100.0,728,5.24,5739.78,20,9,0,1,9700.0,12.54,True,False,False,False,False,True,False,False,False,False,False,True,False,True,False,0.09887768728147521,0.03971212094653824,0.05850888370149132,0.09013662551440328,5.0828,0
23,8.2,94000.0,653,9.28,16290.22,18,6,0,0,4200.0,14.5,True,False,False,False,False,True,False,False,True,False,False,False,False,True,False,0.04468037574068361,0.01845314707822219,0.17329836916628547,0.20574923547400611,3.8975999999999997,1
34,0.5,33700.0,710,12.23,13130.85,30,15,0,0,15200.0,15.04,False,False,True,False,False,True,False,False,False,True,False,False,False,True,False,0.4510251921307973,0.18766401832275537,0.3896279042164921,0.25870492264416317,18.5896,0
28,8.0,88200.0,633,12.37,3504.68,23,8,0,0,5400.0,14.52,True,False,False,False,False,False,True,False,False,False,False,False,True,True,False,0.06122379564857541,0.02529260700023147,0.03973515039512023,0.28330031545741324,6.6798,0
21,0.2,43700.0,632,16.21,25767.82,21,13,0,1,8900.0,15.75,True,False,False,False,False,False,True,False,False,False,False,False,True,True,False,0.2036566668954944,0.08559669199899471,0.5896391386924784,0.40332938388625594,14.426900000000002,0
29,4.5,142987.5,742,19.54,7848.3,14,6,0,0,3200.0,12.8,True,False,False,False,False,False,True,False,False,False,False,True,False,True,False,0.02237942212135941,0.009022071337138051,0.05488763082345783,0.33662449528936744,6.2528,0
43,1.6,112100.0,706,7.2,570.27,14,6,0,0,14700.0,11.83,True,False,False,False,False,True,False,True,False,False,False,False,False,True,False,0.13113174726362833,0.05213261484300808,0.005087108946396553,0.12047524752475247,10.584,0
26,9.7,34700.0,723,16.51,5561.0,13,8,0,0,3500.0,12.05,False,False,True,False,False,True,False,False,False,False,False,True,False,True,False,0.10086164663842541,0.04021676152690385,0.16025474770179535,0.27478660220994483,5.7785,0
41,3.5,54200.0,711,6.53,4664.86,17,5,0,0,24400.0,12.86,False,False,True,False,True,False,False,False,False,False,False,False,True,True,False,0.4501761960111437,0.1816176570769624,0.08606593974280917,0.11794353932584269,15.933200000000001,0
34,7.9,57300.0,694,8.84,13969.54,25,16,2,0,8700.0,12.78,False,False,False,True,False,False,True,False,False,False,True,False,False,True,False,0.15182981099806286,0.0611843238217624,0.24379225493446888,0.16255424460431653,7.690799999999999,0
54,0.4,105900.0,708,9.54,3945.73,21,11,0,0,28500.0,12.15,False,False,False,True,False,True,False,False,False,False,False,False,True,True,False,0.26911927177269335,0.10748367914096495,0.03725866611269015,0.1634851904090268,27.189,0
46,1.8,133700.0,599,6.95,13607.25,17,11,0,0,2800.0,15.19,True,False,False,False,False,True,False,False,False,False,False,True,False,True,False,0.020942251740824674,0.008734322561778406,0.10177373392869163,0.17595083333333333,1.9460000000000002,0
23,3.0,63800.0,706,5.51,36444.7325,20,12,3,3,15000.0,12.03,False,False,False,True,False,False,True,False,True,False,False,False,False,True,False,0.23510603282080217,0.09373088511179938,0.5712250983526904,0.09375572842998585,8.265,1
42,2.0,41200.0,722,35.99,3149.55,16,8,0,3,5100.0,12.83,True,False,False,False,True,False,False,False,True,False,False,False,False,True,False,0.12378340331545351,0.049914156486028954,0.07644353292395815,0.6386607192254495,18.3549,1
29,3.0,35500.0,674,18.93,7649.82,14,10,0,0,4300.0,14.24,False,False,False,True,False,True,False,True,False,False,False,False,False,True,False,0.12112334863806654,0.04983066184279871,0.21548181741359398,0.39935288888888887,8.139899999999999,0
55,0.2,32600.0,655,8.5,7151.08,6,3,0,1,14700.0,13.86,True,False,False,False,False,True,False,False,True,False,False,False,False,True,False,0.45090641391368363,0.18450098808565962,0.21935155363332412,0.17958841463414635,12.495,0
64,2.3,67700.0,696,23.79,11934.06,17,10,0,0,20800.0,13.36,True,False,False,False,True,False,False,False,False,False,False,False,True,True,False,0.30723327572709414,0.12484280358884102,0.17627597819825408,0.45600344332855086,49.4832,1
60,5.7,87000.0,662,20.43,1339.94,20,6,0,3,5200.0,16.54,False,False,False,True,False,True,False,False,True,False,False,False,False,False,True,0.05976942793760991,0.017645940774286054,0.015401432167446352,0.5096714932126697,10.6236,1
60,4.2,142987.5,701,10.6,15531.19,19,11,0,0,6600.0,14.71,True,False,False,False,False,True,False,False,True,False,False,False,False,False,True,0.04615755812530378,0.013091848357650041,0.10861845533032377,0.22211680911680914,6.996,0
55,2.3,34800.0,653,5.25,31904.87,16,9,0,0,13200.0,14.64,False,False,True,False,False,True,False,False,False,True,False,False,False,True,False,0.3792994454182351,0.15693164074316174,0.9167802649349156,0.11752293577981651,6.930000000000001,0
24,0.8,65100.0,773,16.66,141.1,17,15,0,1,29300.0,12.14,True,False,False,False,False,False,True,False,True,False,False,False,False,False,True,0.4500698913995177,0.1205007532458021,0.0021674014224051857,0.26130801033591733,48.8138,0
49,2.5,18400.0,673,6.66,640.84,23,18,0,2,5700.0,13.11,False,False,False,True,False,False,True,False,True,False,False,False,False,True,False,0.3097657735992609,0.12536889063304674,0.03482636813216673,0.1295439169139466,3.7962,0
31,0.1,73100.0,689,22.01,4132.35,12,8,0,0,1100.0,15.66,False,False,True,False,False,False,True,False,False,False,False,False,True,False,True,0.015047673766432743,0.004357952398206004,0.05652932244428941,0.4995313043478261,2.4211,0
35,6.3,59600.0,780,17.75,24453.52,16,10,0,2,22200.0,9.63,True,False,False,False,False,False,True,False,False,True,False,False,False,True,False,0.3724769718628882,0.1434237385127808,0.41028707572020606,0.21886363636363637,39.405,0
65,3.5,65000.0,703,9.17,13396.66,9,3,0,4,7600.0,13.06,True,False,False,False,True,False,False,False,False,False,False,False,True,True,False,0.11692127813418256,0.04730703164815149,0.20609929078014183,0.17011392045454546,6.9692,0
60,0.3,87800.0,721,10.09,32297.22,10,5,0,0,23200.0,8.785000000000002,True,False,False,False,False,False,True,False,True,False,False,False,False,True,False,0.26423389255247665,0.10050123137677784,0.3678456965182629,0.12277098337950142,23.4088,0
43,1.2,79400.0,699,3.09,4956.29,24,19,0,1,13700.0,13.11,True,False,False,False,True,False,False,True,False,False,False,False,False,True,False,0.17254190753265072,0.06986349801832613,0.062421002254379666,0.05787128571428571,4.2333,0
64,0.8,43400.0,680,28.74,12515.06,17,10,1,0,19500.0,16.72,False,False,False,True,False,True,False,False,True,False,False,False,False,True,False,0.4492984032625976,0.1914255608126565,0.2883587935761849,0.705628193832599,56.04299999999999,1
59,9.5,42000.0,758,14.75,14320.5,17,10,0,1,18900.0,14.76,False,False,False,True,False,False,True,False,False,False,True,False,False,False,True,0.4499892859693817,0.1277498396626675,0.34095616771029263,0.2868379446640316,27.877499999999998,0
29,2.1,22900.0,677,14.61,7891.25,13,7,1,2,3000.0,15.13,False,False,False,True,False,False,True,False,True,False,False,False,False,True,False,0.13099864634732108,0.054567251235067914,0.3445810226627658,0.32603141592920354,4.383,1
62,1.2,61800.0,759,14.4,11374.23,12,6,0,0,27800.0,12.52,True,False,False,False,False,False,True,False,True,False,False,False,False,True,False,0.4498309088849695,0.18060133855368823,0.1840460510347729,0.23722105263157897,40.032,0
42,0.8,139700.0,696,19.69,19578.75,21,16,0,3,21700.0,13.83,False,False,False,True,False,True,False,False,False,False,False,True,False,True,False,0.1553317442251666,0.0635476506321993,0.14014752936628944,0.3906925394548063,42.7273,0
49,3.8,25300.0,546,17.63,17390.19,20,12,0,0,11400.0,19.64,False,False,False,True,True,False,False,False,True,False,False,False,False,False,True,0.45057507608394926,0.14210712226753042,0.6873321212600292,0.6330040219378428,20.0982,1
55,3.9,31800.0,648,17.48,6942.22,16,9,0,0,12300.0,15.9,False,False,False,True,False,False,True,False,False,False,True,False,False,True,False,0.3867802899279897,0.16289117241004286,0.21830194019056004,0.4282465331278891,21.5004,0
65,2.5,72400.0,787,28.47,6454.81,21,10,0,4,19800.0,11.61,False,False,False,True,False,True,False,False,True,False,False,False,False,True,False,0.2734768856783746,0.10837340584027119,0.08915360285078935,0.41946281725888324,56.370599999999996,1
44,3.8,25600.0,694,18.26,10262.69,15,7,0,0,3900.0,14.7,False,False,False,True,False,False,True,False,True,False,False,False,False,True,False,0.15233779930471467,0.06307474489386722,0.4008706691144877,0.3862187050359713,7.121400000000001,1
37,1.5,47000.0,609,14.3,5529.64,16,6,0,2,1000.0,16.72,True,False,False,False,False,False,True,False,True,False,False,False,False,True,False,0.02127614306078594,0.009064970259638067,0.11764941171464438,0.39196065573770494,1.4300000000000002,1
29,1.0,51500.0,697,7.54,5304.18,28,17,0,0,3700.0,12.34,False,False,False,True,False,True,False,False,True,False,False,False,False,True,False,0.07184326517931691,0.028768750801950994,0.10299178656725112,0.13330028653295128,2.7898,0
67,2.2,43900.0,652,12.73,139.51,13,4,1,0,1000.0,14.35,False,False,False,True,False,True,False,False,True,False,False,False,False,True,False,0.022778524407188902,0.009386373026912429,0.0031778319400469234,0.27974808575803983,1.2730000000000001,1
24,10.1,16700.0,683,40.48,15300.73,20,14,0,1,7500.0,14.62,False,False,False,True,True,False,False,False,True,False,False,False,False,True,False,0.4490749056942698,0.1856844018382456,0.9161565175737979,0.8652304093567251,30.36,1
24,1.1,142987.5,706,12.17,261.09,22,16,0,0,6600.0,13.33,False,False,True,False,False,False,True,False,True,False,False,False,False,True,False,0.04615755812530378,0.018749485993767176,0.00182595103802054,0.22945700141442715,8.0322,0
65,3.0,109200.0,666,15.42,3713.85,24,12,1,1,31800.0,16.94,False,False,False,True,False,False,True,True,False,False,False,False,False,False,True,0.2912061244860395,0.08672523345590347,0.03400930394410308,0.3916263868065967,49.0356,0
24,0.4,104500.0,611,7.17,1347.76,20,12,0,2,1600.0,18.41,False,False,False,True,True,False,False,True,False,False,False,False,False,True,False,0.015310858269298858,0.0066794373598500776,0.012897101463143894,0.21568578431372548,1.1472,1
40,3.1,44300.0,687,18.22,2971.29,19,13,0,0,19900.0,13.97,True,False,False,False,True,False,False,False,False,True,False,False,False,True,False,0.4491997923297443,0.18410676408032953,0.06707049502268572,0.3699613372093023,36.257799999999996,1
42,6.4,56900.0,757,9.56,9947.04,18,11,0,1,25600.0,11.23,False,False,False,True,False,True,False,False,False,False,False,True,False,True,False,0.4499042196094972,0.17730578793382534,0.17481309643064272,0.14163430079155676,24.4736,0
41,8.6,15000.0,655,19.01,3741.51,16,7,0,1,6800.0,14.63,True,False,False,False,False,False,True,False,False,False,False,False,True,True,False,0.45330311312579163,0.1874452465561711,0.24941737217518833,0.42395777439024396,12.926800000000002,1
53,4.3,117800.0,659,5.94,44.85,23,14,0,0,34300.0,13.43,False,False,False,True,False,False,True,False,False,False,True,False,False,True,False,0.29116900535649104,0.11844152197686873,0.00038072681895739426,0.12087,20.374200000000002,0
55,3.0,40300.0,731,14.04,7883.35,20,12,0,3,1000.0,13.63,False,False,False,True,True,False,False,False,False,True,False,False,False,True,False,0.024813280067492123,0.010120519811301363,0.19561177142006403,0.261427868852459,1.404,0
26,4.9,107200.0,693,11.56,1401.79,12,7,0,2,23500.0,14.3,False,False,True,False,False,True,False,False,False,False,True,False,False,False,True,0.21921437300025187,0.06161240317996816,0.013076277273532895,0.23819596541786747,27.166000000000004,0
65,8.9,45200.0,661,19.06,658.57,18,10,0,0,7300.0,14.58,False,True,False,False,False,True,False,False,True,False,False,False,False,True,False,0.16150085175106746,0.06676759590816472,0.014569810402424726,0.4197806646525679,13.913799999999998,0
41,12.7,83000.0,749,21.45,3721.14,19,10,0,0,1000.0,15.25,False,False,False,True,False,False,True,False,False,False,False,False,True,False,True,0.01204804761388417,0.0034580098561521966,0.04483247189792894,0.43615000000000004,2.145,0
62,9.9,23500.0,686,27.85,9190.37,21,13,1,5,4200.0,13.38,True,False,False,False,False,True,False,False,True,False,False,False,False,True,False,0.1787157993276882,0.07261886087058157,0.39106293349219184,0.542406113537118,11.697000000000001,1
24,1.7,59700.0,638,20.04,6081.9,11,5,0,3,10300.0,15.63,False,False,False,True,False,False,True,False,True,False,False,False,False,True,False,0.1725264233429926,0.07239524832845344,0.10187266544948995,0.4901802816901409,20.6412,1
67,3.6,102700.0,578,18.09,29082.4,16,11,1,0,8500.0,18.76,True,False,False,False,True,False,False,False,True,False,False,False,False,True,False,0.08276453004352441,0.03628153093531464,0.28317543159268166,0.5861284974093265,15.3765,1
58,0.1,57200.0,680,31.17,8694.02,24,13,0,3,8900.0,15.06,True,False,False,False,False,False,True,False,True,False,False,False,False,False,True,0.1555916854600444,0.04446845785000316,0.1519906994632961,0.6893101321585904,27.741300000000003,1
21,4.8,33300.0,766,8.26,7702.95,23,14,0,0,15000.0,12.41,True,False,False,False,False,True,False,False,False,False,True,False,False,False,True,0.4504369238161016,0.12131946184428014,0.23131287348728266,0.13364615384615383,12.39,0
40,3.0,100800.0,620,14.5,42.54,19,11,0,0,8000.0,15.89,False,False,True,False,False,True,False,False,False,False,False,False,True,True,False,0.0793642920209125,0.033427210986710566,0.00042201962282120215,0.37102254428341386,11.600000000000001,0
63,14.0,67500.0,750,12.69,23102.9,18,11,0,1,30400.0,12.24,True,False,False,False,True,False,False,False,False,True,False,False,False,True,False,0.4503636983155805,0.18009301034948405,0.342260114664968,0.20682503328894808,38.5776,0
38,0.5,33500.0,726,21.95,25599.63,18,8,0,5,15100.0,14.62,False,False,False,True,True,False,False,False,False,False,True,False,False,False,True,0.45073281394585235,0.12755658924331342,0.7641452493955405,0.4414154057771664,33.1445,0
67,1.1,79800.0,641,44.05500000000001,15332.39,14,6,0,0,3400.0,20.15,False,False,False,True,False,False,True,False,False,True,False,False,False,False,True,0.04260598238117317,0.01358640976566055,0.19213280535331637,1.3827231308411214,14.978700000000003,1
29,1.1,96300.0,750,11.8,4354.72,20,9,0,1,25300.0,13.11,True,False,False,False,False,True,False,False,True,False,False,False,False,False,True,0.2627179364700263,0.07190112084084457,0.04521988349030644,0.20598934753661785,29.854,0
63,9.6,41600.0,688,10.87,22430.83,19,13,0,0,18700.0,12.97,True,False,False,False,False,True,False,False,True,False,False,False,False,False,True,0.4495084252782385,0.12261713149274088,0.539189682940314,0.2046210449927431,20.3269,0
54,5.2,20800.0,728,6.43,25949.29,21,12,1,0,5600.0,11.79,False,False,False,True,False,True,False,False,True,False,False,False,False,True,False,0.26921782606605454,0.10692232615471008,1.2475020431710013,0.10399135802469135,3.6008,0
49,13.5,24800.0,669,31.85,3069.91,18,9,1,2,7100.0,17.09,False,False,False,True,False,False,True,False,True,False,False,False,False,True,False,0.28627877908148863,0.12257899393215259,0.12378170235071166,0.8124126865671643,22.6135,1
37,5.4,52600.0,597,17.5,2961.76,18,8,2,1,23700.0,17.87,False,False,False,True,False,False,True,False,True,False,False,False,False,False,True,0.4505617763920838,0.13688499096475656,0.05630615387540161,0.5229515050167225,41.475,1
42,1.2,33900.0,674,11.13,5337.48,16,12,0,1,15300.0,12.89,False,False,True,False,False,True,False,False,True,False,False,False,False,True,False,0.4513141205274181,0.18213276770122686,0.15744314327011003,0.21254177777777783,17.0289,0
24,1.1,118400.0,650,44.05500000000001,13879.4,16,8,0,0,1000.0,18.8,False,False,False,True,False,True,False,False,True,False,False,False,False,True,False,0.008445874612545503,0.003704521107212228,0.11722367209736403,1.2722488479262675,4.405500000000001,1
61,12.7,62400.0,744,11.03,1778.77,26,15,3,1,18100.0,10.62,False,False,False,True,False,False,True,True,False,False,False,False,False,True,False,0.29005945417541384,0.11330877173710364,0.028505472668707232,0.15723302013422816,19.964299999999998,1
42,6.5,39700.0,637,13.35,4355.86,16,8,0,0,2500.0,14.49,False,False,False,True,False,False,True,False,False,False,False,True,False,True,False,0.06297070602755599,0.02599927023294798,0.10971663182287598,0.30319984326018806,3.3375,0
30,0.5,26300.0,731,23.17,1174.15,22,10,0,1,11800.0,12.39,False,False,False,True,False,True,False,False,False,False,True,False,False,True,False,0.4486521425040873,0.17974938923571182,0.04464278924755713,0.3921807377049181,27.340600000000002,1
47,9.6,108900.0,726,44.05500000000001,30133.78,15,7,0,3,22300.0,11.95,True,False,False,False,False,False,True,False,False,False,False,False,True,True,False,0.20477314257903967,0.08154987612786546,0.27670801921010824,0.7241502751031638,98.24265000000001,1
57,12.4,81700.0,722,6.42,2002.1,14,10,0,0,3400.0,13.09,True,False,False,False,False,False,True,False,False,False,False,True,False,False,True,0.04161515770920796,0.011383960687932262,0.024505208014589785,0.11623485477178423,2.1828000000000003,0
34,2.2,136000.0,682,35.31,3803.54,16,8,0,0,9500.0,14.61,True,False,False,False,True,False,False,False,False,False,False,True,False,False,True,0.06985242755567973,0.019768626249399842,0.027967000242645274,0.7553134699853588,33.5445,1
41,13.2,47700.0,669,14.62,1894.85,13,6,0,3,3700.0,13.6,True,False,False,False,True,False,False,True,False,False,False,False,False,False,True,0.07756650803966374,0.02146055522237467,0.039723485880799145,0.2967641791044776,5.4094,1
45,4.4,80400.0,653,12.2,2410.04,18,9,0,0,10700.0,14.44,True,False,False,False,False,False,True,True,False,False,False,False,False,True,False,0.13308292185420578,0.05491589806633763,0.029975249064066366,0.2693700305810397,13.054,1
21,20.8,110700.0,697,4.52,7306.12,15,9,0,0,16800.0,13.33,False,False,False,True,False,True,False,True,False,False,False,False,False,True,False,0.15176014670147514,0.061644528495096086,0.06599868113205842,0.08632034383954154,7.593599999999999,0
57,1.8,15000.0,655,9.96,808.08,15,13,0,0,6800.0,14.91,True,False,False,False,False,False,True,True,False,False,False,False,False,True,False,0.45330311312579163,0.18818916480897918,0.05386840877274848,0.22637743902439025,6.772800000000001,0
45,3.4,56800.0,676,44.05500000000001,9306.95,13,7,0,0,3700.0,18.43,True,False,False,False,False,True,False,False,False,True,False,False,False,False,True,0.06513969824474922,0.020028865341451232,0.16385186880512667,1.199311152141802,16.30035,1
49,0.9,59400.0,713,17.07,13310.05,27,12,0,0,26700.0,13.76,False,False,False,True,False,True,False,True,False,False,False,False,False,True,False,0.44948738236730024,0.18368683119823742,0.22407114358344135,0.32896806722689076,45.5769,0
43,1.9,65100.0,702,16.88,24690.95,23,15,0,2,1900.0,11.97,True,False,False,False,True,False,False,False,False,False,False,False,True,True,False,0.029185419578808314,0.01162550088156661,0.37927143976283006,0.2874162162162162,3.2072,0
34,1.4,44900.0,668,16.5,7618.29,26,14,0,0,3500.0,13.83,True,False,False,False,True,False,False,False,False,False,False,False,True,False,True,0.07794926616333712,0.021677254216964353,0.1696686042627113,0.3410986547085202,5.7749999999999995,0
45,4.0,111300.0,650,20.67,655.4,22,12,0,1,17800.0,15.75,True,False,False,False,False,False,True,False,True,False,False,False,False,True,False,0.15992668529483114,0.06722729985374545,0.005888536491136648,0.5000806451612904,36.7926,0
28,3.3,69500.0,630,19.8,13996.46,18,13,0,1,31300.0,16.21,True,False,False,False,False,True,False,False,True,False,False,False,False,True,False,0.4503532323275924,0.1905276196775841,0.20138501604293463,0.5086497622820919,61.974,1
64,5.1,55600.0,717,44.05500000000001,8728.47,17,7,0,0,12400.0,15.76,True,False,False,False,True,False,False,False,True,False,False,False,False,True,False,0.2230175716264096,0.09375229316131042,0.1569840470495135,0.9670011142061282,54.62820000000001,1
60,3.6,54300.0,741,22.09,22244.94,26,14,0,0,2600.0,14.51,False,False,False,True,True,False,False,False,True,False,False,False,False,False,True,0.04788125448886761,0.01351902239731738,0.4096598589344579,0.4319756064690027,5.7434,0
44,1.0,37700.0,700,25.65,5123.93,9,3,0,2,1500.0,14.1,False,False,True,False,True,False,False,False,True,False,False,False,False,True,False,0.03978674305721334,0.016336230929462278,0.13590965756876477,0.5159272467902996,3.8474999999999997,0
35,6.4,79700.0,720,17.18,6217.26,21,18,0,0,17500.0,13.07,False,False,False,True,False,False,True,False,True,False,False,False,False,True,False,0.21957064528675926,0.08885503353778056,0.07800730229231755,0.31143217753120667,30.064999999999998,0
66,0.3,54500.0,650,8.59,29731.39,11,5,2,1,24500.0,14.61,False,False,True,False,False,True,False,False,False,True,False,False,False,False,True,0.4495330360910809,0.1272049701062781,0.5455200822003266,0.19278018433179722,21.0455,0
39,9.8,49000.0,708,24.39,17356.57,12,10,0,0,22000.0,12.89,False,False,False,True,True,False,False,False,True,False,False,False,False,True,False,0.4489704291749148,0.18120505796132638,0.3542084855411114,0.4434232722143865,53.65800000000001,0
22,1.4,100000.0,699,14.57,5594.25,24,15,0,2,3700.0,14.93,True,False,False,False,True,False,False,True,False,False,False,False,False,False,True,0.03699963000369996,0.010545156281226105,0.05594194058059419,0.31075728571428574,5.3909,0
23,5.0,51000.0,615,4.22,19820.09,14,11,1,0,9900.0,16.03,True,False,False,False,False,False,True,False,False,True,False,False,False,True,False,0.1941138409050803,0.0819104385763834,0.38862159565498716,0.1098159090909091,4.1777999999999995,0
37,3.0,52800.0,674,9.42,3292.43,15,9,0,0,6800.0,13.62,False,False,False,True,True,False,False,False,True,False,False,False,False,True,False,0.12878543966970324,0.05252325212371236,0.062355447813488375,0.19007466666666667,6.405600000000001,0
61,15.3,73800.0,680,9.9,11369.83,11,7,0,1,3300.0,16.66,False,False,True,False,False,False,True,False,False,True,False,False,False,False,True,0.044714841262313516,0.013235476408407193,0.15406064958469398,0.24219383259911895,3.2670000000000003,0
64,3.3,45200.0,633,20.79,7722.5,20,8,0,0,13000.0,17.54,True,False,False,False,False,True,False,False,True,False,False,False,False,False,True,0.2876042565429968,0.0867566366918415,0.17084799008871485,0.5751681388012618,27.027,0
67,6.3,35500.0,623,28.02,8955.99,12,6,0,4,1000.0,17.22,True,False,False,False,False,False,True,False,False,False,False,True,False,True,False,0.028168220613503846,0.012084584640516385,0.2522743021323343,0.7732442307692308,2.802,1
40,11.4,42700.0,708,6.15,6758.27,14,6,1,4,1000.0,14.64,False,False,False,True,False,True,False,False,True,False,False,False,False,True,False,0.02341865530081263,0.009689818696808907,0.15826959555982298,0.12699012693935122,0.6150000000000001,0
29,6.3,124400.0,745,15.67,20509.75,18,9,0,1,3900.0,11.13,False,False,True,False,False,False,True,False,False,False,False,False,True,True,False,0.031350230303614925,0.012338478022030074,0.16486804768450414,0.23378967828418232,6.1113,0
67,5.5,52600.0,699,26.21,17655.18,16,9,0,1,1000.0,14.72,True,False,False,False,False,False,True,True,False,False,False,False,False,False,True,0.019011045417387504,0.00539265740316405,0.3356434288321515,0.5511588571428572,2.6210000000000004,0
29,9.0,43500.0,487,16.13,4333.49,19,7,0,1,10200.0,20.585,False,False,False,True,False,False,True,False,True,False,False,False,False,True,False,0.23447736833636007,0.10538216573586688,0.09961816969724833,0.6804017418032786,16.4526,1
61,2.4,44200.0,627,10.61,1982.67,21,11,0,0,19900.0,16.29,True,False,False,False,True,False,False,False,False,False,False,False,True,True,False,0.45021605846021584,0.190666095268368,0.04485577249383498,0.2752179936305732,21.113899999999997,1
42,10.5,39600.0,696,23.48,19620.32,28,18,0,0,9100.0,13.55,True,False,False,False,True,False,False,False,True,False,False,False,False,True,False,0.22979217696522816,0.0936174596143701,0.4954501148960885,0.4564619799139168,21.3668,1
48,0.9,45400.0,655,25.94,5933.94,16,9,2,1,1000.0,16.52,True,False,False,False,False,False,True,False,True,False,False,False,False,False,True,0.022025946565053633,0.0064992194461395755,0.13070064536023435,0.6532451219512195,2.5940000000000003,1
44,0.7,71800.0,645,16.05,5471.42,21,13,0,0,32300.0,15.77,False,False,False,True,False,False,True,False,False,True,False,False,False,True,False,0.449854458851548,0.18914518965385635,0.07620255985292684,0.39180882352941176,51.8415,1
61,4.4,47800.0,673,15.56,21035.26,25,11,1,1,1000.0,14.82,True,False,False,False,False,False,True,False,False,False,False,False,True,True,False,0.020920064433798458,0.008678301678210007,0.4400589945817033,0.34213531157270033,1.556,0
56,0.6,47200.0,774,7.48,12150.7,12,8,0,0,21200.0,9.45,True,False,False,False,False,False,True,False,False,False,False,False,True,True,False,0.4491430266307917,0.17248237066917038,0.2574246308340925,0.09120774193548387,15.857600000000001,0
21,16.0,79400.0,719,16.66,6649.8,23,11,1,0,17300.0,13.74,False,False,False,True,True,False,False,False,True,False,False,False,False,True,False,0.21788138688429617,0.08901788796421302,0.08374957494238108,0.3179283333333333,28.8218,0
65,9.2,34200.0,706,3.32,4793.79,18,9,0,2,1000.0,12.95,True,False,False,False,False,False,True,False,False,False,False,False,True,True,False,0.029238911142949037,0.011809847046896449,0.14016519984795767,0.0608118811881188,0.332,1
36,2.7,40200.0,497,23.41,3564.81,23,17,0,2,5100.0,20.585,False,False,False,True,False,False,True,False,False,False,False,False,True,False,True,0.1268625158578145,0.04081892639974642,0.08867465983433248,0.9676603413654619,11.9391,1
30,0.4,90400.0,677,28.75,11528.69,20,10,0,4,9800.0,14.48,False,False,True,False,False,True,False,False,True,False,False,False,False,True,False,0.10840588046592405,0.044759102472393265,0.12752834592537693,0.6140117994100295,28.175,1
54,1.5,23900.0,713,37.58,15793.64,17,9,0,4,10800.0,14.49,False,False,False,True,False,True,False,False,False,True,False,False,False,False,True,0.45186393874733277,0.12749201952371875,0.6607941090330949,0.7626529411764705,40.5864,1
42,1.0,71400.0,684,4.08,5639.96,21,10,0,0,13800.0,12.54,True,False,False,False,True,False,False,False,False,False,False,True,False,True,False,0.19327460399714289,0.077621381347201,0.07898993011302363,0.07469080291970802,5.6304,0
54,6.8,31000.0,643,40.73,2846.07,13,8,0,0,14000.0,17.87,True,False,False,False,True,False,False,False,False,False,False,False,True,False,True,0.4515983355375633,0.1371799238527087,0.09180574820167092,1.1301942546583852,57.02199999999999,1
32,3.8,112600.0,727,22.07,16892.58,16,12,1,1,30100.0,15.56,False,False,False,True,False,True,False,False,True,False,False,False,False,False,True,0.26731556558112274,0.07725164646006041,0.1500215806253941,0.47171593406593404,66.4307,0
41,24.6,128400.0,630,3.27,2451.75,16,10,0,1,30800.0,16.29,False,False,False,True,True,False,False,False,True,False,False,False,False,False,True,0.2398735212342583,0.07043736953151356,0.019094477457340674,0.08441885895404119,10.0716,0
46,0.0,122100.0,674,44.05500000000001,56.67,21,9,0,0,17800.0,18.46,True,False,False,False,False,True,False,False,False,False,False,False,True,True,False,0.14578095183495632,0.06364264836341028,0.00046412396294870644,1.2048226666666668,78.41790000000002,1
64,0.8,87600.0,698,7.59,716.23,19,10,1,0,10800.0,15.83,True,False,False,False,False,False,True,False,False,False,False,False,True,False,True,0.12328626385543544,0.035838993092570194,0.008176048218627642,0.17188798283261802,8.1972,0
50,8.6,54100.0,629,30.3,11584.67,10,7,2,1,5600.0,17.27,True,False,False,False,False,False,True,False,False,False,False,False,True,True,False,0.10351010147686734,0.04444306250628368,0.21413042272786084,0.8306047619047618,16.968000000000004,1
31,8.8,89300.0,789,12.1,13712.69,17,7,0,0,5100.0,9.85,False,False,False,True,False,False,True,True,False,False,False,False,False,True,False,0.05711022272986865,0.022062485502259026,0.15355583924032207,0.15086708860759493,6.171,0
26,0.3,113500.0,742,10.77,7178.8,27,16,0,1,13300.0,11.39,False,False,False,True,False,True,False,False,False,False,False,False,True,True,False,0.117179584320843,0.04629136151878246,0.06324878194905773,0.16510134589502018,14.3241,0
43,3.5,48400.0,779,3.11,7664.34,20,12,0,4,6700.0,10.82,False,False,False,True,False,False,True,False,False,False,False,False,True,True,False,0.13842689200636352,0.05422921462579599,0.15835086051941075,0.04314128205128205,2.0837,0
22,1.2,55400.0,652,5.05,26869.83,13,8,0,0,17900.0,15.55,True,False,False,False,False,False,True,False,True,False,False,False,False,True,False,0.32309886103138935,0.13542366762854152,0.48500622732441656,0.12025650842266462,9.0395,1
43,3.5,85300.0,765,16.06,9701.31,10,4,1,0,15700.0,11.04,False,False,False,True,True,False,False,True,False,False,False,False,False,True,False,0.18405411425422913,0.07234086284999877,0.11373031969144558,0.231465274151436,25.214199999999998,0
35,1.8,18400.0,641,27.01,36444.7325,25,12,0,0,8300.0,15.91,True,False,False,False,True,False,False,False,False,False,False,False,True,True,False,0.4510624422585729,0.18994224166736903,1.980584343242215,0.669359968847352,22.4183,1
24,15.4,66800.0,538,25.59,36444.7325,13,6,0,2,1000.0,20.585,True,False,False,False,True,False,False,False,True,False,False,False,False,True,False,0.014969835780901483,0.0067285505766532475,0.5455716606038832,0.9773101113172543,2.559,1
51,11.0,39300.0,760,15.84,5692.08,25,13,0,0,7700.0,11.09,False,False,False,True,False,False,True,False,True,False,False,False,False,True,False,0.19592376784305743,0.07705019168839763,0.1448329559044299,0.2308352168199737,12.1968,0
24,4.3,34700.0,657,11.38,7266.71,22,12,0,2,15600.0,15.44,False,False,False,True,False,True,False,False,False,False,False,False,True,True,False,0.4495547678741247,0.18811241074671406,0.20940923892683208,0.2670322188449848,17.7528,1
31,0.3,45300.0,650,2.14,1481.02,16,9,0,1,20400.0,15.03,False,False,False,True,False,True,False,False,True,False,False,False,False,True,False,0.4503211849628044,0.18736028528702445,0.03269287653694179,0.049407373271889404,4.365600000000001,0
42,7.8,63400.0,536,15.26,7390.41,15,5,0,0,9400.0,19.16,True,False,False,False,False,True,False,False,True,False,False,False,False,False,True,0.14826264569959463,0.04630091843282775,0.11656614248986609,0.5444722532588454,14.344399999999998,0
46,0.4,45700.0,604,25.92,6203.26,22,13,0,0,20600.0,16.14,False,False,True,False,True,False,False,False,False,False,False,False,True,True,False,0.4507560009627798,0.19049514955707594,0.13573576070545504,0.6914856198347108,53.3952,1
48,0.4,88000.0,650,10.54,658.26,12,6,0,0,4400.0,13.78,True,False,False,False,False,False,True,False,False,False,True,False,False,True,False,0.049999431824638355,0.020439737842552107,0.007480142271110555,0.2231047619047619,4.6376,0
48,2.0,88800.0,732,21.24,2287.71,16,8,2,3,2900.0,12.64,True,False,False,False,True,False,False,False,True,False,False,False,False,True,False,0.03265728989538406,0.013134760709563983,0.02576220988502382,0.36626684856753067,6.159599999999999,1
28,2.4,72000.0,654,18.83,22554.98,16,11,0,2,1200.0,16.51,False,False,True,False,True,False,False,False,False,False,False,False,True,True,False,0.01666643518840016,0.00708068782553596,0.31325926028805157,0.47463099236641226,2.2596,0
65,4.4,87600.0,706,7.75,5424.45,10,5,0,0,1000.0,10.23,False,False,False,True,False,False,True,False,True,False,False,False,False,True,False,0.011415394801429207,0.004434362230898401,0.06192223833061266,0.11213932107496463,0.775,0
22,7.7,81300.0,698,29.87,3900.41,14,4,0,1,17800.0,15.5,False,False,False,True,False,False,True,False,False,False,False,False,True,True,False,0.2189394964391582,0.09170751508086747,0.04797493265765489,0.6623533619456367,53.168600000000005,1
52,1.1,26800.0,630,13.58,8885.89,19,14,0,0,4000.0,16.16,True,False,False,False,False,True,False,False,True,False,False,False,False,False,True,0.14924816238200067,0.043687576448516445,0.33155068840714896,0.34778573692551507,5.432,1
34,1.7,29300.0,662,10.51,6409.89,13,4,1,2,13200.0,15.29,True,False,False,False,False,True,False,False,True,False,False,False,False,True,False,0.4504965700829323,0.1880973580825219,0.21876011057643086,0.24237993966817492,13.8732,0
23,9.7,50700.0,741,7.93,23856.05,24,10,0,0,22800.0,11.61,True,False,False,False,False,False,True,False,True,False,False,False,False,True,False,0.449695272282598,0.17819363322100396,0.4705242500147926,0.1240799191374663,18.080399999999997,0
54,2.8,52500.0,623,11.45,14594.25,22,11,0,1,23600.0,16.37,True,False,False,False,False,True,False,False,False,False,False,False,True,True,False,0.4495152473286223,0.1905903632513086,0.2779804194205825,0.3003790064102564,27.022,0
42,15.3,65900.0,601,14.37,234.04,18,10,0,0,11800.0,18.03,False,False,False,True,False,True,False,False,False,False,True,False,False,False,True,0.17905646348310345,0.05458824837612031,0.003551387687591994,0.43038388704318936,16.956599999999998,1
54,3.3,65500.0,671,25.24,8298.62,24,12,1,0,13600.0,14.0,False,False,False,True,False,False,True,False,True,False,False,False,False,True,False,0.20763041785621594,0.08514148822368059,0.12669455428161402,0.5258333333333333,34.3264,1
30,0.6,137600.0,667,19.97,20994.65,19,9,0,0,13700.0,16.08,True,False,False,False,False,False,True,True,False,False,False,False,False,True,False,0.09956322991838722,0.04204801544454913,0.15257628941650134,0.4807149700598801,27.358900000000002,0
42,12.1,76200.0,693,17.35,9828.86,16,11,0,0,1800.0,14.71,False,False,False,True,False,False,True,False,False,False,False,True,False,True,False,0.023621737247542685,0.00978464320845018,0.12898597131271244,0.3677500000000001,3.123,0
45,7.9,76000.0,665,28.27,7856.01,23,13,0,0,11400.0,15.07,False,True,False,False,True,False,False,False,True,False,False,False,False,True,False,0.14999802634175866,0.06244945126445022,0.10336719253694031,0.6396830330330331,32.227799999999995,1
33,3.4,35400.0,715,13.35,7461.26,20,11,0,0,2600.0,12.03,False,False,False,True,True,False,False,False,True,False,False,False,False,True,False,0.07344425298720375,0.02927633500124396,0.21076410270896304,0.22430237430167596,3.471,0
28,2.6,66300.0,739,35.09,24190.6,11,4,0,0,16600.0,12.94,True,False,False,False,False,True,False,False,True,False,False,False,False,True,False,0.2503732975369904,0.10112920523862307,0.36486025851797105,0.6136008108108109,58.2494,0
50,3.0,58800.0,678,5.19,53.21,17,7,0,4,17600.0,12.98,True,False,False,False,False,False,True,False,True,False,False,False,False,True,False,0.2993146375061649,0.12096388988310235,0.0009049165830513087,0.0992138438880707,9.134400000000001,0
54,7.4,93700.0,598,5.19,21755.99,13,5,0,0,15300.0,18.19,False,False,False,True,False,True,False,False,True,False,False,False,False,False,True,0.16328534380636278,0.049953377114596,0.23218524882338504,0.15760617696160267,7.9407000000000005,0
48,5.2,49700.0,673,8.96,35744.42,15,9,0,2,11500.0,12.93,True,False,False,False,False,False,True,False,True,False,False,False,False,True,False,0.23138367437274904,0.09344049490516641,0.7191891511237198,0.17188842729970327,10.304,0
41,12.7,36500.0,716,5.68,4037.67,14,8,0,0,2700.0,11.4,False,False,False,True,False,False,True,False,False,True,False,False,False,True,False,0.07397057614859867,0.029220046655448393,0.11061806525848607,0.09030962343096234,1.5336,0
55,3.0,33500.0,710,23.0,11057.95,27,15,1,0,15100.0,12.29,False,False,False,True,False,False,True,False,True,False,False,False,False,True,False,0.45073281394585235,0.18034022869338337,0.3300782066206979,0.3975668073136427,34.73,0
33,0.1,41300.0,739,16.29,16441.6,20,8,0,3,9000.0,12.7,False,False,False,True,True,False,False,False,True,False,False,False,False,True,False,0.21791239921551536,0.08770721766753695,0.39809205588242413,0.2795716216216216,14.661,0
57,1.0,34600.0,688,18.86,4056.9,21,11,0,1,5700.0,16.14,True,False,False,False,False,True,False,False,True,False,False,False,False,True,False,0.16473512326233347,0.06961375898637828,0.11724805641455449,0.44180029027576195,10.7502,1
41,5.2,53200.0,684,15.39,36444.7325,19,10,0,0,1000.0,15.35,False,False,False,True,True,False,False,False,False,False,False,False,True,False,True,0.01879663916091803,0.005406459580503839,0.6850384861186819,0.34487080291970806,1.5390000000000001,0
57,4.0,78900.0,593,19.16,2060.87,21,12,0,3,34300.0,19.48,True,False,False,False,True,False,False,False,False,False,True,False,False,True,False,0.43472199338411427,0.19246368412030015,0.026119694300452464,0.6283447811447812,65.7188,1
52,6.4,21700.0,645,34.87,14158.45,17,12,0,0,9800.0,17.86,False,False,True,False,False,True,False,False,False,False,False,False,True,True,False,0.45159209253029814,0.19543418958946443,0.6524330676005714,0.9640529411764706,34.172599999999996,1
51,5.5,142987.5,690,20.35,182.85,13,6,0,2,5100.0,15.33,False,False,False,True,False,True,False,False,False,False,False,False,True,False,True,0.03566720400591656,0.010255744366761858,0.0012787741671533026,0.45146960926193924,10.3785,0
23,2.9,61700.0,656,13.53,805.54,18,12,0,1,4300.0,13.29,True,False,False,False,True,False,False,False,True,False,False,False,False,True,False,0.06969092883421663,0.028289866997527075,0.013055542049561594,0.2736890410958904,5.8179,0
54,1.6,30800.0,658,39.89,17355.03,20,9,0,0,7100.0,17.84,False,False,True,False,False,True,False,True,False,False,False,False,False,False,True,0.2305119963637544,0.06997634296425188,0.5634567059511054,1.079874962063733,28.3219,1
65,6.5,65900.0,688,12.31,16614.72,19,11,0,1,11900.0,13.09,False,False,False,True,False,False,True,False,False,False,False,False,True,True,False,0.1805738911397399,0.07309274493689336,0.2521163563527109,0.23387213352685052,14.6489,0
54,5.4,105200.0,659,25.33,13461.6,25,17,1,0,5800.0,14.99,True,False,False,False,False,False,True,False,False,False,False,True,False,True,False,0.055132555774184654,0.0229286207247405,0.1279607608292697,0.5752980303030303,14.691399999999998,0
52,2.0,80300.0,664,18.02,14179.64,21,11,0,1,14300.0,13.21,True,False,False,False,False,False,True,False,True,False,False,False,False,True,False,0.17807997409745832,0.07220906731558883,0.17658111356022962,0.3579612030075188,25.7686,0
60,0.2,33900.0,608,25.62,6765.88,14,3,0,1,13600.0,16.28,True,False,False,False,False,True,False,False,False,False,False,True,False,True,False,0.40116810713548273,0.1698576764411883,0.19957759358131028,0.6848827586206897,34.8432,1
60,1.5,53100.0,681,16.41,36444.7325,21,14,3,3,23900.0,14.14,False,False,True,False,True,False,False,False,False,False,False,False,True,True,False,0.4500856857686296,0.18492350068980798,0.6863285531345925,0.34023079178885635,39.2199,1
37,1.0,53300.0,650,13.65,26288.21,19,10,0,0,24000.0,15.75,False,False,True,False,False,False,True,False,False,False,False,False,True,True,False,0.4502729779929082,0.18925785710880144,0.4932029417834562,0.330241935483871,32.76,0
21,1.5,58200.0,714,12.37,9439.38,26,16,0,0,13200.0,14.03,False,False,False,True,False,True,False,False,True,False,False,False,False,True,False,0.2268002268002268,0.09304000622965417,0.162185873094964,0.24272881118881118,16.3284,0
22,0.7,99700.0,668,23.63,14666.13,13,8,0,1,1100.0,16.1,False,False,False,True,True,False,False,False,True,False,False,False,False,True,False,0.011032988636021705,0.004660670594207777,0.14710113238583364,0.5686741405082213,2.5993,0
55,0.4,37800.0,642,10.42,26471.82,14,10,0,0,1000.0,14.28,False,False,False,True,False,False,True,False,True,False,False,False,False,True,False,0.026454326605116266,0.010889806643401723,0.7002941721118489,0.23141150855365472,1.042,1
26,3.8,67100.0,706,3.17,7915.33,20,10,0,4,11900.0,12.74,False,False,False,True,False,False,True,False,False,False,True,False,False,True,False,0.17734459993144663,0.07142735532880153,0.1179614312752418,0.05712277227722773,3.7722999999999995,0
66,2.9,28600.0,675,13.02,4664.78,18,10,0,0,1700.0,13.83,False,False,False,True,True,False,False,False,True,False,False,False,False,True,False,0.059438481171986995,0.024309396657897248,0.1630984930596832,0.26637071005917157,2.2134,1
22,1.0,31600.0,660,5.33,5796.95,19,14,1,0,14200.0,14.86,False,False,False,True,False,True,False,False,False,False,False,False,True,True,False,0.4493528685801082,0.18648919029940994,0.1834419796841872,0.11982420574886536,7.5686,1
53,7.6,118000.0,639,16.02,7716.16,19,10,1,1,1000.0,16.84,True,False,False,False,False,True,False,False,False,False,False,False,True,True,False,0.008474504453352091,0.003617240513176793,0.06539063228277726,0.42152625,1.602,0
48,0.9,21800.0,701,26.81,5469.57,22,12,0,1,9800.0,14.15,False,False,False,True,True,False,False,False,False,False,True,False,False,True,False,0.4495206641897161,0.18466267022357447,0.25088619788083116,0.5404009971509971,26.273799999999998,0
42,5.6,50000.0,673,6.8,1888.36,30,18,0,0,12400.0,14.39,False,False,False,True,True,False,False,False,True,False,False,False,False,True,False,0.247995040099198,0.10225270722375904,0.037766444671106576,0.14518100890207716,8.432,0
38,6.3,36600.0,779,5.41,2860.74,20,10,0,0,10600.0,8.785000000000002,False,False,False,True,True,False,False,False,True,False,False,False,False,True,False,0.2896095735089205,0.11013356014606422,0.078160159558482,0.06093185897435899,5.7346,0
46,7.9,45300.0,671,10.56,713.81,22,9,0,0,20400.0,13.86,False,False,False,True,False,False,True,False,True,False,False,False,False,False,True,0.4503211849628044,0.1253159324292767,0.015757047305798987,0.21780000000000002,21.5424,1
54,8.5,38700.0,617,16.16,10246.66,12,4,0,1,17400.0,17.78,False,False,True,False,False,True,False,False,True,False,False,False,False,False,True,0.44960078550941834,0.13631923613644253,0.2647647347613757,0.464926860841424,28.1184,0
63,5.1,68000.0,617,15.51,19025.43,12,5,0,1,7600.0,18.58,False,False,False,True,True,False,False,False,False,False,False,False,True,False,True,0.11176306230790724,0.03447556212972969,0.27978162085851677,0.4663038834951456,11.7876,0
58,3.0,116500.0,748,16.23,4180.68,16,9,0,2,33600.0,11.36,False,False,False,True,False,True,False,False,True,False,False,False,False,True,False,0.28840954154899956,0.11388608500597854,0.03588535720723428,0.24615861148197596,54.5328,0
57,25.0,37600.0,653,38.31,7502.43,12,5,0,3,16900.0,20.55,True,False,False,False,False,False,True,False,True,False,False,False,False,False,True,0.4494561314858647,0.144507345105172,0.1995274061860057,1.2037775229357799,64.7439,1
54,13.3,56400.0,614,13.13,31456.39,16,9,1,0,25400.0,16.47,True,False,False,False,False,True,False,False,False,True,False,False,False,True,False,0.45034662505983936,0.19121328282525107,0.5577275225616567,0.3516278048780488,33.3502,1
37,5.2,120700.0,688,16.21,1355.33,11,6,0,2,13100.0,13.04,False,False,False,True,True,False,False,False,False,False,True,False,False,True,False,0.10853265507328025,0.04390382443550124,0.011228821633623582,0.3067901306240929,21.235100000000003,0
31,0.0,74000.0,693,16.67,583.63,19,12,2,0,1100.0,12.28,False,False,False,True,False,False,True,False,False,False,False,False,True,True,False,0.014864663991027148,0.005947633717777307,0.007886785313711977,0.2949677233429395,1.8337,0
34,13.4,42000.0,620,5.18,8921.85,14,7,0,4,11300.0,17.38,False,False,False,True,True,False,False,False,True,False,False,False,False,False,True,0.26904121330444514,0.08087635813452788,0.21241994238232423,0.144973268921095,5.853399999999999,1
30,2.7,24000.0,719,22.56,20761.65,15,10,3,0,6900.0,12.41,False,False,False,True,False,False,True,False,True,False,False,False,False,False,True,0.2874880213324445,0.07742133932867164,0.8650327069705429,0.3888466666666667,15.566399999999998,1
60,9.3,28300.0,777,11.01,1332.75,17,11,0,0,12700.0,11.96,False,False,False,True,True,False,False,False,False,False,False,True,False,True,False,0.4487473940850147,0.17868570710173895,0.047091975548567186,0.16925398457583546,13.9827,0
49,5.4,122000.0,635,13.93,1832.65,15,5,0,1,26500.0,14.11,True,False,False,False,False,True,False,False,True,False,False,False,False,True,False,0.21721133433332512,0.08921649886817391,0.015021598183621447,0.30904449685534585,36.9145,0
49,2.4,142987.5,691,13.15,16221.86,20,12,0,1,5000.0,14.76,True,False,False,False,False,False,True,False,False,False,False,False,True,False,True,0.03496784706462408,0.009929043234172678,0.11344870391674855,0.28048265895953756,6.575,0
65,4.2,69300.0,572,44.05500000000001,12060.82,16,7,0,1,10100.0,20.585,True,False,False,False,False,False,True,False,False,False,False,False,True,True,False,0.14574104269779656,0.06550718495190305,0.17403529530598405,1.5826739528795815,44.49555000000001,1
40,1.1,46700.0,632,16.91,36444.7325,23,12,0,1,21000.0,14.17,False,False,False,True,True,False,False,False,True,False,False,False,False,True,False,0.44966917196633904,0.18482583338642214,0.7803844136099869,0.3785382306477093,35.511,1
33,0.7,93100.0,716,5.11,4100.14,17,9,0,0,7300.0,11.55,True,False,False,False,False,True,False,False,True,False,False,False,False,True,False,0.07840946928604418,0.031046285184338326,0.04403969882170976,0.08231589958158997,3.7303,0
21,5.1,111500.0,699,6.36,5201.05,13,7,0,1,34300.0,12.23,True,False,False,False,False,False,True,False,True,False,False,False,False,True,False,0.30762055945686584,0.123002630183985,0.046645769993094235,0.11111828571428572,21.8148,0
42,4.6,74700.0,712,23.97,16768.68,19,10,0,2,10000.0,14.07,True,False,False,False,False,False,True,False,False,False,False,False,True,False,True,0.13386701650580313,0.03743102695566205,0.2244773162340531,0.4730124824684432,23.97,0
51,1.5,142987.5,740,44.05500000000001,25713.92,17,10,0,0,2900.0,15.17,False,False,False,True,True,False,False,False,True,False,False,False,False,True,False,0.020281351297481966,0.008456341008725946,0.17983208439839565,0.9019087044534414,12.775950000000002,0
61,7.2,33500.0,673,19.98,1370.13,17,8,0,0,15100.0,14.2,False,False,False,True,True,False,False,False,True,False,False,False,False,True,False,0.45073281394585235,0.185324734809974,0.0408981821438166,0.42094362017804154,30.169800000000002,0
59,1.1,17300.0,644,14.07,20043.35,25,19,0,0,7800.0,18.6,False,False,True,False,False,False,True,False,True,False,False,False,False,False,True,0.45084099185018206,0.13906430229197314,1.1585081787179932,0.40573953488372094,10.9746,1
67,0.8,85700.0,758,28.45,4180.96,15,8,0,2,27600.0,13.98,True,False,False,False,False,True,False,False,False,False,False,True,False,False,True,0.3220499177372493,0.08987085803269045,0.04878542840806992,0.5240197628458498,78.52199999999999,1
56,3.9,60400.0,723,5.41,3350.85,19,13,0,0,5900.0,12.09,False,False,False,True,False,False,True,True,False,False,False,False,False,True,False,0.09768050197844406,0.03897599299142113,0.05547673051770666,0.09034102209944753,3.1919,1
62,8.0,52900.0,683,13.97,11361.59,16,13,0,0,7300.0,15.8,False,False,False,True,False,True,False,False,False,False,False,False,True,False,True,0.13799361070679192,0.040084745705265004,0.21477079828358633,0.32269883040935676,10.1981,0
59,4.6,64400.0,651,9.94,3410.11,24,15,0,3,5200.0,13.61,False,False,False,True,False,True,False,False,False,False,False,True,False,False,True,0.08074408782472321,0.022346038782429148,0.052951196409993635,0.2074898773006135,5.1688,0
32,6.1,65700.0,684,19.12,13062.83,16,12,0,2,7200.0,14.99,False,False,False,True,False,False,True,False,False,False,True,False,False,True,False,0.109587373099344,0.04557251789044477,0.19882239235323662,0.4184070072992701,13.7664,0
67,1.3,37400.0,648,44.05500000000001,12336.95,6,1,0,3,1000.0,18.32,False,False,True,False,False,False,True,False,False,False,True,False,False,True,False,0.026737253014625276,0.01164753311429661,0.32985615357878134,1.2435864406779664,4.405500000000001,1
32,4.1,50200.0,695,6.92,29058.36,20,15,0,0,5200.0,12.26,True,False,False,False,True,False,False,True,False,False,False,False,False,True,False,0.1035835939523117,0.04143094027324406,0.5788402621461723,0.12189540229885056,3.5984000000000003,1
27,5.1,72000.0,559,18.95,7733.74,20,12,0,1,9000.0,19.05,False,True,False,False,True,False,False,False,True,False,False,False,False,True,False,0.12499826391300121,0.05501278838957565,0.10741156372828155,0.6446383928571429,17.055,1
40,0.7,23300.0,651,20.51,12213.27,18,11,0,0,10500.0,14.9,True,False,False,False,False,True,False,True,False,False,False,False,False,True,False,0.4506244367194541,0.1870995042162481,0.5241521823097721,0.46871012269938656,21.535500000000003,1
50,10.7,34500.0,621,7.54,3306.31,21,10,0,1,15500.0,16.97,True,False,False,False,False,False,True,False,False,False,False,True,False,False,True,0.44926234022202255,0.13385429079863004,0.09583229471609518,0.2057135048231511,11.687000000000001,1
27,1.3,47500.0,675,23.56,2039.66,19,9,0,0,21300.0,18.06,True,False,False,False,False,False,True,False,False,False,False,False,True,False,True,0.44841161238710764,0.1367845110587546,0.04293930654091493,0.6294284023668638,50.18279999999999,0
44,1.2,31200.0,653,9.41,17005.76,26,20,2,2,7500.0,15.01,False,False,False,True,False,False,True,False,True,False,False,False,False,False,True,0.24037691099644243,0.06861355112925246,0.5450389410595814,0.21596957186544344,7.0575,1
45,3.0,33800.0,633,22.9,36444.7325,21,10,0,0,15200.0,13.78,False,False,False,True,False,False,True,False,True,False,False,False,False,True,False,0.44969083754918493,0.18379651082980342,1.0782146238276973,0.4977318611987381,34.808,1
48,0.5,79400.0,628,22.77,15765.83,12,4,0,0,1000.0,15.11,True,False,False,False,False,False,True,False,False,False,False,True,False,True,False,0.012594299819901513,0.005246444396446477,0.19855958992959785,0.5469868044515103,2.277,0
46,4.8,54200.0,699,17.52,5076.8,15,7,1,0,24400.0,13.59,False,False,False,True,False,False,True,False,True,False,False,False,False,False,True,0.4501761960111437,0.12452716509329574,0.093666168520876,0.3401382857142857,42.748799999999996,0
38,2.7,32500.0,719,26.52,12271.94,15,6,0,1,9900.0,15.0,True,False,False,False,True,False,False,False,True,False,False,False,False,True,False,0.30460601212270394,0.12666833865336719,0.3775865357988985,0.5525,26.2548,1
42,5.3,115100.0,750,10.52,6427.22,15,8,0,1,34300.0,11.17,True,False,False,False,False,True,False,False,False,False,False,False,True,True,False,0.29799914857386123,0.11735020074451115,0.05583982762964701,0.156469241011984,36.0836,0
53,2.4,31900.0,610,3.41,14365.87,19,9,0,0,5700.0,15.34,True,False,False,False,False,True,False,False,True,False,False,False,False,True,False,0.1786777843954735,0.07465883872337718,0.45032663552866686,0.08561276595744681,1.9437,0
29,1.7,44500.0,682,5.35,1946.88,16,11,0,0,10900.0,13.57,False,False,False,True,False,False,True,False,True,False,False,False,False,True,False,0.24493831599289903,0.09981949660338986,0.043749129233050944,0.10629502196193263,5.8315,0
48,0.7,29000.0,673,7.24,5610.56,23,12,0,1,13000.0,12.98,False,False,False,True,False,True,False,False,True,False,False,False,False,True,False,0.4482604048136271,0.18112346104720226,0.19346091514085723,0.13942908011869437,9.412,1
27,5.2,57700.0,660,17.99,12502.05,11,8,2,3,26000.0,13.99,True,False,False,False,True,False,False,False,False,False,True,False,False,True,False,0.4505987764510147,0.18474329761831582,0.21666955512036185,0.38075658093797277,46.774,1
27,0.8,28000.0,622,17.46,1672.1,17,14,0,1,12600.0,17.96,False,False,False,True,False,False,True,False,False,False,False,True,False,True,False,0.44998392914538765,0.19503101205389434,0.05971572443841291,0.5033412520064207,21.9996,1
26,5.2,21300.0,658,14.86,26828.13,19,11,0,2,3400.0,14.43,True,False,False,False,False,False,True,False,False,False,False,False,True,True,False,0.1596169193934557,0.06583067809051275,1.2594774893197502,0.3253866464339909,5.0524000000000004,1
66,3.0,87300.0,706,21.63,17735.46,23,10,0,0,4300.0,14.56,False,False,False,True,False,False,True,False,False,False,False,False,True,True,False,0.04925487680553487,0.02035954652368975,0.203152999392905,0.445449504950495,9.300899999999999,0
29,2.1,55100.0,781,2.0,8683.15,15,7,1,0,17300.0,11.93,False,False,False,True,False,False,True,False,True,False,False,False,False,True,False,0.3139688934865066,0.12498824225854738,0.15758606921834448,0.030511508951406648,3.46,0
67,2.6,74300.0,702,9.67,46.69,22,10,0,1,14900.0,15.66,True,False,False,False,False,False,True,False,True,False,False,False,False,False,True,0.20053565900862708,0.05807721467340154,0.0006283899274572347,0.2154085348506401,14.4083,1
55,1.0,113400.0,722,6.57,33149.59,18,8,0,1,23300.0,12.37,True,False,False,False,True,False,False,False,False,False,False,False,True,True,False,0.20546556026842797,0.08232117596476964,0.2923218490136771,0.11240788381742738,15.308100000000001,0
67,4.3,17000.0,733,12.57,4716.16,19,10,0,1,7600.0,12.95,True,False,False,False,False,False,True,True,False,False,False,False,False,True,False,0.44703252749838246,0.1805015578697391,0.27740485853773306,0.22177316076294276,9.5532,0
28,2.8,104400.0,746,13.29,4617.34,14,11,0,4,6500.0,14.64,False,False,False,True,True,False,False,False,True,False,False,False,False,False,True,0.06225994003888852,0.017631188308551753,0.04422697100602485,0.26046265060240964,8.6385,0
39,1.7,93600.0,731,26.0,4109.43,18,8,0,4,14500.0,14.73,True,False,False,False,False,False,True,False,True,False,False,False,False,True,False,0.15491287486244806,0.0641882052543528,0.04390369761006827,0.5231967213114754,37.699999999999996,1
64,11.8,65800.0,681,24.05,10172.91,20,12,0,0,10000.0,15.3,False,False,True,False,False,False,True,False,True,False,False,False,False,False,True,0.1519733742648288,0.04366564216513199,0.15460114587924195,0.5395381231671554,24.05,1
30,3.6,49100.0,675,24.44,7641.99,20,10,2,0,22100.0,15.13,True,False,False,False,False,True,False,False,False,False,True,False,False,True,False,0.4500926661371459,0.18753333477617867,0.1556381743752673,0.5470076923076924,54.0124,1
58,3.0,42600.0,659,16.78,19649.65,12,5,0,0,3300.0,15.65,False,False,False,True,False,False,True,False,False,True,False,False,False,False,True,0.07746297035280862,0.022426694691086407,0.461248562240323,0.397889393939394,5.537400000000001,1
28,4.0,67900.0,615,37.15,4638.5,20,11,0,0,1700.0,17.05,False,False,False,True,True,False,False,False,False,False,False,True,False,True,False,0.025036450125918618,0.010717154267072232,0.06831269053474912,1.0282589285714285,6.3155,1
31,0.4,40700.0,766,10.74,8588.91,13,8,0,1,3800.0,11.74,True,False,False,False,False,False,True,False,True,False,False,False,False,False,True,0.09336379941524778,0.02476826903346088,0.21102454485147784,0.16439061277705347,4.0812,0
42,5.6,34900.0,635,6.98,16426.75,18,11,0,1,1000.0,15.07,False,False,False,True,True,False,False,True,False,False,False,False,False,False,True,0.02865247414114209,0.008189742119942034,0.47066702959800577,0.16539088050314465,0.6980000000000001,1
55,3.0,63700.0,571,7.44,17685.41,22,15,0,0,8300.0,19.72,False,False,False,True,False,True,False,False,False,False,False,False,True,True,False,0.1302962276887333,0.057874474750235945,0.2776315913407953,0.25649790209790213,6.1752,0
44,1.9,41100.0,587,19.9,3086.99,22,12,0,2,18500.0,20.585,True,False,False,False,True,False,False,False,False,False,False,False,True,True,False,0.4501107029026058,0.20229219062210793,0.07510741831098999,0.6966692176870748,36.815,1
45,7.4,50500.0,647,20.49,6360.06,20,12,0,0,1900.0,15.98,False,False,False,True,False,False,True,False,True,False,False,False,False,True,False,0.03762301736599275,0.01586465083980553,0.12593928833092416,0.5052935185185184,3.8930999999999996,0
25,4.9,80900.0,813,24.77,9841.22,17,13,0,0,20500.0,11.57,False,False,False,True,False,True,False,False,False,False,False,True,False,False,True,0.2533961261294669,0.06697189912985943,0.12164522070184546,0.35207481572481575,50.778499999999994,0
40,1.9,86400.0,681,20.18,2083.86,19,12,3,3,13000.0,15.03,False,False,False,True,False,False,True,False,True,False,False,False,False,False,True,0.1504612215136399,0.042976509461519166,0.024118470851031817,0.44472932551319644,26.234,1
29,0.4,54700.0,664,34.03,27106.69,14,10,0,2,1000.0,16.5,False,False,False,True,False,True,False,False,True,False,False,False,False,False,True,0.018281201440558673,0.0053921306688819405,0.49554286027677735,0.8443533834586466,3.4030000000000005,1
27,0.6,49900.0,723,36.81,6056.83,17,11,1,1,22500.0,14.19,False,False,False,True,False,True,False,False,True,False,False,False,False,True,False,0.4508927676800064,0.18538418739356635,0.12137692631410192,0.7214556629834253,82.8225,1
67,3.8,116600.0,704,36.79,29915.48,20,11,0,0,10100.0,13.4,True,False,False,False,False,False,True,False,False,False,False,True,False,True,False,0.08662018336034853,0.035220192469716596,0.25656280820919203,0.6992709219858156,37.1579,0
42,5.9,71500.0,570,9.72,24559.93,11,4,0,0,32200.0,18.4,True,False,False,False,False,True,False,True,False,False,False,False,False,True,False,0.450343351841233,0.19642777098002326,0.3434907204095048,0.3132189141856392,31.298400000000004,1
62,0.1,64700.0,639,10.34,29857.37,11,8,0,2,5500.0,15.08,False,False,False,True,True,False,False,False,False,False,False,True,False,True,False,0.08500641412033817,0.035395261551698594,0.46146690159348386,0.24363625,5.687,0
27,1.5,93800.0,684,14.92,367.41,26,16,0,2,4200.0,13.3,False,False,True,False,False,True,False,False,True,False,False,False,False,True,False,0.04477564205072441,0.01817962590295357,0.003916909201394442,0.2896875912408759,6.2664,0
22,0.4,27100.0,664,30.82,7265.99,15,8,1,1,8700.0,14.77,True,False,False,False,False,False,True,True,False,False,False,False,False,True,False,0.3210213645252943,0.1330522492951814,0.2681078188996716,0.6845284210526316,26.8134,1
24,15.3,34700.0,673,6.53,4373.66,24,13,0,1,7000.0,12.08,False,False,False,True,False,True,False,False,False,True,False,False,False,True,False,0.20172329327685082,0.08046821609695168,0.1260384426961759,0.11703620178041543,4.571,0
67,6.5,47600.0,701,29.91,32441.78,24,13,0,0,21400.0,13.68,True,False,False,False,False,False,True,True,False,False,False,False,False,True,False,0.44957038717673997,0.18350323637713728,0.6815356820234869,0.5828615384615384,64.0074,1
46,1.4,38100.0,694,25.5,19161.61,26,16,0,0,14300.0,15.21,False,False,False,True,True,False,False,False,True,False,False,False,False,False,True,0.375318233117241,0.10761156919754573,0.5029161964252907,0.5580647482014389,36.464999999999996,1
66,4.1,28300.0,746,19.44,1158.59,13,7,0,1,3700.0,12.89,True,False,False,False,False,True,False,True,False,False,False,False,False,False,True,0.13073742977279953,0.03559402500945935,0.04093812939472103,0.3354506024096386,7.1928,0
35,3.5,66100.0,726,15.8,29152.67,7,5,0,1,29700.0,15.47,False,False,False,True,False,False,True,False,False,False,False,False,True,False,True,0.4493124158484743,0.1295817940969787,0.4410322082873179,0.33621182943603856,46.926,0
53,2.2,52500.0,784,5.57,1662.0,21,14,0,5,1300.0,10.49,False,False,False,True,True,False,False,False,False,False,False,False,True,False,True,0.024761433115559704,0.006383827921206974,0.03165653987543095,0.07443222929936306,0.7241000000000001,0
36,0.6,56600.0,737,10.22,6829.32,24,11,0,1,1000.0,11.65,False,False,False,True,False,False,True,False,False,False,True,False,False,True,False,0.017667532375753078,0.007005028837509324,0.120657232204378,0.16133197831978321,1.022,0
51,7.0,40800.0,726,16.91,10055.54,25,12,0,2,7600.0,14.76,False,False,False,True,False,False,True,False,False,False,False,False,True,False,True,0.18626994436410874,0.05288075299683709,0.24645327320408816,0.3433171939477304,12.8516,0
34,4.8,34200.0,704,14.96,11044.83,18,8,0,2,6800.0,12.42,False,False,True,False,True,False,False,False,True,False,False,False,False,True,False,0.19882459577205344,0.07969969001429164,0.3229388029589778,0.26355063829787234,10.1728,0
66,4.3,65900.0,674,18.48,9966.17,20,12,0,2,10000.0,12.3,False,False,False,True,False,False,True,False,True,False,False,False,False,True,False,0.15174276566364697,0.060731480569884734,0.15122941988740687,0.3367466666666667,18.48,0
39,12.1,102800.0,778,20.51,13140.62,13,7,0,1,8000.0,11.68,False,False,False,True,False,False,True,False,True,False,False,False,False,True,False,0.0778202546667834,0.030871115978353313,0.1278257993599284,0.30751835686777923,16.408,1
62,4.8,19400.0,693,10.7,4639.81,22,15,0,1,8700.0,14.94,False,False,False,True,False,True,False,False,False,False,False,False,True,True,False,0.4484304932735426,0.1862761972699346,0.2391531364362662,0.23034293948126797,9.309,1
33,6.2,25000.0,663,44.05500000000001,13885.42,24,9,1,0,11200.0,17.48,False,False,True,False,False,True,False,False,True,False,False,False,False,True,False,0.4479820807167713,0.19286321177942123,0.5553945842166313,1.1597611445783134,49.341600000000014,1
44,2.0,56800.0,645,3.43,8509.7,19,9,0,1,3400.0,14.68,True,False,False,False,False,True,False,False,True,False,False,False,False,False,True,0.05985810108976954,0.016964538733273905,0.1498160243657682,0.07794489164086688,1.1662000000000001,1
39,4.8,77900.0,641,8.85,36444.7325,29,16,0,3,3700.0,16.14,False,False,False,True,False,False,True,False,False,False,False,False,True,True,False,0.047496181050307444,0.020074479611579647,0.4678339495000064,0.22249065420560749,3.2744999999999997,0
67,14.8,15000.0,662,8.86,6090.58,23,15,0,0,6800.0,15.59,True,False,False,False,False,True,False,False,True,False,False,False,False,False,True,0.45330311312579163,0.13100327041052676,0.4060115992267182,0.20833695324283558,6.0248,0
58,5.2,43700.0,718,6.46,36444.7325,27,15,1,0,4400.0,10.78,True,False,False,False,True,False,False,False,False,True,False,False,False,True,False,0.10068419486968262,0.03941957684539162,0.8339564884098761,0.09685507649513211,2.8424,0
48,1.4,43700.0,740,3.7,11092.84,11,7,0,2,1000.0,9.56,False,False,False,True,True,False,False,False,True,False,False,False,False,True,False,0.022882771561291503,0.008801520238549958,0.25383492368595684,0.04773549257759785,0.37000000000000005,0
38,4.6,64200.0,827,13.0,36014.98,17,9,0,0,11900.0,10.82,True,False,False,False,False,False,True,False,True,False,False,False,False,False,True,0.18535536829644397,0.04815322034421089,0.5609722589990811,0.1698792270531401,15.469999999999999,0
50,0.3,49500.0,722,39.93,5298.36,21,7,0,3,9400.0,14.69,False,False,False,True,False,False,True,True,False,False,False,False,False,True,False,0.18989515363325993,0.07863036836278377,0.10703541342599139,0.8113024896265559,37.5342,1
35,2.7,30300.0,707,19.32,16897.53,18,11,1,1,13600.0,16.75,False,False,False,True,False,False,True,False,False,False,False,False,True,False,True,0.4488300716147982,0.13308375326268027,0.557655852942147,0.4570762711864407,26.2752,1
52,2.6,57300.0,688,8.72,1643.85,18,8,0,2,6700.0,11.62,False,False,False,True,False,True,False,False,True,False,False,False,False,True,False,0.11692640617092197,0.04634041367694104,0.028687981012547773,0.14706298984034835,5.8424000000000005,0
61,14.2,42800.0,656,14.22,1542.37,17,10,0,0,9900.0,15.62,True,False,False,False,False,False,True,True,False,False,False,False,False,True,False,0.2313030069390902,0.09703826202442631,0.03603584028410551,0.3380767123287671,14.0778,1
58,8.8,31000.0,692,9.9,36444.7325,15,9,0,0,2900.0,12.07,False,False,False,True,False,True,False,True,False,False,False,False,False,True,False,0.09354536950420954,0.03730884200761809,1.175598609722267,0.17242857142857143,2.871,0
33,1.8,91800.0,661,15.71,9650.25,18,13,0,0,5100.0,15.98,False,False,True,False,False,True,False,False,True,False,False,False,False,True,False,0.05555495038180412,0.02342837732725748,0.10512140390627553,0.37922326283987917,8.0121,0
55,5.7,39000.0,666,10.81,8166.0,12,7,1,0,3900.0,12.96,False,False,False,True,False,True,False,False,True,False,False,False,False,True,False,0.09999743596318043,0.04039719657897368,0.2093792466859824,0.21004137931034486,4.2159,0
56,2.8,51900.0,690,21.45,17641.89,23,14,0,1,14000.0,16.51,False,False,True,False,False,True,False,False,True,False,False,False,False,True,False,0.26974432091867206,0.1145933323652678,0.33991425984085083,0.5125028943560058,30.029999999999998,0
62,4.7,25700.0,663,21.27,36444.7325,8,5,0,0,1100.0,13.99,False,False,False,True,False,False,True,False,False,False,True,False,False,True,False,0.04279989105482277,0.017543582929495757,1.4180278004746896,0.4481435240963855,2.3397,1
46,0.3,91400.0,696,13.74,3999.39,13,4,0,1,3700.0,14.85,True,False,False,False,False,True,False,False,False,True,False,False,False,False,True,0.04048095753875778,0.011516870893833943,0.04375652345160337,0.2927388809182209,5.0838,0
30,7.3,48800.0,747,19.84,13333.7,15,10,0,2,22000.0,11.49,False,False,False,True,True,False,False,False,True,False,False,False,False,True,False,0.4508104342124137,0.1783252107193213,0.2732259584844573,0.3047614973262032,43.648,1
40,2.3,124400.0,638,7.19,4518.92,20,12,0,0,25500.0,14.71,False,False,True,False,True,False,False,False,True,False,False,False,False,False,True,0.20498227506209757,0.05813925446525219,0.036325431467592706,0.16551627543035996,18.3345,0
38,8.1,60000.0,693,6.92,15120.18,19,7,0,2,3000.0,13.46,True,False,False,False,False,False,True,False,False,False,False,False,True,False,True,0.049999166680555325,0.0137907882676548,0.2519988000199997,0.1342121037463977,2.076,0
51,0.5,23900.0,655,15.6,3040.17,13,7,0,0,10800.0,19.5,False,False,False,True,True,False,False,False,True,False,False,False,False,True,False,0.45186393874733277,0.20004377030949,0.12719844357976653,0.4637195121951219,16.848,1
50,3.5,44600.0,579,14.08,14367.6,19,11,1,2,2300.0,17.87,False,False,False,True,False,False,True,False,True,False,False,False,False,True,False,0.051568350485415124,0.02232599127142096,0.32213627497141323,0.4338096551724138,3.2384,1
24,12.4,52800.0,761,5.24,3061.44,20,11,0,1,5600.0,11.46,True,False,False,False,False,True,False,False,True,False,False,False,False,True,False,0.10605859737504972,0.0419357239965683,0.05798072006212004,0.07880629921259844,2.9344000000000006,0
55,5.0,26700.0,748,14.65,13905.79,22,10,0,0,9400.0,11.41,True,False,False,False,False,False,True,False,True,False,False,False,False,True,False,0.3520467398224786,0.1390710974919801,0.5207965993783005,0.22317289719626168,13.770999999999999,1
61,5.7,50300.0,691,10.12,17471.75,19,15,1,0,1000.0,14.06,True,False,False,False,False,False,True,False,False,False,True,False,False,True,False,0.01988032047076599,0.00815871643488019,0.3473439891851057,0.2056173410404624,1.012,0
36,2.8,68200.0,626,22.43,4200.31,17,14,0,0,5100.0,18.11,False,False,False,True,False,True,False,False,True,False,False,False,False,False,True,0.0747789621853052,0.02283677761742135,0.06158722012873712,0.6478585326953747,11.4393,1
51,0.3,114900.0,723,15.38,16209.44,19,10,0,0,3100.0,12.52,True,False,False,False,True,False,False,False,True,False,False,False,False,True,False,0.02697974778287395,0.01083291349686848,0.1410730977102027,0.2659635359116022,4.7678,0
36,2.5,115100.0,676,7.77,11139.9,17,7,0,3,9200.0,13.95,False,False,False,True,False,True,False,False,False,False,False,False,True,True,False,0.07992980078365956,0.03275531540918392,0.09678369432064013,0.16010561299852288,7.1484,0
45,0.3,85200.0,729,16.3,18294.11,21,11,0,0,1500.0,16.88,False,False,False,True,True,False,False,False,False,False,False,False,True,False,True,0.017605427166347814,0.005236184615275348,0.2147170807854368,0.3769095890410959,2.445,0
29,0.8,22900.0,731,25.93,12446.91,18,11,0,0,1600.0,15.4,False,False,True,False,True,False,False,False,True,False,False,False,False,True,False,0.06986594471857124,0.029213573040724902,0.5435094537356447,0.5455218579234973,4.1488,0
52,3.0,34100.0,652,18.13,3852.7,23,17,0,3,15300.0,14.63,True,False,False,False,False,False,True,False,False,False,False,False,True,True,False,0.4486671945104249,0.1856044234559038,0.11297909152224274,0.4061897396630934,27.738899999999997,1
34,6.8,39100.0,687,18.52,14341.04,18,11,0,0,7400.0,12.53,False,False,False,True,False,False,True,False,False,False,False,True,False,True,False,0.1892534717782154,0.07598588364423806,0.3667691363392241,0.33729011627906974,13.704799999999999,1
39,0.2,26100.0,607,28.04,1159.15,20,13,1,2,3300.0,16.73,True,False,False,False,True,False,False,False,False,True,False,False,False,True,False,0.12643193747366002,0.05386536879597442,0.04441017585533122,0.7715611842105263,9.2532,1
66,4.6,34200.0,708,10.02,28832.84,16,11,0,0,2800.0,13.05,True,False,False,False,False,True,False,False,True,False,False,False,False,True,False,0.0818689512002573,0.03311487634577078,0.8430408467588667,0.1844301833568406,2.8056,0
52,0.3,75000.0,656,26.86,4692.46,21,9,0,0,18900.0,16.32,True,False,False,False,False,False,True,False,True,False,False,False,False,True,False,0.2519966400447994,0.1067761469648928,0.06256529912934494,0.6672073059360731,50.7654,1
57,3.6,125900.0,632,22.18,33215.54,21,9,0,1,11700.0,14.47,False,False,True,False,True,False,False,False,True,False,False,False,False,True,False,0.09293015941096576,0.03836529716601442,0.26382268607874443,0.5070214849921012,25.950599999999998,0
38,15.3,109700.0,652,7.61,9193.42,16,7,3,0,34300.0,15.23,False,False,False,True,False,False,True,False,False,False,False,False,True,False,True,0.31266807048249334,0.08970484333774786,0.08380434089023801,0.17748897396630933,26.102300000000003,0
34,3.0,126100.0,627,9.54,3636.6,20,11,0,1,21000.0,16.48,True,False,False,False,False,True,False,False,False,False,False,False,True,True,False,0.16653317578766227,0.07072607126691469,0.028838787955686316,0.2503490445859873,20.034,0
49,5.9,68100.0,591,10.17,5889.87,20,10,0,0,1000.0,16.8,True,False,False,False,False,False,True,False,True,False,False,False,False,True,False,0.01468407218689887,0.006263789678008987,0.08648727625145006,0.2886081081081081,1.0170000000000001,1
67,1.0,51800.0,644,14.16,909.02,26,17,0,3,23300.0,14.52,True,False,False,False,False,False,True,False,True,False,False,False,False,True,False,0.44979826644273274,0.1858031485442131,0.01754830987818768,0.3187646511627907,32.9928,1
29,4.2,115900.0,711,10.92,3363.19,19,12,1,4,34300.0,13.72,True,False,False,False,False,True,False,False,False,False,False,False,True,True,False,0.2959422265554223,0.12088137918132534,0.029017782417753085,0.21042471910112362,37.455600000000004,0
39,0.6,58100.0,710,12.03,32883.91,10,3,0,0,13300.0,13.41,True,False,False,False,True,False,False,False,True,False,False,False,False,True,False,0.22891172268979879,0.09308106597947947,0.5659783824719025,0.22689493670886074,15.9999,0
26,5.2,33800.0,708,24.64,625.05,15,10,0,0,7500.0,15.23,False,False,False,True,False,True,False,False,True,False,False,False,False,True,False,0.2218869264222952,0.09257145320908905,0.018492056448034082,0.529290832157969,18.48,1
37,4.2,86700.0,728,11.37,18749.26,22,12,0,2,28300.0,11.18,False,False,False,True,False,True,False,False,True,False,False,False,False,True,False,0.32640915329696313,0.12855243412712936,0.2162519463443328,0.17437119341563784,32.177099999999996,0
45,9.0,43300.0,643,14.94,20722.43,18,12,0,3,19500.0,13.51,True,False,False,False,False,False,True,False,False,False,False,False,True,False,True,0.4503360199533498,0.12434220459365006,0.4785670076903536,0.31341521739130435,29.133,1
64,2.0,57700.0,653,19.05,19460.33,21,12,0,0,26000.0,15.06,True,False,False,False,True,False,False,False,True,False,False,False,False,True,False,0.4505987764510147,0.1875650125782517,0.33726157258972983,0.43867431192660555,49.53,1
48,1.0,20800.0,663,22.89,5978.16,15,12,0,0,2200.0,16.31,False,False,True,False,False,False,True,False,False,False,False,True,False,False,True,0.10576414595452142,0.031056757299255177,0.2873977212634008,0.5622528614457831,5.0358,0
61,0.3,39800.0,655,7.06,30474.68,16,13,0,0,1000.0,14.87,True,False,False,False,False,False,True,False,False,False,False,False,True,True,False,0.025124996859375394,0.010429529029399195,0.7656762392904701,0.16003384146341462,0.706,0
26,3.5,42000.0,707,19.43,939.44,22,11,0,1,18900.0,13.29,False,False,True,False,False,False,True,False,False,False,False,False,True,True,False,0.4499892859693817,0.18265035429335413,0.022367086497940527,0.36472415254237284,36.722699999999996,0
40,3.7,50700.0,686,12.14,9931.66,19,7,0,0,22800.0,13.46,True,False,False,False,False,True,False,False,False,False,False,True,False,True,False,0.449695272282598,0.1829823733937512,0.1958868661367626,0.23785211062590977,27.679199999999998,0
47,4.4,60800.0,699,14.77,20537.01,14,10,1,0,27400.0,12.01,False,False,False,True,False,True,False,False,True,False,False,False,False,False,True,0.45065048272232366,0.1202992179434675,0.33777421423989734,0.253411,40.4698,0
24,2.0,57100.0,707,17.23,9752.11,13,8,0,0,25700.0,14.54,True,False,False,False,False,False,True,True,False,False,False,False,False,False,True,0.4500796833680671,0.12716344980655336,0.170787026496909,0.3538477401129943,44.281099999999995,0
34,4.4,30600.0,700,10.63,2582.28,14,9,0,0,13800.0,12.78,False,False,False,True,False,False,True,False,False,False,False,False,True,True,False,0.4509656547171661,0.1816995526615109,0.08438547759877128,0.19379657631954353,14.6694,1
21,0.5,25000.0,682,29.45,507.71,10,3,0,1,1000.0,13.84,False,False,False,True,True,False,False,True,False,False,False,False,False,True,False,0.03999840006399744,0.01636013308189786,0.02030758769649214,0.5967613469985358,2.9450000000000003,1
22,3.9,142987.5,621,23.69,15036.7,22,13,0,0,34300.0,18.73,False,False,False,True,False,False,True,False,True,False,False,False,False,False,True,0.23987943086332117,0.07423854590368151,0.10516020519132659,0.713366077170418,81.25670000000001,0
37,6.9,121300.0,681,29.16,9457.36,17,9,0,0,1400.0,14.67,False,False,False,True,False,True,False,False,True,False,False,False,False,True,False,0.011541537167871659,0.004778309355878561,0.07796605139281622,0.6272392961876833,4.082400000000001,0
37,0.1,15000.0,694,6.24,2316.03,23,8,0,0,6800.0,12.24,False,False,True,False,True,False,False,False,True,False,False,False,False,True,False,0.45330311312579163,0.1811651278539837,0.15439170721951873,0.1098958273381295,4.243200000000001,0
65,3.4,36700.0,708,13.06,12919.72,10,4,0,0,2600.0,13.31,False,False,False,True,False,True,False,False,True,False,False,False,False,True,False,0.07084275632816545,0.02876214830451271,0.35202637530312525,0.24517433004231315,3.3956000000000004,0
65,4.3,41000.0,693,44.05500000000001,8694.16,21,11,0,2,18400.0,16.06,True,False,False,False,False,False,True,False,True,False,False,False,False,False,True,0.4487695422062877,0.13109501226360468,0.2120475110363162,1.019486023054755,81.06120000000001,1
54,1.5,39100.0,615,12.9,3328.27,19,11,2,0,17600.0,15.15,False,True,False,False,True,False,False,False,False,False,False,False,True,True,False,0.4501163653103501,0.18758541434795836,0.08511981790747039,0.3172646103896104,22.704,1
21,13.3,93100.0,762,15.44,1211.4,19,11,0,0,6200.0,10.15,False,False,False,True,False,False,True,False,False,False,True,False,False,False,True,0.06659434377718822,0.017036224103575536,0.013011675492207388,0.20539449541284405,9.572799999999999,0
41,3.3,33600.0,714,37.58,24523.51,17,11,0,0,1400.0,14.06,False,False,False,True,True,False,False,True,False,False,False,False,False,True,False,0.041665426624207615,0.017097283047137007,0.7298446474807297,0.7389857342657343,5.2612000000000005,1
30,1.7,37500.0,731,25.47,270.65,16,8,0,1,7500.0,14.31,False,False,False,True,True,False,False,False,False,False,False,True,False,True,False,0.19999466680888509,0.0823617730854891,0.0072171408762433,0.4979176229508197,19.1025,0
24,0.6,112800.0,688,7.58,12558.45,13,7,0,0,11100.0,11.95,False,False,True,False,False,False,True,False,True,False,False,False,False,False,True,0.09840338294873273,0.026234762386419086,0.11133278960292906,0.13146734397677792,8.4138,0
53,2.8,35500.0,716,6.99,318.2,16,9,0,0,1000.0,13.07,False,False,False,True,False,False,True,False,True,False,False,False,False,True,False,0.028168220613503846,0.011397052800443412,0.008963127799216923,0.12741882845188285,0.6990000000000001,0
53,3.0,75200.0,698,6.79,17196.12,14,9,0,0,6800.0,11.96,False,False,False,True,False,True,False,False,False,False,False,False,True,True,False,0.09042432946370393,0.036014585363491315,0.22866876770255715,0.11617796852646639,4.6172,0
36,3.2,61500.0,702,30.09,4850.82,19,8,1,4,27700.0,16.22,True,False,False,False,False,False,True,False,False,False,False,False,True,False,True,0.45039918050113004,0.1320429972081987,0.07887383944976505,0.6942529160739687,83.3493,1
21,5.7,28700.0,669,11.62,13495.7,17,7,0,1,12900.0,14.04,True,False,False,False,True,False,False,True,False,False,False,False,False,True,False,0.44946169123027074,0.18437256135059732,0.4702170656074702,0.24349970149253727,14.989799999999999,1
28,8.6,43500.0,694,7.21,36444.7325,13,9,0,0,19600.0,14.69,False,False,True,False,True,False,False,False,False,False,False,True,False,True,False,0.4505643548424174,0.18656060946799644,0.8377906829728052,0.15239553956834534,14.131599999999999,0
40,5.3,74700.0,697,12.55,10718.18,23,12,0,0,5200.0,12.81,False,False,False,True,False,True,False,False,True,False,False,False,False,True,False,0.06961084858301764,0.02806505732167684,0.1434810778972169,0.2303230659025788,6.526000000000001,0
52,5.9,69500.0,623,41.79,26995.01,16,9,0,1,3800.0,18.77,True,False,False,False,True,False,False,False,True,False,False,False,False,False,True,0.054675472295362654,0.01693413686429438,0.3884118214126415,1.2570485576923076,15.8802,1
67,3.2,131300.0,669,17.87,12327.61,17,13,0,0,15700.0,15.28,False,False,True,False,False,True,False,False,True,False,False,False,False,True,False,0.11957258512882613,0.04993306278943623,0.09388816536050754,0.4075426865671642,28.0559,0
51,8.1,38000.0,670,14.36,22638.07,11,6,0,0,13900.0,14.71,False,False,False,True,False,False,True,False,False,False,True,False,False,False,True,0.3657798478987395,0.10372552205266479,0.5957230072892818,0.3148071535022355,19.960399999999996,1
41,0.4,72600.0,606,6.35,828.29,17,13,0,1,8400.0,17.0,True,False,False,False,True,False,False,False,True,False,False,False,False,True,False,0.11570088566273191,0.049493126958297044,0.011408796022093359,0.17784184514003293,5.334,0
64,10.1,94700.0,658,11.11,26708.22,26,13,0,1,1400.0,13.75,True,False,False,False,False,True,False,False,False,False,False,True,False,True,False,0.014783370819737912,0.00604090707151227,0.2820268001393861,0.23180955993930197,1.5554000000000001,0
24,0.5,45600.0,581,5.94,30644.11,19,7,1,4,9900.0,16.78,False,False,False,True,False,False,True,False,False,False,False,False,True,True,False,0.2171005021819697,0.0925753746268269,0.6720052191837899,0.17125979381443301,5.8806,1
32,0.8,53900.0,729,6.07,11181.64,17,11,0,1,7100.0,10.28,False,False,False,True,True,False,False,False,True,False,False,False,False,True,False,0.1317229735997477,0.05120155460467999,0.20744772824251867,0.08547890410958904,4.3097,0
42,3.1,103300.0,621,35.24,11024.02,18,8,0,0,1400.0,17.06,True,False,False,False,False,False,True,False,False,False,False,True,False,False,True,0.013552627757717737,0.004046630217701042,0.10671745675259678,0.9665504823151125,4.933600000000001,1
50,17.8,134900.0,647,11.62,26285.88,18,7,0,0,31300.0,15.24,False,False,False,True,True,False,False,True,False,False,False,False,False,False,True,0.23202200131948614,0.06658329233783228,0.19485311450619344,0.2732851851851852,36.370599999999996,0
34,19.2,36200.0,742,14.64,11119.5,10,5,3,2,1000.0,12.63,False,False,True,False,True,False,False,False,True,False,False,False,False,False,True,0.02762354631087539,0.0074773385650656185,0.3071600232037789,0.24886029609690447,1.4640000000000002,0
30,9.7,65500.0,705,5.75,36444.7325,21,14,0,1,28100.0,12.9,False,False,False,True,False,True,False,False,False,False,False,False,True,False,True,0.42900108395291675,0.11685012945077511,0.5563996351200745,0.10506373937677053,16.1575,0
30,0.7,97600.0,725,15.18,6072.79,19,9,0,0,6700.0,13.91,False,False,False,True,False,True,False,False,False,False,True,False,False,False,True,0.0686468376348603,0.019126931872754337,0.0622205715105378,0.2908454545454545,10.1706,0
53,1.2,142987.5,689,28.08,12391.41,20,10,0,1,8600.0,14.85,True,False,False,False,False,False,True,False,False,False,False,False,True,True,False,0.06014469695115342,0.02496432457384581,0.08666018595901069,0.6043304347826086,24.148799999999998,0
41,0.7,142987.5,768,10.44,8990.35,21,12,1,3,3000.0,13.07,False,False,True,False,True,False,False,False,True,False,False,False,False,True,False,0.020980708238774445,0.008490913724509804,0.06287463677148862,0.17743927178153443,3.1319999999999997,0
65,0.8,58900.0,717,29.36,6466.11,20,10,0,3,21900.0,13.49,False,True,False,False,False,True,False,False,True,False,False,False,False,True,False,0.37181032580092016,0.1513600362707175,0.1097792906741821,0.5516245125348189,64.2984,1
38,1.6,29000.0,677,15.51,4257.96,20,13,0,0,3500.0,13.68,False,False,False,True,False,True,False,False,False,False,False,True,False,True,False,0.12068549360366884,0.04925346121095704,0.14682114409847935,0.31294513274336283,5.4285,0
63,7.0,68500.0,613,33.35,15186.45,16,7,1,1,30800.0,16.57,False,False,False,True,False,False,True,False,True,False,False,False,False,True,False,0.4496284725770427,0.1911823917179124,0.22169676355089707,0.9000154723127036,102.718,1
64,2.6,60100.0,671,5.25,23398.42,18,8,0,0,27000.0,14.7,True,False,False,False,False,False,True,False,False,False,False,False,True,False,True,0.44924377298214674,0.12737905851318812,0.3893183141711452,0.11484375,14.175,0
57,0.8,15000.0,764,17.1,1860.69,22,10,0,1,6800.0,13.06,False,False,True,False,True,False,False,False,False,False,True,False,False,False,True,0.45330311312579163,0.12384479305891691,0.12403773081794547,0.29192941176470594,11.628000000000002,0
43,0.9,46200.0,686,8.47,24014.43,25,13,0,0,9000.0,12.53,False,False,False,True,False,True,False,False,True,False,False,False,False,True,False,0.1948009783338023,0.07821660610512114,0.5197816064587346,0.15448195050946145,7.623000000000001,1
29,2.1,43600.0,675,16.74,36132.96,26,16,0,0,13800.0,15.77,False,False,True,False,False,True,False,False,False,True,False,False,False,True,False,0.31650650214444626,0.1330647075009276,0.8287186073713906,0.3905174556213017,23.101199999999995,0
25,2.4,83000.0,758,19.45,9444.74,23,13,0,0,26300.0,11.71,True,False,False,False,False,True,False,False,False,False,False,True,False,True,False,0.31686365224515367,0.1257502080349809,0.11379067722075638,0.30007839262187086,51.153499999999994,0
31,3.2,128200.0,615,10.91,10149.04,16,7,0,0,4900.0,15.75,True,False,False,False,False,False,True,False,True,False,False,False,False,False,True,0.038221230723629304,0.011091808300130854,0.0791650611149679,0.2789488636363637,5.3459,0
37,2.2,71600.0,704,15.55,11857.85,21,15,0,0,9900.0,14.56,False,False,False,True,False,True,False,False,True,False,False,False,False,False,True,0.13826622533204844,0.03908394853316858,0.1656101171771344,0.32114609929078014,15.3945,0
44,9.3,23700.0,738,18.79,1333.9,16,12,2,0,1000.0,11.11,True,False,False,False,False,True,False,False,False,True,False,False,False,True,False,0.04219231256065145,0.01659455145530396,0.05628032572465297,0.28248565629228684,1.879,0
39,4.0,86000.0,570,12.75,2041.69,16,10,0,5,1000.0,18.68,False,False,False,True,False,True,False,False,False,False,False,False,True,False,True,0.011627771770095696,0.003594585819688753,0.023740305345286684,0.41711033274956216,1.2750000000000001,1
37,0.6,16000.0,763,9.4,6625.06,22,13,1,1,7200.0,10.68,True,False,False,False,False,False,True,False,True,False,False,False,False,False,True,0.44997187675770267,0.11646180828673304,0.4140403724767202,0.13140314136125653,6.768,1
38,1.3,50200.0,577,15.94,23369.06,23,14,1,1,10800.0,18.46,True,False,False,False,True,False,False,False,True,False,False,False,False,False,True,0.21513515667018585,0.06618945776686594,0.4655098504013864,0.5090871972318339,17.2152,1
60,4.1,55100.0,701,43.37,1104.31,15,9,0,1,7600.0,12.66,False,False,False,True,False,False,True,True,False,False,False,False,False,True,False,0.1379285312426272,0.05548654228272205,0.020041560044282317,0.7821427350427351,32.9612,1
44,3.7,39500.0,647,16.02,36444.7325,15,6,2,3,17800.0,15.58,True,False,False,False,False,True,False,False,True,False,False,False,False,True,False,0.4506215032530822,0.188938207557093,0.9226280980228349,0.38517222222222225,28.5156,1
34,2.4,58300.0,645,16.61,11316.12,14,8,0,0,21900.0,15.73,False,False,False,True,False,True,False,True,False,False,False,False,False,True,False,0.375636781530334,0.15784530427738352,0.1940982144388604,0.40445092879256966,36.375899999999994,1
28,0.1,62000.0,643,21.58,5681.57,16,5,0,1,27900.0,15.02,True,False,False,False,False,True,False,False,False,False,False,False,True,True,False,0.4499927420525475,0.1872094322215507,0.0916367477943904,0.5033099378881988,60.2082,0
23,5.3,46900.0,774,15.1,6753.91,22,15,0,2,2800.0,13.16,True,False,False,False,True,False,False,False,True,False,False,False,False,False,True,0.059700219611522144,0.016355263018671722,0.1440035393701627,0.2564077419354839,4.228000000000001,0
64,0.4,69100.0,674,20.85,36444.7325,20,14,0,0,7600.0,13.15,False,False,False,True,False,True,False,False,True,False,False,False,False,True,False,0.10998393655663449,0.044557843839488076,0.5274125193557256,0.4061888888888889,15.846000000000002,0
32,5.6,63400.0,742,44.05500000000001,36444.7325,18,12,0,1,16400.0,15.18,False,False,False,True,True,False,False,False,True,False,False,False,False,True,False,0.25867099888014383,0.10785808207265767,0.5748289853472343,0.9000738896366085,72.2502,1
61,14.5,61900.0,681,35.13,32450.94,19,11,0,2,22400.0,13.76,False,False,False,True,False,True,False,False,True,False,False,False,False,True,False,0.36186814429492253,0.1478815922003061,0.5242393499297264,0.7087812316715543,78.69120000000001,1
59,2.5,24800.0,633,15.38,913.2,11,6,0,0,4800.0,17.06,False,False,False,True,True,False,False,False,False,True,False,False,False,True,False,0.1935405830410064,0.08283562443688759,0.03682109592355147,0.4138529968454258,7.3824000000000005,0
29,4.5,18900.0,619,9.71,7206.48,12,5,0,1,8500.0,12.12,True,False,False,False,False,True,False,False,True,False,False,False,False,True,False,0.44971165546796465,0.17944736885362766,0.3812750648113856,0.18981483870967744,8.2535,1
46,7.3,44600.0,680,2.21,6161.38,23,17,0,0,7600.0,13.42,False,False,False,True,False,False,True,False,False,False,False,True,False,False,True,0.17039976682137173,0.04695465590744996,0.13814443622340306,0.043550954478707785,1.6796,0
31,1.7,90400.0,646,8.72,24206.52,20,9,0,0,24800.0,13.71,True,False,False,False,True,False,False,False,False,False,True,False,False,False,True,0.2743332485260119,0.07609575797510512,0.2677682768995918,0.18477774343122105,21.625600000000002,0
41,18.3,56400.0,665,17.66,18986.62,18,7,1,0,12600.0,15.6,False,False,False,True,False,True,False,False,False,False,False,False,True,True,False,0.22340029432102268,0.09370227212442667,0.3366362298540806,0.4136576576576576,22.2516,1
61,6.9,50500.0,673,13.78,2982.09,16,12,0,0,16300.0,14.9,False,False,False,True,False,True,False,False,True,False,False,False,False,False,True,0.3227658858240431,0.0919197289452999,0.059050117819449126,0.3046320474777448,22.461399999999998,1
50,1.8,50600.0,684,9.6,12013.9,14,5,0,0,11800.0,13.81,False,False,False,True,False,True,False,False,False,False,False,False,True,True,False,0.23319697239184997,0.09536267347637502,0.23742416157783441,0.19354160583941604,11.328,0
34,2.0,53700.0,634,11.88,6519.28,15,7,1,1,24200.0,17.29,False,False,False,True,False,False,True,False,True,False,False,False,False,True,False,0.45064337721830133,0.19354173249173726,0.12139960149717882,0.32347275590551183,28.7496,1
28,1.7,15800.0,705,14.75,9514.22,12,9,0,1,2800.0,15.07,True,False,False,False,False,False,True,False,True,False,False,False,False,True,False,0.17720397443199798,0.07373559017267306,0.6021277134358585,0.3148477337110482,4.130000000000001,0
24,6.1,28300.0,693,32.2,20584.13,18,12,2,0,1000.0,14.51,True,False,False,False,True,False,False,True,False,False,False,False,False,True,False,0.03533444047913501,0.014591348391050467,0.7273287162997775,0.6732305475504323,3.2200000000000006,1
42,5.2,17900.0,656,11.43,16984.95,15,6,0,1,4000.0,15.09,False,False,True,False,False,True,False,False,True,False,False,False,False,False,True,0.2234512038433607,0.06387815533712302,0.9488268811798224,0.2625246575342466,4.572,1
52,1.7,69300.0,691,21.37,29901.69,13,9,0,0,7900.0,12.67,True,False,False,False,False,True,False,False,False,False,False,False,True,True,False,0.11399546904085078,0.045867081665071,0.43147559198279967,0.3912686416184971,16.8823,0
61,2.2,94800.0,691,8.07,17788.28,13,10,0,1,12700.0,14.91,False,False,False,True,False,True,False,False,True,False,False,False,False,False,True,0.13396483159460343,0.03816383610807646,0.1876381050832797,0.17387817919075144,10.2489,1
50,6.9,72700.0,681,37.5,6726.74,13,9,0,1,1100.0,15.86,False,False,False,True,False,True,False,False,False,True,False,False,False,True,False,0.01513046588079944,0.006369801279816918,0.09252610005364438,0.8720674486803519,4.125,1
25,0.5,58900.0,708,23.55,21492.16,15,9,0,0,8900.0,12.52,False,False,False,True,True,False,False,False,True,False,False,False,False,False,True,0.15110099998302237,0.04080435855212978,0.3648861649207993,0.41586177715091677,20.959500000000002,0
52,1.4,66000.0,708,7.36,4720.58,15,7,0,1,7300.0,11.52,True,False,False,False,True,False,False,False,False,False,False,False,True,True,False,0.11060438478204876,0.04377282121360171,0.07152285571430736,0.119587023977433,5.3728,0
23,15.1,142987.5,673,10.92,9627.35,12,7,0,0,5800.0,13.55,False,False,False,True,False,True,False,False,False,False,True,False,False,False,True,0.04056270259496393,0.011211778200300025,0.06732954048752172,0.21953412462908012,6.3336,0
58,0.1,86200.0,607,4.0,36444.7325,22,9,0,0,6700.0,18.26,True,False,False,False,True,False,False,True,False,False,False,False,False,True,False,0.07772531641164256,0.03383693479467543,0.42278781568659296,0.12013157894736844,2.68,0
35,9.3,15300.0,724,13.29,36444.7325,17,11,0,1,5900.0,13.74,False,False,False,True,False,False,True,False,True,False,False,False,False,False,True,0.38559571269851645,0.10696606170714386,2.3818529834651327,0.25186841379310343,7.841099999999999,1
49,5.7,51800.0,655,16.63,17253.28,18,6,0,0,19700.0,17.57,False,False,False,True,False,True,False,False,True,False,False,False,False,False,True,0.3803015385803363,0.11479666930603692,0.3330684735815911,0.44541021341463416,32.7611,1
41,0.8,42900.0,624,34.15,2569.13,15,7,0,2,3000.0,17.26,True,False,False,False,False,True,False,False,False,False,True,False,False,False,True,0.0699284398965059,0.02096693824298322,0.05988508426377008,0.9430864,10.245,1
61,3.6,45100.0,693,20.79,497.05,17,7,0,1,9800.0,16.59,True,False,False,False,False,True,False,False,False,False,False,False,True,False,True,0.21729008225981686,0.06421351484797935,0.011020819937473671,0.4969828530259366,20.3742,0
26,3.1,142987.5,596,16.24,1402.16,17,10,0,1,4100.0,17.98,True,False,False,False,False,False,True,True,False,False,False,False,False,False,True,0.028673634592991742,0.008733047297846817,0.00980610328802666,0.48910418760469004,6.6583999999999985,1
38,14.3,95500.0,742,8.08,2911.65,21,11,0,2,1900.0,13.16,True,False,False,False,False,True,False,False,False,False,False,False,True,True,False,0.019895079632674003,0.00806160888112132,0.03048816242761856,0.1431127860026918,1.5352000000000001,0
30,3.5,113400.0,736,15.23,18046.91,20,13,1,2,29100.0,14.39,False,False,False,True,False,False,True,True,False,False,False,False,False,False,True,0.2566114937258049,0.07226793115949298,0.15914242378815002,0.2973672998643148,44.319300000000005,0
33,2.7,128100.0,646,3.39,7631.42,25,17,0,0,3900.0,16.28,False,False,False,True,False,True,False,False,True,False,False,False,False,True,False,0.03044472720743788,0.012893608224666328,0.05957346156548349,0.08530015455950542,1.3221,0
45,3.1,39800.0,683,13.91,4412.86,20,13,0,0,9500.0,14.73,False,False,False,True,True,False,False,True,False,False,False,False,False,False,True,0.23868747016406622,0.06771631778120851,0.11087309364086329,0.29955307017543864,13.2145,1
38,7.9,43600.0,665,44.05500000000001,6764.29,12,8,1,3,18700.0,15.78,True,False,False,False,False,True,False,False,True,False,False,False,False,True,False,0.4288892456595032,0.18033767763911862,0.15514070778193162,1.0438256756756759,82.38285000000002,1
62,7.5,30000.0,611,29.58,19174.37,22,13,0,0,13500.0,17.95,True,False,False,False,True,False,False,True,False,False,False,False,False,True,False,0.44998500049998336,0.1950095135297951,0.6391243625212493,0.8675833333333332,39.933,1
50,5.1,59800.0,680,11.37,27890.26,19,12,2,1,26900.0,14.19,True,False,False,False,True,False,False,False,False,False,True,False,False,True,False,0.44982525375829835,0.18495202790666213,0.46638450862025715,0.2369167400881057,30.585299999999997,0
44,3.0,95300.0,621,6.59,19846.71,21,9,2,0,10400.0,17.12,False,False,True,False,False,False,True,False,False,False,True,False,False,False,True,0.1091279210081741,0.032626108637985894,0.20825290395693644,0.181383922829582,6.8536,0
53,3.1,114000.0,735,25.44,171.29,25,15,1,0,31400.0,15.03,False,False,True,False,False,False,True,False,True,False,False,False,False,True,False,0.2754361803843826,0.11461453247158428,0.0015025306795554425,0.5195152173913044,79.8816,1
32,9.5,47400.0,683,29.68,2218.65,14,5,3,1,21300.0,16.66,True,False,False,False,False,True,False,False,True,False,False,False,False,False,True,0.44935760848927236,0.13299764139242073,0.04680597455749879,0.7229076023391813,63.218399999999995,1
22,3.0,89300.0,736,25.47,6971.71,13,10,0,1,10200.0,15.54,True,False,False,False,False,True,False,False,True,False,False,False,False,False,True,0.1142204454597373,0.03299329248199004,0.07806978645255933,0.5370472184531886,25.9794,0
48,2.1,36900.0,655,11.19,10060.0,16,8,0,0,16600.0,16.66,False,False,True,False,False,True,False,False,True,False,False,False,False,True,False,0.44985230752554134,0.19149225051897273,0.2726213381751172,0.28418506097560975,18.5754,1
46,1.0,116800.0,658,2.24,7050.85,21,12,3,0,1000.0,14.49,False,False,False,True,False,True,False,False,True,False,False,False,False,False,True,0.008561570534498849,0.0024165049402356895,0.06036634960317121,0.049252807283763286,0.22400000000000003,0
36,1.9,142987.5,616,22.85,9592.33,19,9,0,1,20900.0,18.48,False,False,False,True,False,False,True,True,False,False,False,False,False,True,False,0.14616560073012866,0.06382907326520797,0.0670846256866811,0.684388978930308,47.7565,1
41,0.0,57400.0,688,14.67,7521.13,11,6,1,0,19100.0,15.1,False,False,False,True,False,False,True,False,True,False,False,False,False,True,False,0.3327468162575565,0.13858639141832707,0.1310278566575495,0.32150507982583454,28.0197,0
30,3.2,55500.0,725,13.65,18272.05,20,10,0,2,4700.0,11.11,True,False,False,False,True,False,False,True,False,False,False,False,False,True,False,0.08468315886200249,0.033315373600453724,0.32922019423073456,0.20888636363636365,6.4155,0
37,5.1,25800.0,686,13.79,36444.7325,13,6,1,1,11600.0,13.78,False,False,False,True,True,False,False,True,False,False,False,False,False,True,False,0.44959497693887834,0.18373879662370632,1.412531781713887,0.2766029112081514,15.996399999999998,1
27,3.0,142987.5,718,14.87,2590.06,30,17,0,0,3300.0,11.64,False,False,True,False,False,True,False,False,False,False,False,False,True,True,False,0.02307877906265189,0.009150298550901817,0.01811376439364005,0.2407326842837274,4.9071,0
43,1.7,108100.0,617,4.14,2036.34,21,11,0,4,29800.0,16.68,True,False,False,False,False,False,True,False,True,False,False,False,False,False,True,0.27566812517923056,0.08163633674253923,0.018837383557968934,0.11173980582524272,12.3372,1
23,1.9,36300.0,626,11.41,1641.26,20,10,0,0,6800.0,13.77,True,False,False,False,True,False,False,False,True,False,False,False,False,True,False,0.18732266328751274,0.07655287028389988,0.045212528580479874,0.25058325358851674,7.758800000000001,0
33,2.1,134400.0,650,30.74,24484.13,18,4,0,3,12000.0,18.11,False,False,False,True,True,False,False,False,True,False,False,False,False,False,True,0.08928504996242588,0.027268963640143213,0.18217223086137752,0.855148079877112,36.888,1
49,2.4,93800.0,718,27.41,19156.3,17,11,0,0,4100.0,16.09,False,False,False,True,True,False,False,False,True,False,False,False,False,True,False,0.043709555335230965,0.018461528734972504,0.2042227694800695,0.613389290681502,11.2381,0
53,10.7,79900.0,714,15.68,1895.94,18,11,0,0,34300.0,14.5,False,False,False,True,False,True,False,False,True,False,False,False,False,True,False,0.4292812355289671,0.17729094898716383,0.023728614160023028,0.31798601398601395,53.7824,1
64,7.4,76900.0,659,16.55,16758.64,19,11,0,0,28100.0,14.77,True,False,False,False,False,True,False,False,True,False,False,False,False,True,False,0.36540487119803383,0.15148747931541995,0.21792486443609316,0.3703689393939394,46.505500000000005,0
35,1.0,103400.0,617,34.28,6825.82,12,8,0,0,1600.0,17.18,False,False,False,True,False,True,False,True,False,False,False,False,False,True,False,0.015473738165008076,0.006636111864987409,0.06601309465092213,0.9529618122977346,5.4848,1
56,6.0,36700.0,694,5.42,1075.77,20,13,1,0,16500.0,14.1,False,False,False,True,False,False,True,False,True,False,False,False,False,False,True,0.44957903054412685,0.12577318480433278,0.0293117353750579,0.10995971223021582,8.943,1
63,6.9,51700.0,680,6.88,1078.99,12,6,0,0,1000.0,14.0,False,False,True,False,False,True,False,False,False,False,True,False,False,True,False,0.01934198564824665,0.007931071261918048,0.020869809094601652,0.14143906020558003,0.6880000000000001,0
52,13.8,41400.0,668,14.01,12296.13,19,9,0,0,2000.0,16.27,False,False,True,False,False,False,True,False,True,False,False,False,False,True,False,0.04830801188377092,0.020452319914963088,0.29700079708219607,0.3407215246636771,2.802,0
30,0.9,83400.0,722,25.41,5926.64,17,13,0,0,15800.0,14.71,False,False,False,True,False,False,True,False,True,False,False,False,False,False,True,0.18944616971019532,0.053730403505767785,0.07106197767412861,0.516986307053942,40.147800000000004,1
24,1.5,58300.0,637,17.62,21124.24,17,9,1,0,14000.0,16.81,False,False,False,True,False,True,False,False,True,False,False,False,False,False,True,0.24013310234815868,0.07130759906783074,0.3623306632819334,0.4642510971786834,24.668,1
63,1.2,58100.0,726,17.23,19349.69,18,8,1,1,3400.0,15.63,True,False,False,False,False,True,False,False,False,False,False,False,True,False,True,0.05851878625152751,0.01693580683562473,0.33303540386568214,0.3704331499312242,5.858200000000001,0
45,7.9,63900.0,730,14.56,8220.47,17,13,0,1,17300.0,12.49,True,False,False,False,False,False,True,False,True,False,False,False,False,True,False,0.2707312874602901,0.1086490326276327,0.12864383968951973,0.248774829001368,25.1888,0
53,1.8,71000.0,634,13.75,2050.23,22,10,0,2,32000.0,15.97,False,False,False,True,False,False,True,False,False,False,True,False,False,True,False,0.45069787749468315,0.19003286664379865,0.028876072167997636,0.34580708661417325,44.0,1
38,9.7,60100.0,676,23.78,31478.36,24,15,0,1,1000.0,15.95,False,False,False,True,False,False,True,True,False,False,False,False,False,True,False,0.016638658258598026,0.00701337894214184,0.5237576745811218,0.5602525849335303,2.378,1
27,6.2,33800.0,753,17.24,15714.87,21,11,2,2,12400.0,13.29,True,False,False,False,False,True,False,False,False,False,False,True,False,False,True,0.3668530516848614,0.10078635317292069,0.4649232271234579,0.303872148541114,21.377599999999997,0
47,4.7,49500.0,716,24.56,26085.01,10,8,0,0,1400.0,12.96,True,False,False,False,False,True,False,False,True,False,False,False,False,True,False,0.028282256924102543,0.011426215277076003,0.5269592533484172,0.4439297071129707,3.4384,0
63,1.5,76100.0,786,9.75,8691.5,21,10,0,0,19800.0,11.23,False,False,True,False,False,False,True,False,True,False,False,False,False,True,False,0.26018054953285763,0.10254130767878432,0.11421006294266829,0.1391264294790343,19.305,0
65,10.4,142987.5,573,7.26,36444.7325,20,12,0,2,9800.0,17.3,False,False,False,True,False,True,False,True,False,False,False,False,False,False,True,0.06853698024666319,0.020571164778265448,0.2548787664742269,0.21881184668989548,7.1148,0
67,4.5,32700.0,627,6.51,6183.23,15,12,0,0,5400.0,16.33,False,False,False,True,False,False,True,False,False,False,False,False,True,True,False,0.16513256475337146,0.06996659148077097,0.1890838200666646,0.1692807324840764,3.5154,1
65,15.9,46000.0,712,21.59,7933.33,14,8,0,1,2700.0,13.77,True,False,False,False,False,True,False,False,False,False,False,False,True,False,True,0.05869437620921284,0.01630082388036759,0.17245994652290167,0.41696255259467035,5.8293,0
47,3.9,49800.0,606,15.68,3499.53,13,8,0,0,22400.0,17.48,True,False,False,False,True,False,False,False,False,False,False,False,True,False,True,0.4497901648561274,0.1355083866632127,0.07027027569727516,0.451542668863262,35.123200000000004,1
65,5.5,54600.0,716,8.77,3715.95,22,9,0,1,14600.0,14.25,True,False,False,False,True,False,False,False,True,False,False,False,False,False,True,0.2673943700664823,0.07506300213739119,0.06805644585264006,0.1742991631799163,12.8042,0
24,1.0,86700.0,716,38.54,9901.01,19,10,0,0,1900.0,15.76,False,False,False,True,False,False,True,False,False,False,False,False,True,True,False,0.02191439545103286,0.009213043588345949,0.11419718342348993,0.8471274755927476,7.3225999999999996,0
24,1.9,60500.0,639,26.92,36444.7325,19,9,1,2,27200.0,16.09,True,False,False,False,True,False,False,False,False,False,False,True,False,True,False,0.4495793457959373,0.1898757907975461,0.6023823159947769,0.6767856250000001,73.22240000000001,1
64,2.2,46400.0,562,21.83,7569.21,22,14,1,3,3800.0,19.11,False,False,False,True,False,False,True,False,True,False,False,False,False,False,True,0.08189478675028555,0.025546213102185487,0.16312601021529707,0.7409792184724688,8.295399999999999,1
58,3.2,142987.5,615,16.75,20786.4,17,7,0,0,26700.0,17.22,True,False,False,False,True,False,False,False,True,False,False,False,False,True,False,0.18672830332509258,0.08012787074382972,0.1453711312448204,0.4682386363636364,44.7225,0
61,0.5,44700.0,695,14.27,19484.19,15,6,1,3,1800.0,13.52,False,False,False,True,False,False,True,False,False,False,False,True,False,False,True,0.040267555535670345,0.011120845855527086,0.4358781682736404,0.2771988505747126,2.5686,1
29,4.5,46700.0,691,13.1,20534.12,19,8,1,1,9500.0,15.15,False,False,False,True,False,True,False,False,False,False,False,False,True,False,True,0.20342176827048672,0.058251333618729105,0.43969336845035434,0.2867991329479769,12.444999999999999,0
44,0.2,30000.0,709,7.78,9391.16,15,12,0,1,1000.0,13.44,False,False,True,False,False,False,True,False,False,False,False,False,True,False,True,0.033332222259258026,0.009187903627486449,0.3130282323922536,0.14727211267605633,0.778,0
25,0.8,29200.0,613,26.43,3202.55,24,17,0,0,1400.0,19.85,False,False,True,False,False,False,True,False,True,False,False,False,False,False,True,0.04794356357658984,0.015188834773372193,0.10967261395157701,0.8544552117263843,3.7002,1
63,2.6,47100.0,700,14.83,28735.35,18,12,2,0,12000.0,14.51,True,False,False,False,False,True,False,False,False,False,False,True,False,False,True,0.25477166089891934,0.07193122226998526,0.6100794038343135,0.3069661911554922,17.796,0
50,1.6,74900.0,624,19.06,36444.7325,13,4,1,1,33400.0,15.13,True,False,False,False,False,True,False,False,False,False,False,False,True,True,False,0.44592195030773957,0.18580992068003818,0.4865720417617922,0.46140447999999995,63.660399999999996,1
65,1.3,44600.0,699,15.78,10298.48,17,13,1,3,20100.0,14.74,True,False,False,False,True,False,False,True,False,False,False,False,False,True,False,0.4506625411986278,0.18673450131321417,0.23090244613349475,0.3322817142857143,31.717799999999997,1
46,5.5,25000.0,657,18.5,5701.16,15,7,0,0,2000.0,14.02,False,False,False,True,False,True,False,False,True,False,False,False,False,True,False,0.07999680012799489,0.032804104631563434,0.22803727850885963,0.3941793313069909,3.7,1
44,3.6,47100.0,706,21.57,13457.07,19,11,0,0,21000.0,15.75,True,False,False,False,False,False,True,False,True,False,False,False,False,False,True,0.44585040657310887,0.12936676058660007,0.28570667289441837,0.48051980198019806,45.297000000000004,0
38,7.8,57600.0,782,29.31,25596.5,14,11,0,0,1000.0,11.69,True,False,False,False,False,False,True,False,True,False,False,False,False,True,False,0.01736080970816479,0.006887407279864429,0.44437596569504,0.4375911877394636,2.931,0
28,2.5,28300.0,687,10.38,3018.6,18,12,1,3,12700.0,13.08,False,False,True,False,False,False,True,False,True,False,False,False,False,False,True,0.4487473940850147,0.12269753927416494,0.10666054203031694,0.19734069767441864,13.1826,1
49,0.8,42400.0,626,9.78,5482.4,13,8,0,0,6500.0,14.43,True,False,False,False,False,True,False,False,True,False,False,False,False,True,False,0.1532982712671871,0.06324092636464257,0.1292988372915733,0.2250803827751196,6.357,0
25,2.1,42800.0,713,9.33,36444.7325,25,16,0,0,19300.0,14.2,False,True,False,False,False,True,False,False,True,False,False,False,False,False,True,0.45092404383075163,0.1264358359654317,0.8514925469031097,0.18555462184873947,18.006899999999998,0
32,0.0,62400.0,729,5.27,4070.12,22,12,2,0,9300.0,12.42,True,False,False,False,True,False,False,False,False,False,False,False,True,True,False,0.14903607313985354,0.059750429525598385,0.06522523677505168,0.0896621917808219,4.9011,1
22,3.6,119100.0,595,34.74,24020.1,20,11,0,3,34300.0,20.01,True,False,False,False,False,True,False,False,True,False,False,False,False,True,False,0.28799086489618053,0.12843901708989716,0.20167840740212087,1.1663546979865773,119.15820000000001,1
32,13.0,142987.5,625,35.53,9885.97,18,8,1,0,12800.0,17.62,True,False,False,False,False,False,True,False,True,False,False,False,False,True,False,0.08951768848543765,0.038627908484171775,0.06913821740909233,1.0000616613418531,45.4784,1
24,1.5,45600.0,570,31.45,36444.7325,22,12,0,0,12600.0,20.01,False,False,False,True,False,False,True,False,False,False,False,True,False,True,False,0.2763097300497796,0.1232110900215182,0.7992090633977325,1.1021269702276708,39.627,1
54,2.6,27100.0,764,22.95,19847.2,22,11,0,0,1000.0,12.89,False,False,False,True,False,False,True,False,False,False,False,False,True,True,False,0.03689900741670049,0.014889787649884198,0.732341980000738,0.3867,2.295,0
49,0.7,126900.0,728,7.46,3522.95,16,13,0,1,34300.0,10.93,False,False,False,True,False,True,False,False,False,False,False,False,True,True,False,0.27028943822349705,0.1060704720756742,0.027761404559459735,0.1118488340192044,25.5878,0
67,9.5,23000.0,676,23.76,5779.13,22,15,0,3,10400.0,14.89,True,False,False,False,False,False,True,False,False,False,False,False,True,True,False,0.4521542541628625,0.18770699472932512,0.2512555975827138,0.5225796159527326,24.710400000000003,1
41,3.5,63200.0,762,29.85,25408.17,19,8,0,0,17000.0,12.83,False,True,False,False,True,False,False,False,True,False,False,False,False,True,False,0.26898308571066915,0.10847424629828857,0.40202164522713246,0.5019338138925296,50.745000000000005,0
45,5.3,46400.0,645,15.4,27426.05,16,11,0,3,1000.0,17.49,False,False,False,True,True,False,False,True,False,False,False,False,False,True,False,0.021551259671127778,0.0092813245032188,0.591065925303334,0.41694427244582044,1.54,0
24,5.7,34800.0,714,23.32,7476.44,19,13,0,0,1400.0,13.52,True,False,False,False,True,False,False,False,True,False,False,False,False,True,False,0.040228729059509784,0.016381574072883962,0.21483405649262952,0.44096,3.2648,0
61,1.3,54000.0,759,28.69,13985.75,29,15,0,0,16600.0,14.33,False,False,False,True,False,False,True,False,True,False,False,False,False,True,False,0.30740171478305955,0.12664139098649638,0.25899057424862504,0.5409575,47.6254,0
38,6.1,45000.0,723,24.28,569.22,16,12,0,0,2400.0,12.19,False,False,False,True,True,False,False,False,True,False,False,False,False,True,False,0.05333214817448501,0.021309601047193996,0.012649052243283483,0.40880276243093927,5.8272,1
49,0.7,24400.0,691,14.96,5875.42,20,14,0,1,1000.0,14.22,False,False,True,False,False,False,True,False,False,True,False,False,False,True,False,0.04098192697020614,0.016852980010772088,0.24078603335928855,0.30741502890173417,1.4960000000000002,0
31,2.3,40600.0,687,5.62,12134.35,24,13,3,0,1800.0,11.55,False,False,False,True,False,False,True,False,False,True,False,False,False,True,False,0.04433388340188665,0.017551351550562012,0.29886825447649074,0.09434738372093024,1.0116,0
43,0.0,67900.0,736,22.97,8850.31,20,11,1,3,1000.0,13.14,True,False,False,False,False,False,True,False,False,False,False,False,True,True,False,0.01472732360348154,0.0059656186137169815,0.1303413793611287,0.40953297150610585,2.297,1
66,2.8,48800.0,649,8.67,18058.16,14,8,0,0,5500.0,15.87,True,False,False,False,False,True,False,False,True,False,False,False,False,True,False,0.11270260855310342,0.04745002132950623,0.3700366795762382,0.2116813846153846,4.7685,0
35,3.1,54700.0,760,44.05500000000001,2881.1,19,8,0,2,5300.0,14.33,False,False,False,True,False,False,True,False,False,False,False,False,True,False,True,0.09689036763496096,0.027247481544159236,0.05266996947039359,0.8295770696452037,23.349150000000005,1
63,15.7,29100.0,692,44.05500000000001,12892.12,25,13,0,0,8900.0,16.91,False,False,False,True,True,False,False,False,True,False,False,False,False,True,False,0.3058314147280162,0.13063098652813826,0.44301295488127557,1.0749928571428573,39.20895000000001,1
55,3.0,86800.0,705,16.91,5877.2,7,4,0,0,3400.0,15.02,False,False,False,True,False,False,True,False,False,False,False,False,True,False,True,0.039170055644520224,0.011185752298792297,0.0677088973629336,0.359756657223796,5.7494000000000005,0
29,0.1,112600.0,667,30.3,17484.84,21,14,0,0,1000.0,15.36,False,False,False,True,False,False,True,False,False,False,False,False,True,True,False,0.0088809158000373,0.0037127710882599485,0.1552813918171242,0.6967185628742515,3.0300000000000002,1
30,1.1,42100.0,705,9.89,25759.42,14,8,1,1,11100.0,11.47,True,False,False,False,True,False,False,False,False,True,False,False,False,True,False,0.26365169473409183,0.10425778470197379,0.611848174627681,0.1606774787535411,10.977900000000002,0
30,2.4,30900.0,626,5.8,3004.82,17,10,0,0,12900.0,16.41,False,False,False,True,False,False,True,False,False,False,False,False,True,False,True,0.41746221805119577,0.12287270018250164,0.09724021876314683,0.15179904306220096,7.482,1
62,2.1,48100.0,705,16.7,10741.18,15,9,0,1,8000.0,14.0,False,False,True,False,False,True,False,False,False,False,True,False,False,True,False,0.16631670859233696,0.06819613520058297,0.22330471299972973,0.3311614730878187,13.36,0
22,1.4,50600.0,620,15.62,3603.5,12,6,1,0,4000.0,16.57,True,False,False,False,True,False,False,False,False,False,False,True,False,True,False,0.07904982114977965,0.03361013922414994,0.07121400762830774,0.41678486312399354,6.248,1
50,3.1,63500.0,697,3.77,10920.65,14,7,1,0,3100.0,12.82,True,False,False,False,False,True,False,False,False,False,False,False,True,True,False,0.048818128848364596,0.019684346831750663,0.1719760318735138,0.06924269340974212,1.1687,0
37,10.3,41300.0,667,29.66,34362.83,21,9,0,1,2100.0,15.65,False,False,False,True,False,True,False,False,False,False,False,False,True,True,False,0.05084622648362025,0.0213402628917104,0.8320096365705432,0.6948787425149701,6.2286,0
57,2.0,83500.0,683,27.07,4847.01,22,9,0,0,14700.0,14.57,False,False,False,True,False,False,True,False,False,False,False,False,True,True,False,0.17604579585873223,0.07277857394462095,0.0580473287745057,0.5766226608187135,39.7929,0
57,8.0,142987.5,599,15.33,36444.7325,19,13,1,2,11800.0,16.24,True,False,False,False,False,False,True,False,False,False,False,True,False,True,False,0.08252411907251282,0.03493040269253847,0.2548787664742269,0.41493199999999997,18.089399999999998,1
40,3.0,52200.0,715,42.72,3217.75,19,9,0,0,3300.0,16.56,False,False,False,True,False,False,True,False,True,False,False,False,False,False,True,0.06321717974751441,0.018670372921740574,0.06164153943411046,0.9880491620111731,14.0976,1
25,0.3,23700.0,668,16.42,2612.09,20,12,0,0,10700.0,13.97,True,False,False,False,False,False,True,False,False,False,False,False,True,False,True,0.4514577443989705,0.12591290336069258,0.11021011771655205,0.3428810164424515,17.5694,1
49,8.7,25300.0,658,29.82,4880.92,19,11,0,2,11400.0,14.84,False,False,True,False,False,False,True,False,True,False,False,False,False,False,True,0.45057507608394926,0.1281204350307609,0.1929141140666377,0.6715156297420334,33.9948,1
56,3.0,28700.0,624,11.92,1170.41,26,11,0,2,5400.0,14.6,False,False,True,False,False,True,False,False,True,False,False,False,False,True,False,0.18814675446848542,0.07779468272816885,0.040779415351381486,0.27845119999999995,6.436800000000001,1
36,1.1,43100.0,647,21.44,6043.74,20,7,1,3,2800.0,17.04,False,False,False,True,False,False,True,False,True,False,False,False,False,False,True,0.06496368993758846,0.019386003391984912,0.14022273265121457,0.5637925925925926,6.0032000000000005,1
59,3.0,95300.0,633,19.55,3413.66,15,6,0,0,24700.0,17.52,False,False,True,False,False,True,False,False,True,False,False,False,False,False,True,0.2591788123944135,0.07815837151622698,0.035819771041227265,0.5402460567823344,48.288500000000006,1
31,0.2,60200.0,601,15.41,8677.4,13,10,1,0,8900.0,15.4,True,False,False,False,False,False,True,False,False,False,False,False,True,True,False,0.1478380757794721,0.06183504047190438,0.14414046278301024,0.39420930232558143,13.7149,1
28,3.6,24100.0,705,5.18,2017.43,21,12,0,0,7200.0,11.2,False,False,False,True,True,False,False,False,True,False,False,False,False,True,False,0.2987427907555703,0.11765159898397833,0.08370731504916809,0.0821756373937677,3.7295999999999996,1
36,9.8,85000.0,706,9.05,2556.85,18,7,0,3,1000.0,14.94,True,False,False,False,False,False,True,True,False,False,False,False,False,False,True,0.011764567475676757,0.0033536602302017163,0.030080234350184115,0.19124045261669023,0.9050000000000001,0
66,0.5,35600.0,723,24.5,5524.34,23,12,0,0,9400.0,14.66,True,False,False,False,False,False,True,True,False,False,False,False,False,False,True,0.26403752703575745,0.07478981124550274,0.15517373107496982,0.4960911602209945,23.029999999999998,0
56,2.4,87100.0,727,24.52,6578.17,20,10,0,1,28200.0,12.86,False,False,False,True,True,False,False,False,True,False,False,False,False,True,False,0.3237620693218218,0.13062755427621126,0.07552347275002583,0.43314175824175827,69.1464,1
45,2.4,37900.0,699,25.69,11980.85,22,8,0,2,17100.0,12.76,True,False,False,False,False,True,False,False,True,False,False,False,False,True,False,0.45117543072742144,0.18174461648043275,0.316109073639218,0.468292,43.9299,0
40,12.7,53100.0,674,10.73,9461.26,14,9,0,5,1600.0,12.83,False,False,True,False,False,True,False,False,True,False,False,False,False,True,False,0.030131259298318298,0.012150791768794765,0.17817479896800437,0.20394948148148148,1.7168,0
45,3.8,91900.0,725,15.58,22417.9,19,11,0,0,6300.0,13.6,True,False,False,False,False,False,True,False,True,False,False,False,False,True,False,0.06855202881361465,0.02795245292447288,0.24393532170487808,0.2918567493112948,9.8154,0
56,5.3,54100.0,721,32.47,3767.79,22,12,0,0,9400.0,14.06,True,False,False,False,True,False,False,False,True,False,False,False,False,True,False,0.17374909890759874,0.07130626493114109,0.0696436295077725,0.6323105263157895,30.5218,0
50,5.3,25500.0,699,11.96,18113.88,23,10,0,0,11500.0,12.4,True,False,False,False,False,True,False,False,False,False,False,True,False,True,False,0.45096270734481003,0.1806986535397736,0.7103203795929571,0.21186285714285716,13.754,1
60,7.2,84200.0,588,3.29,11016.75,16,9,0,0,1000.0,18.24,True,False,False,False,True,False,False,False,True,False,False,False,False,False,True,0.011876343511359723,0.003637130212292958,0.13083870737877223,0.10188387096774193,0.329,0
52,0.3,50700.0,713,44.05500000000001,12276.56,19,12,0,0,19600.0,15.08,False,False,False,True,False,False,True,False,True,False,False,False,False,True,False,0.38658014634819826,0.16095800902227544,0.24213644701287942,0.9304613445378153,86.3478,1
63,2.2,56000.0,716,2.12,14682.97,7,4,0,0,7500.0,13.96,False,False,False,True,True,False,False,False,True,False,False,False,False,False,True,0.13392617988964484,0.03735407895685752,0.2621912108712344,0.04127642956764296,1.59,0
53,0.1,49500.0,695,20.46,3050.06,19,9,0,0,22300.0,14.08,False,False,False,True,False,False,True,False,False,False,False,False,True,True,False,0.45049594957677624,0.18493162937076268,0.06161612896709157,0.41390344827586206,45.6258,0
46,1.7,62700.0,751,7.43,8881.01,22,11,0,0,15700.0,8.85,True,False,False,False,False,True,False,False,False,False,False,False,True,True,False,0.25039473054656225,0.0953234744838922,0.14164064368989332,0.0874408244680851,11.6651,0
59,1.7,27900.0,692,19.94,8073.1,24,19,0,0,12600.0,14.98,True,False,False,False,True,False,False,False,True,False,False,False,False,True,False,0.4515967169635497,0.18772989844495375,0.2893480520411455,0.43102626262626265,25.1244,1
26,13.2,40900.0,674,19.41,31983.84,20,13,0,3,1000.0,14.34,False,True,False,False,False,True,False,False,False,False,False,False,True,True,False,0.024449279968704923,0.010073229446263926,0.7819818586342632,0.4123546666666667,1.941,0
26,0.9,71000.0,688,12.34,4933.75,17,10,0,1,5200.0,12.06,True,False,False,False,False,True,False,False,False,False,False,False,True,True,False,0.07323840509288601,0.029211423355686616,0.06948845790904354,0.21599477503628448,6.4168,0
55,5.7,89300.0,620,20.8,9141.92,13,7,0,0,13200.0,17.06,False,False,False,True,True,False,False,False,False,False,False,False,True,False,True,0.1478146941243659,0.04413471942560043,0.10237197791738055,0.57141384863124,27.456000000000003,0
53,1.4,75300.0,665,14.5,8448.29,19,11,0,1,28100.0,15.63,False,False,True,False,False,False,True,False,False,False,True,False,False,True,False,0.37316901501972083,0.15659453233268053,0.11219359636658213,0.34029279279279284,40.745,0
38,4.0,31100.0,724,22.83,21014.68,14,9,0,3,5000.0,15.18,False,False,False,True,False,False,True,False,True,False,False,False,False,False,True,0.1607665348381081,0.046061684306263936,0.6756914568663387,0.4780129655172414,11.415,0
65,1.6,80100.0,711,18.26,14080.32,21,10,0,0,34300.0,13.35,True,False,False,False,False,False,True,False,True,False,False,False,False,True,False,0.4282093856506161,0.17398043514439027,0.17578207513014818,0.34237500000000004,62.631800000000005,1
60,0.4,73100.0,683,8.82,21594.48,15,7,0,3,6700.0,13.66,True,False,False,False,False,False,True,False,True,False,False,False,False,True,False,0.09165401294099944,0.03740320719958603,0.2954060819961423,0.1761421052631579,5.909400000000001,0
32,9.6,36900.0,635,8.42,3880.72,18,14,0,1,5900.0,16.23,False,False,False,True,True,False,False,False,True,False,False,False,False,True,False,0.15988726592775263,0.06765184371522925,0.1051657136662963,0.2148688679245283,4.9677999999999995,0
60,1.2,43000.0,622,19.28,5598.99,15,6,2,1,11200.0,14.99,True,False,False,False,True,False,False,False,False,False,True,False,False,True,False,0.260459059091649,0.10830377604863939,0.13020604171996,0.4638959871589085,21.593600000000002,1
46,2.7,55800.0,741,31.16,36444.7325,19,9,0,0,2500.0,14.44,False,False,False,True,False,False,True,True,False,False,False,False,False,True,False,0.044802064479131196,0.018486197970817672,0.6531197021558753,0.6064021563342318,7.79,0
29,2.9,37500.0,644,20.93,5871.45,18,10,0,0,16900.0,15.65,False,False,False,True,False,False,True,False,True,False,False,False,False,True,False,0.45065464920935444,0.18913555403022206,0.15656782485800377,0.5078364341085272,35.3717,0
23,3.1,55800.0,631,4.43,1108.1,20,10,0,3,9200.0,15.14,False,False,False,True,False,False,True,False,False,False,False,False,True,False,True,0.1648715972832028,0.047203617489006894,0.01985806705973011,0.10612373417721518,4.0756,0
59,6.5,57700.0,668,21.06,11556.01,21,13,0,1,24600.0,15.12,True,False,False,False,False,True,False,False,True,False,False,False,False,True,False,0.4263357654113447,0.17761576049648523,0.20027399871752657,0.47597488789237663,51.807599999999994,1
25,1.1,32900.0,710,16.04,36444.7325,17,9,0,1,5500.0,13.48,True,False,False,False,True,False,False,True,False,False,False,False,False,True,False,0.1671681711802073,0.06803264953765238,1.1077089602139751,0.30410576652601967,8.822000000000001,1
59,3.0,31400.0,721,8.3,9004.28,19,8,1,0,9600.0,11.89,True,False,False,False,False,False,True,False,False,True,False,False,False,False,True,0.3057227476831948,0.08137531509626855,0.2867513773446706,0.13668559556786705,7.968,0
67,8.1,100800.0,641,24.56,2641.03,22,11,0,0,7300.0,17.95,True,False,False,False,False,False,True,False,True,False,False,False,False,True,False,0.07241991646908265,0.03139262249527197,0.026200434519498817,0.6866853582554516,17.9288,0
36,2.5,33400.0,657,23.75,1409.97,17,7,0,2,15000.0,18.7,False,False,False,True,False,False,True,False,False,False,False,False,True,False,True,0.4490883506481842,0.1388613866983797,0.04221340678422802,0.6749620060790273,35.625,1
57,0.2,29800.0,735,16.04,1194.64,15,7,2,0,13400.0,13.98,False,False,False,True,False,True,False,False,True,False,False,False,False,False,True,0.44964934062615347,0.1254483983464891,0.040087245394449855,0.3046728260869565,21.4936,1
50,3.0,51400.0,747,12.57,6830.62,23,11,0,1,23100.0,12.82,False,False,False,True,False,False,True,False,False,False,False,False,True,True,False,0.449407599073948,0.1812018322011883,0.13288885430244549,0.21543770053475936,29.0367,0
42,4.7,87300.0,803,16.59,4867.99,20,9,1,1,5700.0,10.97,False,False,False,True,False,True,False,False,True,False,False,False,False,True,False,0.065291348323616,0.025636299977380598,0.05576098784664551,0.22635858208955223,9.456299999999999,0
52,13.6,87700.0,707,21.51,15978.84,17,5,0,1,8300.0,14.96,True,False,False,False,False,False,True,False,False,False,False,False,True,True,False,0.09463974185014994,0.03934143625256014,0.18219678224877708,0.4545050847457628,17.8533,0
49,3.8,98200.0,704,44.05500000000001,4650.12,14,6,0,0,7400.0,15.48,False,False,False,True,True,False,False,False,True,False,False,False,False,True,False,0.07535564810948972,0.03155617722194198,0.04735308194417572,0.9673353191489363,32.6007,0
65,3.0,69600.0,763,15.2,1012.81,22,9,0,4,31300.0,11.01,False,False,False,True,True,False,False,False,True,False,False,False,False,True,False,0.44970618238243704,0.17667127693256657,0.014551658740535336,0.21904712041884813,47.57599999999999,1
58,5.1,51800.0,651,37.3,6639.05,16,6,0,0,20700.0,17.33,False,False,False,True,False,False,True,False,False,False,False,False,True,True,False,0.3996061852087798,0.17171673343677846,0.1281645141985676,0.9914248466257667,77.21099999999998,1
52,5.6,29500.0,716,10.14,22055.44,28,13,0,2,11300.0,11.79,False,False,False,True,False,True,False,False,False,True,False,False,False,True,False,0.383037863123284,0.15215071234237423,0.7476166909596285,0.16673723849372385,11.4582,1
48,5.3,90700.0,698,15.62,5282.3,16,11,0,3,2500.0,14.76,False,False,False,True,False,False,True,False,False,False,False,False,True,True,False,0.027563091917398926,0.011425582577998942,0.05823860817411054,0.3298300429184549,3.905,0
32,4.4,61300.0,610,16.2,5117.33,25,15,0,1,1800.0,16.59,True,False,False,False,True,False,False,False,False,False,False,False,True,False,True,0.02936330565569893,0.008677996495808128,0.083478736072821,0.43986579378068735,2.916,1
46,2.9,38300.0,664,21.55,9320.17,17,12,0,0,17200.0,14.9,False,False,True,False,False,True,False,False,False,False,False,False,True,True,False,0.4490744366987807,0.18649040620711607,0.24334012166784158,0.4828496240601504,37.066,1
37,0.9,46400.0,667,18.06,2836.94,25,15,1,0,16600.0,15.02,True,False,False,False,False,True,False,False,True,False,False,False,False,True,False,0.3577509105407211,0.1488254024661452,0.061139630611409236,0.40607964071856284,29.979599999999998,0
45,0.1,65500.0,710,19.26,15621.77,21,14,0,0,6000.0,13.54,True,False,False,False,True,False,False,True,False,False,False,False,False,True,False,0.09160165493656586,0.037317345120564234,0.23849666417306606,0.366779746835443,11.556000000000001,0
42,2.1,94100.0,668,6.08,7552.61,19,9,0,0,29400.0,12.45,False,False,False,True,False,True,False,False,False,False,False,True,False,True,False,0.3124302611024325,0.12531855648486842,0.08026067735730757,0.11314798206278026,17.8752,0
47,1.1,33200.0,653,24.7,7743.83,17,11,0,3,6900.0,15.27,False,False,False,True,False,False,True,False,True,False,False,False,False,False,True,0.20782506551007499,0.05966399481352853,0.2332408662389687,0.576711009174312,17.043,1
57,3.3,77800.0,704,4.71,3473.14,12,5,3,4,15000.0,13.5,True,False,False,False,False,True,False,True,False,False,False,False,False,True,False,0.19279957841158854,0.07850141005984404,0.04464132851762831,0.09019148936170213,7.0649999999999995,1
22,7.2,49800.0,689,18.85,24260.83,25,12,1,1,22400.0,12.99,True,False,False,False,False,False,True,False,False,True,False,False,False,True,False,0.4497901648561274,0.18179634715193554,0.4871554788056465,0.35487173913043485,42.224000000000004,0
46,0.5,142987.5,643,10.54,721.45,25,15,0,0,12000.0,13.96,False,False,False,True,False,False,True,False,True,False,False,False,False,True,False,0.08392283295509778,0.034397194184488,0.005045510652954608,0.2284757763975155,12.647999999999998,0
56,1.7,26000.0,638,7.39,2488.54,15,12,1,0,8800.0,14.93,False,False,False,True,True,False,False,True,False,False,False,False,False,True,False,0.33844852121072266,0.14059049026953618,0.09570939579246952,0.17266463223787165,6.5032,1
57,1.3,100200.0,776,6.48,2434.97,11,1,0,0,2800.0,10.42,False,False,False,True,False,False,True,False,False,False,False,False,True,True,False,0.027943832895879282,0.010885074297184822,0.02430085528088542,0.08690038610038611,1.8144000000000002,0
38,7.2,54700.0,712,11.73,30567.46,16,9,1,1,1000.0,12.97,True,False,False,False,False,False,True,False,False,False,False,False,True,False,True,0.018281201440558673,0.004987070923521293,0.5588098937862196,0.21337741935483873,1.173,0
35,0.1,15000.0,567,21.66,15985.18,22,7,0,2,6800.0,20.29,False,False,True,False,False,True,False,True,False,False,False,False,False,False,True,0.45330311312579163,0.14489002023033085,1.065607626158256,0.7737348591549296,14.728800000000001,1
23,4.9,54700.0,646,15.13,28679.46,20,11,1,0,1100.0,14.9,True,False,False,False,False,True,False,False,True,False,False,False,False,True,False,0.02010932158461454,0.0083516630921363,0.5242949854664448,0.34843431221020094,1.6643000000000001,0
26,1.2,41900.0,603,6.34,9772.05,20,15,0,0,18900.0,16.89,False,False,False,True,False,False,True,False,False,False,False,False,True,False,True,0.45106322044819935,0.1341658345848296,0.2332175843058638,0.1772890728476821,11.9826,0
55,3.7,32800.0,667,3.55,6980.99,28,15,0,3,8400.0,13.47,True,False,False,False,False,True,False,False,False,False,False,False,True,False,True,0.256089753361178,0.07063985342254914,0.212828572299625,0.07158458083832335,2.9819999999999998,1
32,1.2,55800.0,594,15.76,26282.42,14,7,0,0,6100.0,17.33,False,False,False,True,False,False,True,False,True,False,False,False,False,True,False,0.10931703732908013,0.046975875096416535,0.47100267020304293,0.4590265546218487,9.6136,0
65,10.4,93500.0,662,15.59,8189.76,24,14,2,1,21900.0,15.67,False,False,False,True,True,False,False,False,False,False,False,True,False,True,False,0.23422209388134888,0.0983457692329082,0.0875900792504893,0.36846953242835595,34.1421,1
31,3.0,29200.0,704,14.32,36444.7325,25,13,0,2,2100.0,14.55,True,False,False,False,False,False,True,False,False,True,False,False,False,True,False,0.07191534536488477,0.02971461246047184,1.2480645354611142,0.29554042553191495,3.0072,1
30,3.3,86800.0,647,9.85,36444.7325,22,10,0,1,24900.0,15.15,False,False,False,True,True,False,False,False,False,False,False,False,True,True,False,0.286863054573104,0.11956828737336533,0.41986535293372196,0.23028935185185184,24.526500000000002,0
58,1.9,29600.0,590,5.88,7211.13,23,9,0,0,13300.0,17.26,True,False,False,False,False,False,True,False,False,True,False,False,False,True,False,0.44930914496131885,0.1928558907770356,0.24361102665450493,0.17172385786802033,7.8204,0
34,3.9,52000.0,714,19.37,6233.39,18,12,0,1,2500.0,14.16,True,False,False,False,False,False,True,False,True,False,False,False,False,False,True,0.048075998538489643,0.013468786430396848,0.1198705794119344,0.38360727272727274,4.8425,0
42,3.8,69200.0,694,7.66,23694.86,19,6,0,1,9700.0,10.75,False,False,False,True,True,False,False,False,False,False,False,False,True,True,False,0.14017138480657795,0.05486072874585191,0.34240632360804035,0.11848201438848921,7.4302,1
44,3.0,120100.0,676,3.61,15875.4,11,1,0,1,2100.0,14.59,False,False,False,True,False,False,True,False,False,False,False,True,False,True,False,0.017485283219956536,0.007230877375494831,0.13218374534766572,0.07779896602658788,0.7581,0
38,3.7,39400.0,757,11.44,6464.81,11,6,0,0,17700.0,12.93,False,False,False,True,False,False,True,False,True,False,False,False,False,True,False,0.4492271769752037,0.1814025208041773,0.16407730768254614,0.19514406332453824,20.2488,0
48,1.4,27600.0,712,4.8,15480.09,21,11,0,2,12400.0,11.83,False,False,True,False,True,False,False,False,False,False,False,True,False,True,False,0.44925908481576754,0.17855338768578286,0.5608525053440093,0.07964095371669004,5.952,0
56,5.4,21000.0,584,19.78,4786.97,21,11,0,1,1000.0,18.25,False,False,False,True,False,False,True,False,False,True,False,False,False,False,True,0.04761678015332603,0.014580024432781759,0.22794009809056712,0.6170683760683761,1.9780000000000002,1
32,2.4,107000.0,749,16.3,2440.8,21,10,0,0,1000.0,14.04,False,False,False,True,True,False,False,False,False,False,False,False,True,False,True,0.009345707049466828,0.0026115568579173705,0.022811001766338632,0.305136,1.6300000000000001,0
67,0.8,35600.0,690,8.56,1256.73,27,17,1,1,15600.0,13.14,True,False,False,False,False,False,True,False,False,False,False,False,True,False,True,0.43818993848487403,0.11998212469208953,0.03530041290974972,0.16277626628075254,13.353600000000002,1
67,4.3,52700.0,695,27.72,15492.85,20,9,0,0,1800.0,14.36,False,False,False,True,False,True,False,False,False,False,False,False,True,True,False,0.034154949621449306,0.014076854598044601,0.29397639513481716,0.5719241379310345,4.989599999999999,1
28,7.4,60000.0,677,12.14,6942.92,23,16,0,3,27000.0,14.26,True,False,False,False,False,True,False,False,True,False,False,False,False,False,True,0.4499925001249979,0.1263523558581723,0.11571340477658706,0.2553339233038348,32.778000000000006,0
60,3.0,24300.0,742,4.3,10281.38,16,11,0,0,10900.0,13.75,False,False,False,True,False,False,True,False,True,False,False,False,False,False,True,0.4485412122957903,0.1244883558101489,0.42308464672235707,0.07957604306864065,4.687,0
36,5.7,87800.0,609,13.86,20541.97,16,8,1,0,3900.0,16.95,False,False,False,True,False,False,True,False,True,False,False,False,False,True,False,0.04441862848942495,0.018988102993529873,0.23396054714638786,0.3851262295081967,5.4054,1
58,4.5,18900.0,700,11.67,5302.49,18,9,0,0,8500.0,13.0,False,False,False,True,False,True,False,False,True,False,False,False,False,True,False,0.44971165546796465,0.18172499494161282,0.2805401830590974,0.21641940085592012,9.9195,1
24,0.2,31300.0,664,9.49,6059.45,21,10,0,1,14100.0,13.05,True,False,False,False,False,False,True,False,True,False,False,False,False,True,False,0.45046484137886966,0.18220146895456887,0.19358646688604197,0.1862323308270677,13.380899999999999,1
51,4.7,39000.0,671,8.19,21102.31,16,8,0,1,1000.0,14.94,False,False,False,True,False,False,True,False,True,False,False,False,False,False,True,0.02564036819568729,0.007308042742999802,0.5410709981795339,0.18208125,0.819,0
60,0.2,66700.0,541,28.9,388.76,18,9,0,0,11700.0,18.93,True,False,False,False,False,True,False,False,True,False,False,False,False,True,False,0.17540966402302813,0.07707065535486075,0.005828398374836959,1.0093671586715867,33.812999999999995,1
57,1.8,64200.0,680,10.7,4188.06,22,12,3,2,2700.0,14.76,True,False,False,False,False,True,False,False,True,False,False,False,False,False,True,0.0420554196975125,0.011940416708732651,0.0652335633401349,0.23191189427312772,2.889,1
64,1.2,91700.0,767,23.29,11784.83,13,10,0,1,34300.0,13.5,False,False,False,True,False,False,True,False,False,False,False,True,False,True,False,0.37404172255482493,0.15230029075182955,0.12851364761562034,0.40939453124999997,79.8847,0
30,4.5,56700.0,594,7.34,23698.77,22,12,0,1,12900.0,15.74,True,False,False,False,False,False,True,False,False,False,False,False,True,True,False,0.22750921500502636,0.0956139630385724,0.41796035343292004,0.194170756302521,9.4686,0
23,9.3,99900.0,651,10.08,2565.32,18,5,1,0,13400.0,13.1,False,True,False,False,True,False,False,False,True,False,False,False,False,False,True,0.13413279146354892,0.03670160664482203,0.02567862183561726,0.20252760736196318,13.507200000000001,0
23,1.8,91000.0,641,25.89,2516.54,23,15,0,0,6100.0,16.8,True,False,False,False,False,True,False,False,False,False,False,True,False,True,False,0.06703223041505038,0.028595123495211004,0.027653981824375555,0.6774953271028038,15.7929,0
64,1.5,22200.0,644,16.25,6469.91,17,8,1,0,9800.0,14.15,False,False,True,False,True,False,False,False,True,False,False,False,False,True,False,0.44142155758749607,0.18133721244897383,0.29142426016846085,0.3564922480620155,15.924999999999999,1
67,3.1,47800.0,729,6.64,5092.92,16,9,1,5,1400.0,10.43,False,False,False,True,False,False,True,False,False,False,False,False,True,True,False,0.02928809020731784,0.01140899143671093,0.10654421455618084,0.09487013698630135,0.9296000000000001,0
38,1.4,75400.0,653,9.24,1517.95,16,7,0,1,6000.0,14.9,False,False,False,True,True,False,False,False,False,False,False,False,True,False,True,0.07957454145170488,0.02266347424398936,0.020131695866102573,0.21051376146788994,5.544,0
56,2.8,66300.0,683,19.01,26376.77,24,14,1,0,19800.0,13.09,True,False,False,False,True,False,False,False,True,False,False,False,False,True,False,0.29863802959231384,0.12088289821778862,0.39783366766715433,0.36380248538011695,37.6398,0
67,16.6,23400.0,671,25.83,9201.29,21,12,0,1,10500.0,17.02,True,False,False,False,False,False,True,False,True,False,False,False,False,True,False,0.44869877355668564,0.19193139980702434,0.39320071791803773,0.6542062499999999,27.1215,1
22,4.3,25400.0,646,35.87,3507.36,23,11,0,3,11400.0,15.88,False,False,True,False,False,False,True,False,False,False,True,False,False,False,True,0.4488012282980985,0.13056800561324688,0.13807960316522971,0.8803950540958269,40.891799999999996,1
40,2.0,56700.0,667,19.47,11616.1,22,9,0,1,25500.0,17.3,True,False,False,False,False,False,True,True,False,False,False,False,False,True,False,0.44972751803319166,0.19317740003869135,0.2048658753813866,0.5042380239520958,49.64849999999999,1
39,16.3,52800.0,738,8.88,36444.7325,24,12,0,1,12200.0,11.13,True,False,False,False,False,False,True,False,True,False,False,False,False,True,False,0.231056229995644,0.0909256621827257,0.6902280733319445,0.1337407307171854,10.8336,0
23,4.7,47200.0,673,27.93,9600.45,22,13,0,0,4100.0,18.39,True,False,False,False,False,True,False,False,True,False,False,False,False,False,True,0.08686256647104934,0.026684281581574,0.2033950551895087,0.7620663204747774,11.4513,1
50,2.6,23600.0,679,10.62,1100.37,16,7,0,1,6100.0,14.09,False,False,True,False,False,True,False,False,True,False,False,False,False,False,True,0.25846362442269394,0.0722790680060682,0.04662387186983602,0.22005264705882352,6.478199999999999,1
39,1.6,64800.0,723,13.42,9788.95,17,13,0,1,1000.0,10.52,False,False,False,True,True,False,False,False,True,False,False,False,False,True,False,0.015431860619434886,0.006019602837898953,0.15106171201061713,0.1949977900552486,1.342,0
28,3.7,63000.0,744,7.86,30298.13,21,13,1,0,6900.0,11.62,False,False,False,True,False,True,False,False,True,False,False,False,False,False,True,0.10952207107823686,0.028978289436287753,0.48091506484024066,0.12259489932885904,5.4234,0
23,1.0,34800.0,615,25.29,2527.37,20,11,0,0,15700.0,18.67,False,False,False,True,True,False,False,False,True,False,False,False,False,True,False,0.4511364615959311,0.19747789925648762,0.07262348783080945,0.766500487012987,39.7053,1
21,1.3,36300.0,627,7.41,10121.72,22,15,0,2,12200.0,16.61,False,True,False,False,False,True,False,False,False,False,False,True,False,False,True,0.3360788958981846,0.0993552393135647,0.278827580507424,0.1959874203821656,9.0402,0
28,9.4,53200.0,669,24.43,23989.94,20,10,0,1,15600.0,17.63,False,False,False,True,False,True,False,False,True,False,False,False,False,True,False,0.29322757091032126,0.12653222852094811,0.4509302456720738,0.6428371641791044,38.1108,0
42,4.0,57600.0,586,15.19,36444.7325,16,8,1,0,9700.0,15.98,True,False,False,False,False,False,True,False,True,False,False,False,False,True,False,0.16839985416919845,0.07101175796011515,0.6327100657974688,0.4135199318568995,14.7343,1
64,1.0,43100.0,682,5.99,9169.24,19,13,0,0,9400.0,12.12,False,False,False,True,False,False,True,False,False,False,False,True,False,True,False,0.21809238764761837,0.08705331452343604,0.2127384515440477,0.10629399707174231,5.6306,0
59,3.4,44100.0,663,13.78,21648.66,18,11,0,0,6100.0,14.01,False,False,True,False,False,True,False,False,False,True,False,False,False,True,False,0.1383188589827895,0.056722842732597735,0.49088818847645177,0.2907496987951807,8.4058,1
49,5.1,67500.0,727,7.53,2406.62,19,8,0,0,1000.0,13.54,True,False,False,False,False,True,False,True,False,False,False,False,False,True,False,0.014814595339328307,0.006035307089945499,0.03565310143553429,0.14004972527472526,0.7530000000000001,0
38,2.4,25000.0,680,23.34,4362.39,19,6,0,3,4100.0,15.56,False,False,False,True,False,False,True,False,True,False,False,False,False,False,True,0.16399344026238952,0.04737632366465071,0.1744886204551818,0.5332898678414097,9.5694,0
62,2.8,57200.0,716,26.92,3580.7,17,8,0,3,25700.0,12.21,False,False,True,False,False,True,False,False,False,False,False,False,True,True,False,0.44929284453069,0.17958213732373907,0.06259855596930124,0.45842845188284526,69.1844,0
25,4.6,142987.5,711,25.65,1268.97,20,12,0,1,4200.0,11.39,False,False,False,True,False,False,True,False,True,False,False,False,False,True,False,0.029372991534284226,0.011603923595728512,0.008874629777919203,0.4103279494382023,10.773,0
24,0.3,142987.5,664,35.86,3619.4,23,14,0,3,6200.0,16.22,False,False,False,True,True,False,False,False,False,False,False,False,True,True,False,0.04336013036013386,0.018348115604041544,0.025312525133140078,0.8746604511278194,22.2332,1
50,0.8,31300.0,713,9.29,3160.07,15,9,0,0,6200.0,15.15,False,False,False,True,False,False,True,False,False,False,False,False,True,False,True,0.19807673876233986,0.05671417393428468,0.10095747739688829,0.19711974789915965,5.759799999999999,0
24,0.6,37100.0,716,15.26,3284.09,27,17,0,0,16700.0,14.16,False,False,False,True,False,False,True,False,False,False,True,False,False,False,True,0.450122638203822,0.12609391335371065,0.08851756017358023,0.30136903765690376,25.484199999999998,0
48,7.5,112300.0,681,28.57,671.44,16,12,0,0,1200.0,14.55,False,False,True,False,True,False,False,False,True,False,False,False,False,True,False,0.010685568249614875,0.004416387304729191,0.005978931621267843,0.6095212609970675,3.4284,0
43,1.7,45200.0,696,5.5,12567.98,27,15,0,2,20300.0,14.47,True,False,False,False,True,False,False,False,False,True,False,False,False,True,False,0.4491051082940643,0.18537968764887,0.27804650339594256,0.11418220946915353,11.165,1
53,3.1,93200.0,674,18.74,932.94,19,9,0,0,4700.0,13.24,False,False,True,False,False,False,True,True,False,False,False,False,False,True,False,0.05042864346949067,0.02045729335072865,0.010009978433707793,0.3675816296296296,8.807799999999999,0
64,2.2,37600.0,728,33.38,15034.6,16,6,0,2,11300.0,14.67,False,False,False,True,True,False,False,False,True,False,False,False,False,True,False,0.30052392223611074,0.12439473704740586,0.39984574878327706,0.6717209876543211,37.7194,1
48,1.4,112200.0,709,21.35,31741.74,19,14,0,3,4500.0,14.27,True,False,False,False,False,True,False,False,True,False,False,False,False,False,True,0.04010659441537954,0.011264901693178273,0.282900687159651,0.4291049295774648,9.607500000000002,0
52,1.0,72300.0,684,27.86,5918.29,19,10,0,0,3400.0,15.38,True,False,False,False,False,False,True,False,False,False,False,True,False,False,True,0.04702562896778745,0.013535600748375266,0.08185626754816669,0.6255281751824818,9.4724,0
21,0.3,142987.5,781,21.82,1432.28,20,8,1,0,1000.0,11.5,False,False,False,True,True,False,False,True,False,False,False,False,False,True,False,0.006993569412924816,0.0027672269986531626,0.010016749598743956,0.32088235294117645,2.182,0
47,2.3,34000.0,775,9.24,2688.75,22,12,0,5,15300.0,9.82,False,False,False,True,False,False,True,False,True,False,False,False,False,True,False,0.44998676509514424,0.1737255041111783,0.07907855651304374,0.11692886597938144,14.1372,0
44,3.5,62400.0,615,41.9,2235.44,19,12,0,0,19500.0,20.35,False,False,False,True,False,False,True,True,False,False,False,False,False,True,False,0.3124949920674348,0.14000616721653278,0.03582378487524238,1.3841964285714288,81.705,1
66,13.1,90300.0,706,23.72,1455.43,23,11,0,1,18200.0,14.17,True,False,False,False,False,False,True,False,False,False,False,False,True,True,False,0.20154815561289466,0.08285100265664597,0.016117540226575564,0.47540650636492215,43.1704,0
38,1.6,96800.0,676,8.34,2983.56,15,10,0,4,8500.0,14.06,False,False,False,True,False,True,False,False,False,False,True,False,False,True,False,0.08780901023749754,0.03603986490114225,0.030821582421669196,0.1732059084194978,7.0889999999999995,0
40,0.3,70900.0,617,31.53,23768.63,16,7,0,0,31100.0,17.02,False,False,True,False,False,True,False,False,False,False,True,False,False,True,False,0.43863979351490107,0.1876877386512215,0.3352368795926715,0.8683504854368931,98.0583,1
49,2.7,34600.0,697,5.93,21503.11,21,14,0,0,2300.0,13.49,False,False,False,True,False,True,False,False,False,False,True,False,False,True,False,0.06647206728129244,0.027056524923912115,0.6214592063813185,0.1146070200573066,1.3639,0
60,0.4,142987.5,765,10.25,4274.14,14,7,1,1,18300.0,9.57,True,False,False,False,True,False,False,False,True,False,False,False,False,True,False,0.12798232025652412,0.04924229579545976,0.029891494770558472,0.12805809399477808,18.7575,0
45,0.5,40700.0,671,37.42,36444.7325,18,9,0,1,8700.0,15.52,False,False,False,True,True,False,False,False,False,True,False,False,False,True,False,0.21375396181911993,0.08954858180860124,0.895425972334832,0.8642238095238096,32.5554,1
48,3.6,19300.0,727,29.1,27562.99,30,21,0,4,8700.0,12.35,False,False,False,True,True,False,False,False,True,False,False,False,False,True,False,0.4507538469509352,0.18046044186737029,1.428060204134501,0.4936607142857143,25.317,1
45,4.1,87500.0,684,17.8,1032.44,14,7,0,5,7100.0,14.4,True,False,False,False,False,True,False,False,True,False,False,False,False,False,True,0.0811419298065165,0.022855923543279342,0.011799179437949281,0.3741897810218978,12.638,0
53,1.2,49000.0,729,39.42,27097.79,20,12,1,1,1400.0,15.9,False,False,True,False,False,True,False,False,False,True,False,False,False,False,True,0.028570845492949123,0.008317376523743475,0.553004836635987,0.8586,5.518800000000001,1
36,0.4,45300.0,669,12.43,9388.47,15,7,0,0,20400.0,12.74,False,False,False,True,False,True,False,False,False,False,True,False,False,True,False,0.4503211849628044,0.18135716823647585,0.20724641840135977,0.2363555223880597,25.3572,0
58,3.1,63300.0,747,13.39,22868.59,13,5,0,2,19200.0,10.77,False,False,False,True,False,False,True,False,False,False,False,True,False,False,True,0.30331274387450435,0.07870652044154015,0.3612674365333881,0.19279451871657752,25.7088,0
55,10.2,49300.0,693,44.05500000000001,13994.46,24,18,0,0,4600.0,14.69,False,False,False,True,False,False,True,False,False,False,False,False,True,True,False,0.09330439544836819,0.03863475308012613,0.28385752824486316,0.9325186599423633,20.265300000000003,1
47,3.8,78100.0,641,37.53,31732.27,16,6,0,0,15000.0,18.5,True,False,False,False,True,False,False,False,False,False,False,True,False,True,False,0.19205900052496128,0.08388811674853429,0.40629787070588086,1.0814719626168225,56.295,1
48,0.6,41200.0,617,9.48,10817.08,25,12,0,0,18500.0,16.25,False,False,True,False,False,False,True,False,False,False,False,True,False,True,False,0.4490182277129196,0.19004875952487926,0.26254411300696584,0.2492718446601942,17.538,0
36,5.7,65500.0,574,18.79,11367.88,23,12,0,0,29500.0,20.07,False,False,False,True,False,False,True,False,True,False,False,False,False,False,True,0.4503748034381154,0.1433726360921967,0.1735527701867147,0.6558526956521739,55.4305,0
45,3.8,109900.0,698,16.78,24234.34,16,6,0,3,2700.0,16.38,False,False,False,True,False,False,True,False,True,False,False,False,False,False,True,0.02456756535427339,0.007228162078510357,0.22051064139543772,0.3932137339055794,4.530600000000001,1
36,0.6,142987.5,672,19.78,102.98,24,17,0,1,16600.0,15.84,False,True,False,False,False,False,True,False,True,False,False,False,False,True,False,0.11609325225455194,0.04886419798713503,0.0007201977781429975,0.4655500742942051,32.8348,1
43,0.4,65400.0,677,8.79,12127.0,18,9,1,0,29400.0,15.14,True,False,False,False,True,False,False,False,True,False,False,False,False,False,True,0.44953441078882583,0.12870782252311722,0.18542529930735005,0.19628407079646018,25.842599999999997,0
31,3.8,27800.0,617,9.61,11278.21,17,12,0,4,12500.0,15.59,False,False,False,True,False,True,False,False,False,False,False,False,True,True,False,0.4496241142404949,0.18852447151782856,0.4056764145174634,0.24242702265372168,12.0125,1
59,0.7,47600.0,604,20.78,853.8,21,13,1,0,14800.0,18.9,True,False,False,False,True,False,False,False,True,False,False,False,False,False,True,0.31091783786054916,0.09655706872745526,0.01793659797063087,0.6491603305785124,30.7544,1
66,0.1,43600.0,588,37.13,3062.35,10,5,0,0,4600.0,20.585,False,False,True,False,False,False,True,False,False,False,False,True,False,True,False,0.10550216738148208,0.0474163174627589,0.07023577440884383,1.2976588285229205,17.079800000000002,1
47,0.8,68100.0,659,37.04,4404.34,20,13,0,1,5500.0,15.2,False,False,True,False,True,False,False,False,False,True,False,False,False,True,False,0.08076239702794379,0.033685416129204934,0.06467364649564618,0.8530424242424242,20.372,0
45,0.1,23200.0,685,7.44,28840.88,29,10,0,2,10400.0,13.57,False,False,False,True,False,False,True,False,True,False,False,False,False,False,True,0.44825654066635057,0.12390709074050656,1.243087797939744,0.14717317784256562,7.7376000000000005,0
36,0.3,61300.0,582,7.32,17336.48,15,6,0,0,20400.0,17.14,True,False,False,False,True,False,False,False,True,False,False,False,False,True,False,0.33278413076458785,0.14262874896992817,0.2828090895743952,0.2152054888507719,14.9328,0
52,18.3,45700.0,637,17.59,5852.4,18,10,0,3,20600.0,16.93,True,False,False,False,False,True,False,False,True,False,False,False,False,False,True,0.4507560009627798,0.1341935660159792,0.12805846699196954,0.4667691222570533,36.2354,1
49,2.3,29300.0,627,9.54,11639.33,18,8,0,2,3900.0,16.43,False,False,False,True,True,False,False,False,True,False,False,False,False,True,False,0.13310125934268455,0.05647180890253031,0.397233200232074,0.24958949044585987,3.7205999999999997,1
55,3.3,116400.0,588,17.25,18923.28,17,12,0,1,2400.0,19.41,False,False,False,True,True,False,False,False,False,True,False,False,False,True,False,0.02061837956718585,0.009119961804302358,0.16256973737339026,0.5684592529711375,4.14,0
21,25.0,22600.0,671,8.23,20272.63,16,9,0,1,10200.0,15.68,False,False,False,True,True,False,False,False,True,False,False,False,False,True,False,0.45130746427149243,0.18945288039626096,0.8969793371974691,0.19203333333333333,8.3946,0
59,1.0,54000.0,743,8.98,3051.77,20,8,1,4,8600.0,11.0,True,False,False,False,False,False,True,False,True,False,False,False,False,True,False,0.15925631006833207,0.06255342528465116,0.056513212718282996,0.1327688172043011,7.7228,1
32,0.7,25800.0,683,9.85,11848.9,13,4,0,3,9000.0,14.45,False,False,True,False,False,False,True,True,False,False,False,False,False,False,True,0.34882368900430216,0.09833558620207096,0.45924188984923064,0.20808845029239764,8.865,1
36,1.9,109900.0,668,14.31,22910.8,16,10,0,0,1000.0,16.51,False,False,False,True,False,True,False,True,False,False,False,False,False,True,False,0.009099098279360516,0.003865929802118176,0.20846762085877288,0.35315112107623325,1.431,0
53,5.3,36000.0,777,24.74,2460.13,25,15,0,1,16200.0,11.71,False,False,False,True,True,False,False,False,True,False,False,False,False,True,False,0.4499875003472126,0.17855072344313339,0.06833504624871532,0.3723719794344473,40.0788,0
50,0.3,80100.0,719,17.38,29576.74,16,6,0,0,14300.0,14.52,True,False,False,False,False,True,False,False,True,False,False,False,False,True,False,0.17852461267649591,0.07375066970240086,0.36924308061072897,0.3504966666666667,24.853399999999997,0
62,11.8,64800.0,605,10.58,11570.92,10,4,0,2,1100.0,17.59,True,False,False,False,True,False,False,False,False,True,False,False,False,True,False,0.016975046681378374,0.007321191880642565,0.1785608246786315,0.3070993399339934,1.1638,1
58,8.4,60300.0,595,14.04,20478.22,14,11,0,1,8300.0,14.66,False,False,False,True,False,True,False,True,False,False,False,False,False,True,False,0.1376428251604451,0.056972185408216504,0.3396000066333892,0.3453463087248322,11.653199999999998,1
49,2.5,79400.0,649,16.16,1591.38,17,11,0,0,7300.0,15.64,True,False,False,False,False,True,False,False,True,False,False,False,False,True,False,0.09193838868528104,0.038586225778835026,0.02004231684739487,0.3888344615384615,11.7968,0
63,3.8,37700.0,557,19.51,5432.65,23,15,0,0,2100.0,19.01,False,False,True,False,False,False,True,False,False,False,True,False,False,False,True,0.05570144028009867,0.017337732201935463,0.14409829977984667,0.6646686379928317,4.0971,0
43,4.1,38500.0,741,31.88,1650.53,25,12,0,0,17300.0,11.98,False,False,False,True,True,False,False,False,False,False,True,False,False,True,False,0.4493389782083582,0.1789911666039066,0.042869795589724945,0.5147202156334232,55.1524,1
59,15.7,40800.0,618,22.19,2037.59,25,17,0,1,16800.0,17.39,True,False,False,False,False,False,True,False,False,False,False,False,True,False,True,0.4117546138575035,0.12380309700499244,0.04993970736011372,0.6233991922455574,37.2792,1
23,24.4,31600.0,741,29.26,3873.38,12,4,0,1,1100.0,12.02,False,False,False,True,True,False,False,False,False,False,False,True,False,True,False,0.03480902503085345,0.013873054277611903,0.12257143761273377,0.4739962264150943,3.2186000000000003,1
66,2.1,54800.0,779,33.31,229.32,21,12,0,5,1200.0,9.45,False,False,False,True,False,False,True,False,True,False,False,False,False,True,False,0.02189741063119286,0.008409435563655188,0.0041845951716209554,0.4035634615384615,3.9972000000000003,1
67,5.6,48500.0,677,12.83,14393.35,14,5,1,0,20100.0,13.24,True,False,False,False,False,True,False,False,False,False,False,False,True,False,True,0.4144244448568071,0.11373928403598646,0.29676398424774747,0.25054454277286137,25.788299999999996,0
60,0.8,57400.0,605,15.3,26481.56,16,10,0,0,1000.0,16.63,True,False,False,False,False,False,True,False,True,False,False,False,False,True,False,0.01742129928050034,0.007413542095079469,0.4613431821745266,0.41986633663366335,1.5300000000000002,0
30,3.2,79500.0,632,28.27,8668.8,14,8,1,4,3700.0,16.33,False,False,False,True,False,True,False,False,False,False,False,False,True,False,True,0.04654029509062779,0.013677460708386893,0.10904013785990112,0.729303475513428,10.4599,1
32,2.6,45000.0,595,9.68,85.84,13,8,0,0,7400.0,16.8,False,False,True,False,False,True,False,False,False,False,True,False,False,False,True,0.16444079020466212,0.048817437962875604,0.0019075131663740807,0.27285906040268454,7.1632,0
36,3.2,29200.0,719,12.8,4020.77,15,9,0,0,2800.0,12.3,False,False,False,True,True,False,False,False,False,False,False,True,False,True,False,0.09588712715317968,0.038368524484808576,0.1376928872298894,0.2186666666666667,3.5840000000000005,0
48,8.2,110200.0,690,13.2,1280.87,18,14,0,3,5800.0,14.68,True,False,False,False,False,True,False,False,True,False,False,False,False,False,True,0.052631101351167414,0.014917715729112421,0.011623034273736172,0.2804283646888567,7.655999999999999,0
25,1.0,88200.0,793,11.41,2056.62,13,5,1,1,34300.0,9.74,False,False,False,True,True,False,False,False,True,False,False,False,False,True,False,0.3888844797678031,0.14999078994071294,0.023317422704957992,0.13996649874055417,39.136300000000006,0
30,0.5,50200.0,608,26.51,3673.87,22,13,0,1,22400.0,16.18,False,False,False,True,False,True,False,False,False,False,False,True,False,True,False,0.44620625087149657,0.1886822898501263,0.0731832035218422,0.7043215106732348,59.38240000000001,1
26,5.7,29600.0,683,7.55,1886.01,19,13,0,2,6700.0,13.87,True,False,False,False,False,False,True,False,True,False,False,False,False,False,True,0.22634370460457418,0.0629931474008748,0.06371440154048849,0.15309722222222222,5.0585,0
22,0.5,63500.0,703,17.12,9410.39,12,11,0,0,9400.0,15.18,False,False,False,True,False,True,False,False,True,False,False,False,False,True,False,0.14802916489504103,0.06172375816023903,0.14819278436560054,0.36915,16.0928,0
39,3.6,46900.0,593,13.64,16848.33,23,14,0,0,8800.0,18.15,False,False,False,True,False,True,False,False,True,False,False,False,False,False,True,0.18762926163621244,0.057345035661156604,0.3592317861026418,0.4167777777777778,12.003200000000001,0
54,2.4,21300.0,664,26.76,9401.73,17,6,1,0,6600.0,16.63,True,False,False,False,True,False,False,False,False,False,False,True,False,True,False,0.30984460823435517,0.1318099399321432,0.44137505281442185,0.6692012030075188,17.661600000000004,1
22,21.6,36500.0,677,14.09,30221.76,21,10,0,2,5000.0,16.21,False,False,False,True,False,True,False,False,True,False,False,False,False,True,False,0.13698254842333088,0.05794390631006266,0.8279707405276567,0.3368715339233038,7.045,1
48,7.1,38800.0,638,12.73,312.84,15,5,0,0,17500.0,18.05,False,False,False,True,False,True,False,False,False,False,False,False,True,True,False,0.4510193036261952,0.1957454245337511,0.008062678796938222,0.3595876369327074,22.2775,0
56,4.9,29600.0,686,26.4,1402.06,20,11,0,2,1500.0,12.73,False,False,False,True,False,True,False,False,True,False,False,False,False,True,False,0.050673963717441976,0.02040229993432056,0.0473652917131178,0.4891877729257642,3.9599999999999995,1
52,14.4,28600.0,644,17.43,13397.41,14,10,0,2,2200.0,18.67,False,False,True,False,False,True,False,True,False,False,False,False,False,False,True,0.07692038739904199,0.02376785281422429,0.4684245306108178,0.5045241860465117,3.8346,0
57,10.5,62700.0,652,8.53,2755.32,19,7,0,1,2900.0,14.48,False,False,False,True,True,False,False,False,False,False,True,False,False,True,False,0.04625125596082997,0.019095398076546654,0.04394379674965312,0.18914915773353752,2.4736999999999996,1
53,0.5,37300.0,729,32.74,2709.4,15,7,0,0,2600.0,14.94,False,False,False,True,False,False,True,False,True,False,False,False,False,True,False,0.06970322511460819,0.028962310999297393,0.07263612235596902,0.6700487671232876,8.512400000000001,0
55,3.9,90800.0,645,7.44,20690.58,13,9,0,0,17400.0,13.56,True,False,False,False,True,False,False,False,False,False,False,False,True,True,False,0.19162784550830939,0.07809264228467563,0.22786731423662737,0.15617089783281735,12.9456,0
66,0.3,93100.0,674,34.82,17775.13,15,8,0,0,1600.0,16.05,False,False,False,True,False,True,False,False,False,False,False,False,True,True,False,0.017185637103790508,0.007254586778978365,0.19092308353293735,0.8279422222222222,5.5712,0
27,5.3,70600.0,733,14.77,3931.22,18,11,2,2,9400.0,14.82,False,False,False,True,True,False,False,False,False,True,False,False,False,False,True,0.1331425900482996,0.03785274575838063,0.05568221413294429,0.2982171662125341,13.883799999999999,1
39,2.9,142987.5,675,35.85,4439.99,16,6,0,0,19100.0,15.1,False,False,False,True,False,False,True,False,False,False,False,True,False,True,False,0.13357717578686398,0.05564020786162884,0.03105137825769205,0.8007914201183433,68.4735,1
25,0.6,49900.0,764,29.57,738.33,10,4,0,4,8500.0,14.24,False,False,False,True,True,False,False,True,False,False,False,False,False,True,False,0.17033726779022465,0.07008374244983953,0.014795895873830185,0.5504271895424836,25.1345,0
64,5.6,39300.0,761,15.32,23423.78,14,11,1,1,10300.0,11.2,True,False,False,False,False,True,False,False,False,False,True,False,False,True,False,0.2620798452965573,0.10323112448498677,0.596009770743747,0.2251758530183727,15.7796,1
37,6.5,142987.5,634,28.35,8771.08,27,15,0,4,23600.0,18.05,True,False,False,False,False,True,False,False,True,False,False,False,False,True,False,0.16504823814502564,0.07164684609438424,0.06134115680631659,0.8058543307086614,66.906,0
43,1.2,80300.0,652,11.64,17993.37,14,9,0,0,9600.0,13.96,False,False,False,True,False,True,False,True,False,False,False,False,False,True,False,0.1195501924010909,0.04899672845686515,0.22407404640041842,0.24884287901990815,11.1744,0
54,0.2,56700.0,639,15.79,3344.11,18,6,0,1,15900.0,15.42,False,False,False,True,False,False,True,False,True,False,False,False,False,False,True,0.28041833477363715,0.08078169368275871,0.058977972169803,0.3804403125,25.1061,1
49,5.1,27700.0,687,42.48,17325.75,20,11,1,0,12500.0,17.78,False,False,False,True,False,False,True,True,False,False,False,False,False,False,True,0.4512472473917909,0.13680300821260166,0.6254557597198657,1.0978116279069767,53.099999999999994,1
29,3.0,28300.0,636,26.64,1142.78,20,14,1,0,6500.0,19.27,False,False,False,True,False,False,True,False,False,True,False,False,False,False,True,0.2296738631143776,0.07187654195680517,0.04037949189074591,0.8058913657770801,17.316000000000003,1
36,10.3,15000.0,761,12.93,2010.16,25,15,0,0,1400.0,10.62,False,False,False,True,False,False,True,False,True,False,False,False,False,True,False,0.09332711152589827,0.03643699363278643,0.1340017332177855,0.18020551181102362,1.8102,1
23,7.7,58600.0,663,24.65,19670.11,12,9,0,0,3100.0,14.56,False,False,False,True,False,False,True,False,True,False,False,False,False,True,False,0.05290012115834201,0.021864962373118448,0.3356616781283596,0.5405180722891566,7.6415,0
33,7.1,41200.0,639,12.33,36444.7325,24,13,0,0,1000.0,14.98,True,False,False,False,False,True,False,True,False,False,False,False,False,True,False,0.024271255552049707,0.010090906111094837,0.8845594160335913,0.2885990625,1.233,0
64,2.5,23200.0,687,11.36,22660.81,19,8,0,0,10400.0,13.98,True,False,False,False,False,False,True,False,True,False,False,False,False,False,True,0.44825654066635057,0.12504669347448163,0.9767169518555235,0.2308325581395349,11.8144,0
41,2.8,54700.0,650,19.3,24360.84,20,11,0,0,7900.0,16.38,False,True,False,False,True,False,False,False,True,False,False,False,False,True,False,0.14442149138041352,0.06124249078331281,0.44534542330121935,0.48561290322580647,15.247000000000002,1
53,3.3,25300.0,668,24.73,16039.91,14,10,0,0,11400.0,14.77,True,False,False,False,False,True,False,False,False,True,False,False,False,True,False,0.45057507608394926,0.18674239034757456,0.6339634797043595,0.5459822122571001,28.1922,0
22,3.3,61700.0,679,9.94,233.05,17,13,0,2,1900.0,12.55,False,False,False,True,False,True,False,False,True,False,False,False,False,True,False,0.030793666229072463,0.012368576145924579,0.0037770862708870197,0.1834514705882353,1.8885999999999998,1
25,4.8,41000.0,763,12.56,19951.9,12,7,0,1,14200.0,11.96,True,False,False,False,True,False,False,False,True,False,False,False,False,False,True,0.3463330162678959,0.09233908214753983,0.48661983854052343,0.19661989528795812,17.8352,0
66,11.8,59500.0,721,9.58,12092.91,21,12,0,1,9700.0,11.39,True,False,False,False,True,False,False,False,False,False,True,False,False,True,False,0.1630224702105847,0.0643957606813415,0.20323876909631772,0.15113047091412743,9.2926,0
56,0.5,101500.0,710,23.28,2036.7,21,8,0,0,6300.0,15.02,True,False,False,False,False,True,False,False,True,False,False,False,False,False,True,0.06206835400636447,0.017725120964966666,0.020065812159486114,0.4917940928270042,14.666400000000001,0
25,5.9,71300.0,633,9.38,13170.9,16,7,0,3,1000.0,13.33,False,False,False,True,False,True,False,False,True,False,False,False,False,True,False,0.014025048737044361,0.0056966210845675784,0.18472251441073756,0.1972167192429022,0.9380000000000002,0
53,11.8,27700.0,591,44.05500000000001,2671.77,26,14,1,1,4200.0,20.585,True,False,False,False,False,False,True,False,True,False,False,False,False,True,False,0.15161907512364176,0.0681329845819464,0.09645030865311721,1.531878673986487,18.503100000000003,1
34,6.5,50100.0,689,14.26,2256.19,14,10,0,0,22500.0,13.2,True,False,False,False,True,False,False,False,True,False,False,False,False,True,False,0.44909283247839366,0.18206015714566903,0.045032833675974535,0.2728,32.085,0
23,8.1,59600.0,644,18.93,7661.44,14,4,0,1,1600.0,18.01,False,False,True,False,False,False,True,False,True,False,False,False,False,False,True,0.02684518716128924,0.008180538486290065,0.1285454942031174,0.5285725581395349,3.0288,0
53,10.8,90100.0,769,9.23,3274.96,14,6,0,1,5100.0,11.27,True,False,False,False,True,False,False,False,False,False,True,False,False,False,True,0.05660314535909702,0.014858085210790673,0.036347654299064384,0.13509363636363636,4.7073,0
57,3.2,60700.0,697,6.54,599.44,27,20,0,0,7100.0,15.1,True,False,False,False,False,False,True,False,False,False,True,False,False,True,False,0.11696677155236322,0.048716233608279355,0.009875290357654734,0.14148137535816618,4.6434,0
37,2.9,24100.0,738,20.25,36444.7325,10,6,2,1,8200.0,12.72,True,False,False,False,True,False,False,False,False,False,False,False,True,True,False,0.34023484502717727,0.13695378598749025,1.512166818804199,0.3485520974289581,16.605,1
52,2.7,48100.0,748,22.52,6467.69,14,10,0,1,1000.0,11.63,False,False,False,True,False,False,True,False,True,False,False,False,False,True,False,0.02078958857404212,0.00824023973041977,0.13446061412444646,0.3496763684913218,2.2520000000000002,1
31,4.8,87700.0,657,24.75,10942.79,20,8,0,0,29500.0,18.94,False,False,False,True,True,False,False,False,False,False,False,True,False,True,False,0.336370166816798,0.14781893834717233,0.12477383382173522,0.7124088145896658,73.0125,0
32,0.6,124700.0,635,13.16,22358.04,10,5,1,0,1600.0,15.32,True,False,False,False,True,False,False,False,False,False,False,False,True,True,False,0.012830691012902865,0.005361047744475232,0.17929318930882673,0.31699874213836476,2.1056,0
56,0.1,76200.0,707,15.9,2682.04,22,13,0,0,8900.0,13.96,False,False,False,True,False,False,True,False,True,False,False,False,False,True,False,0.11679636750173883,0.047867741706340824,0.035196913426332986,0.31350847457627123,14.151,0
40,3.5,34600.0,666,12.58,13784.86,14,8,0,0,1000.0,13.76,False,True,False,False,False,True,False,True,False,False,False,False,False,False,True,0.028900898817953238,0.008024042509537288,0.39839484407965087,0.2595214392803598,1.258,1
44,4.0,78800.0,727,14.71,20093.17,18,8,0,0,4800.0,11.84,False,False,False,True,True,False,False,False,True,False,False,False,False,False,True,0.06091293257699775,0.01619839501757328,0.2549862311391987,0.23923956043956046,7.0608,0
37,0.3,41600.0,674,11.35,9778.52,10,6,0,0,1000.0,16.06,False,False,False,True,False,True,False,False,False,False,False,False,True,False,True,0.024037883704718637,0.007021998047901832,0.2350549265642653,0.2700459259259259,1.135,1
48,2.4,73000.0,648,21.01,16801.84,21,10,0,1,7800.0,16.55,True,False,False,False,True,False,False,False,False,False,False,True,False,False,True,0.1068478513992959,0.03155116251667578,0.2301590389172751,0.535771186440678,16.387800000000002,1
57,2.1,60900.0,724,44.05500000000001,7844.01,18,9,0,0,1500.0,15.88,True,False,False,False,False,False,True,False,False,False,False,False,True,True,False,0.024630137436166894,0.010371695480198033,0.128799362900445,0.9649564137931036,6.608250000000001,1
33,1.8,118400.0,635,2.0,27032.48,14,7,3,0,16400.0,16.0,False,False,False,True,False,False,True,False,False,False,False,False,True,False,True,0.13851234364574624,0.04041645813346162,0.22831293654614404,0.050314465408805034,3.28,0
26,0.2,23500.0,683,40.38,7492.4,10,7,0,0,10600.0,17.26,True,False,False,False,False,True,False,False,False,False,False,False,True,False,True,0.4510446363984511,0.135209999024026,0.3188119654482788,1.0189456140350879,42.802800000000005,1
67,3.3,37500.0,658,12.86,10163.46,22,17,0,5,3000.0,15.56,False,False,False,True,False,False,True,False,True,False,False,False,False,True,False,0.07999786672355404,0.0335318527150944,0.2710183728433908,0.30364430955993926,3.8579999999999997,1
42,1.6,21600.0,690,6.81,15076.23,17,13,0,0,6500.0,13.8,False,False,False,True,False,False,True,False,False,False,False,False,True,True,False,0.3009119948150549,0.12300039885601544,0.6979412990139345,0.1360028943560058,4.4265,0
63,0.5,20600.0,677,12.54,6835.13,21,5,0,2,5000.0,15.22,False,False,True,False,True,False,False,False,False,True,False,False,False,True,False,0.24270666472501334,0.10122208523433547,0.3317863210523761,0.2815026548672566,6.27,1
51,3.0,40800.0,637,44.05500000000001,13809.97,16,7,1,3,6900.0,19.45,False,False,False,True,True,False,False,False,True,False,False,False,False,False,True,0.16911350212004608,0.053132203929117605,0.338471360996054,1.3430560344827587,30.39795,1
65,0.6,28400.0,670,19.1,20550.74,17,10,0,2,1000.0,15.55,True,False,False,False,True,False,False,False,True,False,False,False,False,True,False,0.035210027815921974,0.014755147660939438,0.7235921270377804,0.4426304023845008,1.9100000000000001,0
41,7.0,103700.0,733,29.43,17778.82,20,10,0,0,2100.0,14.1,True,False,False,False,False,True,False,False,False,False,False,False,True,True,False,0.02025052796019325,0.00831630589648868,0.17144309119487758,0.5653446866485013,6.1803,0
21,3.9,100300.0,693,30.35,36444.7325,23,12,0,0,1000.0,13.76,False,False,False,True,False,True,False,False,True,False,False,False,False,True,False,0.00996999032910938,0.004074628737048155,0.36335363057197834,0.6017521613832852,3.035,0
35,2.7,59000.0,684,9.58,13993.09,14,5,0,0,26600.0,14.95,False,False,False,True,True,False,False,False,True,False,False,False,False,True,False,0.4508398162743004,0.18737475051736172,0.2371669971695395,0.20908175182481753,25.4828,0
44,2.8,57600.0,704,9.92,10040.81,16,10,1,0,9100.0,12.67,False,False,False,True,False,False,True,False,False,True,False,False,False,True,False,0.15798336834429957,0.06356395159359722,0.17431659172583808,0.17827858156028367,9.0272,0
37,1.0,46900.0,662,19.74,10810.22,22,11,0,1,6100.0,17.09,True,False,False,False,False,True,False,False,False,False,False,True,False,False,True,0.1300611927251018,0.03885472285619987,0.2304901814460246,0.5088334841628959,12.0414,0
23,6.6,88900.0,676,25.03,1535.22,15,5,0,2,8000.0,16.18,True,False,False,False,False,True,False,False,False,False,False,False,True,True,False,0.08998773917053801,0.038055746685143506,0.017268872116174172,0.5982059084194978,20.024,0
58,3.1,49300.0,667,9.32,4141.59,17,11,0,0,18700.0,15.63,False,False,False,True,True,False,False,False,True,False,False,False,False,False,True,0.3793026510618446,0.10976952542129775,0.08400620677065375,0.21807125748502995,17.4284,1
55,1.1,61800.0,611,21.41,2356.14,12,10,1,0,4200.0,20.39,False,False,False,True,True,False,False,False,False,False,False,True,False,False,True,0.0679600653711105,0.02177978637365796,0.03812462581511626,0.7133168300653595,8.9922,1
55,0.2,31800.0,669,21.5,35854.97,13,6,0,0,14300.0,15.93,True,False,False,False,False,False,True,False,True,False,False,False,False,False,True,0.44967139398132133,0.13097569860697722,1.1274793245495425,0.5111865671641791,30.744999999999997,0
56,0.3,60900.0,569,8.3,36444.7325,25,19,0,0,13800.0,14.69,True,False,False,False,False,True,False,False,True,False,False,False,False,True,False,0.22659726441273542,0.0938316067714332,0.5984258468662255,0.21390701754385966,11.454,1
58,1.9,115000.0,774,7.26,804.63,19,10,2,0,19700.0,10.02,False,False,True,False,False,False,True,False,False,False,True,False,False,True,False,0.17130285823601535,0.06634249482003506,0.006996721767636803,0.09386477419354838,14.3022,0
66,2.3,72400.0,636,17.84,6754.93,11,7,0,0,13200.0,15.46,True,False,False,False,False,True,False,False,False,False,True,False,False,True,False,0.18231792378558306,0.07632349522746491,0.0932988494634052,0.43297708006279434,23.5488,0
56,6.4,32800.0,695,21.35,991.88,16,8,0,3,14700.0,16.25,False,False,False,True,False,False,True,False,False,False,False,False,True,False,True,0.44815706838206154,0.1314510618993881,0.030239321971891102,0.4984734195402299,31.384500000000003,1
33,0.9,28100.0,678,28.31,884.31,20,11,1,0,8200.0,14.86,True,False,False,False,False,False,True,False,False,False,True,False,False,True,False,0.2918045621152272,0.12109867754011261,0.0314689868687947,0.6195678939617083,23.214199999999998,1
60,0.5,60500.0,599,12.4,8095.15,17,11,3,1,11900.0,16.2,True,False,False,False,False,True,False,False,False,False,False,False,True,True,False,0.19669096378572254,0.08319896623524481,0.13380192062941107,0.3348,14.756,1
55,3.1,20300.0,622,9.27,5389.3,25,14,0,1,2500.0,17.68,False,False,False,True,False,False,True,False,False,False,False,False,True,True,False,0.1231466430225112,0.0531588280037542,0.26546968129648785,0.2630715890850722,2.3175,0
58,8.8,46700.0,682,12.78,5296.58,14,8,0,0,20800.0,14.89,True,False,False,False,False,True,False,False,True,False,False,False,False,True,False,0.4453866084238025,0.18494234298301207,0.11341470204064152,0.2786152269399707,26.5824,0
21,3.0,87700.0,671,10.53,1456.1,21,17,0,0,9700.0,16.27,False,False,False,True,False,True,False,False,True,False,False,False,False,False,True,0.11060307180077764,0.03246246420566339,0.016603003386506426,0.25494508928571424,10.214099999999998,0
28,5.3,118000.0,690,8.05,3064.21,16,8,0,0,13200.0,11.36,False,False,False,True,True,False,False,False,False,False,False,False,True,True,False,0.1118634587842476,0.0441722787568765,0.025967661291006007,0.1323415340086831,10.626000000000001,0
56,1.1,40600.0,690,14.44,3540.91,19,14,0,0,18300.0,14.45,False,False,True,False,False,False,True,False,True,False,False,False,False,False,True,0.45072781458584765,0.1270827400882491,0.08721238393143026,0.30196526772793053,26.4252,0
65,2.0,48900.0,681,19.53,30612.73,12,7,0,4,10300.0,14.51,False,True,False,False,False,False,True,False,False,False,False,False,True,True,False,0.21062963947567534,0.08699369547694706,0.6260143964336108,0.4155136363636364,20.115900000000003,1
33,2.1,132900.0,675,14.09,20518.49,15,5,0,1,3100.0,17.19,False,False,False,True,False,True,False,False,False,False,False,False,True,False,True,0.023325633366189872,0.0069844746720242705,0.15438928224768814,0.35829452662721895,4.3679,0
43,3.1,33900.0,720,18.3,3810.57,17,8,0,3,4800.0,15.49,False,False,False,True,True,False,False,False,True,False,False,False,False,True,False,0.14158874369487626,0.059287922156740946,0.1124028789711218,0.39315811373092935,8.784,0
48,2.9,51800.0,651,3.92,10569.2,14,8,0,0,11400.0,16.5,False,False,False,True,False,False,True,False,True,False,False,False,False,False,True,0.2200729715642555,0.06491087944833056,0.2040346711453447,0.09920245398773005,4.4688,0
63,3.9,24500.0,734,4.86,945.17,22,11,0,2,1800.0,13.99,True,False,False,False,False,True,False,False,False,False,True,False,False,False,True,0.07346638912697441,0.02049943876157793,0.038576792783968,0.09250530612244898,0.8748,0
61,0.1,29800.0,722,28.83,7293.28,11,5,0,0,1000.0,13.25,False,False,False,True,True,False,False,False,True,False,False,False,False,True,False,0.03355592094225026,0.013611093653362182,0.24473272708969496,0.528350622406639,2.883,0
50,0.8,81000.0,731,16.06,36444.7325,17,10,0,3,5500.0,13.23,False,False,False,True,False,False,True,True,False,False,False,False,False,True,False,0.0679003962914038,0.027540605215622235,0.4499294144516734,0.2902647540983606,8.833,0
34,8.5,92600.0,690,36.47,16044.72,18,15,0,0,4900.0,15.08,True,False,False,False,False,True,False,False,True,False,False,False,False,True,False,0.05291519530026673,0.022034138539113807,0.17326724333430524,0.7959010130246019,17.8703,1
41,0.1,62800.0,621,16.06,7560.8,11,6,0,1,1300.0,16.53,True,False,False,False,True,False,False,False,False,False,False,False,True,True,False,0.020700307319947136,0.008796732807011242,0.12039298737281254,0.4268035369774919,2.0878,0
47,9.7,41700.0,630,18.33,10617.19,20,10,0,1,11100.0,19.5,False,False,False,True,False,False,True,False,True,False,False,False,False,True,False,0.26618066713028465,0.11786344824743974,0.25460276731972853,0.5664580031695721,20.3463,0
35,6.6,79900.0,665,7.04,514.07,9,6,0,1,1000.0,13.56,True,False,False,False,True,False,False,False,False,False,True,False,False,True,False,0.012515487916296416,0.005100257575830515,0.006433836873130499,0.14333693693693694,0.7040000000000001,0
56,0.9,64600.0,725,17.27,5289.46,21,11,0,0,8700.0,15.18,True,False,False,False,False,False,True,False,True,False,False,False,False,True,False,0.13467283788176654,0.056154732728615035,0.08187891828299872,0.3611,15.024899999999999,0
56,5.6,23500.0,722,44.05,3383.19,20,13,0,2,10600.0,15.25,False,False,False,True,True,False,False,False,False,False,True,False,False,True,False,0.4510446363984511,0.18820254755698074,0.14395940598272414,0.9291320885200552,46.693,1
49,6.5,37800.0,708,11.1,19829.97,18,8,0,0,9300.0,15.61,False,False,False,True,False,True,False,True,False,False,False,False,False,True,False,0.24602523742758128,0.10319662736547731,0.5245885029496574,0.24438787023977432,10.323,0
39,1.3,77200.0,661,19.78,6150.55,14,8,0,4,11100.0,15.49,False,False,False,True,False,False,True,False,False,False,False,False,True,True,False,0.14378052097770755,0.06021664750835182,0.07966930480175127,0.4628280966767372,21.955800000000004,1
27,10.2,54700.0,746,35.43,6511.1,18,9,0,1,1100.0,15.36,True,False,False,False,False,True,False,False,True,False,False,False,False,False,True,0.02010932158461454,0.005785329909957257,0.11903073069962158,0.7285204819277108,3.8973,1
24,0.3,69800.0,651,44.05500000000001,22542.96,30,16,0,1,12300.0,16.88,False,False,False,True,False,False,True,False,False,False,True,False,False,False,True,0.17621524046933426,0.05240822867389721,0.3229604160398848,1.1405650306748467,54.187650000000005,1
27,3.2,40500.0,657,25.91,12972.05,15,7,2,0,15200.0,14.46,True,False,False,False,True,False,False,False,False,False,False,False,True,False,True,0.3752993753240661,0.10583909029631929,0.3202896224784573,0.5693899696048633,39.3832,1
43,3.9,56400.0,639,10.76,6310.58,20,8,0,1,17300.0,12.1,False,False,False,True,False,False,True,False,True,False,False,False,False,True,False,0.3067321501391819,0.12240676283955876,0.11188773248701264,0.20343125,18.6148,0
50,1.0,87900.0,684,3.49,4723.37,15,6,0,0,13900.0,14.36,True,False,False,False,True,False,False,False,False,False,False,False,True,True,False,0.15813244445455682,0.06517923427248314,0.053735111090886335,0.07316262773722627,4.8511,0
28,3.4,20600.0,660,11.83,2241.94,19,9,0,0,5700.0,16.32,False,False,True,False,False,False,True,False,True,False,False,False,False,True,False,0.2766855977865152,0.11719198431679516,0.10882675598271929,0.29208108925869897,6.743099999999999,1
58,2.5,55600.0,599,9.76,1362.01,11,9,0,0,12900.0,16.42,True,False,False,False,False,False,True,False,False,True,False,False,False,True,False,0.23201021564360352,0.09844029530253749,0.024496142155716622,0.2670986666666667,12.5904,1
62,0.2,142987.5,685,22.6,23335.75,14,11,1,0,4700.0,15.92,False,False,False,True,False,True,False,False,True,False,False,False,False,True,False,0.032869776240746634,0.013850606464467643,0.16320018742766026,0.5244781341107873,10.622,0
27,2.6,83700.0,779,16.22,2450.81,17,9,0,2,18500.0,9.55,False,False,False,True,False,False,True,True,False,False,False,False,False,True,False,0.2210248384129222,0.08501176325816029,0.02928053428274453,0.19859102564102565,30.006999999999998,0
59,2.5,32000.0,659,8.27,23433.64,16,7,0,0,10100.0,14.67,False,False,False,True,False,False,True,False,False,False,False,True,False,True,False,0.3156151370269679,0.13063470110006592,0.732278366301053,0.18381954545454546,8.3527,0
36,1.0,89400.0,637,9.85,28302.99,12,9,0,0,1900.0,17.37,False,False,False,True,True,False,False,False,True,False,False,False,False,False,True,0.02125255869621145,0.006388231959569135,0.31658471381751885,0.268173197492163,1.8715,0
61,2.1,41600.0,688,32.9,13289.52,22,16,2,0,5100.0,15.05,False,False,False,True,False,False,True,False,False,False,False,False,True,True,False,0.12259320689406504,0.051019343117702703,0.3194519362515324,0.7186429608127721,16.779,1
31,2.5,138800.0,621,10.98,14776.11,15,7,0,1,9400.0,14.11,False,False,False,True,False,False,True,False,True,False,False,False,False,True,False,0.06772285502265833,0.02781651320534361,0.10645535694987789,0.24908006430868165,10.3212,0
30,5.2,75200.0,797,4.83,22104.78,13,6,0,0,26600.0,8.785000000000002,False,False,False,True,False,False,True,False,False,False,False,False,True,True,False,0.3537187005491948,0.1345339104962688,0.2939426337415726,0.05317236842105264,12.847800000000001,0
55,4.0,55700.0,730,3.27,15548.19,10,5,0,0,15100.0,11.84,False,False,False,True,False,True,False,False,False,False,False,True,False,True,False,0.2710902856322149,0.10777920701956618,0.2791366402757581,0.0529641586867305,4.9377,0
23,2.4,92200.0,685,27.24,17539.58,19,10,0,1,4500.0,13.33,False,False,True,False,False,True,False,False,False,False,False,False,True,True,False,0.04880641207796011,0.019824626865506383,0.1902319931454106,0.5293137026239066,12.258,1
67,0.5,57800.0,664,24.22,7995.87,23,12,0,1,7500.0,16.61,True,False,False,False,False,True,False,False,True,False,False,False,False,False,True,0.12975554056158198,0.038364044158193104,0.13833445788135154,0.6049536842105263,18.165,0
59,5.7,53500.0,651,27.78,19746.53,17,10,0,5,15000.0,18.24,False,False,False,True,True,False,False,False,False,False,False,False,True,False,True,0.2803685912412852,0.08585644606002801,0.36908711986691833,0.777158282208589,41.67,1
62,6.0,61300.0,628,2.95,3331.26,21,7,0,1,20100.0,15.67,False,False,False,True,True,False,False,False,True,False,False,False,False,False,True,0.327890246488638,0.09497826641932822,0.05434266977700201,0.07349205087440382,5.9295,0
52,7.6,34300.0,701,13.27,7452.93,23,14,0,4,12200.0,12.63,True,False,False,False,False,True,False,False,False,False,True,False,False,True,False,0.355674761668756,0.14300374055719944,0.21728025421999358,0.23874658119658118,16.1894,0
22,0.2,56300.0,626,5.2,1579.51,15,9,0,0,1600.0,14.8,False,False,False,True,False,True,False,False,True,False,False,False,False,True,False,0.028418678176231327,0.011786038174677065,0.028054741478836964,0.12274322169059013,0.8320000000000001,0
47,1.0,117000.0,632,9.72,230.56,12,3,0,0,28500.0,14.91,True,False,False,False,True,False,False,False,True,False,False,False,False,True,False,0.24358766164391757,0.10119026084077257,0.001970581448021812,0.22894976303317538,27.702,0
66,4.8,24200.0,707,22.57,2926.72,13,6,1,0,3200.0,14.43,False,False,True,False,True,False,False,False,False,False,False,False,True,True,False,0.132225941076815,0.054537211940214686,0.120933845708855,0.4600072033898305,7.2224,1
48,5.1,142987.5,633,15.03,403.09,23,10,0,0,34300.0,16.25,False,False,False,True,True,False,False,False,False,False,False,True,False,True,False,0.23987943086332117,0.10154922260816783,0.0028190378946558636,0.3852326498422713,51.5529,1
36,2.9,24800.0,589,21.5,16446.39,16,12,0,2,2000.0,17.19,True,False,False,False,True,False,False,False,True,False,False,False,False,True,False,0.08064190960041934,0.034577487536464724,0.6631341478166203,0.6264152542372882,4.3,1
64,1.1,16300.0,679,16.98,24818.8,14,7,0,3,7300.0,14.84,True,False,False,False,True,False,False,False,True,False,False,False,False,True,False,0.44782528679222133,0.18574200436082083,1.5225323599779155,0.37056352941176474,12.3954,1
23,9.1,40600.0,719,11.55,6128.02,18,11,0,2,3500.0,11.56,True,False,False,False,False,True,False,False,True,False,False,False,False,True,False,0.08620477328144627,0.03413254879839589,0.15093273564690526,0.18544166666666667,4.0425,0
41,4.0,16300.0,737,11.22,13319.4,18,9,1,3,7300.0,10.99,True,False,False,False,True,False,False,False,False,True,False,False,False,True,False,0.44782528679222133,0.17579063239621354,0.8170909760137415,0.16708373983739838,8.1906,1
22,2.8,29000.0,673,17.8,7362.34,19,16,0,0,13000.0,14.69,False,False,True,False,False,True,False,False,True,False,False,False,False,True,False,0.4482604048136271,0.1855831790033909,0.2538650391365815,0.38795548961424337,23.14,0
26,1.1,61000.0,574,16.81,11851.78,19,12,0,1,8300.0,20.24,False,False,False,True,False,False,True,False,False,False,False,True,False,False,True,0.13606334322388158,0.04346864517473621,0.19428829035589582,0.5917119999999999,13.952299999999997,1
52,0.4,34000.0,732,9.84,3132.97,19,11,1,1,12300.0,13.18,True,False,False,False,False,False,True,False,True,False,False,False,False,True,False,0.3617540660568807,0.1465963121412925,0.09214346636863621,0.17693206002728515,12.1032,1
49,3.5,121200.0,647,12.32,12385.71,19,10,0,4,3300.0,14.17,False,False,False,True,False,True,False,False,False,False,False,False,True,True,False,0.02722749812295278,0.011192836590980155,0.10219148356861742,0.26940493827160494,4.0656,0
65,1.0,110700.0,632,41.71,4125.72,15,9,0,2,34300.0,16.59,True,False,False,False,False,False,True,False,True,False,False,False,False,True,False,0.3098436328488451,0.13179070946721225,0.0372690400267387,1.0931578199052132,143.0653,1
48,12.8,79000.0,629,42.01,1573.21,16,11,0,2,14100.0,19.97,False,False,False,True,False,True,False,True,False,False,False,False,False,True,False,0.17847875343350084,0.07955110926540346,0.019913798559511905,1.3316503174603174,59.23409999999999,0
52,1.1,32700.0,645,44.05500000000001,2556.23,12,5,0,0,12700.0,17.82,True,False,False,False,False,False,True,False,True,False,False,False,False,True,False,0.3883673282162625,0.16800787513074678,0.07816978074065013,1.2152633126934986,55.94985000000001,1
38,3.6,40900.0,645,18.06,6063.19,23,10,2,2,18400.0,15.17,False,False,True,False,True,False,False,True,False,False,False,False,False,True,False,0.44986675142417054,0.18753663594040726,0.14824062981345199,0.4241024767801857,33.230399999999996,1
38,0.9,39600.0,648,18.76,2166.1,23,10,0,1,12000.0,16.76,False,False,False,True,False,False,True,True,False,False,False,False,False,False,True,0.303022650943158,0.08987716984490726,0.05469811368399788,0.48446471494607096,22.512,1
48,1.0,109000.0,631,8.46,9712.34,20,10,0,4,11100.0,13.34,True,False,False,False,False,True,False,False,False,False,False,False,True,True,False,0.10183392812909974,0.041370482046363,0.08910321923652077,0.17857025316455696,9.390600000000001,0
29,0.1,142987.5,634,20.58,18459.71,12,7,0,1,3700.0,17.29,False,False,False,True,False,False,True,False,False,False,False,False,True,True,False,0.025876206827821817,0.011114701083508358,0.12909926322746235,0.5603593700787401,7.614599999999999,0
64,7.8,67100.0,704,23.21,22089.19,17,7,0,1,6700.0,14.45,True,False,False,False,False,False,True,False,True,False,False,False,False,True,False,0.09984948063367163,0.041207033589815104,0.3291931565848497,0.475722695035461,15.5507,1
64,6.1,38200.0,643,9.0,6333.43,14,5,0,0,13200.0,13.53,False,False,True,False,False,False,True,False,True,False,False,False,False,True,False,0.3455406926520248,0.1407319229545243,0.16579225674720557,0.189083850931677,11.88,1
62,2.0,50200.0,692,2.0,29405.58,17,10,2,1,19200.0,11.96,False,False,False,True,False,True,False,False,False,False,True,False,False,True,False,0.38246250074699706,0.1523176926645466,0.5857568574331189,0.03451659451659452,3.84,0
36,0.7,57100.0,774,12.12,16673.78,14,10,0,0,1800.0,12.72,False,False,False,True,False,True,False,False,True,False,False,False,False,True,False,0.03152309066391132,0.01269224834624191,0.2920050436945062,0.1989243870967742,2.1816,1
26,1.5,72700.0,752,26.26,10785.22,18,10,0,0,6200.0,11.67,True,False,False,False,False,False,True,False,False,False,True,False,False,False,True,0.08528080769177865,0.022590586679206624,0.14835036656992337,0.4069776892430279,16.281200000000002,0
38,3.0,27100.0,711,11.35,5133.72,13,7,0,5,8900.0,12.5,False,False,False,True,False,True,False,False,False,False,False,True,False,True,False,0.3284011660086344,0.13178102727918647,0.18942917235526366,0.1992626404494382,10.1015,0
47,4.7,59300.0,669,6.33,6157.18,20,10,1,0,4500.0,14.63,False,False,False,True,False,False,True,False,True,False,False,False,False,True,False,0.07588404917286386,0.03139597826115829,0.1038292777524831,0.1382207462686567,2.8485,0
54,0.3,23700.0,718,14.54,1024.57,13,8,1,1,10700.0,12.51,False,False,False,True,False,False,True,False,True,False,False,False,False,True,False,0.4514577443989705,0.18117667895250908,0.04322897768026665,0.2529838664812239,15.5578,1
56,13.7,26700.0,600,18.77,5725.49,21,5,0,0,12000.0,16.37,False,False,False,True,True,False,False,False,True,False,False,False,False,True,False,0.44942136998614285,0.1905119990834955,0.21442979663683007,0.5112560732113145,22.523999999999997,1
22,7.8,48100.0,702,22.88,1949.24,23,13,0,1,2500.0,15.76,False,False,False,True,False,True,False,False,True,False,False,False,False,True,False,0.0519739714351053,0.021848183067159466,0.04052389763206586,0.5129285917496443,5.72,1
37,1.2,62600.0,663,13.08,3268.34,24,15,0,1,23300.0,14.05,False,False,False,True,False,False,True,False,False,True,False,False,False,True,False,0.372198527180077,0.15273201050996288,0.05220907014264948,0.2767680722891566,30.4764,0
44,0.2,30100.0,797,11.91,36444.7325,17,11,0,0,3000.0,11.55,False,False,False,True,True,False,False,False,True,False,False,False,False,False,True,0.09966446297465201,0.02632298788724671,1.2107482309557822,0.17238157894736844,3.573,0
49,13.0,23700.0,721,24.93,12054.38,17,9,0,5,7900.0,15.2,True,False,False,False,False,True,False,True,False,False,False,False,False,False,True,0.33331926922914645,0.09553179519292902,0.5086021686848656,0.5248421052631579,19.6947,1
33,5.9,72100.0,771,2.0,34834.88,14,8,0,2,1600.0,10.39,False,False,False,True,False,True,False,False,True,False,False,False,False,True,False,0.022191093050027047,0.008640053191093573,0.4831400396665788,0.026917098445595856,0.32,0
36,0.8,20100.0,697,6.9,12363.53,22,10,0,1,5900.0,13.1,False,False,False,True,False,True,False,True,False,False,False,False,False,True,False,0.293517735436048,0.11878199083624098,0.6150703945077359,0.12949856733524356,4.071,1
31,0.7,45100.0,693,15.04,36243.55,25,14,1,0,7900.0,13.61,True,False,False,False,False,False,True,False,True,False,False,False,False,True,False,0.17516241325026052,0.07142470622192748,0.8036085674375292,0.2949487031700288,11.8816,0
37,2.6,78400.0,636,19.49,12192.14,21,9,2,1,7200.0,16.43,True,False,False,False,False,False,True,False,True,False,False,False,False,False,True,0.09183556332189641,0.027047788429311437,0.15551000624992029,0.5027012558869701,14.032799999999998,0
60,3.0,56900.0,693,19.23,4069.73,23,15,0,0,11200.0,12.62,False,False,False,True,True,False,False,False,False,True,False,False,False,True,False,0.19683309607915503,0.079138088058501,0.07152299608091246,0.3496867435158501,21.5376,0
46,6.6,38600.0,775,18.89,6518.11,17,10,0,0,3100.0,11.15,True,False,False,False,False,False,True,False,False,False,True,False,False,False,True,0.08030880029014792,0.02101946840943949,0.1688585787932955,0.2714220360824742,5.8559,0
24,12.5,69000.0,649,34.65,185.99,13,6,0,4,5700.0,16.96,False,False,False,True,False,True,False,False,False,False,False,False,True,True,False,0.08260749844205156,0.0353168306488935,0.002695468181620556,0.9040984615384615,19.7505,1
24,14.5,117300.0,728,44.05500000000001,13648.02,16,11,1,0,3400.0,12.54,False,True,False,False,True,False,False,False,True,False,False,False,False,True,False,0.02898526014270978,0.01164152714537863,0.11635041474497233,0.7578185185185186,14.978700000000003,1
52,3.8,83400.0,735,38.41,17396.17,15,9,2,1,1000.0,13.36,False,False,True,False,False,True,False,False,True,False,False,False,False,True,False,0.011990263905708565,0.004872336619965907,0.20858466924857014,0.6972249999999999,3.8409999999999997,1
30,1.9,24800.0,599,26.29,9255.3,19,11,0,0,11200.0,19.24,False,False,False,True,False,True,False,False,False,False,False,False,True,True,False,0.4515946937623483,0.19921380241585124,0.3731825329623805,0.8430326666666665,29.4448,1
58,0.3,30200.0,685,27.94,683.98,21,11,0,1,9400.0,16.81,False,False,False,True,True,False,False,False,False,False,False,True,False,True,False,0.31124797192145953,0.13276080342807825,0.022647594450514886,0.6846521865889212,26.2636,1
60,3.0,28200.0,703,15.07,768.19,18,12,0,2,3300.0,16.13,False,False,False,True,True,False,False,False,True,False,False,False,False,False,True,0.11701712705223219,0.03423126680303672,0.027239814190986138,0.3452828125,4.9731000000000005,0
38,8.2,62700.0,646,27.94,2676.31,14,8,0,2,18300.0,16.32,True,False,False,False,False,False,True,False,False,False,True,False,False,True,False,0.2918613738217891,0.12366409519961319,0.042683689255354776,0.7047616692426585,51.1302,1
67,2.4,28100.0,728,6.78,7638.65,13,8,0,2,9700.0,13.41,False,False,True,False,False,False,True,False,False,False,False,True,False,False,True,0.34518344542898827,0.09508224705888126,0.27182840468310737,0.12471851851851853,6.5766,0
65,0.3,30500.0,694,25.21,22196.02,28,15,0,0,1000.0,15.61,False,False,False,True,False,False,True,False,True,False,False,False,False,True,False,0.03278581030130159,0.01375122946143322,0.7277145011638962,0.5662274820143884,2.5210000000000004,0
65,5.8,43900.0,646,8.8,36444.7325,11,7,0,4,1000.0,15.97,True,False,False,False,False,True,False,False,True,False,False,False,False,True,False,0.022778524407188902,0.00960344974473765,0.8301572287647205,0.21721174652241118,0.8800000000000001,0
45,2.1,22400.0,687,9.53,11325.85,21,8,1,5,3000.0,14.55,True,False,False,False,False,False,True,False,False,False,False,True,False,False,True,0.13392259274139548,0.037834973982803964,0.505595732333378,0.20154287790697673,2.8589999999999995,1
21,0.3,41900.0,595,7.28,6969.91,15,10,0,1,18900.0,16.95,True,False,False,False,False,True,False,False,True,False,False,False,False,True,False,0.45106322044819935,0.19279433080350453,0.16634233073196344,0.20704026845637585,13.7592,0
48,1.2,74400.0,683,12.77,8544.81,16,10,0,0,7000.0,13.18,False,False,False,True,False,False,True,False,False,False,False,False,True,True,False,0.09408475692531014,0.038133368186361545,0.11484805311756562,0.24606520467836254,8.938999999999998,1
32,2.1,71800.0,631,14.41,2279.37,14,10,3,2,1000.0,16.1,True,False,False,False,True,False,False,False,True,False,False,False,False,False,True,0.01392738262698291,0.00407250414528865,0.03174565813846603,0.3670901898734178,1.441,0
21,0.0,32000.0,654,17.66,5617.62,12,10,0,4,14400.0,15.73,True,False,False,False,True,False,False,False,False,False,True,False,False,True,False,0.4499859379394394,0.18905804945794888,0.17554513921439954,0.4241096183206107,25.4304,1
21,4.9,60300.0,682,12.06,4687.0,18,6,0,0,9400.0,14.2,False,False,False,True,False,False,True,False,True,False,False,False,False,True,False,0.1558846453624318,0.0641033772525773,0.07772673753337424,0.2507349926793558,11.3364,0
44,4.3,35000.0,706,11.06,2585.65,11,5,0,1,1000.0,12.71,False,False,False,True,False,True,False,False,True,False,False,False,False,True,False,0.02857061226822091,0.011500436311367912,0.07387360361132539,0.19882970297029706,1.106,1
25,8.1,35800.0,593,4.26,5559.51,21,12,0,0,9200.0,17.18,False,False,False,True,True,False,False,False,True,False,False,False,False,False,True,0.2569760621211698,0.07691334643540713,0.15528923773078965,0.12321010101010099,3.9192,0
40,0.9,53100.0,673,11.12,7512.59,21,10,0,2,9400.0,15.2,True,False,False,False,False,True,False,False,False,False,False,False,True,False,True,0.17702114837762,0.05074861939607557,0.14147737330747068,0.2507774480712166,10.452799999999998,0
53,0.4,35800.0,699,11.62,4546.34,22,12,0,3,16100.0,13.22,True,False,False,False,False,True,False,False,True,False,False,False,False,False,True,0.44970810871204714,0.1233576049489809,0.12698919024608252,0.219452,18.7082,0
56,12.7,65500.0,653,31.07,3215.15,20,12,0,0,1000.0,17.25,True,False,False,False,False,True,False,False,True,False,False,False,False,True,False,0.015266942489427643,0.006553414214270141,0.049085510144883285,0.819506880733945,3.107,0
40,1.8,34900.0,662,9.0,14039.26,20,12,0,2,15700.0,14.82,True,False,False,False,False,False,True,False,True,False,False,False,False,False,True,0.44984384401593075,0.12787126754808786,0.4022595341107705,0.2011764705882353,14.13,1
66,2.0,92200.0,660,32.62,2130.71,21,12,0,0,23700.0,14.55,False,False,False,True,False,True,False,False,False,False,False,False,True,True,False,0.2570471036105899,0.10623630868685974,0.023109402284140084,0.7180347957639939,77.3094,1
31,1.2,33000.0,683,14.72,7935.29,16,8,0,2,3100.0,14.94,True,False,False,False,False,True,False,False,True,False,False,False,False,True,False,0.0939365473773522,0.03902997300303306,0.24045604678646101,0.3215157894736842,4.5632,1
36,4.5,61900.0,666,8.21,11078.33,15,7,0,0,10300.0,15.8,True,False,False,False,True,False,False,False,False,False,True,False,False,True,False,0.16639472706418312,0.06998990229441501,0.17896851424048077,0.19447976011994006,8.4563,0
42,0.0,48500.0,690,17.39,267.87,23,11,0,0,8900.0,13.7,True,False,False,False,False,True,False,False,False,False,True,False,False,True,False,0.1835013711057504,0.07492225963403105,0.0055229789076513885,0.34478002894356,15.4771,0
53,0.6,80600.0,622,44.05500000000001,978.71,18,8,0,2,8600.0,19.63,True,False,False,False,False,True,False,False,False,False,False,False,True,False,True,0.10669842805920522,0.03365461830582632,0.012142653316956365,1.3881214285714287,37.8873,1
63,2.3,89900.0,636,14.86,15033.84,23,11,0,1,10800.0,16.87,True,False,False,False,False,True,False,False,False,False,False,False,True,False,True,0.12013214535989589,0.03572205790607025,0.1672266159442053,0.39354505494505493,16.0488,1
28,3.7,79500.0,636,19.16,35666.23,18,11,0,0,1000.0,15.43,False,False,True,False,False,False,True,False,False,True,False,False,False,True,False,0.012578458132602105,0.005263548363172731,0.44862618080275724,0.46411114599686026,1.9160000000000001,0
41,0.2,20300.0,602,13.41,10415.13,17,9,0,1,9100.0,15.56,True,False,False,False,False,False,True,False,False,False,True,False,False,True,False,0.44825378060194077,0.1878430881144554,0.5130353184572188,0.34603582089552243,12.203100000000001,1
37,1.2,44900.0,672,15.88,1685.65,13,9,0,2,13500.0,16.77,True,False,False,False,True,False,False,True,False,False,False,False,False,False,True,0.30066145520144316,0.08919909847620812,0.03754148014520835,0.3957022288261515,21.438000000000002,0
40,3.7,59500.0,739,21.61,778.96,18,12,0,1,8000.0,11.62,False,False,False,True,False,False,True,False,True,False,False,False,False,True,False,0.13445152182316264,0.053286366700965766,0.013091544679921347,0.33933540540540535,17.288,0
43,7.3,64000.0,676,10.71,7800.0,16,7,1,2,6600.0,13.21,False,True,False,False,False,True,False,False,False,False,False,False,True,True,False,0.10312338869705161,0.04181370762873479,0.12187309573287917,0.20897946824224523,7.068600000000001,0
67,1.4,142987.5,671,25.98,15194.63,19,8,0,0,17400.0,17.21,False,False,False,True,True,False,False,False,True,False,False,False,False,True,False,0.1216881077848918,0.052210883579591666,0.10626469960870978,0.6653508928571429,45.2052,1
59,0.9,32900.0,665,9.14,8007.37,14,7,0,0,3500.0,13.47,False,False,False,True,False,False,True,False,False,False,False,False,True,True,False,0.10637974529649555,0.04328733317041852,0.24337770888422844,0.18485855855855857,3.199,1
46,3.8,75200.0,650,20.68,8884.26,12,5,0,0,12200.0,15.8,True,False,False,False,False,True,False,False,True,False,False,False,False,True,False,0.16223188521429235,0.06824104826330678,0.11814018430605976,0.5019109062980032,25.229599999999998,1
33,3.2,109300.0,726,9.93,14634.35,19,13,0,1,34300.0,14.17,True,False,False,False,False,False,True,False,True,False,False,False,False,False,True,0.313812316447242,0.08794575885712515,0.13389035781923314,0.19354621733149932,34.0599,0
27,5.7,36100.0,673,21.4,12581.79,14,8,0,2,16200.0,15.02,False,False,False,True,False,False,True,False,False,False,False,False,True,True,False,0.4487410321043738,0.1866649309644283,0.3485163845876846,0.4768961424332344,34.668,1
61,0.5,44600.0,652,10.04,12770.92,22,7,0,2,20100.0,15.83,True,False,False,False,True,False,False,False,True,False,False,False,False,True,False,0.4506625411986278,0.18962715218004358,0.286337077643999,0.24338928024502296,20.180399999999995,1
55,1.2,37000.0,695,21.89,34123.29,12,4,0,1,11500.0,15.36,False,False,True,False,True,False,False,False,True,False,False,False,False,True,False,0.3108024107456555,0.12990866866416262,0.9222261560498365,0.48308965517241376,25.173499999999997,0
29,0.1,109800.0,651,15.18,3305.65,15,9,0,4,11300.0,15.8,False,False,False,True,True,False,False,True,False,False,False,False,False,True,False,0.10291345251864738,0.0432914007564434,0.030105827815775813,0.36785889570552144,17.153399999999998,0
38,5.5,43800.0,626,15.84,11009.5,16,8,0,0,2500.0,16.74,False,False,False,True,False,False,True,False,False,False,False,True,False,True,False,0.05707632245839136,0.024324475507989822,0.25135270884226385,0.4229052631578947,3.96,1
55,5.2,142987.5,742,13.74,4807.62,13,7,0,1,3600.0,13.47,False,False,False,True,True,False,False,False,False,False,True,False,False,False,True,0.025176849886529337,0.006946582342198047,0.0336224241809656,0.24909528936742936,4.9464,0
53,12.6,129600.0,703,21.32,4207.1,15,7,0,4,4500.0,12.22,False,False,False,True,False,False,True,False,False,True,False,False,False,True,False,0.03472195430590813,0.013881833030134195,0.032461940880085804,0.370071590909091,9.594000000000001,0
21,1.5,87400.0,657,3.9,13441.48,16,9,0,2,5300.0,14.84,False,False,False,True,False,True,False,False,False,False,True,False,False,True,False,0.06064003844349607,0.025165136644993195,0.15379091772405348,0.08795744680851063,2.067,0
63,6.6,25000.0,752,22.4,4781.88,16,5,0,0,11200.0,13.74,True,False,False,False,True,False,False,False,False,False,False,False,True,True,False,0.4479820807167713,0.18297296237218333,0.19126754929802808,0.4087330677290837,25.088,0
54,9.4,90800.0,632,15.19,10193.23,19,9,2,0,21400.0,20.23,False,False,True,False,False,True,False,False,True,False,False,False,False,False,True,0.23568022378608164,0.07528228816030644,0.11225900595808416,0.4854560821484992,32.5066,0
40,9.0,35400.0,683,13.23,7576.52,19,13,1,1,5800.0,15.51,True,False,False,False,False,False,True,False,False,False,False,False,True,False,True,0.1638371797406853,0.047285375000892006,0.214019942939465,0.29999605263157897,7.6734,0
55,0.7,35400.0,702,14.38,19666.6,18,14,0,0,15900.0,15.51,False,False,False,True,False,False,True,False,False,False,True,False,False,True,False,0.4491398548063614,0.18812538547963162,0.5555379791531312,0.31726002844950213,22.864200000000004,1
53,10.2,41600.0,705,16.64,9233.36,23,14,0,2,7500.0,14.6,True,False,False,False,False,True,False,False,False,False,False,True,False,False,True,0.18028412778538977,0.05100075323320393,0.2219504338838009,0.3441133144475921,12.48,0
54,9.2,29900.0,680,12.53,4129.31,16,5,0,0,13500.0,11.55,True,False,False,False,False,False,True,False,False,False,False,False,True,True,False,0.4514899167251931,0.17872312679813065,0.13809939466907462,0.21251321585903082,16.9155,0
27,1.9,34300.0,644,11.31,6397.97,14,10,0,0,15400.0,12.78,True,False,False,False,True,False,False,False,False,False,False,True,False,True,False,0.44896650243433134,0.18090108178982936,0.18652429958310254,0.22409581395348838,17.4174,1
67,12.5,126800.0,758,20.29,396.91,18,9,0,0,17500.0,12.01,True,False,False,False,False,True,False,True,False,False,False,False,False,True,False,0.13801152987752463,0.05501063073377313,0.0031301803613536174,0.32105783926218706,35.5075,0
26,1.3,69700.0,664,43.93,10650.79,28,17,0,1,10300.0,20.3,False,False,False,True,False,False,True,False,False,False,True,False,False,False,True,0.14777406349980632,0.047270341464976835,0.15280684638670897,1.341021052631579,45.2479,1
51,1.2,61200.0,657,36.75,16111.43,17,12,0,0,10400.0,17.14,False,True,False,False,False,True,False,False,False,False,False,False,True,True,False,0.16993186385843367,0.07283148385551408,0.26325435858891194,0.9572872340425531,38.22,0
39,0.8,58000.0,696,6.87,2757.4,22,12,0,2,1600.0,13.6,False,False,False,True,False,True,False,False,False,True,False,False,False,True,False,0.027585731280495164,0.011247441320598808,0.04754055964552335,0.13404878048780489,1.0992,0
34,0.4,136000.0,653,8.31,4864.61,22,8,1,2,1000.0,10.16,True,False,False,False,False,False,True,False,True,False,False,False,False,True,False,0.0073528871111241826,0.002853485730839573,0.03576892816964581,0.12909724770642203,0.8310000000000001,0
22,5.1,62100.0,696,22.58,1845.95,12,6,0,0,2900.0,15.11,True,False,False,False,True,False,False,False,True,False,False,False,False,True,False,0.04669812080320768,0.019452422446399442,0.029724964171269384,0.4895032998565279,6.548199999999999,1
28,0.6,37400.0,726,38.04,33933.81,19,11,0,0,6500.0,15.37,False,False,False,True,False,False,True,True,False,False,False,False,False,True,False,0.1737921445950643,0.07265181932508344,0.9072968637202213,0.8042294360385145,24.726,0
49,0.6,31900.0,663,17.6,18504.26,17,10,0,5,3700.0,16.51,False,False,False,True,False,True,False,True,False,False,False,False,False,True,False,0.11598382495846525,0.049265940170422656,0.580052662925927,0.4376144578313254,6.5120000000000005,1
43,5.9,142987.5,681,20.03,2980.77,21,13,0,1,13400.0,15.77,False,False,False,True,False,True,False,False,True,False,False,False,False,False,True,0.09371383013319252,0.027207927234897643,0.0208462218989639,0.46315703812316716,26.840200000000003,0
33,0.4,88200.0,701,19.53,3912.7,18,10,0,4,34300.0,13.9,True,False,False,False,False,False,True,False,False,False,False,False,True,True,False,0.3888844797678031,0.15924737738845837,0.044361175043366854,0.38670512820512826,66.98790000000001,0
53,10.7,66400.0,657,10.84,132.82,19,10,2,2,10400.0,15.01,True,False,False,False,True,False,False,False,False,False,True,False,False,True,False,0.1566241472266984,0.06515154148637432,0.0020002710802548155,0.2472772036474164,11.2736,0
47,6.4,69900.0,609,11.22,17654.66,24,15,0,0,1000.0,17.92,False,False,False,True,False,False,True,False,True,False,False,False,False,False,True,0.014305946982160485,0.00435117192939096,0.2525666299480694,0.3296104918032787,1.122,0
50,2.4,79800.0,671,9.07,13217.88,12,8,1,4,32000.0,14.56,False,False,False,True,False,False,True,False,True,False,False,False,False,True,False,0.400997481234571,0.1657506979612694,0.16563551835190035,0.19651666666666667,29.024,1
64,0.0,56600.0,719,7.02,45.27,19,7,0,1,5000.0,14.49,True,False,False,False,True,False,False,False,True,False,False,False,False,True,False,0.08833766187876539,0.03647576554408359,0.0007998091906503419,0.1412775,3.51,0
39,5.8,17400.0,711,15.98,14721.52,16,8,0,0,7800.0,13.13,True,False,False,False,False,False,True,False,True,False,False,False,False,False,True,0.44825010056893283,0.12266952314877248,0.8460157462214816,0.2946873595505618,12.464400000000001,0
55,7.3,60900.0,687,17.81,30396.89,19,11,0,1,9500.0,14.05,False,True,False,False,False,False,True,True,False,False,False,False,False,False,True,0.155990870429057,0.04359628013344169,0.49911971888803136,0.36370712209302325,16.9195,1
36,4.6,40500.0,714,30.05,2360.82,17,12,2,0,18200.0,13.84,False,False,False,True,False,False,True,False,True,False,False,False,False,False,True,0.44937162045381596,0.1249922960529232,0.058290412582405374,0.5816671328671329,54.691,1
46,2.4,99600.0,687,13.48,2984.88,16,6,0,0,16800.0,14.94,False,False,False,True,True,False,False,False,False,False,True,False,False,False,True,0.16867300529111154,0.04808359340873046,0.029968373811507916,0.29271976744186046,22.6464,1
41,3.1,136200.0,736,19.42,1134.96,18,9,1,0,34300.0,12.61,False,False,False,True,True,False,False,False,True,False,False,False,False,True,False,0.251833686977335,0.10124833831938927,0.008332978465650032,0.33227435549525103,66.6106,0
43,2.0,93000.0,643,19.85,662.8,15,5,0,2,7900.0,15.8,True,False,False,False,False,False,True,False,True,False,False,False,False,True,False,0.08494532316856808,0.03573231094070062,0.007126805088117332,0.4870031055900622,15.681500000000002,0
58,5.1,15000.0,640,12.85,6161.98,20,8,0,0,6800.0,12.54,False,False,False,True,False,True,False,False,False,False,False,False,True,True,False,0.45330311312579163,0.18194655375415106,0.410771281914539,0.251386895475819,8.738,1
33,6.0,72000.0,707,8.84,24471.67,14,7,1,1,11100.0,10.26,True,False,False,False,True,False,False,False,False,False,True,False,False,True,False,0.1541645254927015,0.05991039276053886,0.33987958500576376,0.1281050847457627,9.8124,0
42,1.1,142987.5,654,20.91,18940.63,11,6,0,1,34300.0,16.41,False,False,False,True,False,True,False,False,True,False,False,False,False,True,False,0.23987943086332117,0.10177719477355894,0.13246261062952616,0.5238673282442748,71.7213,0
24,3.3,109000.0,700,22.34,8260.83,17,6,0,1,11300.0,14.14,False,False,False,True,True,False,False,True,False,False,False,False,False,False,True,0.1036687736809754,0.02903373449253103,0.07578673590150549,0.4506242510699002,25.244199999999996,0
50,1.3,141400.0,703,25.37,16906.83,19,10,1,1,1000.0,15.25,True,False,False,False,True,False,False,True,False,False,False,False,False,False,True,0.007072085770256221,0.0020299289606179544,0.11956655186314101,0.5495632102272728,2.5370000000000004,0
48,2.8,30300.0,645,16.11,13427.24,9,3,0,0,1400.0,14.64,False,False,False,True,False,False,True,False,True,False,False,False,False,True,False,0.046203095607405695,0.019115206870194735,0.4431286096168443,0.3650934984520124,2.2554000000000003,0
62,6.3,117800.0,592,11.67,21990.78,18,11,0,0,3200.0,18.07,False,False,False,True,False,True,False,False,False,False,False,False,True,False,True,0.027164455310226567,0.008289227497030469,0.18667736267094506,0.35561028667790895,3.7344,0
25,5.4,53000.0,648,16.33,14187.47,18,9,0,0,5300.0,14.47,False,False,False,True,True,False,False,True,False,False,False,False,False,True,False,0.09999811324314635,0.041278271897261444,0.2676830625837248,0.364091063174114,8.6549,0
34,4.8,23300.0,648,14.94,1335.46,19,9,1,4,5900.0,16.65,False,False,True,False,False,True,False,False,True,False,False,False,False,False,True,0.2532080168233123,0.07490844943692988,0.057313420024891634,0.38328351309707237,8.814599999999999,1
23,0.2,81500.0,715,12.14,13427.91,14,5,0,1,15900.0,13.04,False,False,False,True,False,False,True,True,False,False,False,False,False,True,False,0.19508963080207606,0.07891454884234327,0.1647576103360695,0.22109720670391061,19.3026,0
60,0.9,32400.0,647,22.72,295.89,23,13,0,0,14600.0,15.17,False,False,False,True,False,False,True,False,False,False,False,False,True,True,False,0.4506033764389988,0.1878304653739214,0.009132125551680503,0.5318864197530864,33.1712,0
31,5.1,38700.0,694,17.52,3061.6,25,17,0,0,17400.0,15.0,False,False,False,True,False,True,False,False,False,False,False,False,True,True,False,0.44960078550941834,0.1869735635378114,0.07910906694917444,0.37812949640287774,30.4848,0
28,2.2,142987.5,627,3.74,10923.49,19,10,0,0,18400.0,18.57,False,False,False,True,True,False,False,False,True,False,False,False,False,False,True,0.12868167719781662,0.03968936077567113,0.07639418554639009,0.11059203821656052,6.881600000000001,0
52,4.3,52200.0,661,15.06,8118.72,19,10,0,2,10800.0,15.09,True,False,False,False,False,False,True,False,True,False,False,False,False,True,False,0.20689258826459264,0.08615530120605705,0.1555280550181031,0.34328610271903326,16.2648,0
22,12.2,50300.0,616,9.88,14037.71,20,10,2,0,22600.0,14.43,True,False,False,False,True,False,False,False,False,False,True,False,False,True,False,0.44929524263931137,0.1853576336548711,0.2790741734756764,0.2310670988654781,22.3288,1
57,8.4,31300.0,716,15.31,7997.48,19,11,0,1,14100.0,13.15,True,False,False,False,False,True,False,False,True,False,False,False,False,False,True,0.45046484137886966,0.12336563297259909,0.25550238011565124,0.28079009762900975,21.5871,1
30,2.5,78500.0,631,19.31,1333.31,23,11,0,0,15900.0,16.63,False,False,False,True,False,False,True,True,False,False,False,False,False,True,False,0.2025451905071273,0.0861964773834187,0.016984624399689174,0.5081096518987341,30.7029,1
51,3.2,45400.0,687,25.7,891.87,16,10,0,0,20400.0,14.87,False,False,False,True,False,False,True,False,True,False,False,False,False,True,False,0.44932930992709413,0.18652550775689666,0.019644280962974384,0.5554636627906977,52.428,0
36,2.2,34900.0,689,16.18,8622.19,18,10,0,1,15700.0,13.77,False,False,False,True,False,False,True,False,True,False,False,False,False,True,False,0.44984384401593075,0.18383477139269014,0.2470470760150139,0.3228965217391304,25.4026,1
32,0.4,43300.0,596,23.57,10615.33,14,9,0,1,19100.0,18.86,True,False,False,False,False,True,False,True,False,False,False,False,False,True,False,0.4410983580055888,0.1936032749672703,0.245152075009815,0.7446067001675042,45.018699999999995,1
26,3.6,66300.0,705,13.42,36444.7325,11,7,0,0,1000.0,14.57,False,False,False,True,False,False,True,False,True,False,False,False,False,True,False,0.015082728767288578,0.0062350934186845295,0.5496860152938869,0.27695382436260624,1.342,1
47,0.5,59400.0,639,14.77,4040.34,15,8,0,1,17000.0,15.45,True,False,False,False,False,True,False,False,False,False,False,False,True,True,False,0.28619046817393645,0.11978665177150076,0.06801804683422838,0.35655703125,25.108999999999998,1
60,4.4,85100.0,716,9.5,4119.48,20,10,0,0,16300.0,11.46,True,False,False,False,False,True,False,False,True,False,False,False,False,True,False,0.1915371147225062,0.07574004196155877,0.04840695173969753,0.15184100418410043,15.485,0
24,0.2,16500.0,730,7.5,22472.51,26,13,0,1,1900.0,11.94,True,False,False,False,False,False,True,False,True,False,False,False,False,True,False,0.11514453669474577,0.045823222273089353,1.3618877643779164,0.12250341997264022,1.425,0
21,0.4,105000.0,698,17.8,3945.87,16,7,0,2,3600.0,15.18,True,False,False,False,False,False,True,False,True,False,False,False,False,True,False,0.03428538775821183,0.014296965434733666,0.03757935638708203,0.3865579399141631,6.408,0
38,0.5,23900.0,696,27.95,7177.67,8,6,3,0,1000.0,17.31,False,False,False,True,False,False,True,False,True,False,False,False,False,False,True,0.041839253587715994,0.01255582064287886,0.30030835529894145,0.6941384505021521,2.795,1
62,0.6,71500.0,686,22.32,4230.05,21,9,0,0,1000.0,11.53,False,False,False,True,False,False,True,False,False,False,False,False,True,True,False,0.013985818380162515,0.005535900445613791,0.05916071103900645,0.3745991266375546,2.232,0
37,3.0,64900.0,616,16.41,10474.36,14,7,0,0,2700.0,15.12,True,False,False,False,True,False,False,False,True,False,False,False,False,True,False,0.04160182431703672,0.01733210420110198,0.16138980909385064,0.40213808752025926,4.430700000000001,0
34,1.6,44600.0,585,31.18,6781.94,11,8,0,0,7200.0,20.585,False,False,False,True,False,True,False,False,True,False,False,False,False,False,True,0.16143135804129952,0.0519431016203481,0.15205802560480705,1.0952906143344712,22.4496,1
26,0.4,71900.0,705,28.59,19284.98,15,8,0,4,24900.0,15.12,False,False,True,False,False,True,False,False,False,False,False,True,False,True,False,0.34630950890808193,0.14428144966666098,0.26821574108844104,0.6122957507082153,71.18910000000001,1
25,5.8,18200.0,680,16.72,4722.99,17,10,0,0,8200.0,15.37,True,False,False,False,False,True,False,False,False,False,True,False,False,True,False,0.4505246964452503,0.18827830246868651,0.25949068732487224,0.3773662261380322,13.710399999999998,0
43,11.5,35800.0,607,15.3,5855.89,25,15,0,0,6400.0,15.32,True,False,False,False,False,False,True,True,False,False,False,False,False,True,False,0.17876595625820507,0.07467742503172067,0.16356777743638445,0.3855197368421053,9.792,1
32,11.9,17900.0,644,30.33,1516.32,15,7,0,0,4200.0,15.91,True,False,False,False,False,True,False,False,True,False,False,False,False,True,False,0.23462376403552873,0.09879833890071885,0.08470588235294117,0.74814,12.738599999999998,0
25,2.2,30300.0,677,11.44,697.72,18,7,1,1,2000.0,14.49,True,False,False,False,True,False,False,True,False,False,False,False,False,True,False,0.06600442229629386,0.02724948586674136,0.023026302762285074,0.24449203539823008,2.288,0
42,0.2,43800.0,790,20.28,7101.82,12,5,0,0,19300.0,12.04,True,False,False,False,True,False,False,False,True,False,False,False,False,True,False,0.4406292093787813,0.17567925618379057,0.16213830734458118,0.3086867256637168,39.1404,0
67,1.0,22500.0,803,36.34,2604.81,6,1,1,2,3800.0,12.29,True,False,False,False,False,True,False,True,False,False,False,False,False,True,False,0.16888138304964223,0.06755936091507964,0.11576418825829962,0.5554957711442786,13.8092,1
37,2.2,112300.0,707,15.6,2044.79,14,5,0,0,10200.0,15.44,True,False,False,False,False,False,True,False,True,False,False,False,False,False,True,0.09082733012172643,0.02617915646420135,0.018208119250941665,0.34020338983050846,15.911999999999999,0
26,0.5,128500.0,717,17.13,166.96,17,9,0,0,17700.0,12.32,True,False,False,False,True,False,False,True,False,False,False,False,False,True,False,0.13774211873837558,0.055148361890484936,0.0012992894996926095,0.29392980501392757,30.3201,0
60,0.4,142987.5,609,8.91,30164.56,22,9,2,4,1000.0,17.42,False,False,True,False,False,True,False,False,False,False,False,True,False,False,True,0.006993569412924816,0.002104535937453924,0.2109579441703354,0.2544462295081968,0.891,0
64,2.6,36200.0,630,9.54,4002.76,17,11,0,0,8200.0,14.35,False,False,True,False,False,False,True,False,True,False,False,False,False,False,True,0.2265130797491782,0.06372169476360504,0.11057042623131959,0.21695562599049123,7.822799999999999,0
32,2.0,19700.0,679,12.5,19850.78,10,7,0,0,8900.0,13.81,False,False,False,True,False,True,False,False,False,False,False,False,True,False,True,0.4517537180853764,0.12553478094584183,1.0076026597634637,0.25386029411764705,11.125,1
21,2.2,76400.0,685,8.17,4478.01,14,10,0,4,2700.0,13.1,True,False,False,False,False,False,True,False,False,False,True,False,False,False,True,0.03533985157262339,0.00966941338857765,0.05861192916323085,0.15601603498542274,2.2059,0
53,0.4,142987.5,737,22.36,36444.7325,14,9,1,1,4100.0,14.95,True,False,False,False,True,False,False,False,False,False,False,True,False,False,True,0.028673634592991742,0.008176068256393464,0.2548787664742269,0.45295663956639565,9.167599999999998,0
67,2.4,25100.0,659,8.88,28188.48,19,5,0,0,11300.0,13.3,False,False,True,False,False,False,True,False,False,True,False,False,False,True,False,0.4501812676785785,0.18272214608884624,1.1230022708258636,0.17894545454545457,10.0344,0
35,3.0,67100.0,705,14.76,2160.27,12,6,0,0,6400.0,12.43,False,False,False,True,False,False,True,False,True,False,False,False,False,True,False,0.0953786083664923,0.03824443684414477,0.032194304108731614,0.25986798866855526,9.4464,0
60,6.8,39300.0,724,7.8,9868.19,24,13,0,0,17700.0,14.35,True,False,False,False,True,False,False,False,True,False,False,False,False,True,False,0.45037021958728785,0.18557913865315123,0.2510925930637897,0.15438620689655172,13.806,0
29,4.2,25100.0,614,44.05500000000001,31987.78,21,10,0,0,1000.0,19.95,True,False,False,False,False,False,True,False,False,False,False,False,True,True,False,0.03983905023704235,0.017746788112800574,1.2743627743914585,1.4291012195121953,4.405500000000001,1
51,0.9,66700.0,633,7.67,36444.7325,16,6,0,0,13900.0,13.01,True,False,False,False,False,False,True,False,False,False,True,False,False,True,False,0.20839267777094797,0.08425702483215157,0.5463895968576183,0.15739227129337538,10.661299999999999,0
34,1.2,71000.0,665,16.02,21100.57,20,11,0,0,1000.0,14.08,True,False,False,False,False,True,False,False,False,False,False,False,True,True,False,0.014084308671708849,0.005782092809555588,0.29718694102899956,0.3386810810810811,1.602,0
49,2.4,29700.0,742,20.7,12552.7,21,13,0,3,10500.0,12.58,True,False,False,False,True,False,False,True,False,False,False,False,False,False,True,0.3535234503888758,0.09557989471291083,0.4226356014948992,0.3504791386271871,21.735,1
21,0.7,60000.0,708,42.34,3812.47,18,10,0,1,1300.0,16.48,True,False,False,False,True,False,False,False,True,False,False,False,False,True,False,0.021666305561573975,0.009200721910774267,0.06354010766487225,0.9841511988716504,5.504200000000001,1
42,3.5,31200.0,683,38.54,4842.49,28,9,0,1,14000.0,16.12,False,False,True,False,False,False,True,False,False,False,False,False,True,False,True,0.4487035671933592,0.1312364791003585,0.155203038364155,0.9082818713450292,53.955999999999996,1
61,3.8,62700.0,684,16.63,10610.11,19,10,0,0,23400.0,15.9,True,False,False,False,True,False,False,False,False,False,False,False,True,False,True,0.37319978947704185,0.1086490560185808,0.16921755633881438,0.38601021897810217,38.914199999999994,0
48,7.5,15500.0,758,9.59,2840.63,20,12,0,0,1000.0,10.67,True,False,False,False,False,False,True,False,True,False,False,False,False,True,False,0.06451196696987291,0.025205772927439054,0.1832546287336301,0.1348159420289855,0.9590000000000001,0
38,0.6,26000.0,675,28.8,18587.84,15,7,0,3,11700.0,15.72,False,False,True,False,False,False,True,False,False,False,True,False,False,False,True,0.4499826929733472,0.13045527785015057,0.714889427329718,0.6697278106508876,33.696,1
24,5.8,53700.0,704,10.73,15599.59,15,10,0,0,1900.0,15.39,False,False,False,True,False,False,True,False,True,False,False,False,False,False,True,0.03538109159978399,0.010185602733926357,0.29048974879424966,0.2342336170212766,2.0387,0
56,0.4,43300.0,708,28.44,2129.89,21,12,0,1,12600.0,19.07,False,False,True,False,False,False,True,False,False,False,False,False,True,False,True,0.2909863513544722,0.09069166421092913,0.049188009514791804,0.7649517630465446,35.8344,0
42,0.8,26400.0,691,6.77,3647.25,15,9,0,0,11900.0,10.97,True,False,False,False,False,True,False,False,False,False,False,True,False,True,False,0.4507405022537025,0.17692943811517195,0.13814817620544675,0.10732210982658959,8.056299999999998,0
46,2.5,66800.0,672,18.39,2599.53,10,6,0,1,30100.0,14.84,False,False,False,True,False,True,False,False,False,False,True,False,False,True,False,0.45059205700513466,0.18698488584924175,0.038914537207526835,0.40550906389301633,55.353899999999996,1
50,1.7,134500.0,717,39.5,6588.86,19,9,0,0,34300.0,13.64,False,False,False,True,True,False,False,False,True,False,False,False,False,True,False,0.25501669132571503,0.10404760909015326,0.04898744247254667,0.7503899721448467,135.485,1
36,1.6,49600.0,766,3.03,10577.46,16,9,0,1,3600.0,9.5,False,False,False,True,False,False,True,False,True,False,False,False,False,True,False,0.07257918187133323,0.027892917616741585,0.21325094252132012,0.03752933507170795,1.0908,0
32,8.2,51000.0,686,25.89,5035.76,19,7,0,0,6800.0,14.96,False,False,True,False,False,False,True,False,False,False,False,False,True,True,False,0.1333307190055097,0.055420149628802144,0.09873845610870376,0.5637764192139738,17.6052,1
61,3.0,46600.0,713,16.19,1781.83,22,8,3,0,12300.0,12.55,True,False,False,False,False,True,False,False,True,False,False,False,False,False,True,0.2639428338447673,0.07132177476654214,0.03823587476663591,0.28457212885154065,19.913700000000002,0
66,2.9,56500.0,658,10.47,25104.5,14,8,0,0,1000.0,15.37,True,False,False,False,False,True,False,True,False,False,False,False,False,False,True,0.01769880179111874,0.005092990203764599,0.44431956956514046,0.24419408194233688,1.0470000000000002,0
59,6.6,65900.0,774,9.17,25931.36,19,13,0,0,7600.0,9.66,False,False,False,True,False,False,True,True,False,False,False,False,False,True,False,0.11532450190437171,0.0444263697660444,0.3934896283819669,0.11429961290322581,6.9692,0
59,2.6,65100.0,661,9.24,15958.39,16,8,0,0,1400.0,15.28,True,False,False,False,True,False,False,False,True,False,False,False,False,True,False,0.021505046005437706,0.008979661578138199,0.24513279365908358,0.21327371601208459,1.2936,1
53,0.1,44000.0,764,10.73,32105.28,25,14,2,0,19800.0,11.14,True,False,False,False,False,False,True,False,True,False,False,False,False,False,True,0.44998977295970544,0.11775434527218226,0.7296488716165541,0.1562512418300654,21.2454,1
64,1.4,137900.0,585,39.54,4786.89,15,7,2,1,4700.0,20.03,True,False,False,False,False,False,True,False,True,False,False,False,False,False,True,0.034082421447270146,0.010841671879775989,0.034712511149302766,1.3515122866894198,18.5838,1
21,2.9,73500.0,718,9.23,18054.85,23,12,0,2,10100.0,12.11,True,False,False,False,False,True,False,False,False,False,False,False,True,True,False,0.13741309642045688,0.05484743911617524,0.24564087563434508,0.155459388038943,9.3223,0
45,13.2,61800.0,736,8.37,2031.42,8,4,0,2,18000.0,11.07,True,False,False,False,True,False,False,True,False,False,False,False,False,True,False,0.291257423019045,0.11452024407546252,0.03287034190385269,0.1257203527815468,15.065999999999999,1
66,3.0,51400.0,686,14.47,12964.03,21,13,0,5,8800.0,13.59,False,False,False,True,True,False,False,False,False,False,False,False,True,True,False,0.1712028948853135,0.06979236256102438,0.2522135756113694,0.2862406113537118,12.733600000000001,1
40,2.2,26200.0,745,14.88,3552.02,14,7,0,0,10400.0,12.14,False,False,False,True,False,True,False,False,True,False,False,False,False,True,False,0.39693141483149497,0.15845779750548603,0.13556810808747757,0.2421490616621984,15.475200000000001,0
61,0.9,64400.0,618,26.66,2117.0,14,9,0,0,3300.0,17.23,True,False,False,False,False,True,False,False,False,False,True,False,False,True,False,0.05124144035030512,0.021989459680569534,0.032872160370180585,0.7420869143780291,8.7978,1
25,4.3,56600.0,730,13.41,4913.35,17,11,0,2,25500.0,14.18,False,False,False,True,False,False,True,False,False,False,False,False,True,True,False,0.4505220755817035,0.18521031725030257,0.0868067701984064,0.260128317373461,34.195499999999996,0
60,0.6,78900.0,800,15.5,3689.06,16,9,0,1,16700.0,13.73,True,False,False,False,True,False,False,False,False,False,False,False,True,False,True,0.21165764692462707,0.05873572325986964,0.04675555442896795,0.26568664169787765,25.884999999999998,0
24,6.1,68500.0,754,27.82,887.49,21,10,0,0,2300.0,12.45,False,False,False,True,False,True,False,False,True,False,False,False,False,False,True,0.03357615217296098,0.009053033281584086,0.012955869257383104,0.45875364238410593,6.3986,0
44,7.2,105400.0,717,11.49,14426.52,13,8,0,2,1500.0,12.97,False,False,False,True,False,True,False,False,False,False,False,False,True,False,True,0.01423136402880428,0.003882659816259491,0.13687270519255035,0.20755612813370475,1.7235,0
43,0.1,89200.0,752,15.97,496.46,22,14,0,0,1000.0,13.59,False,False,False,True,False,True,False,False,True,False,False,False,False,True,False,0.01121063665205547,0.004570528811843731,0.005565632672279459,0.2882235059760956,1.5970000000000002,0
47,3.7,50500.0,683,13.79,5714.63,16,10,0,0,1200.0,16.3,True,False,False,False,True,False,False,False,True,False,False,False,False,False,True,0.02376190570483753,0.006978134238430532,0.11315874933169641,0.32862134502923973,1.6547999999999998,0
43,2.3,69900.0,625,5.44,8105.26,14,5,0,0,22200.0,15.12,True,False,False,False,False,False,True,False,True,False,False,False,False,True,False,0.3175920230039627,0.13231642723033232,0.11595341983662609,0.13139424920127796,12.076800000000002,0
61,1.3,142987.5,623,20.72,9209.5,15,8,0,1,20500.0,18.13,True,False,False,False,True,False,False,False,True,False,False,False,False,True,False,0.1433681729649587,0.06230469522018354,0.06440727750833108,0.6020089743589744,42.47599999999999,0
40,0.2,79000.0,673,18.55,14443.38,10,8,0,3,34300.0,16.2,False,False,False,True,False,True,False,True,False,False,False,False,False,False,True,0.4341717193453247,0.12723515641816846,0.18282528069264944,0.44586053412462906,63.62650000000001,1
49,3.0,82200.0,569,22.11,2673.93,12,8,0,0,3100.0,19.66,True,False,False,False,True,False,False,False,False,False,False,True,False,False,True,0.03771243658836267,0.0119027411853132,0.03252916631184535,0.762601052631579,6.8541,1
34,3.5,120600.0,677,27.05,16178.57,26,15,0,0,3800.0,14.43,True,False,False,False,False,True,False,True,False,False,False,False,False,True,False,0.03150885979386572,0.01300069879781504,0.13414955099874792,0.5757101769911505,10.279,1
47,1.5,142987.5,768,17.72,22339.23,17,9,0,2,9700.0,8.785000000000002,False,False,False,True,False,False,True,False,False,False,False,False,True,True,False,0.06783762330537071,0.025803254272796127,0.1562309556362924,0.20243198959687908,17.188399999999998,0
27,20.1,35500.0,644,18.42,12442.61,17,7,0,0,4000.0,14.93,True,False,False,False,True,False,False,False,False,True,False,False,False,True,False,0.11267288245401538,0.046809271038870025,0.3504861834877891,0.42637302325581394,7.368000000000001,0
37,6.9,42800.0,692,44.05500000000001,11479.75,17,12,2,1,4000.0,17.44,False,False,True,False,False,True,False,False,False,False,False,False,True,False,True,0.09345576037943039,0.028130177134388826,0.26821219130394147,1.1086857142857145,17.622000000000003,1
46,0.2,35900.0,671,8.49,7852.15,14,8,1,0,16200.0,12.42,False,False,False,True,False,False,True,True,False,False,False,False,False,True,False,0.45124091250940085,0.18088460466785197,0.21871674883707973,0.15691339285714287,13.753800000000002,0
60,1.0,107200.0,736,16.91,3805.38,26,16,0,0,7000.0,13.77,True,False,False,False,True,False,False,False,True,False,False,False,False,True,False,0.06529789834050055,0.026690541088797686,0.035497616626710575,0.3159439620081411,11.837,0
46,2.7,120100.0,651,37.63,7230.86,22,17,0,0,11000.0,17.89,False,False,True,False,False,False,True,False,False,False,False,False,True,False,True,0.0915895787712009,0.027841003227925445,0.06020649286850234,1.032516411042945,41.39300000000001,0
32,3.6,50400.0,745,23.57,9215.23,10,4,1,0,5000.0,12.76,False,False,False,True,True,False,False,False,True,False,False,False,False,True,False,0.09920438086545902,0.03996485277109696,0.18283823733656077,0.40315442359249326,11.785,0
65,0.9,56300.0,683,29.83,20914.83,23,14,2,2,7800.0,15.28,False,False,True,False,True,False,False,False,False,False,False,True,False,True,False,0.13854105610912773,0.057847769727725214,0.3714823893003677,0.6663777777777777,23.2674,1
35,7.3,27400.0,633,5.61,36444.7325,15,6,0,0,4000.0,16.06,False,False,False,True,False,True,False,True,False,False,False,False,False,False,True,0.14598007371993724,0.04263817054856136,1.330051184263348,0.14210820189274448,2.244,1
33,0.4,29600.0,729,25.86,232.18,17,10,0,0,1000.0,14.57,False,False,False,True,False,False,True,False,True,False,False,False,False,False,True,0.033782642478294655,0.00954943184315952,0.007843653930610452,0.5161372602739726,2.5860000000000003,0
67,4.0,122100.0,745,14.78,16338.12,17,9,0,0,1000.0,13.56,True,False,False,False,True,False,False,False,True,False,False,False,False,True,False,0.008189941114323388,0.0033376882157344742,0.13380824071874925,0.26865522788203755,1.478,0
59,4.7,27100.0,620,27.59,4341.18,22,12,0,1,5600.0,17.22,False,False,False,True,False,False,True,False,True,False,False,False,False,False,True,0.20663444153352276,0.0618933560196221,0.16018523301723184,0.765056038647343,15.450400000000002,0
27,5.4,36200.0,673,44.05500000000001,1524.47,20,9,0,3,1400.0,18.83,True,False,False,False,True,False,False,True,False,False,False,False,False,True,False,0.038672964835225546,0.01696614680508601,0.04211126764454021,1.2307947329376854,6.167700000000002,1
65,3.3,19200.0,672,8.82,22659.02,18,10,0,0,8600.0,15.49,False,False,False,True,True,False,False,True,False,False,False,False,False,True,False,0.44789333888859956,0.1875012941037593,1.1800958283422738,0.20300416047548292,7.5852,1
30,7.3,28100.0,777,21.34,6805.67,21,15,0,0,12600.0,13.12,False,False,False,True,False,True,False,False,True,False,False,False,False,True,False,0.448382619835593,0.18153348097810715,0.24218604320130957,0.3598724935732648,26.8884,1
48,4.1,40100.0,682,23.58,16856.47,22,13,0,0,14000.0,15.99,False,False,False,True,False,False,True,False,False,False,True,False,False,False,True,0.3491184758484826,0.10182840573380347,0.420350365327548,0.5520412884333821,33.01199999999999,1
51,7.4,63600.0,618,11.42,5663.8,14,8,0,0,9500.0,15.25,False,False,False,True,False,False,True,False,False,False,False,True,False,True,False,0.14936872061760034,0.0623438704346122,0.08905205892989104,0.28134894991922454,10.849,0
40,3.0,40200.0,638,16.37,560.07,20,10,0,0,1600.0,15.09,True,False,False,False,False,False,True,True,False,False,False,False,False,False,True,0.03980000497500062,0.011381533058773975,0.013931742991467875,0.38657793427230047,2.6192,0
59,0.8,46800.0,659,4.54,710.33,19,11,0,1,16200.0,15.61,False,False,False,True,False,False,True,True,False,False,False,False,False,True,False,0.34614644986218246,0.14520113893662856,0.015177667143864449,0.10737787878787879,7.354800000000001,0
24,21.8,38800.0,549,35.76,6944.06,17,8,0,0,9100.0,20.585,False,False,False,True,False,False,True,False,True,False,False,False,False,False,True,0.23453003788562152,0.07546098074740422,0.17896600603077242,1.3383992727272727,32.5416,1
55,2.8,24300.0,654,7.62,1752.01,20,13,0,1,10900.0,14.04,True,False,False,False,False,True,False,False,True,False,False,False,False,True,False,0.4485412122957903,0.18398221154172764,0.07209621003250895,0.16333557251908395,8.305800000000001,1
56,1.8,33300.0,673,15.37,14588.07,23,10,1,0,1000.0,14.42,True,False,False,False,True,False,False,False,False,False,False,False,True,False,True,0.030029128254406776,0.008460578994280866,0.4380670250142638,0.3288359050445103,1.537,1
37,3.5,24100.0,631,3.49,17165.67,28,17,0,0,10800.0,15.22,True,False,False,False,False,False,True,False,False,False,False,True,False,True,False,0.44811418613335546,0.18690285256454317,0.7122389112484958,0.08404715189873418,3.7692000000000005,1
66,4.0,28600.0,665,12.54,8016.73,15,11,1,0,3600.0,17.15,True,False,False,False,False,True,False,True,False,False,False,False,False,False,True,0.125869724834796,0.03764569460420138,0.2802954442152372,0.3229144144144144,4.514399999999999,1
29,7.1,45200.0,607,20.89,4766.97,24,15,0,1,1000.0,16.54,False,False,False,True,False,False,True,False,True,False,False,False,False,True,False,0.022123404349461296,0.009402162313285806,0.10546160483175152,0.5682904605263158,2.089,0
56,7.1,58900.0,749,13.02,181.52,15,7,2,0,7900.0,11.17,False,False,True,False,False,False,True,False,True,False,False,False,False,True,False,0.13412335953549176,0.05281212479690374,0.003081781294035755,0.1939112,10.2858,0
26,3.7,61900.0,605,8.12,1912.02,27,17,0,0,5600.0,17.09,True,False,False,False,False,True,False,False,False,False,False,True,False,False,True,0.09046703607373063,0.027027826508720657,0.030888353984588293,0.22899471947194716,4.5472,0
32,19.9,114100.0,731,11.65,16204.55,24,14,0,0,34300.0,14.83,False,False,False,True,True,False,False,False,True,False,False,False,False,False,True,0.3006108623062024,0.08548833102320103,0.14201935127650064,0.23602390710382512,39.959500000000006,0
41,5.5,29700.0,751,13.51,9604.7,16,9,0,0,13400.0,12.62,False,False,False,True,False,True,False,True,False,False,False,False,False,True,False,0.4511632604962796,0.1813611624741702,0.32337968418571766,0.22672367021276593,18.1034,1
55,1.4,33000.0,617,8.1,8612.66,21,10,0,0,1000.0,14.46,False,False,False,True,False,True,False,False,True,False,False,False,False,True,False,0.03030211205721039,0.012505079127081273,0.2609817884306536,0.1895242718446602,0.81,0
34,4.3,26300.0,722,18.18,6306.73,25,16,0,1,3500.0,14.46,False,False,False,True,True,False,False,False,True,False,False,False,False,False,True,0.13307478803087336,0.03752324407538612,0.2397905022622714,0.36360000000000003,6.3629999999999995,1
53,6.7,142987.5,694,6.99,19221.81,30,20,0,1,13500.0,16.12,True,False,False,False,False,True,False,False,True,False,False,False,False,False,True,0.09441318707448501,0.027621507820799203,0.13442906247705236,0.16212776978417268,9.4365,0
24,4.9,105100.0,734,10.3,19229.23,25,14,0,2,2200.0,11.89,False,False,False,True,True,False,False,False,True,False,False,False,False,True,False,0.020932246125155804,0.008328938829939141,0.18295953416237715,0.16662176870748302,2.266,0
65,9.7,58600.0,724,29.52,35745.49,12,7,0,1,5800.0,13.41,True,False,False,False,True,False,False,False,False,False,False,False,True,True,False,0.09897442023173667,0.04024546803774583,0.6099808876981622,0.5460182068965518,17.121599999999997,0
35,0.9,92500.0,686,9.1,4796.23,14,9,0,0,34300.0,12.08,False,False,True,False,False,False,True,False,True,False,False,False,False,False,True,0.37080680208862604,0.09914889915213784,0.051850574588382825,0.16001164483260552,31.213,0
23,2.4,15000.0,743,16.55,5637.36,15,9,0,0,6800.0,13.29,True,False,False,False,False,True,False,False,False,False,True,False,False,True,False,0.45330311312579163,0.18390876524562458,0.3757989467368842,0.29563104838709675,11.254000000000001,0
66,10.8,38400.0,756,25.52,2371.04,21,15,0,0,1200.0,14.26,False,False,False,True,False,True,False,False,False,False,False,False,True,True,False,0.03124918621910888,0.012859998206551787,0.06174422541079659,0.48073342140026415,3.0624,0
52,2.3,48300.0,764,5.52,680.71,15,8,1,2,1000.0,10.34,True,False,False,False,False,True,False,False,True,False,False,False,False,True,False,0.020703505103414007,0.00805440902321692,0.01409308295894495,0.07461019607843136,0.5519999999999999,0
44,10.7,70800.0,674,10.95,11544.72,17,9,0,0,29900.0,13.57,False,False,False,True,False,True,False,False,False,False,False,False,True,True,False,0.42231041934435953,0.17211959415086656,0.16305871385997373,0.22013555555555556,32.7405,1
54,9.2,129600.0,598,12.95,7073.17,20,14,0,1,15100.0,16.21,False,True,False,False,False,False,True,False,False,False,False,True,False,True,False,0.11651144667093619,0.04929525568406385,0.05457650789731561,0.3504499165275459,19.554499999999997,1
46,4.3,89500.0,657,21.48,4922.65,14,8,0,0,4600.0,15.0,True,False,False,False,False,False,True,False,False,False,False,True,False,True,False,0.051396073786885065,0.021377314029756025,0.05500106144065429,0.4896656534954407,9.8808,0
61,3.0,29000.0,719,9.53,13776.37,19,13,0,0,1000.0,11.7,False,False,True,False,False,True,False,False,True,False,False,False,False,True,False,0.03448156960104824,0.013678976778015368,0.47503086100479297,0.1548625,0.953,1
25,3.7,67500.0,661,6.71,2159.83,19,14,0,1,20700.0,12.44,True,False,False,False,False,True,False,True,False,False,False,False,False,True,False,0.30666212352409594,0.12298160038332831,0.03199700745174146,0.12609123867069486,13.8897,0
52,10.3,34400.0,630,12.37,4631.07,22,13,0,0,1000.0,16.27,False,False,False,True,False,True,False,False,False,False,False,False,True,True,False,0.029068922415046074,0.012306338956155578,0.13462021452864742,0.31895388272583197,1.237,0
52,3.5,30600.0,625,14.38,18480.76,23,8,0,0,13800.0,16.65,True,False,False,False,False,False,True,False,True,False,False,False,False,False,True,0.4509656547171661,0.1334276115889924,0.6039266690631024,0.38247124600638976,19.8444,1
30,0.5,35700.0,655,8.02,11371.02,17,9,0,0,16100.0,16.1,False,False,False,True,True,False,False,False,False,False,False,False,True,True,False,0.4509677600067225,0.1904648567138955,0.31850704462059887,0.19683231707317075,12.9122,1
56,0.2,42100.0,606,13.95,335.94,21,14,0,0,8700.0,14.98,False,False,False,True,True,False,False,False,False,False,False,True,False,True,False,0.2066459228996936,0.08591465323562955,0.007979382912519893,0.3442685337726524,12.1365,0
57,1.1,29200.0,622,9.77,3082.7,18,11,0,1,13100.0,15.2,True,False,False,False,True,False,False,False,False,False,True,False,False,True,False,0.4486147734666621,0.18707375505981677,0.10556830245539536,0.23836918138041732,12.7987,0
45,4.0,46600.0,667,4.54,6784.29,16,8,0,0,7500.0,13.85,True,False,False,False,True,False,False,False,True,False,False,False,False,True,False,0.1609407523443703,0.06585072353462583,0.14558249822965172,0.09413023952095809,3.4050000000000002,0
57,1.1,96400.0,644,15.88,18963.46,15,12,0,3,1000.0,15.24,False,False,False,True,True,False,False,True,False,False,False,False,False,False,True,0.01037333637617867,0.002976736664851693,0.19671434943620916,0.37521116279069766,1.588,1
37,2.7,69800.0,618,39.88,36071.62,14,9,0,0,3200.0,14.96,True,False,False,False,False,False,True,False,False,False,False,False,True,True,False,0.04584461540665607,0.019056846271933395,0.516777983123451,0.9638203554119549,12.761600000000001,0
51,3.5,45500.0,683,8.73,15978.49,11,5,0,1,20500.0,14.53,False,False,False,True,False,True,False,False,True,False,False,False,False,True,False,0.45053954858134987,0.1861302539250014,0.3511678864200787,0.18544868421052632,17.8965,1
47,6.2,132600.0,653,15.69,1694.54,19,9,0,0,1000.0,15.64,False,False,False,True,False,True,False,False,False,False,True,False,False,True,False,0.007541421256249953,0.003165284492063207,0.012779239975565794,0.3752165137614679,1.569,0
42,3.1,87000.0,619,18.33,2825.68,23,14,0,1,12800.0,15.9,False,False,False,True,False,True,False,False,True,False,False,False,False,False,True,0.14712474569257825,0.042834289726260695,0.032478707141297226,0.4700758064516129,23.4624,0
55,2.2,59900.0,608,25.09,2595.27,25,13,0,1,13300.0,20.22,True,False,False,False,False,False,True,False,False,False,False,False,True,True,False,0.22203302115156676,0.09929919790298641,0.043325987880002005,0.8330374384236453,33.3697,1
55,5.1,64100.0,656,11.62,5869.32,25,12,0,1,7600.0,14.97,True,False,False,False,False,True,False,False,True,False,False,False,False,True,False,0.1185628929345876,0.04929090175360596,0.09156362615247812,0.2647662100456621,8.831199999999999,1
45,0.2,74400.0,689,7.43,15680.77,18,8,0,0,5500.0,13.21,False,False,False,True,True,False,False,False,False,False,True,False,False,False,True,0.07392373758417226,0.02027639927196999,0.2107602048359565,0.1422468115942029,4.0865,0
35,1.1,71400.0,682,21.87,35897.54,19,12,0,1,7400.0,13.68,False,False,True,False,False,True,False,False,False,False,True,False,False,True,False,0.10364000504194619,0.04230648103650812,0.5027596252153331,0.4380404099560761,16.1838,0
41,10.6,99300.0,709,15.52,13161.84,19,9,1,3,3300.0,12.34,False,False,False,True,True,False,False,False,False,False,True,False,False,False,True,0.033232293733195035,0.008938487049249336,0.1325448887725199,0.2697419718309859,5.1216,0
55,1.0,57900.0,717,32.57,1042.19,23,11,0,1,26100.0,12.82,False,False,False,True,True,False,False,False,True,False,False,False,False,True,False,0.4507694167630956,0.18175528476481373,0.017999516415951367,0.5815423398328692,85.0077,1
63,3.3,98900.0,696,17.63,27456.81,13,9,0,2,9200.0,16.6,True,False,False,False,False,False,True,False,False,False,False,False,True,False,True,0.09302231524453747,0.027499552663963363,0.277619134285801,0.4198823529411765,16.2196,0
35,1.9,113400.0,680,15.89,1157.41,16,4,0,0,34300.0,15.03,False,False,False,True,False,True,False,False,True,False,False,False,False,True,False,0.3024664685496601,0.12586231458784572,0.01020634738670735,0.35069999999999996,54.502700000000004,1
39,4.3,53100.0,656,28.12,20638.41,14,9,0,0,4800.0,14.84,True,False,False,False,True,False,False,False,False,False,False,False,True,True,False,0.0903937778949549,0.037509654348014655,0.3886633020093784,0.6351610350076105,13.4976,1
35,2.6,134600.0,731,22.99,24322.17,25,15,0,1,18100.0,15.11,False,False,False,True,False,True,False,False,True,False,False,False,False,True,False,0.1344715120987214,0.05602037431753483,0.18069828604542312,0.4745613387978142,41.6119,0
38,2.9,80900.0,700,4.45,27501.3,17,7,1,1,2200.0,11.38,True,False,False,False,False,True,False,False,False,False,False,False,True,False,True,0.02719373060901596,0.007156116202414228,0.33993770163533205,0.07224108416547789,0.9790000000000001,0
41,9.6,120800.0,586,6.47,6412.94,14,8,0,1,1000.0,16.33,False,False,False,True,False,True,False,True,False,False,False,False,False,True,False,0.008278077168235363,0.0035082778454050135,0.05308681219526328,0.17999165247018736,0.647,1
61,3.7,99900.0,631,11.87,16062.88,17,10,0,1,6700.0,17.5,False,False,False,True,False,True,False,False,False,False,True,False,False,False,True,0.06706639573177446,0.02021604996035021,0.1607879801002993,0.32867879746835443,7.9529,1
60,11.6,15400.0,651,25.39,3984.03,21,17,0,0,6900.0,16.87,False,False,False,True,False,False,True,False,True,False,False,False,False,True,False,0.44802285565872346,0.1911946242447902,0.2586864489318876,0.6569467791411043,17.519099999999998,1
41,0.2,71200.0,696,11.87,21390.07,15,10,0,2,28800.0,13.75,False,False,False,True,True,False,False,False,False,False,False,True,False,True,False,0.40448870100139045,0.16527928727946756,0.30041811210516706,0.23416427546628404,34.185599999999994,0
40,3.0,81200.0,743,44.05500000000001,5467.93,13,6,0,3,19600.0,15.67,True,False,False,False,False,True,False,True,False,False,False,False,False,True,False,0.24137633772983091,0.10134790549946347,0.06733821012056503,0.9278788306451615,86.3478,1
38,1.9,25400.0,702,9.54,13974.19,18,12,0,1,11400.0,11.73,True,False,False,False,True,False,False,False,False,True,False,False,False,True,False,0.4488012282980985,0.17810862660767635,0.550143301444825,0.1591809388335704,10.875599999999999,1
48,12.4,50600.0,681,8.18,3978.11,20,9,0,0,2600.0,14.19,False,False,False,True,False,False,True,False,True,False,False,False,False,True,False,0.05138238374735677,0.021125888861743786,0.07861722100353748,0.17019677419354837,2.1268,1
36,6.7,85300.0,721,11.14,4083.66,17,7,2,0,11300.0,15.26,False,False,False,True,True,False,False,False,True,False,False,False,False,True,False,0.1324720694950821,0.05530173845464595,0.047873530204804164,0.23545207756232686,12.588199999999999,0
33,2.4,142500.0,644,6.63,4313.22,18,12,0,3,3900.0,13.37,False,False,False,True,False,True,False,False,True,False,False,False,False,True,False,0.027368228994884246,0.011123486732768506,0.030267998119311443,0.13743116279069767,2.5857,0
36,0.8,31700.0,753,29.2,14988.87,18,11,1,0,8400.0,13.03,False,False,True,False,False,True,False,True,False,False,False,False,False,False,True,0.26497586826913977,0.0723719120675227,0.472820100312293,0.5046100795755968,24.528,1
27,4.7,41200.0,739,20.26,36220.85,23,10,0,1,4900.0,13.95,True,False,False,False,False,True,False,False,False,False,False,True,False,False,True,0.11892915220504356,0.0331614438119657,0.8791255066624596,0.3819283783783784,9.9274,0
46,5.2,55100.0,691,8.72,4551.55,15,8,0,3,24800.0,14.99,False,False,False,True,False,True,False,False,True,False,False,False,False,True,False,0.450082575633836,0.18716331221295646,0.08260376399702365,0.1888913294797688,21.625600000000002,1
23,1.9,90600.0,637,24.34,15291.27,29,16,0,0,1600.0,18.22,False,False,False,True,True,False,False,False,False,False,False,True,False,True,False,0.017659849229037208,0.007683825519992412,0.16877595170031237,0.695101567398119,3.8944,0
57,0.3,125900.0,613,29.95,20247.84,17,10,0,3,1000.0,18.1,True,False,False,False,False,True,False,False,False,False,False,True,False,False,True,0.00794274866760391,0.002425299439129993,0.16082350418185717,0.8828908794788274,2.995,1
46,1.5,120600.0,797,7.96,2581.47,27,15,0,0,4000.0,11.08,False,False,False,True,False,True,False,True,False,False,False,False,False,True,False,0.03316722083564813,0.013044121060336556,0.021405046392650142,0.11052230576441102,3.184,0
33,8.4,23200.0,730,34.67,5962.53,25,8,0,3,3300.0,16.49,False,False,False,True,False,True,False,False,True,False,False,False,False,True,False,0.14223524848066893,0.060391920626212105,0.256994526098013,0.7820906976744186,11.4411,1
31,3.0,96300.0,551,7.49,20478.31,22,18,1,0,1000.0,17.01,False,False,True,False,False,False,True,False,False,False,False,True,False,True,False,0.010384108160870603,0.004442774055048784,0.2126489859918381,0.2308059782608696,0.7490000000000001,0
62,0.3,33000.0,638,24.56,24555.18,23,11,0,0,7600.0,15.78,False,False,True,False,False,False,True,False,False,False,False,True,False,True,False,0.23029605163479894,0.09682614142369722,0.7440738159449714,0.6065051643192487,18.665599999999998,1
39,2.5,33600.0,592,9.71,5957.48,25,9,0,0,4800.0,16.37,False,False,True,False,False,True,False,False,False,True,False,False,False,False,True,0.14285289128299752,0.042010859792461594,0.17730067557513168,0.26804839797639124,4.6608,1
28,14.3,41500.0,730,12.31,26935.69,18,11,0,1,18700.0,13.76,False,False,False,True,False,False,True,False,False,False,False,False,True,True,False,0.4505915520107949,0.1841233559496889,0.6490371316353822,0.23171764705882356,23.019700000000004,0
45,20.2,135800.0,719,15.02,10213.89,11,9,0,1,20800.0,14.68,True,False,False,False,False,False,True,False,False,False,False,False,True,True,False,0.15316529333362788,0.06342152057631806,0.07521218547727924,0.3062411111111111,31.241600000000002,0
59,0.9,65800.0,581,16.23,11482.64,14,6,0,1,28200.0,18.14,True,False,False,False,False,False,True,False,True,False,False,False,False,True,False,0.42856491542681724,0.18625402506139319,0.17450555462682937,0.5058628865979382,45.7686,1
25,0.6,43900.0,656,9.39,515.98,22,14,3,0,4500.0,15.53,True,False,False,False,True,False,False,False,True,False,False,False,False,False,True,0.10250335983235007,0.029598470665945332,0.01175326302362133,0.2219584474885845,4.2255,0
57,4.4,73900.0,643,10.16,1767.42,26,11,3,2,7700.0,14.3,False,False,False,True,False,False,True,False,False,False,True,False,False,True,False,0.10419344799123151,0.04290904115747457,0.023916049850475636,0.2256024844720497,7.8232,1
35,4.4,52700.0,764,9.74,13030.66,22,8,0,1,13500.0,12.41,True,False,False,False,True,False,False,False,False,False,True,False,False,True,False,0.2561621221608698,0.1026805434150501,0.24725640879679703,0.15800444444444445,13.149000000000001,0
39,0.6,34000.0,702,17.94,4389.29,25,14,0,2,3700.0,12.37,True,False,False,False,False,True,False,False,True,False,False,False,False,True,False,0.10882032881385842,0.04358973287326372,0.12909296785388666,0.31567254623044094,6.6378,0
39,5.0,48600.0,621,16.08,2285.1,14,9,0,2,1000.0,15.47,False,False,False,True,False,False,True,False,False,False,False,False,True,True,False,0.02057570831875887,0.008614152472282382,0.0470175510791959,0.39993183279742767,1.6079999999999999,0
42,1.8,54800.0,598,16.19,23538.52,13,8,0,0,17900.0,17.14,False,False,False,True,False,False,True,False,True,False,False,False,False,True,False,0.3266363752486269,0.139990888675365,0.42952719840878817,0.46326644407345585,28.980100000000004,1
32,8.4,137100.0,596,26.65,14259.21,14,9,0,4,5300.0,17.85,False,False,False,True,False,False,True,False,True,False,False,False,False,True,False,0.03865763196475591,0.016734563384845854,0.1040051494883334,0.796821608040201,14.1245,1
22,4.1,54500.0,629,3.83,1425.16,14,7,0,1,6000.0,15.27,False,False,False,True,False,False,True,False,True,False,False,False,False,True,False,0.11008972312434634,0.0459611463841573,0.02614924496798224,0.09283190476190475,2.298,0
22,10.0,31700.0,698,44.05500000000001,1768.72,16,11,0,1,4900.0,18.9,False,False,False,True,False,True,False,False,True,False,False,False,False,False,True,0.15456925649033154,0.04799668355067406,0.055793823538689634,1.19118669527897,21.58695,1
61,4.9,44200.0,713,9.13,1037.77,22,15,0,0,3000.0,15.57,False,False,True,False,False,True,False,False,True,False,False,False,False,False,True,0.06787176760706772,0.019615632204659898,0.02347842808986222,0.19909537815126055,2.7390000000000003,0
34,0.4,54400.0,777,24.77,6835.65,12,6,0,0,16900.0,12.01,False,False,False,True,False,False,True,True,False,False,False,False,False,False,True,0.31065605411665226,0.0829265395934765,0.12565302108417123,0.38237493573264786,41.8613,0
23,0.9,52000.0,680,15.15,12889.87,19,11,0,0,23400.0,14.4,False,False,False,True,False,True,False,False,True,False,False,False,False,False,True,0.44999134632026305,0.12674193657962846,0.24787734851252863,0.320352422907489,35.451,0
34,2.7,45300.0,716,4.18,36444.7325,18,7,1,0,20400.0,11.67,False,False,False,True,True,False,False,False,False,True,False,False,False,False,True,0.4503211849628044,0.1192775874646068,0.8045017218162954,0.06803430962343096,8.527199999999999,0
37,0.3,53000.0,718,16.12,8199.09,10,1,0,0,23800.0,13.59,False,False,False,True,True,False,False,False,True,False,False,False,False,False,True,0.44904813116733644,0.12421455058899318,0.15469689251146204,0.3046881780250348,38.3656,1
21,1.1,32200.0,667,9.87,2218.44,16,8,2,1,2000.0,14.67,False,False,False,True,True,False,False,False,True,False,False,False,False,True,False,0.06210987236421229,0.025707645091462807,0.06889351262383156,0.21675583832335327,1.974,1
31,3.0,76900.0,718,8.06,12213.6,17,12,0,1,20600.0,10.97,False,False,False,True,False,True,False,False,False,False,False,False,True,True,False,0.2678768806647508,0.10517863761974525,0.1588223820236408,0.1229738525730181,16.6036,0
60,14.3,51600.0,691,9.28,7578.85,15,7,1,0,11400.0,14.18,False,False,False,True,True,False,False,False,True,False,False,False,False,False,True,0.22092595104746032,0.06192120275598058,0.14687409158737236,0.19015953757225432,10.579199999999998,1
55,0.7,142987.5,633,23.55,2127.94,17,7,0,0,16900.0,18.6,True,False,False,False,False,False,True,False,False,False,True,False,False,True,False,0.11819132307842939,0.05169871771336539,0.014881896096539232,0.6908990536277603,39.7995,1
62,4.9,74800.0,687,37.28,3392.09,22,10,0,0,1600.0,14.6,False,False,False,True,False,True,False,False,True,False,False,False,False,True,False,0.02139008836780257,0.008846435531202894,0.04534819053221214,0.7911162790697674,5.9648,0
35,10.9,121400.0,745,8.13,2974.98,13,6,0,0,9000.0,10.89,False,False,False,True,False,True,False,False,False,True,False,False,False,False,True,0.07413447994662317,0.019291844090980437,0.024505399461289445,0.118680563002681,7.317000000000001,0
47,1.6,93400.0,668,14.98,5132.78,17,6,0,2,1000.0,12.5,True,False,False,False,True,False,False,False,False,False,False,False,True,True,False,0.010706523484759263,0.004297558203663298,0.054954229612102654,0.2798953662182362,1.4980000000000002,0
38,2.7,56700.0,749,32.15,17326.36,15,8,0,1,1500.0,12.71,True,False,False,False,False,False,True,False,True,False,False,False,False,True,False,0.026454559884305392,0.01064994911483319,0.3055741521313557,0.5448353333333333,4.8225,0
44,1.8,32900.0,677,3.84,16074.08,18,11,0,0,9200.0,14.06,False,False,False,True,True,False,False,False,True,False,False,False,False,False,True,0.279626759065074,0.07815539359151422,0.4885590103644266,0.07963185840707965,3.5328,0
57,1.6,44600.0,765,28.98,318.07,21,11,0,1,1000.0,13.34,True,False,False,False,False,False,True,False,False,False,True,False,False,True,False,0.02242102195018049,0.009107312032633168,0.007131454451693908,0.504690861618799,2.898,0
29,2.0,32800.0,699,11.24,2619.09,21,14,0,3,11300.0,12.98,True,False,False,False,False,True,False,False,False,False,False,False,True,True,False,0.3445016920215847,0.1392049778375786,0.0798478704917533,0.20842171428571432,12.701199999999998,1
54,11.7,15900.0,627,35.67,32126.68,15,6,2,3,4700.0,16.11,True,False,False,False,False,False,True,False,True,False,False,False,False,True,False,0.29557889440915663,0.12480649528477313,2.0204188415822903,0.9150377388535031,16.7649,1
27,5.3,47500.0,706,9.84,3658.06,15,8,0,3,10700.0,10.7,True,False,False,False,True,False,False,False,True,False,False,False,False,True,False,0.2252584156123029,0.08809212610540335,0.07701016820698511,0.14892220650636492,10.5288,1
42,4.5,27600.0,715,5.79,16967.3,18,13,0,0,4000.0,13.21,False,False,False,True,True,False,False,False,False,True,False,False,False,True,False,0.14492228542444113,0.05874870066880389,0.6147349733705301,0.10682388268156424,2.3160000000000003,0
36,4.5,106100.0,758,7.78,21481.02,11,10,0,0,10100.0,11.43,False,False,False,True,False,False,True,False,True,False,False,False,False,True,False,0.09519231675479024,0.03762683062324268,0.20245822376791925,0.11716126482213438,7.8578,0
27,1.5,21900.0,688,10.02,9840.58,22,9,0,1,9900.0,12.37,True,False,False,False,True,False,False,False,False,False,False,True,False,True,False,0.45203415369161226,0.1810372021921335,0.4493210355691521,0.17989462989840346,9.919799999999999,0
29,14.4,51800.0,671,9.58,2301.52,26,13,0,1,6000.0,12.13,False,False,False,True,False,False,True,False,False,False,True,False,False,True,False,0.1158278797706608,0.04624224678462344,0.044430030308295204,0.1729247023809524,5.748,0
24,6.3,76900.0,627,7.09,36444.7325,20,13,1,0,13500.0,15.0,False,False,True,False,False,True,False,True,False,False,False,False,False,True,False,0.1755503829599095,0.07301569609007001,0.4739175368330711,0.1693471337579618,9.5715,0
23,3.4,142987.5,660,2.98,21398.4,24,9,0,0,1000.0,15.25,False,False,False,True,True,False,False,False,True,False,False,False,False,False,True,0.006993569412924816,0.0020073938312994534,0.14965119572553037,0.0687518910741301,0.298,0
25,0.6,54000.0,719,13.23,19458.87,19,10,0,4,24300.0,13.4,True,False,False,False,False,True,False,False,False,True,False,False,False,True,False,0.4499916668209848,0.18294881875895894,0.3603427714301587,0.24622500000000003,32.148900000000005,0
34,3.1,87500.0,605,7.47,16035.74,19,9,0,3,22700.0,16.28,True,False,False,False,False,True,False,False,True,False,False,False,False,False,True,0.2594256065644964,0.07615907234441266,0.18326350555993645,0.2006792079207921,16.9569,0
61,0.4,51400.0,681,2.0,1712.78,21,12,0,0,7500.0,12.34,False,False,False,True,True,False,False,False,False,False,False,False,True,True,False,0.1459115581408922,0.058428462304655704,0.03332191980700765,0.03618768328445748,1.5,0
24,2.5,38600.0,592,34.66,11259.15,19,6,0,4,8000.0,19.35,False,False,False,True,False,False,True,False,True,False,False,False,False,False,True,0.2072485168778011,0.06497506993179594,0.2916802673505868,1.1309797639123103,27.727999999999998,1
38,8.1,21300.0,708,11.62,1562.67,22,14,0,0,5500.0,13.45,True,False,False,False,True,False,False,False,False,False,False,False,True,True,False,0.258203840195296,0.10501750927243445,0.07336134453781513,0.22043582510578277,6.391,1
55,5.0,36700.0,659,9.39,574.56,17,10,1,0,1600.0,14.93,True,False,False,False,False,True,False,True,False,False,False,False,False,True,False,0.04359554235579412,0.018111689182091436,0.015655159259965665,0.21241318181818183,1.5024000000000002,1
29,13.1,48400.0,662,8.44,686.24,15,9,0,1,5800.0,14.67,True,False,False,False,False,True,False,False,True,False,False,False,False,False,True,0.11983223487118035,0.033953305121301944,0.014178219458275656,0.1867493212669683,4.895199999999999,0
25,8.0,61400.0,684,11.57,607.94,14,7,0,1,4200.0,14.0,False,False,True,False,False,True,False,False,False,False,False,False,True,True,False,0.06840279474275664,0.028049119712832762,0.009901141675217016,0.23646715328467155,4.8594,0
48,5.1,26000.0,720,15.44,4506.32,22,14,0,1,11700.0,14.07,True,False,False,False,True,False,False,False,True,False,False,False,False,False,True,0.4499826929733472,0.1257865545331526,0.1733133341025345,0.30130485436893206,18.064799999999998,1
26,4.1,50600.0,660,5.79,7656.32,8,5,0,1,2500.0,14.55,True,False,False,False,False,True,False,False,True,False,False,False,False,True,False,0.04940613821861228,0.020417312551401876,0.15130768166637024,0.1274500756429652,1.4475,0
52,2.8,27900.0,618,29.49,7231.86,19,13,1,2,12600.0,14.74,True,False,False,False,False,True,False,False,True,False,False,False,False,True,False,0.4515967169635497,0.18709397020089505,0.2591971613920648,0.7022336025848142,37.157399999999996,1
33,1.3,51900.0,668,13.69,1119.92,12,8,1,0,23400.0,13.43,False,False,True,False,False,True,False,False,True,False,False,False,False,True,False,0.4508583649640662,0.1833781066473164,0.021578004277374233,0.27482316890881914,32.0346,1
53,7.8,113100.0,721,2.0,1303.07,22,12,1,0,9700.0,13.22,False,False,False,True,True,False,False,False,False,True,False,False,False,True,False,0.08576405159989743,0.034782532246752845,0.011521295125595707,0.036620498614958454,1.94,0
35,2.8,33400.0,653,18.04,1289.65,16,13,0,1,15000.0,14.43,True,False,False,False,False,False,True,False,True,False,False,False,False,True,False,0.4490883506481842,0.1852517867125506,0.038611119427562055,0.39803853211009166,27.06,1
28,2.9,93300.0,648,17.45,10157.99,14,6,0,0,12300.0,17.07,False,False,True,False,False,False,True,False,True,False,False,False,False,True,False,0.13183138444389664,0.05645025389264797,0.10887332397294777,0.45896995377503846,21.4635,0
46,0.7,58500.0,740,44.05500000000001,1396.94,14,9,0,0,5100.0,14.96,True,False,False,False,True,False,False,False,False,False,False,False,True,True,False,0.08717799695731697,0.03623734455578926,0.0238789080528538,0.8894234817813768,22.468050000000005,1
26,1.0,51700.0,625,29.2,21212.99,14,5,0,4,3200.0,16.77,True,False,False,False,True,False,False,False,True,False,False,False,False,True,False,0.06189435407438928,0.026389875246751335,0.41030134813639974,0.7822428115015974,9.344,1
43,0.0,73700.0,684,7.82,22769.17,8,7,0,0,16900.0,13.15,True,False,False,False,True,False,False,True,False,False,False,False,False,True,False,0.22930489409913027,0.09289932223426883,0.3089397701523724,0.1501211678832117,13.2158,0
65,0.1,47000.0,718,18.52,15647.69,12,8,0,1,13100.0,9.85,False,False,True,False,True,False,False,False,True,False,False,False,False,True,False,0.2787174740962958,0.10766056241722444,0.33292249101082955,0.2537162726008345,24.2612,0
23,5.0,136900.0,563,10.74,5408.94,11,8,3,0,34300.0,17.38,False,False,False,True,True,False,False,False,True,False,False,False,False,False,True,0.25054601500354273,0.07533019739415915,0.03950986479280648,0.33095957446808505,36.8382,0
29,7.2,25600.0,609,17.13,5196.27,21,9,0,0,11500.0,16.07,False,False,False,True,True,False,False,False,False,False,False,True,False,True,False,0.44920120307800476,0.1896158469142792,0.20297136830592558,0.45127721311475405,19.699499999999997,0
24,5.8,111900.0,664,14.61,7095.16,22,13,0,2,34300.0,16.61,False,False,True,False,False,False,True,False,True,False,False,False,False,True,False,0.3065209426189221,0.13041404734442533,0.06340568895720324,0.3649204511278195,50.1123,1
29,1.2,96400.0,693,14.34,3826.31,31,13,1,1,34300.0,11.03,False,False,False,True,False,False,True,False,False,False,False,False,True,True,False,0.3558054377029284,0.13982807409399378,0.03969160070953621,0.22791095100864553,49.1862,0
38,0.9,31000.0,631,22.97,23191.66,19,10,1,1,14000.0,15.59,False,False,False,True,False,False,True,False,True,False,False,False,False,True,False,0.4515983355375633,0.1893599804616377,0.7480939324537919,0.5666175632911392,32.157999999999994,1
26,2.1,24500.0,693,5.54,13297.88,15,7,0,2,11000.0,9.94,True,False,False,False,False,True,False,False,True,False,False,False,False,True,False,0.44896126688706584,0.173610936818984,0.5427484592465613,0.07934812680115273,6.094,0
50,4.2,62400.0,618,15.94,7176.39,8,5,1,0,5400.0,18.84,True,False,False,False,True,False,False,False,False,False,False,True,False,False,True,0.08653707472636657,0.02684176104581259,0.11500440698065736,0.48515282714054925,8.6076,1
62,0.4,94000.0,697,16.97,16655.72,19,6,0,0,22000.0,12.42,True,False,False,False,True,False,False,False,False,False,False,False,True,True,False,0.2340400634035808,0.09383515415572231,0.17718662567419496,0.3019590257879656,37.334,0
30,5.1,31900.0,694,11.01,30266.24,21,9,0,0,14400.0,12.38,True,False,False,False,False,True,False,False,True,False,False,False,False,True,False,0.45139650794645936,0.1808362264218003,0.9487552114353782,0.19612057553956833,15.854399999999998,1
67,16.1,68400.0,629,20.4,3719.36,21,13,0,1,5800.0,17.65,True,False,False,False,False,True,False,True,False,False,False,False,False,True,False,0.08479408195786611,0.03660181593248623,0.054375813219104986,0.5715238095238094,11.831999999999999,0
25,1.0,55400.0,746,14.74,36444.7325,15,9,0,0,7700.0,12.6,False,False,False,True,False,True,False,False,True,False,False,False,False,False,True,0.13898666089059764,0.037600379824874706,0.657835282756629,0.24862650602409636,11.3498,0
27,1.3,33200.0,671,9.87,17484.17,25,13,0,0,14900.0,14.66,False,True,False,False,False,True,False,False,True,False,False,False,False,False,True,0.44878166320291557,0.12711657634421797,0.526615764585404,0.21531875,14.706299999999999,0
51,2.4,75000.0,658,21.68,12377.05,27,12,0,1,3100.0,14.23,False,False,False,True,True,False,False,False,False,False,False,False,True,True,False,0.04133278222957027,0.017004843921563484,0.1650251329982267,0.4681432473444613,6.7208,0
27,3.4,71000.0,663,30.86,1235.55,15,8,0,2,11900.0,17.89,True,False,False,False,False,True,False,False,True,False,False,False,False,True,False,0.16760327319333532,0.07258893703346969,0.017401867579329867,0.8314539156626507,36.7234,1
31,13.5,60100.0,770,28.42,5131.05,15,8,0,0,4800.0,13.04,False,False,False,True,True,False,False,False,True,False,False,False,False,True,False,0.07986555964127053,0.03230439132606347,0.0853737874577794,0.48067029831387803,13.6416,0
51,2.4,55700.0,694,7.85,16392.21,18,9,0,4,3200.0,13.64,False,False,False,True,False,True,False,False,True,False,False,False,False,True,False,0.057449596955171364,0.023436904151688386,0.2942893305326655,0.154063309352518,2.512,0
44,8.0,142987.5,658,10.3,3607.49,17,9,1,1,5700.0,14.14,False,False,False,True,False,True,False,False,False,False,True,False,False,True,False,0.03986334565367145,0.016380501643861664,0.02522923172143214,0.2210045523520486,5.8709999999999996,0
41,0.1,72200.0,659,25.6,13083.61,22,14,0,3,1700.0,13.97,False,True,False,False,True,False,False,False,False,False,False,False,True,False,True,0.023545380257891164,0.006568923356553551,0.18121092505643968,0.5418666666666667,4.352,0
61,9.8,34100.0,602,17.15,4840.29,17,6,0,3,2600.0,15.61,True,False,False,False,False,False,True,False,True,False,False,False,False,True,False,0.07624409841353626,0.0319799933938453,0.14193982581155978,0.4439660033167495,4.459,1
54,4.7,33700.0,708,22.08,8378.09,22,9,0,1,1000.0,11.07,True,False,False,False,False,False,True,False,True,False,False,False,False,True,False,0.029672710008605087,0.011665357088132959,0.2486006349959942,0.34474696755994355,2.2079999999999997,0
31,0.1,53900.0,683,17.99,601.24,20,9,0,0,8500.0,13.63,False,False,False,True,False,True,False,False,False,False,False,False,True,True,False,0.15769651768983878,0.06432364509537829,0.011154524034804549,0.35848494152046784,15.291499999999997,0
49,3.3,36900.0,733,26.29,8729.65,17,10,0,0,7000.0,12.53,False,False,False,True,False,False,True,False,True,False,False,False,False,False,True,0.18969675618546922,0.05123289988382715,0.23656946966206877,0.448792506811989,18.403,0
21,19.6,67600.0,684,13.02,2065.5,11,3,2,1,30400.0,14.88,True,False,False,False,False,False,True,True,False,False,False,False,False,True,False,0.44969748968210527,0.18671959222256004,0.030554281741394358,0.2828286131386862,39.580799999999996,1
32,7.4,79600.0,661,10.7,57.84,21,13,0,3,29100.0,16.15,False,False,False,True,True,False,False,False,True,False,False,False,False,False,True,0.36557329681787915,0.10701554835445992,0.0007266240373864651,0.2610347432024169,31.137,1
49,6.2,109600.0,678,9.25,1985.98,16,7,0,0,21900.0,15.21,False,False,False,True,False,True,False,False,True,False,False,False,False,True,False,0.19981569511227087,0.0833585495583118,0.018120090145162908,0.20720544918998526,20.2575,0
46,0.6,126300.0,713,17.49,12192.37,14,10,0,0,14500.0,13.95,True,False,False,False,False,True,False,False,True,False,False,False,False,False,True,0.11480510843144552,0.03201727989470128,0.09653423171629678,0.34171638655462183,25.3605,0
58,3.0,88800.0,687,15.72,768.78,23,14,0,0,13900.0,14.82,True,False,False,False,False,False,True,True,False,False,False,False,False,True,False,0.1565297688089098,0.0649403767706641,0.008657334939921848,0.3386197674418605,21.8508,0
30,7.5,105400.0,706,11.98,30252.17,21,16,2,0,1000.0,14.18,False,False,False,True,False,True,False,False,False,False,False,False,True,False,True,0.009487576019202854,0.002659470439333507,0.287019762620848,0.24027779349363507,1.1980000000000002,0
57,3.0,108400.0,781,8.74,11462.58,16,8,0,1,5100.0,9.41,False,False,False,True,False,False,True,False,False,False,False,False,True,True,False,0.04704753646184076,0.01805928120089381,0.1057423824503464,0.10517058823529413,4.4574,1
44,3.0,73100.0,658,23.42,9092.67,23,12,1,0,3600.0,15.21,False,False,False,True,False,True,False,False,False,False,False,False,True,True,False,0.04924693232650716,0.020543667289635584,0.12438502893257274,0.5405435508345979,8.4312,1
64,4.2,46500.0,665,22.68,36444.7325,20,7,1,1,19000.0,16.13,True,False,False,False,False,True,False,False,False,True,False,False,False,False,True,0.40859336358357884,0.11954502117340958,0.7837408335304616,0.5492918918918919,43.092,0
40,8.4,142987.5,626,15.99,5447.7,22,15,0,0,6100.0,17.69,False,False,False,True,False,True,False,False,False,False,False,False,True,True,False,0.04266077341884138,0.018426538927837546,0.038098868090790515,0.4511373205741627,9.7539,0
41,0.8,31900.0,634,29.36,6293.57,12,10,0,2,3700.0,16.81,False,False,False,True,False,True,False,False,False,False,True,False,False,False,True,0.11598382495846525,0.034436056862444,0.19728441114698597,0.7772308661417322,10.863199999999999,1
41,3.1,47800.0,613,11.34,1806.2,23,13,0,0,3600.0,18.08,True,False,False,False,True,False,False,False,False,False,False,False,True,False,True,0.07531223196167444,0.02298328848222431,0.037785820380326775,0.3339205211726384,4.0824,1
33,8.0,20400.0,665,14.62,3249.35,22,10,1,0,9200.0,16.65,True,False,False,False,False,False,True,False,False,False,False,False,True,False,True,0.4509582863585118,0.13340146469273748,0.15927405519337287,0.36549999999999994,13.4504,1
55,11.9,57700.0,700,18.96,17551.38,22,13,1,0,26000.0,12.39,True,False,False,False,True,False,False,False,True,False,False,False,False,True,False,0.4505987764510147,0.18057037482558233,0.3041780905010312,0.33511326676176895,49.29600000000001,0
57,5.1,89900.0,698,37.57,2366.45,19,12,0,0,11000.0,15.64,False,False,False,True,False,True,False,False,False,False,False,True,False,True,False,0.12235681471841248,0.05135356546040957,0.026322844017307924,0.8406220314735338,41.327000000000005,0
27,7.3,37400.0,694,14.4,13839.54,13,6,0,1,3600.0,15.21,False,False,False,True,False,False,True,False,True,False,False,False,False,True,False,0.096254110852651,0.04014724160375914,0.37003128258602713,0.3151424460431655,5.184,0
55,6.1,142987.5,583,10.49,2762.34,24,11,0,0,3900.0,16.63,False,False,True,False,False,True,False,False,False,False,True,False,False,True,False,0.02727492071040678,0.011608030008318487,0.019318616532098737,0.29871352739726026,4.0911,0
40,0.2,28400.0,650,29.29,5530.41,25,13,0,1,12800.0,17.11,False,False,True,False,False,False,True,False,True,False,False,False,False,False,True,0.45068835604380125,0.13467712297269893,0.19472588993345305,0.7698185867895545,37.4912,1
57,14.9,29000.0,686,11.7,1590.52,16,8,0,1,3700.0,13.12,False,False,False,True,True,False,False,False,True,False,False,False,False,True,False,0.1275818075238785,0.051653765885187164,0.05484362608185925,0.22344104803493448,4.329,1
49,9.0,51100.0,646,27.85,1994.95,16,10,2,0,6000.0,17.6,False,False,False,True,True,False,False,True,False,False,False,False,False,True,False,0.11741453200524452,0.05064461939038859,0.03903935343731042,0.7575888717156106,16.71,1
52,2.5,49300.0,671,24.96,34522.56,18,5,0,1,2500.0,12.06,True,False,False,False,False,False,True,False,True,False,False,False,False,True,False,0.05070891056976532,0.020224067742658388,0.7002405630717429,0.44794285714285714,6.24,0
47,0.1,85100.0,658,2.49,36444.7325,21,13,0,1,5700.0,13.69,False,False,True,False,True,False,False,False,False,False,False,False,True,True,False,0.06697923643670463,0.027345903161080903,0.4282526938578865,0.05172701062215479,1.4193,0
47,1.6,104100.0,680,7.59,17229.84,12,7,0,0,15400.0,12.1,False,False,False,True,False,True,False,False,True,False,False,False,False,True,False,0.1479332571252918,0.05904059673269821,0.16551080200958684,0.1348590308370044,11.6886,0
62,5.0,28300.0,756,5.76,16618.05,17,12,0,0,3100.0,11.39,False,False,True,False,False,True,False,False,False,False,True,False,False,True,False,0.10953676548531854,0.04325947388878413,0.5871894986042896,0.0866663143989432,1.7855999999999999,0
31,0.2,50600.0,659,30.46,1959.51,22,9,0,0,1000.0,16.9,True,False,False,False,False,False,True,False,True,False,False,False,False,False,True,0.019762455287444913,0.00587975292757448,0.03872472876030118,0.779960606060606,3.0460000000000003,1
31,3.2,48000.0,583,3.46,2613.62,18,10,0,0,21600.0,17.53,False,False,False,True,False,False,True,False,True,False,False,False,False,False,True,0.4499906251953084,0.13571365940538768,0.05444928230661861,0.10385924657534247,7.4736,0
41,4.1,114600.0,768,18.44,24928.78,15,9,0,0,2200.0,10.02,False,False,False,True,False,False,True,True,False,False,False,False,False,True,False,0.01919704016544358,0.007434663529236014,0.21752672315250302,0.24027152145643693,4.0568,0
59,3.0,114400.0,730,15.99,2353.08,27,14,0,0,5800.0,11.69,False,False,False,True,False,True,False,False,True,False,False,False,False,True,False,0.050698857527469166,0.020115236055691592,0.020568701322540885,0.25570875512995894,9.274199999999999,0
58,1.8,52500.0,696,6.42,1676.8,21,15,0,1,3000.0,13.83,False,False,False,True,True,False,False,False,False,False,False,True,False,True,False,0.0571417687282147,0.023374168498486263,0.03193843926782347,0.1273868005738881,1.926,0
67,1.1,47400.0,651,14.92,15985.72,28,18,2,1,21300.0,16.87,False,False,False,True,False,False,True,False,False,False,True,False,False,False,True,0.44935760848927236,0.13360468903910389,0.33724436193329255,0.3860435582822086,31.7796,1
41,0.6,67700.0,737,13.08,3425.85,14,8,0,0,1000.0,13.09,False,False,True,False,False,False,True,False,True,False,False,False,False,False,True,0.014770830563802602,0.004040495888001088,0.050602649887003144,0.23200162601626015,1.308,0
50,2.1,56100.0,720,21.03,11844.59,14,5,0,1,5900.0,13.43,False,False,False,True,True,False,False,False,True,False,False,False,False,True,False,0.10516746582057361,0.04277555481712505,0.21112974813283186,0.39172385575589463,12.4077,1
28,0.7,62900.0,682,38.44,340.82,13,6,0,0,1000.0,16.14,False,False,False,True,True,False,False,False,False,False,False,False,True,True,False,0.01589799844199615,0.006719136019671379,0.005418355829001129,0.908377159590044,3.844,1
31,4.1,28100.0,749,28.24,4495.3,20,11,0,1,8600.0,14.82,True,False,False,False,True,False,False,False,False,False,True,False,False,False,True,0.30603893099889684,0.0869870802429365,0.1599693961069001,0.5580224,24.286399999999997,1
27,2.7,67000.0,671,22.27,3967.26,21,10,0,0,1200.0,15.3,False,False,True,False,False,False,True,False,True,False,False,False,False,False,True,0.017910180445067984,0.005146045321145466,0.05921195206041701,0.5070401785714286,2.6723999999999997,1
47,1.7,35900.0,690,4.99,14275.07,13,6,1,4,16200.0,14.24,False,False,True,False,True,False,False,True,False,False,False,False,False,True,False,0.45124091250940085,0.1856430752333597,0.39762318598367735,0.102832995658466,8.0838,0
27,3.0,32300.0,640,44.05500000000001,7011.09,20,11,0,5,14500.0,20.585,True,False,False,False,False,True,False,True,False,False,False,False,False,False,True,0.4489025107581809,0.14442794695108566,0.2170548899414879,1.4147771840873637,63.87975000000001,1
21,6.1,29100.0,678,20.29,11998.96,26,12,0,1,13100.0,14.38,True,False,False,False,False,False,True,False,True,False,False,False,False,True,False,0.45015635201539467,0.18555173936039082,0.4123212260747053,0.4297057437407953,26.5799,1
24,0.4,142987.5,682,18.51,1875.9,21,7,0,3,1000.0,15.1,True,False,False,False,False,True,False,False,False,True,False,False,False,True,False,0.006993569412924816,0.0029130998880433946,0.013119236861705663,0.40922547584187413,1.8510000000000002,0
36,5.2,21800.0,746,18.56,10093.35,18,12,2,1,9800.0,14.77,False,False,False,True,False,False,True,False,False,False,False,True,False,True,False,0.4495206641897161,0.18629238841601162,0.4629764689693133,0.36697617135207494,18.188799999999997,1
32,10.5,68600.0,662,13.42,23740.61,17,8,0,2,4900.0,15.75,False,False,False,True,False,False,True,False,True,False,False,False,False,True,False,0.07142753021092987,0.030023661375502626,0.34606798734712324,0.31880090497737557,6.5758,1
63,0.2,110300.0,744,20.64,586.98,13,6,0,0,2800.0,9.12,True,False,False,False,False,False,True,False,True,False,False,False,False,True,False,0.025385082637510086,0.009702920357682098,0.005321619930916311,0.2526668456375839,5.7792,0
47,2.2,33400.0,638,23.66,15210.13,13,8,0,0,1000.0,18.05,False,False,False,True,True,False,False,False,False,False,False,False,True,True,False,0.02993922337654561,0.012993229835309724,0.4553794796562977,0.6683302034428795,2.366,1
62,1.0,43000.0,640,7.6,740.43,21,11,0,0,1000.0,14.32,False,False,False,True,False,False,True,False,False,False,False,True,False,True,False,0.02325527313318295,0.009578700805790647,0.01721890188600265,0.16978471138845552,0.76,0
47,0.0,23300.0,709,10.93,1936.06,7,3,1,1,10500.0,11.99,False,False,True,False,False,False,True,False,True,False,False,False,False,True,False,0.4506244367194541,0.1794955928747456,0.0830891378052444,0.18457845070422535,11.4765,1
26,12.9,30800.0,704,12.94,2795.73,21,14,0,0,13900.0,12.16,True,False,False,False,False,False,True,False,False,True,False,False,False,True,False,0.4512840492191812,0.18021881851300706,0.09076750754845622,0.22319205673758866,17.9866,1
25,1.9,80200.0,691,6.18,12669.04,14,9,0,0,8900.0,13.74,True,False,False,False,False,True,False,False,True,False,False,False,False,False,True,0.11097118489794391,0.030801834033988115,0.15796611014825251,0.12270693641618498,5.5001999999999995,0
49,3.4,59000.0,666,6.64,4262.39,18,11,0,2,8000.0,14.28,False,False,False,True,False,False,True,False,True,False,False,False,False,True,False,0.13559092218775953,0.055821238907382345,0.07224267385298555,0.1421577211394303,5.312,0
33,2.9,69100.0,679,10.83,23200.39,26,15,2,1,23000.0,14.28,False,False,False,True,False,False,True,False,True,False,False,False,False,True,False,0.33284612378981493,0.13703269305485355,0.3357460818222602,0.22743,24.909,1
42,0.7,96800.0,729,18.79,9794.8,15,9,0,1,4400.0,13.71,True,False,False,False,True,False,False,False,False,True,False,False,False,False,True,0.04545407588764579,0.012608352065542602,0.10118490511461657,0.35289164383561644,8.2676,0
21,1.5,69500.0,610,16.07,6787.41,19,13,0,1,2200.0,20.585,True,False,False,False,False,False,True,False,True,False,False,False,False,False,True,0.03165422080257838,0.010186147773188905,0.09765917037164933,0.5414090834697217,3.5354,0
31,6.1,142987.5,671,23.51,468.08,11,6,0,4,34300.0,16.83,False,False,False,True,True,False,False,False,False,False,True,False,False,False,True,0.23987943086332117,0.0712711182225115,0.0032735499708018475,0.5887995535714285,80.6393,1
56,0.9,36100.0,786,4.51,2360.84,15,7,0,1,16200.0,12.56,False,False,True,False,False,True,False,False,False,False,False,True,False,True,False,0.4487410321043738,0.18024426173862432,0.06539541840946235,0.07197662007623888,7.3062000000000005,1
59,2.6,29000.0,657,27.16,17110.67,17,9,1,3,13000.0,14.89,True,False,False,False,False,True,False,False,False,False,False,False,True,True,False,0.4482604048136271,0.186108910222978,0.590002758525568,0.6146085106382979,35.308,1
45,0.9,56200.0,677,8.45,2012.02,15,8,0,0,11600.0,15.14,False,False,False,True,True,False,False,False,True,False,False,False,False,True,False,0.2064020213163467,0.08601299628810401,0.03580043059732033,0.18869174041297934,9.801999999999998,0
39,8.1,45500.0,659,20.79,885.93,21,9,0,2,13200.0,11.88,True,False,False,False,False,True,False,False,False,False,False,True,False,True,False,0.2901035142084789,0.11539973409082517,0.019470561086569523,0.37422000000000005,27.442800000000002,1
42,2.6,58500.0,735,12.69,17866.01,12,4,0,0,12900.0,12.52,False,False,True,False,False,False,True,False,True,False,False,False,False,True,False,0.22050905112733116,0.08853066616168476,0.3053966598861558,0.21586793478260868,16.3701,0
21,2.8,87700.0,608,19.06,13299.98,18,4,0,1,12800.0,17.85,False,False,False,True,False,True,False,False,True,False,False,False,False,True,False,0.14595044526288184,0.06317786387898604,0.15165140648339243,0.5586551724137931,24.3968,0
52,1.2,43400.0,621,20.64,12967.06,14,7,0,0,13800.0,16.28,True,False,False,False,False,True,False,False,True,False,False,False,False,True,False,0.3179650238473768,0.13463840748819686,0.2987733001543743,0.5402237942122187,28.4832,0
61,0.3,28700.0,657,12.11,660.56,24,15,3,2,12900.0,15.58,False,False,False,True,False,True,False,False,True,False,False,False,False,False,True,0.44946169123027074,0.12991005547675277,0.02301522595031532,0.28673829787234045,15.6219,1
41,0.9,43200.0,608,17.44,10781.34,25,17,1,4,6000.0,15.99,False,False,False,True,False,True,False,False,False,False,False,False,True,False,True,0.1388856739427328,0.040509987412170476,0.24956227865095715,0.45790738916256163,10.464,1
61,2.8,42700.0,684,15.9,761.36,19,11,0,3,4000.0,15.44,False,False,True,False,True,False,False,True,False,False,False,False,False,True,False,0.09367462120325051,0.039199684480911726,0.0178300273998267,0.3583883211678832,6.36,1
41,0.9,79100.0,746,9.36,441.53,14,7,2,1,2300.0,11.0,True,False,False,False,False,False,True,False,False,False,False,False,True,True,False,0.029076749977876386,0.011421637582531698,0.005581851051187721,0.13783132530120482,2.1528,0
67,0.3,78200.0,577,31.0,2223.17,13,6,0,0,13100.0,20.585,True,False,False,False,True,False,False,False,False,False,False,True,False,False,True,0.16751703942404828,0.05390697720490336,0.028428920346287134,1.1040397923875431,40.61,0
32,1.0,54700.0,671,7.15,16130.65,18,8,0,3,1200.0,13.68,True,False,False,False,False,True,False,False,True,False,False,False,False,True,False,0.021937441728670407,0.008954576170193755,0.2948876620171478,0.14555357142857142,0.858,1
60,0.5,78400.0,672,34.31,1406.36,18,7,0,0,2600.0,14.64,False,False,True,False,False,True,False,False,True,False,False,False,False,True,False,0.033162842310684816,0.013723231062376488,0.01793803650463642,0.7463572065378902,8.9206,0
30,1.0,71000.0,720,10.23,248.28,16,8,1,0,10500.0,13.58,False,False,True,False,False,False,True,False,True,False,False,False,False,False,True,0.14788524105294293,0.04090063993649882,0.003496852157011873,0.1926815533980583,10.7415,0
58,8.9,48600.0,580,15.08,4812.4,19,11,0,1,12200.0,17.64,False,False,False,True,False,False,True,False,False,False,False,True,False,False,True,0.25102364148885825,0.07588633416162324,0.0990185387131952,0.4578506024096386,18.3976,0
56,8.2,41800.0,688,11.58,20014.44,18,11,0,4,9900.0,15.74,True,False,False,False,True,False,False,False,True,False,False,False,False,False,True,0.2368364393196335,0.06870274265496577,0.4788028994521662,0.26454165457184325,11.4642,0
65,7.3,74500.0,672,23.06,11417.3,15,8,0,1,9600.0,15.62,True,False,False,False,False,False,True,False,True,False,False,False,False,True,False,0.12885733077408357,0.05406526602234159,0.15325029194239004,0.5352112927191678,22.1376,0
65,1.4,86900.0,739,16.97,10201.44,17,9,0,0,4000.0,12.32,False,False,False,True,False,True,False,False,False,False,False,False,True,True,False,0.046029389765365185,0.01842821541750393,0.11739151448199676,0.28252756756756753,6.788,0
43,1.9,36500.0,675,14.76,20302.85,25,16,0,0,16400.0,14.36,False,False,False,True,False,False,True,False,False,False,True,False,False,True,False,0.4493027588285253,0.18516156358005412,0.5562272266513246,0.31354082840236686,24.2064,0
49,1.5,24200.0,674,25.73,1570.23,15,7,1,1,10900.0,13.64,False,False,False,True,True,False,False,False,True,False,False,False,False,False,True,0.45039461179290113,0.12469561366489866,0.06488285608032726,0.5199365925925926,28.045700000000004,1
44,1.2,43800.0,758,18.44,7146.02,18,11,0,0,19700.0,11.79,False,False,True,False,True,False,False,False,False,False,True,False,False,True,False,0.4497614209721239,0.17867645851697908,0.16314741672564553,0.2864395256916996,36.3268,0
45,5.3,66200.0,644,28.87,4623.62,19,10,0,0,15000.0,15.79,True,False,False,False,True,False,False,False,False,True,False,False,False,True,False,0.22658268001993928,0.09529420413493557,0.06984214739958611,0.706755503875969,43.305,1
55,3.8,37300.0,661,17.2,3944.65,16,9,2,0,16800.0,15.08,True,False,False,False,False,True,False,False,True,False,False,False,False,True,False,0.4503900699713144,0.18751154481601398,0.105751856518592,0.3918066465256797,28.895999999999997,1
67,6.8,29000.0,634,14.06,10700.59,14,9,1,2,3000.0,15.9,True,False,False,False,False,True,False,False,True,False,False,False,False,True,False,0.10344470880314471,0.04356392457207181,0.3689731388572808,0.3520535433070866,4.218,1
38,7.4,52100.0,756,20.74,36444.7325,28,12,1,1,15300.0,13.82,True,False,False,False,False,True,False,False,False,True,False,False,False,True,False,0.29366039039557784,0.12010618818653132,0.6995015930596341,0.3786351387054161,31.7322,1
58,2.0,68100.0,640,16.2,17384.78,16,8,1,2,4700.0,16.8,True,False,False,False,True,False,False,False,True,False,False,False,False,False,True,0.06901513927842469,0.020490181181411254,0.25527936447335575,0.42458658346333855,7.613999999999999,0
40,4.7,54500.0,626,21.4,31476.18,14,9,0,1,1000.0,18.78,False,False,True,False,True,False,False,False,False,False,False,True,False,False,True,0.018348287187391055,0.005683808841910948,0.5775339902020147,0.6409760765550239,2.14,0
58,2.6,69100.0,742,10.31,9813.83,17,11,0,3,28500.0,13.38,False,True,False,False,True,False,False,False,True,False,False,False,False,False,True,0.41243976208737937,0.11355828845528976,0.14202153369705214,0.18566325706594886,29.3835,0
27,0.3,142987.5,553,20.07,10390.64,26,16,0,0,4900.0,20.33,False,False,False,True,False,True,False,False,False,False,False,False,True,True,False,0.034268490123331594,0.015350529928898073,0.0726676620847131,0.7365037906137184,9.8343,0
47,4.6,47600.0,611,27.02,10737.64,20,11,0,3,21400.0,16.95,False,False,True,False,False,True,False,True,False,False,False,False,False,True,False,0.44957038717673997,0.19216230028979922,0.22557593327871261,0.7483480392156863,57.8228,1
23,1.2,43500.0,708,21.96,9670.65,15,11,0,0,1000.0,13.87,False,False,False,True,False,False,True,False,False,False,False,False,True,True,False,0.02298797728787844,0.009408307762298162,0.22230868255902161,0.42959830747531735,2.196,0
40,0.6,142987.5,618,26.6,14457.07,18,6,0,4,5700.0,17.49,False,False,False,True,False,True,False,False,False,False,False,False,True,True,False,0.03986334565367145,0.01717040652035377,0.10110652255251296,0.751589660743134,15.161999999999999,1
37,10.9,92200.0,664,32.2,7569.89,15,7,0,1,11100.0,16.0,True,False,False,False,True,False,False,True,False,False,False,False,False,True,False,0.1203891497923016,0.05078424500544191,0.08210203793885099,0.7747368421052633,35.742000000000004,1
42,1.6,66700.0,786,13.92,8345.67,20,11,0,2,30000.0,11.11,True,False,False,False,False,False,True,False,True,False,False,False,False,True,False,0.44976836928981573,0.17695017572917954,0.12512061288436455,0.19650724269377381,41.76,0
64,0.9,21300.0,749,22.87,2339.27,16,10,0,1,2300.0,13.46,True,False,False,False,False,True,False,False,False,False,False,False,True,False,True,0.1079761513543965,0.029772106586157244,0.10981972677339091,0.4104402666666667,5.2601,0
25,3.5,72000.0,667,27.52,31382.6,19,13,0,0,9100.0,13.42,True,False,False,False,False,True,False,False,False,False,False,False,True,True,False,0.12638713351203457,0.0514012854829246,0.43586339078623904,0.5528718562874252,25.0432,0
55,1.3,63900.0,662,5.46,30154.98,11,6,0,0,13100.0,13.38,False,False,False,True,False,True,False,False,True,False,False,False,False,True,False,0.20500461651617347,0.0833256293025581,0.47190153518724276,0.11018823529411764,7.1526000000000005,0
23,0.9,70200.0,688,17.61,14725.56,16,11,0,1,3400.0,13.74,False,False,False,True,False,True,False,False,False,False,False,True,False,True,False,0.04843235851341149,0.01978722488740779,0.20976282389139755,0.351177648766328,5.9874,1
36,0.2,59200.0,779,10.99,14597.25,22,10,0,1,9800.0,9.42,True,False,False,False,False,False,True,False,True,False,False,False,False,True,False,0.16553774429485987,0.06354587935973689,0.2465710038681779,0.13272538461538463,10.7702,0
67,6.0,48300.0,695,12.75,5476.41,19,12,1,0,19600.0,11.67,True,False,False,False,False,True,False,False,False,False,False,True,False,True,False,0.4057887000269146,0.16093282448904403,0.1133808823833875,0.21378232758620688,24.99,1
63,3.8,93900.0,655,15.93,41.92,15,8,1,1,22300.0,15.8,False,True,False,False,False,False,True,False,False,False,True,False,False,False,True,0.23748415884814858,0.06899128336419971,0.0004464276205791206,0.3836798780487805,35.5239,0
64,4.2,48600.0,682,15.79,13123.09,13,7,0,2,11500.0,16.38,True,False,False,False,False,False,True,False,True,False,False,False,False,True,False,0.23662064566572705,0.10033736601727503,0.27001687208082137,0.37868257686676426,18.158499999999997,1
58,2.4,60500.0,691,4.84,8973.38,19,8,0,0,17200.0,12.77,True,False,False,False,False,True,False,False,True,False,False,False,False,True,False,0.28429282160625446,0.11454898625074378,0.14831787904332158,0.08931618497109826,8.3248,0
38,1.3,22200.0,650,32.2,2404.68,24,14,0,0,10000.0,15.06,False,False,False,True,True,False,False,False,False,True,False,False,False,True,False,0.4504301608035674,0.18743769836671903,0.10831403990811224,0.7449032258064517,32.2,1
64,1.4,40300.0,670,11.34,33522.18,11,6,0,0,2100.0,17.12,False,False,False,True,False,False,True,False,False,True,False,False,False,False,True,0.052107888141733456,0.01557630601418979,0.831795240812883,0.28933055141579733,2.3813999999999997,0
42,2.7,67400.0,688,18.52,12988.06,26,13,0,0,12500.0,16.44,False,False,False,True,True,False,False,False,True,False,False,False,False,False,True,0.18545718906247682,0.054632249345575146,0.19269832791798341,0.4418995645863571,23.15,0
53,15.5,44100.0,750,24.64,5771.77,18,11,0,0,19800.0,12.35,True,False,False,False,False,False,True,True,False,False,False,False,False,True,False,0.4489694111244643,0.17980363113377174,0.13087617060837622,0.40519840213049263,48.7872,0
40,6.0,35200.0,623,9.1,11669.2,16,6,1,0,15400.0,15.11,True,False,False,False,False,True,False,False,False,False,False,False,True,True,False,0.4374875713758132,0.1822137877179188,0.33150194596744414,0.22035416666666663,14.014,1
46,3.4,41800.0,768,13.65,5961.15,17,9,0,0,18800.0,14.19,True,False,False,False,False,False,True,False,False,False,False,False,True,True,False,0.4497500059807182,0.1849064453057904,0.1426078323485084,0.2518771131339402,25.662,1
54,1.0,54100.0,740,2.63,1731.37,22,17,1,0,11700.0,11.78,True,False,False,False,True,False,False,False,False,True,False,False,False,True,False,0.21626217629988356,0.08590608631263115,0.032002550784643535,0.04181025641025641,3.0770999999999997,0
26,4.1,41500.0,728,12.48,19509.54,18,13,0,2,18700.0,11.51,False,False,False,True,False,False,True,True,False,False,False,False,False,True,False,0.4505915520107949,0.1782829813135453,0.4700980699260259,0.19704362139917697,23.337600000000002,0
67,3.6,88100.0,711,21.95,19534.22,19,14,0,3,34300.0,13.28,True,False,False,False,False,True,False,False,True,False,False,False,False,True,False,0.3893258873338555,0.15802622070647296,0.22172529256194595,0.4094044943820224,75.2885,1
48,11.5,23600.0,682,18.2,9827.22,24,14,0,2,2100.0,14.41,False,False,False,True,False,False,True,False,False,False,True,False,False,False,True,0.08897928053896022,0.025060569654252914,0.41638998347527645,0.38398535871156664,3.8219999999999996,1
48,1.4,67300.0,585,12.74,36444.7325,14,6,1,0,30300.0,19.39,False,False,False,True,False,True,False,False,False,False,True,False,False,True,False,0.450216192924325,0.1990719841348989,0.5415184395477036,0.4215505119453925,38.602199999999996,1
47,0.1,20600.0,699,18.92,242.9,21,13,0,0,1000.0,13.45,True,False,False,False,True,False,False,False,True,False,False,False,False,True,False,0.04854133294500267,0.01974254324589492,0.01179068977234115,0.36353428571428575,1.8920000000000003,1
55,6.6,100800.0,714,21.75,19550.52,22,15,0,0,6100.0,14.47,True,False,False,False,False,True,False,False,True,False,False,False,False,True,False,0.06051527266594577,0.024982588314747464,0.19395164730508627,0.4401713286713287,13.2675,1
48,7.9,76300.0,704,17.8,2128.85,18,9,0,2,10700.0,13.77,False,False,False,True,False,True,False,False,True,False,False,False,False,True,False,0.14023407294792992,0.05731834969967334,0.02790068282198136,0.347668085106383,19.046000000000003,0
25,1.2,51200.0,593,20.51,19879.19,17,12,0,0,2700.0,18.21,False,False,True,False,False,False,True,False,True,False,False,False,False,True,False,0.05273334505185446,0.02293903112263488,0.388257846526435,0.6287661616161617,5.537700000000001,1
25,3.4,107700.0,686,23.7,17426.11,17,11,0,1,9300.0,14.78,False,False,False,True,False,False,True,False,True,False,False,False,False,True,False,0.08635017316459458,0.03580509381159111,0.16180081893390033,0.509877729257642,22.041,1
32,3.0,72600.0,678,31.37,24761.32,15,4,0,0,13700.0,17.29,False,True,False,False,False,False,True,True,False,False,False,False,False,False,True,0.1887026349499318,0.05662207831023793,0.3410603159736092,0.7988030927835051,42.97690000000001,1
37,4.7,22800.0,659,11.97,3479.94,29,22,0,0,10300.0,13.8,False,False,False,True,True,False,False,False,True,False,False,False,False,False,True,0.4517345730450419,0.1255109642718935,0.15262225340993815,0.2502818181818182,12.3291,1
62,0.5,75500.0,601,7.78,1941.21,20,7,2,0,2600.0,16.67,True,False,False,False,False,True,False,False,False,True,False,False,False,False,True,0.03443662997841088,0.01019539974037149,0.025711050184765764,0.21543621262458476,2.0228,1
40,4.5,32600.0,565,8.99,2269.41,15,3,0,1,7400.0,16.54,False,False,False,True,False,True,False,True,False,False,False,False,False,True,False,0.2269869022422625,0.09645744396422347,0.06961166835373148,0.2627113074204947,6.6526000000000005,1
53,0.3,58000.0,713,19.42,13922.34,18,8,1,1,8300.0,15.75,True,False,False,False,True,False,False,False,True,False,False,False,False,True,False,0.14310098101756866,0.060148930026640124,0.24003620627230565,0.4283823529411765,16.1186,0
67,3.1,58800.0,593,18.66,6972.92,14,9,0,0,1000.0,18.77,False,False,False,True,True,False,False,False,False,False,False,False,True,False,True,0.017006513494668456,0.00526712111075985,0.11858505807724358,0.5896434343434344,1.866,0
55,0.6,129400.0,648,44.05500000000001,17091.36,14,7,0,0,34300.0,18.96,False,False,False,True,False,True,False,False,True,False,False,False,False,False,True,0.2650675033423235,0.0824349655546569,0.13208058670334852,1.2870305084745766,151.10865000000004,1
41,5.4,35000.0,669,15.38,7547.15,22,16,0,0,12700.0,15.6,True,False,False,False,False,True,False,False,True,False,False,False,False,True,False,0.3628467758064055,0.15217309553630615,0.21562669638010343,0.35810149253731344,19.532600000000002,0
45,0.4,30700.0,639,12.19,7791.35,14,7,0,0,1800.0,17.79,False,False,False,True,False,False,True,False,False,False,False,True,False,False,True,0.058630012051724696,0.017779156249686585,0.25378163577733626,0.33884390625,2.1942,1
34,0.6,38500.0,710,15.31,4544.32,19,11,0,3,5700.0,14.39,True,False,False,False,False,True,False,True,False,False,False,False,False,True,False,0.1480481026466845,0.06103882083662535,0.1180312199683125,0.3098606188466948,8.7267,1
24,5.1,51000.0,668,33.24,3830.35,26,14,0,0,23000.0,17.64,False,False,True,False,False,False,True,False,True,False,False,False,False,True,False,0.4509715495774593,0.1946265213746767,0.07510342934452266,0.8764627802690583,76.452,1
52,0.1,29600.0,700,14.85,2988.58,26,17,0,1,13300.0,12.83,False,False,False,True,False,False,True,False,True,False,False,False,False,True,False,0.44930914496131885,0.18115951593193272,0.10096212965778183,0.2717910128388017,19.7505,0
21,2.3,35300.0,782,15.3,25871.43,20,12,0,0,4500.0,11.73,False,False,False,True,False,True,False,False,True,False,False,False,False,True,False,0.12747514234724228,0.05059518032509753,0.7328809382170477,0.22920689655172416,6.885000000000001,0
37,3.6,58800.0,749,40.53,20976.93,23,7,0,1,4400.0,13.84,True,False,False,False,False,False,True,False,False,False,True,False,False,False,True,0.07482865937654122,0.020815280605309777,0.3567444431217156,0.7479136000000001,17.8332,1
36,2.0,40300.0,696,26.56,4074.2,20,13,0,0,4000.0,14.32,False,False,False,True,False,True,False,False,False,False,True,False,False,False,True,0.09925312026996849,0.027903730937048954,0.1010942656509764,0.5456803443328551,10.624,0
28,8.3,46300.0,608,44.05500000000001,36444.7325,15,11,0,0,13400.0,20.585,False,False,False,True,False,False,True,True,False,False,False,False,False,False,True,0.28941059588345824,0.09312329568747897,0.7871262499730027,1.4891168719211827,59.03370000000001,1
60,7.3,36300.0,732,7.6,1096.02,11,4,1,0,5600.0,11.52,True,False,False,False,False,True,False,False,False,False,False,False,True,True,False,0.15426572270736344,0.06104392168230263,0.030192556678879368,0.11944338335607094,4.256,1
28,1.4,49500.0,618,26.77,825.43,24,14,0,0,2200.0,18.06,True,False,False,False,True,False,False,False,False,False,False,True,False,True,False,0.044443546595018285,0.019292657181702803,0.01667501666632997,0.78104394184168,5.8894,1
33,1.4,54700.0,655,21.95,869.5,21,10,0,0,7400.0,16.04,False,False,False,True,True,False,False,True,False,False,False,False,False,True,False,0.13528089066013418,0.05709347944288736,0.015895504652565767,0.5367042682926829,16.243,1
23,3.7,100700.0,715,19.93,22267.63,24,8,1,0,2000.0,14.23,False,False,False,True,False,False,True,False,True,False,False,False,False,True,False,0.019860775960516778,0.008171287223640711,0.22112620530084112,0.39609483240223464,3.986,0
47,7.2,82800.0,671,22.62,8063.39,16,6,1,3,3400.0,14.66,False,False,True,False,False,False,True,False,True,False,False,False,False,False,True,0.041062306010796974,0.011633130281065327,0.09738276107776477,0.4934660714285715,7.690800000000001,0
67,6.8,50500.0,603,12.0,14899.75,16,7,0,0,6900.0,16.02,False,False,False,True,False,False,True,False,True,False,False,False,False,True,False,0.13663095780281578,0.057646103348248,0.2950387121047108,0.3182781456953643,8.28,1
49,3.1,45200.0,720,13.77,24781.99,8,3,2,0,6200.0,11.02,True,False,False,False,False,True,False,False,True,False,False,False,False,False,True,0.13716510696666004,0.03579532987358254,0.5482619853543064,0.2104651872399445,8.5374,0
50,2.7,52300.0,633,44.05500000000001,2587.68,18,10,0,2,1400.0,16.43,True,False,False,False,True,False,False,False,True,False,False,False,False,True,False,0.026768130628477466,0.011358977925206922,0.04947668304621326,1.1416776813880127,6.167700000000002,1
26,8.1,94200.0,705,19.49,36444.7325,18,8,1,0,21800.0,13.46,True,False,False,False,False,True,False,False,True,False,False,False,False,True,False,0.2314200486194414,0.09417495434245407,0.38688264986571264,0.3715798866855524,42.4882,0
60,2.1,55200.0,685,24.93,564.19,26,13,0,1,24100.0,14.14,False,False,False,True,False,True,False,True,False,False,False,False,False,True,False,0.43658629372656294,0.17937851493698817,0.010220648176663467,0.5138632653061225,60.081300000000006,1
57,2.7,31300.0,673,6.54,6170.7,15,8,1,1,6600.0,17.17,False,False,False,True,True,False,False,False,False,False,False,False,True,False,True,0.21085588319861986,0.06309308801650507,0.19714066643238234,0.16660504451038577,4.3164,0
67,15.5,30200.0,705,35.75,786.59,25,14,2,2,8100.0,15.96,False,False,False,True,True,False,False,False,False,False,False,False,True,True,False,0.2682030396344492,0.11304595548978041,0.026045164067414986,0.808172804532578,28.957500000000003,1
30,3.1,93400.0,662,39.21,20970.53,21,11,0,1,30500.0,15.58,True,False,False,False,False,True,False,False,True,False,False,False,False,True,False,0.32654896628515756,0.13693862741353977,0.22452147193284866,0.9214054298642533,119.59049999999999,1
63,7.7,52900.0,639,5.5,1201.96,18,8,0,0,23800.0,14.6,True,False,False,False,True,False,False,False,False,True,False,False,False,False,True,0.44989697737282847,0.12727898290558903,0.02272093155138844,0.12546875,13.09,0
28,2.1,122600.0,665,8.41,318.61,16,8,0,2,12600.0,13.25,False,False,False,True,False,False,True,False,True,False,False,False,False,True,False,0.10277240805539922,0.04169862201354533,0.002598755311946885,0.16731606606606608,10.5966,0
31,2.3,110800.0,681,27.78,13088.98,29,15,0,0,21200.0,13.97,False,False,True,False,False,True,False,False,True,False,False,False,False,True,False,0.19133401323092752,0.07843088004114002,0.11813052228770499,0.569041935483871,58.893600000000006,1
66,2.9,49700.0,691,21.16,6363.07,17,8,0,0,22400.0,15.04,False,False,False,True,False,False,True,False,True,False,False,False,False,True,False,0.4506951570390938,0.18754639650651797,0.12802700146878332,0.4598936416184971,47.3984,0
34,2.4,59400.0,644,29.3,567.86,14,6,0,0,1000.0,15.51,True,False,False,False,False,True,False,False,True,False,False,False,False,True,False,0.016834733421996262,0.007052231523653729,0.009559771721014798,0.7045627906976744,2.93,0
22,12.9,48800.0,638,12.4,25909.97,27,17,0,0,9300.0,14.41,True,False,False,False,False,True,False,True,False,False,False,False,False,True,False,0.19056986537161125,0.07859715734417842,0.5309311284604824,0.27963067292644755,11.532000000000002,0
44,6.7,34600.0,728,25.9,12782.07,18,9,0,1,1000.0,14.55,False,False,False,True,False,False,True,False,True,False,False,False,False,False,True,0.028900898817953238,0.00816631454315076,0.36941331175399555,0.5169341563786007,2.59,1
22,3.0,40800.0,725,12.72,18110.06,17,7,0,2,18400.0,13.46,True,False,False,False,False,False,True,False,False,False,True,False,False,True,False,0.45096933898678954,0.18349113758209226,0.4438631406092988,0.23582809917355374,23.4048,0
59,0.6,74800.0,639,44.05500000000001,7447.59,17,12,0,2,1300.0,19.11,False,False,False,True,False,True,False,False,False,True,False,False,False,True,False,0.017379446798839588,0.007655214248210057,0.09956538014197672,1.3154547656250002,5.727150000000001,1
60,3.0,63900.0,667,23.72,36444.7325,16,6,0,3,14700.0,16.08,False,False,False,True,True,False,False,False,False,False,False,False,True,True,False,0.23004334830440837,0.09714404188734284,0.5703311763509178,0.5709844311377245,34.8684,1
36,12.5,142987.5,684,26.06,4836.78,12,6,0,0,26500.0,15.51,True,False,False,False,False,False,True,False,True,False,False,False,False,True,False,0.1853295894425076,0.07764474876491076,0.033826356665046485,0.5900592700729926,69.059,1
55,2.4,54000.0,674,19.05,4759.38,13,8,0,2,3000.0,15.12,False,False,True,False,False,False,True,True,False,False,False,False,False,True,False,0.05555452676802281,0.02314427139446237,0.08813503453639748,0.42672,5.715,0
37,7.1,49600.0,632,31.29,22778.51,26,16,1,2,6600.0,16.41,False,False,False,True,False,False,True,False,True,False,False,False,False,True,False,0.1330618334307776,0.056447937195283904,0.459234894457773,0.811167298578199,20.6514,0
62,1.9,20100.0,683,16.88,260.1,19,11,0,0,2100.0,16.52,False,False,False,True,False,False,True,False,False,False,True,False,False,True,False,0.10447241430774588,0.044373522807131874,0.012939654743545099,0.4076865497076023,3.5447999999999995,1
37,1.6,35400.0,797,14.1,5405.84,13,6,0,0,1500.0,9.8,False,False,True,False,True,False,False,False,False,False,False,False,True,False,True,0.04237168441569447,0.010749968006618062,0.1527030309878252,0.17315789473684212,2.1149999999999998,0
44,4.2,43000.0,719,18.75,10200.9,7,4,0,0,19400.0,13.12,True,False,False,False,False,False,True,False,False,False,True,False,False,True,False,0.45115229878374924,0.1826795896286917,0.23722471570428594,0.3416666666666666,36.375,0
37,1.9,80000.0,658,6.5,27900.77,17,9,0,2,6000.0,13.62,False,False,False,True,True,False,False,False,True,False,False,False,False,True,False,0.0749990625117186,0.030589433546263985,0.3487552655591805,0.13433990895295903,3.9,1
63,2.6,98900.0,628,12.13,1898.32,16,7,0,0,8600.0,15.58,False,False,False,True,False,True,False,False,False,False,True,False,False,True,False,0.08695564251119807,0.03646517227103037,0.019194143638588082,0.30045373608903025,10.4318,0
45,0.3,44300.0,692,5.88,447.98,14,5,0,1,4000.0,12.31,False,False,False,True,False,True,False,False,True,False,False,False,False,True,False,0.09029141554366718,0.03613926676608581,0.010112187083813007,0.10444848484848486,2.352,0
37,4.7,49500.0,657,13.73,2534.76,12,5,1,0,22300.0,15.39,False,False,False,True,False,False,True,True,False,False,False,False,False,True,False,0.45049594957677624,0.18839131687331237,0.05120623825781298,0.32113176291793316,30.617900000000002,1
26,5.8,134700.0,676,18.9,20265.26,20,11,0,0,19200.0,13.47,False,False,False,True,False,False,True,False,True,False,False,False,False,True,False,0.14253791731316026,0.05801522829369836,0.1504462476150882,0.37604579025110785,36.288,1
29,11.4,44600.0,617,15.11,7124.77,21,11,2,1,20100.0,17.01,True,False,False,False,False,True,False,False,False,False,True,False,False,True,False,0.4506625411986278,0.19278755360163533,0.15974462455998745,0.4158917475728155,30.371099999999995,1
59,17.6,33300.0,713,6.53,3844.06,16,7,3,0,1000.0,10.68,True,False,False,False,False,False,True,False,False,False,False,False,True,True,False,0.030029128254406776,0.011738971503802237,0.1154337707576349,0.09767563025210083,0.653,0
33,1.1,66200.0,660,23.69,685.8,15,10,0,0,11200.0,14.31,True,False,False,False,False,False,True,False,False,False,False,False,True,True,False,0.16918173441488799,0.06968125439136533,0.010359360130511624,0.5128652042360061,26.532800000000005,0
31,6.2,28500.0,681,17.51,625.9,16,6,0,0,12800.0,14.28,False,False,False,True,False,False,True,False,True,False,False,False,False,True,False,0.44910704887547803,0.1848553844221351,0.021960632960247008,0.3666316715542522,22.4128,1
58,2.3,49200.0,780,14.63,3841.18,17,11,0,0,18000.0,10.61,False,False,False,True,True,False,False,False,False,True,False,False,False,True,False,0.36584622263775124,0.1428866267887728,0.07807117741509319,0.1987507042253521,26.334000000000003,0
28,1.8,101500.0,638,3.45,12604.77,19,5,0,2,11800.0,14.75,False,False,True,False,False,False,True,False,True,False,False,False,False,True,False,0.11625501226588901,0.04818437936547556,0.12418370262361948,0.07963615023474178,4.071,0
30,0.2,67900.0,719,12.59,5537.74,17,9,0,0,3800.0,13.13,False,False,False,True,False,False,True,False,False,False,False,False,True,False,True,0.05596382969322985,0.015322435748020101,0.08155608901194386,0.2295926388888889,4.7842,0
57,10.2,72100.0,661,7.14,530.5,13,5,0,3,7000.0,15.37,True,False,False,False,False,True,False,False,False,False,True,False,False,True,False,0.09708603209386832,0.040591449736585294,0.007357734289399592,0.1657731117824773,4.997999999999999,0
64,6.4,38500.0,715,12.94,21301.78,24,13,0,1,1000.0,13.57,False,False,True,False,True,False,False,False,True,False,False,False,False,True,False,0.025973351341523596,0.010584489411640764,0.5532786161398405,0.245245530726257,1.294,0
35,0.0,75800.0,580,28.34,13740.34,18,7,0,0,5700.0,16.81,False,False,False,True,False,False,True,False,False,False,True,False,False,True,False,0.07519689713856018,0.03208177555266031,0.1812685848471656,0.8199576592082615,16.153799999999997,1
54,6.4,92100.0,675,13.08,22576.26,12,8,0,0,16800.0,13.94,True,False,False,False,False,False,True,False,False,False,False,True,False,True,False,0.1824084429050716,0.07473876045883739,0.24512502578690784,0.26972662721893487,21.9744,0
29,3.3,47700.0,748,10.13,2937.98,21,9,0,0,1000.0,11.74,False,False,True,False,True,False,False,True,False,False,False,False,False,True,False,0.02096392109180101,0.008322501409085692,0.06159158088928953,0.15877997329773033,1.0130000000000001,0
60,1.7,48100.0,780,40.25,5422.47,18,8,1,0,21600.0,12.74,True,False,False,False,True,False,False,False,False,False,True,False,False,True,False,0.4490551131993098,0.18084984072502575,0.11273092035508618,0.6565749039692701,86.94000000000001,1
50,4.4,50300.0,758,14.12,26537.07,17,8,2,0,18200.0,12.64,False,False,False,True,False,True,False,False,True,False,False,False,False,True,False,0.361821832567941,0.1455109324717754,0.52756545595515,0.23514729907773385,25.6984,1
53,7.7,51700.0,654,18.95,28339.19,23,15,1,1,19900.0,16.65,True,False,False,False,True,False,False,False,False,False,False,True,False,True,False,0.38490551440010834,0.16383688600706794,0.5481362062629349,0.48170610687022897,37.710499999999996,1
35,3.7,48800.0,657,13.85,1957.85,15,11,0,0,6000.0,13.15,True,False,False,False,False,False,True,False,True,False,False,False,False,True,False,0.12294830023974919,0.04980680500429197,0.04011905493739882,0.27678951367781157,8.309999999999999,0
47,0.3,47300.0,726,17.94,14109.27,17,8,0,0,2600.0,12.99,False,False,True,False,True,False,False,False,False,False,False,False,True,False,True,0.054967125430751995,0.015001187295516086,0.2982869283947485,0.3205510316368638,4.6644000000000005,0
57,9.9,54000.0,787,18.61,21473.25,17,4,0,0,24300.0,11.73,True,False,False,False,True,False,False,False,True,False,False,False,False,True,False,0.4499916668209848,0.17862200698465447,0.3976454139738153,0.2770244923857868,45.222300000000004,0
49,8.9,42500.0,600,29.22,272.18,10,5,0,0,14700.0,18.77,False,True,False,False,True,False,False,True,False,False,False,False,False,False,True,0.3458742147243594,0.10711370726995487,0.006404084609773888,0.9125780366056572,42.953399999999995,1
65,3.0,87600.0,619,23.93,26316.11,19,9,0,0,21600.0,15.49,False,False,True,False,False,False,True,False,True,False,False,False,False,True,False,0.24657252771087088,0.10326866265816663,0.3004087852878392,0.5978640322580645,51.6888,1
67,0.0,15200.0,687,37.31,7338.2,13,6,0,0,3300.0,16.58,True,False,False,False,True,False,False,True,False,False,False,False,False,True,False,0.2170909808565226,0.09226823664363458,0.48274455627919216,0.8991276162790697,12.3123,1
26,0.6,67100.0,641,12.76,6702.27,18,11,0,1,14400.0,14.43,False,False,True,False,True,False,False,True,False,False,False,False,False,False,True,0.2146018688246077,0.060486641040823456,0.09988331023382663,0.2868018691588785,18.374399999999998,0
39,2.3,62700.0,682,14.62,5726.61,15,12,0,0,12000.0,13.17,False,False,True,False,False,True,False,True,False,False,False,False,False,True,False,0.19138450742412402,0.0775565853167987,0.0913320361716719,0.2819112737920937,17.543999999999997,0
65,6.9,56700.0,625,21.2,32136.76,19,11,0,0,24500.0,17.45,True,False,False,False,False,False,True,False,True,False,False,False,False,True,False,0.43209114477698807,0.18598997918471624,0.5667758946050334,0.5909584664536741,51.940000000000005,1
24,4.8,45100.0,713,14.29,12791.44,14,3,0,2,3100.0,12.64,True,False,False,False,False,False,True,False,True,False,False,False,False,False,True,0.06873461785769718,0.01861089356025021,0.28361765814505224,0.2529770308123249,4.4299,1
23,12.7,90200.0,665,10.66,31303.54,27,16,0,1,19600.0,12.81,True,False,False,False,True,False,False,False,True,False,False,False,False,True,False,0.21729249121406635,0.08760819093506142,0.3470420505315906,0.20503693693693692,20.8936,1
28,10.9,122300.0,672,24.87,25543.6,17,11,0,0,1000.0,15.75,True,False,False,False,False,False,True,False,True,False,False,False,False,True,False,0.008176548024954825,0.0034371507831694164,0.20885847213023603,0.5820245170876672,2.487,1
50,8.0,45800.0,715,19.35,11547.39,16,8,0,1,8600.0,14.46,False,False,False,True,False,False,True,False,True,False,False,False,False,False,True,0.18776882600816577,0.052954807497470474,0.2521209143905155,0.39078351955307267,16.641000000000002,0
57,7.9,33200.0,621,9.95,15772.48,11,8,0,1,14900.0,15.69,False,False,True,False,True,False,False,False,False,False,True,False,False,False,True,0.44878166320291557,0.13003350851447718,0.47506038974729675,0.2509895498392283,14.825499999999998,0
54,1.0,26200.0,732,31.76,497.51,26,12,0,1,1000.0,15.64,False,False,False,True,True,False,False,False,False,False,True,False,False,False,True,0.038166482195336054,0.011045563291978722,0.01898820655700164,0.6776622100954981,3.176,0
23,0.9,19500.0,711,31.03,31492.3,19,13,0,1,8800.0,15.02,False,True,False,False,False,True,False,False,False,False,True,False,False,False,True,0.45125890979949745,0.12880921320442712,1.6149069278498538,0.6545935393258427,27.3064,1
37,3.5,139300.0,685,6.26,13460.45,24,14,0,0,10000.0,15.88,True,False,False,False,False,True,False,True,False,False,False,False,False,True,False,0.07178699363249366,0.030232414297395895,0.09662852384404993,0.14491078717201167,6.26,0
65,5.5,34400.0,741,4.56,18170.6,20,11,0,5,1600.0,11.75,False,True,False,False,False,False,True,True,False,False,False,False,False,True,False,0.04651027586407372,0.018465204120726254,0.5281997616348362,0.07221024258760107,0.7295999999999999,0
45,4.7,40500.0,671,17.0,17468.08,21,12,0,3,15300.0,14.25,False,False,False,True,False,True,False,False,True,False,False,False,False,True,False,0.3777684501617244,0.15544354985655004,0.4312999679020271,0.36049107142857145,26.01,1
28,5.6,36300.0,655,25.08,3261.51,20,11,1,1,15000.0,15.41,True,False,False,False,False,False,True,False,True,False,False,False,False,False,True,0.4132117572518663,0.11899711886179724,0.08984628522630231,0.5891506097560976,37.62,0
66,2.6,67300.0,661,5.38,20008.98,28,16,0,2,30300.0,15.44,False,True,False,False,False,False,True,False,True,False,False,False,False,True,False,0.450216192924325,0.1884181007232205,0.2973058349801637,0.12547915407854984,16.301399999999997,0
63,0.1,142987.5,637,20.06,1158.16,15,9,0,0,6500.0,16.8,True,False,False,False,True,False,False,False,False,False,True,False,False,True,False,0.0454582011840113,0.01939276064997125,0.008099672351273004,0.5282257053291536,13.039,0
44,7.6,105400.0,677,3.73,6702.05,22,10,0,2,6500.0,17.27,False,False,False,True,False,True,False,False,False,False,False,False,True,False,True,0.06166924412481855,0.018497350962932594,0.06358620885949849,0.09501047197640118,2.4245,0
61,19.1,115500.0,684,15.43,14513.54,21,15,0,1,12100.0,12.32,True,False,False,False,False,False,True,False,True,False,False,False,False,True,False,0.1047609977402793,0.041943174748575535,0.12565726703664903,0.2775147445255474,18.670299999999997,0
45,4.7,27100.0,582,29.48,2562.66,10,6,0,4,1000.0,20.585,False,True,False,False,False,False,True,False,True,False,False,False,False,False,True,0.03689900741670049,0.011870951205938785,0.09455961034648168,1.0409018867924529,2.9480000000000004,1
67,3.4,58300.0,690,24.54,1166.86,17,10,3,0,15000.0,16.68,True,False,False,False,True,False,False,False,False,False,False,False,True,False,True,0.2572854668015986,0.07618587639681439,0.02001440798614089,0.5923693198263387,36.81,1
41,9.9,99900.0,733,44.05500000000001,6631.9,24,19,1,0,13700.0,13.91,False,False,False,True,True,False,False,True,False,False,False,False,False,True,False,0.1371357644067627,0.056165613036801156,0.06638472087366493,0.8348842643051771,60.355350000000016,1
54,14.9,74000.0,643,9.6,9775.17,13,5,3,0,2000.0,16.41,False,False,False,True,True,False,False,False,False,False,False,False,True,True,False,0.02702666180186754,0.011466179358844449,0.13209510682288078,0.24462111801242237,1.92,1
31,2.0,36500.0,800,12.92,19929.03,13,6,1,2,1000.0,10.38,False,False,False,True,True,False,False,False,False,False,False,True,False,True,False,0.027396509684666174,0.010663635786425072,0.5459858634010026,0.16742771535580525,1.292,0
59,2.2,32200.0,730,11.62,15005.82,15,7,0,1,12700.0,11.4,False,False,False,True,False,False,True,False,False,False,False,False,True,True,False,0.39439768951274806,0.15578971906309808,0.466004782460172,0.18121477428180574,14.757399999999999,0
63,7.3,15100.0,572,6.55,18484.59,17,9,0,0,1200.0,18.04,True,False,False,False,False,False,True,False,False,True,False,False,False,False,True,0.07946493609694723,0.02421775873916637,1.224063969273558,0.20621640488656193,0.7859999999999999,1
28,4.5,30700.0,636,23.57,3741.93,12,8,0,1,11900.0,15.86,False,False,False,True,False,True,False,False,True,False,False,False,False,True,False,0.38760952411973554,0.16314664652344266,0.12188300055372789,0.5868448979591837,28.048299999999998,1
42,2.2,33400.0,723,17.23,3910.84,14,6,1,2,2100.0,12.67,False,False,False,True,False,True,False,False,False,False,True,False,False,True,False,0.06287236909074578,0.025292937446774008,0.11708751234992965,0.301525,3.6183,1
64,3.0,109700.0,713,6.47,26561.42,21,16,0,2,26400.0,13.06,False,False,False,True,True,False,False,False,True,False,False,False,False,False,True,0.24065414171247299,0.06578959146751623,0.24212559593804978,0.11834481792717086,17.0808,0
36,25.0,23100.0,704,44.05500000000001,1044.69,17,7,0,0,10400.0,17.2,False,False,False,True,False,False,True,False,True,False,False,False,False,True,False,0.4501969611705121,0.1930552312312337,0.04522271763127138,1.074817021276596,45.81720000000001,1
28,2.4,124700.0,695,6.92,36444.7325,22,16,0,0,16300.0,16.24,True,False,False,False,True,False,False,False,False,True,False,False,False,False,True,0.13071266469394793,0.03834106438479441,0.2922569385971243,0.16146666666666665,11.279599999999999,0
48,1.4,20200.0,550,30.12,7127.36,24,15,0,1,9100.0,18.9,True,False,False,False,False,True,False,False,False,False,False,False,True,True,False,0.4504727488738181,0.19776956359601247,0.35282213751794467,1.0331542649727767,27.409200000000002,1
43,3.7,30400.0,786,19.32,8192.52,28,16,1,2,2400.0,9.99,False,False,False,True,False,False,True,False,True,False,False,False,False,True,False,0.07894477155356731,0.03055240637576685,0.2694819249366797,0.24524371029224903,4.6368,1
43,1.2,40200.0,615,9.56,7331.02,16,5,0,2,9800.0,16.13,True,False,False,False,False,False,True,False,True,False,False,False,False,True,False,0.24377503047187882,0.10300454512516966,0.18235914529489317,0.25032922077922076,9.3688,1
39,19.3,36500.0,702,16.92,19568.92,17,11,0,0,11300.0,14.56,True,False,False,False,False,False,True,True,False,False,False,False,False,False,True,0.30958055943672774,0.08749673792769153,0.5361201062984575,0.35043413940256046,19.1196,1
52,1.1,110300.0,628,26.07,2595.45,12,3,0,1,18500.0,16.86,False,False,True,False,False,False,True,False,False,False,False,False,True,False,True,0.16772286742640594,0.04986378671840606,0.023530611689830554,0.6987920508744038,48.2295,1
38,7.0,77900.0,685,10.98,1361.11,18,9,0,1,2900.0,14.25,True,False,False,False,False,True,False,False,False,False,True,False,False,True,False,0.037226736498889614,0.015319994307459674,0.017472304591725395,0.22808309037900876,3.1841999999999997,0
33,4.9,38900.0,729,26.77,734.65,17,13,0,2,13000.0,14.81,True,False,False,False,False,True,False,False,True,False,False,False,False,False,True,0.33418164057479244,0.09497555662353159,0.018885118634482403,0.5431009589041096,34.801,1
57,1.1,44800.0,705,7.31,29672.16,17,8,0,0,7900.0,14.39,True,False,False,False,True,False,False,True,False,False,False,False,False,False,True,0.1763353496573737,0.04965287572426852,0.6623102162898149,0.1489956090651558,5.7749,0
31,2.8,66300.0,664,15.68,16369.39,18,8,1,0,1000.0,15.75,False,False,False,True,True,False,False,False,True,False,False,False,False,False,True,0.015082728767288578,0.004376660135316959,0.24689506945596595,0.37136842105263157,1.568,1
52,4.9,44300.0,606,25.06,6762.43,25,16,2,1,6200.0,17.26,False,False,False,True,False,True,False,True,False,False,False,False,False,True,False,0.13995169409268413,0.06007853666766786,0.15264734430374033,0.7125792421746294,15.537199999999999,1
42,0.4,39600.0,679,14.24,11514.92,17,6,0,0,6000.0,14.83,True,False,False,False,False,False,True,False,True,False,False,False,False,True,False,0.151511325471579,0.06285756440390823,0.2907734653165324,0.31055764705882355,8.544,0
59,4.5,60200.0,644,15.38,4537.64,13,10,0,1,27100.0,15.13,True,False,False,False,False,False,True,False,True,False,False,False,False,False,True,0.4501586352386173,0.12885627728904844,0.0753748276606701,0.36077426356589154,41.6798,1
25,0.3,36200.0,708,16.2,20328.32,24,14,0,0,4500.0,13.89,True,False,False,False,False,False,True,False,False,False,False,False,True,True,False,0.12430595839893925,0.050886676180182104,0.5615402889422944,0.3173737658674189,7.29,0
40,1.7,32000.0,651,17.5,14279.15,18,12,0,2,14400.0,17.34,True,False,False,False,False,False,True,False,True,False,False,False,False,False,True,0.4499859379394394,0.13514241357936946,0.44620949345332955,0.46541411042944786,25.2,1
42,2.2,27100.0,653,10.09,3771.99,24,12,0,0,2000.0,14.64,False,False,False,True,False,True,False,True,False,False,False,False,False,False,True,0.07379801483340098,0.020892339851470886,0.1391826869857201,0.22586788990825687,2.0180000000000002,0
34,3.9,28800.0,675,9.81,3318.78,21,10,0,1,11400.0,13.82,True,False,False,False,False,False,True,False,True,False,False,False,False,True,False,0.3958195895975834,0.1618613430361994,0.11523141557584807,0.20055355029585803,11.183399999999999,0
29,1.7,32900.0,699,14.21,5785.35,20,9,0,3,1500.0,14.56,True,False,False,False,False,False,True,False,False,False,False,False,True,False,True,0.045591319412783805,0.012885047557293595,0.17584115984316587,0.295568,2.1315,0
23,0.6,25400.0,717,22.45,36444.7325,18,10,0,1,11400.0,13.93,True,False,False,False,False,False,True,False,True,False,False,False,False,True,False,0.4488012282980985,0.18380490021465284,1.4347755009645289,0.4355550139275766,25.592999999999996,0
59,2.6,55400.0,752,5.39,2444.02,18,10,1,1,5800.0,11.58,True,False,False,False,False,True,False,False,True,False,False,False,False,True,False,0.10469125106045017,0.041467174154867295,0.04411508817530369,0.08289003984063745,3.1261999999999994,0
65,3.0,139200.0,664,2.48,17397.47,23,10,0,2,22000.0,16.08,True,False,False,False,False,False,True,False,False,False,True,False,False,False,True,0.15804484163188484,0.04619712537506068,0.12498092686115761,0.05996751879699247,5.456,0
25,4.4,92100.0,618,12.36,6437.85,29,15,0,0,34300.0,16.5,True,False,False,False,False,False,True,False,False,False,False,True,False,True,False,0.37241723759785456,0.158203533281109,0.06989989250931043,0.32946688206785135,42.3948,0
67,6.0,121900.0,594,14.7,6806.69,22,10,0,0,14700.0,18.56,True,False,False,False,True,False,False,False,True,False,False,False,False,False,True,0.1205896588215027,0.037185117668256336,0.055837852027464906,0.45854117647058823,21.608999999999998,0
50,5.8,36400.0,780,17.65,4160.93,19,11,0,0,16400.0,14.39,False,False,False,True,False,True,False,False,True,False,False,False,False,False,True,0.4505370731573308,0.12685598341511112,0.11430812340320322,0.32520294494238156,28.945999999999994,1
57,4.2,64400.0,712,21.4,10700.4,21,11,0,0,29000.0,15.61,True,False,False,False,False,True,False,True,False,False,False,False,False,True,False,0.45030356671480254,0.18890498488620536,0.1661526994922439,0.46851893408134637,62.059999999999995,1
55,7.7,142987.5,644,24.26,10452.96,18,8,0,4,6800.0,13.63,True,False,False,False,False,False,True,False,True,False,False,False,False,True,False,0.04755627200788875,0.01940043904702903,0.07310350133052658,0.512657054263566,16.496800000000004,0
50,12.2,106100.0,655,21.88,6196.23,25,14,1,0,14400.0,15.57,True,False,False,False,False,True,False,False,True,False,False,False,False,True,False,0.13571973873950294,0.05690699486393719,0.058399355331240986,0.5193164634146341,31.507199999999997,1
25,1.2,120900.0,751,14.16,7108.96,29,18,0,2,34300.0,11.84,True,False,False,False,True,False,False,False,True,False,False,False,False,True,False,0.28370319517621856,0.11280581856289587,0.05879984450087262,0.22294468085106384,48.5688,1
51,6.5,26000.0,675,16.87,5583.59,21,11,0,0,8000.0,13.26,False,False,True,False,True,False,False,True,False,False,False,False,False,False,True,0.3076804738279297,0.0844646136581472,0.21474520210761125,0.3309115384615385,13.496000000000002,1
65,1.6,45100.0,541,13.13,5487.9,18,5,0,0,9300.0,18.29,True,False,False,False,True,False,False,False,True,False,False,False,False,True,False,0.2062038535730915,0.08979564802578284,0.12168022881976008,0.4430769372693727,12.2109,0
25,2.4,46200.0,630,5.8,23915.44,21,9,0,1,1700.0,13.29,False,False,True,False,False,False,True,False,True,False,False,False,False,True,False,0.036795740351940436,0.01493572223593069,0.5176390121425943,0.12215847860538827,0.986,0
58,1.7,64700.0,702,29.39,18436.95,18,10,0,2,11200.0,15.57,False,True,False,False,False,False,True,False,True,False,False,False,False,False,True,0.173103970572325,0.050032754911830575,0.2849561830574489,0.650927880512091,32.9168,0
51,3.0,35600.0,707,24.12,763.46,21,13,2,0,16000.0,13.6,False,False,False,True,True,False,False,False,False,True,False,False,False,True,False,0.44942557793320415,0.18322098334566383,0.021444903233055253,0.46332203389830506,38.592000000000006,1
58,9.3,73800.0,700,5.59,5248.12,13,9,0,0,33200.0,12.53,False,False,False,True,True,False,False,False,False,False,False,False,True,True,False,0.4498584030026693,0.1806434976007384,0.07111177355320389,0.09991825962910128,18.558799999999998,0
59,2.2,43300.0,695,10.2,13725.61,17,13,0,1,1000.0,13.96,False,False,False,True,False,False,True,False,False,False,False,False,True,True,False,0.023094154869402556,0.00946385445485603,0.3169813630170204,0.20458620689655171,1.02,1
31,5.7,30100.0,609,15.89,10996.35,24,12,0,1,13100.0,15.27,True,False,False,False,False,False,True,False,True,False,False,False,False,True,False,0.4352014883226471,0.18166171600015882,0.3653151058104382,0.3977709836065574,20.815900000000003,1
29,9.0,50100.0,693,12.63,7479.83,24,11,0,0,1800.0,14.84,False,False,False,True,False,False,True,False,False,False,False,False,True,False,True,0.03592742659827149,0.010218114953552317,0.14929502405141615,0.27007089337175794,2.2734,0
39,11.6,53600.0,742,28.18,7998.16,12,9,0,1,6900.0,13.51,False,True,False,False,False,True,False,False,False,False,False,False,True,True,False,0.12872894162422344,0.05241815812441914,0.14921661909292736,0.5123981157469717,19.4442,0
63,2.7,34200.0,724,25.35,31146.64,16,9,1,4,6600.0,15.29,False,True,False,False,False,True,False,False,False,False,False,False,True,True,False,0.19297681354346363,0.08057859464683272,0.9106938393614221,0.5346227586206896,16.731,1
67,3.6,50100.0,604,44.05500000000001,2970.34,17,10,0,4,4900.0,20.37,False,False,False,True,False,False,True,False,False,False,True,False,False,True,False,0.0978024390730724,0.043828219514086525,0.05928704017883875,1.483306363636364,21.58695,1
42,1.7,50900.0,635,44.05500000000001,9777.41,18,8,3,0,18600.0,19.35,False,False,False,True,False,False,True,False,False,False,False,False,True,False,True,0.3654152177756822,0.11457024778991441,0.19208679593721145,1.340352594339623,81.94230000000002,1
41,1.4,51600.0,687,26.57,10300.63,23,10,0,1,23200.0,13.2,True,False,False,False,False,True,False,True,False,False,False,False,False,True,False,0.4496036898509719,0.1822684194040175,0.1996207437840352,0.5097732558139535,61.642399999999995,1
57,0.6,86300.0,627,4.84,14232.21,16,8,0,0,1000.0,16.14,False,False,False,True,False,False,True,True,False,False,False,False,False,False,True,0.011587351247378362,0.003391302196753519,0.1649136162964508,0.12439108280254776,0.484,0
50,2.4,74500.0,661,23.64,14798.74,17,12,0,1,11800.0,17.55,True,False,False,False,True,False,False,False,True,False,False,False,False,False,True,0.1583871357431444,0.04779278273179847,0.1986381390853814,0.6267099697885197,27.8952,0
33,1.8,74000.0,723,10.66,4140.72,20,15,1,0,19200.0,12.39,False,False,False,True,False,False,True,False,True,False,False,False,False,True,False,0.2594559532979284,0.10397725912488875,0.05595491952811449,0.18242734806629834,20.4672,1
53,1.1,49300.0,651,40.4,36444.7325,16,11,0,0,1000.0,18.73,False,False,False,True,False,False,True,False,False,True,False,False,False,False,True,0.02028356422790613,0.006276495744685062,0.7392290724326078,1.1605705521472394,4.04,0
28,1.5,76200.0,756,18.51,10667.02,16,9,0,1,1000.0,13.72,False,False,True,False,True,False,False,True,False,False,False,False,False,False,True,0.013123187359745936,0.0036408980438211403,0.13998530203015708,0.33547846763540295,1.8510000000000002,0
56,1.5,61600.0,776,5.99,4518.72,6,2,0,3,1000.0,11.58,True,False,False,False,True,False,False,False,False,True,False,False,False,False,True,0.0162335027028782,0.004291266121293522,0.07335465333354979,0.08927181467181466,0.5990000000000001,0
57,6.8,81700.0,668,24.73,9394.97,21,12,0,0,26600.0,15.36,False,False,False,True,True,False,False,False,True,False,False,False,False,True,False,0.32557741031321524,0.1361064295237424,0.11499210535978752,0.5677919282511211,65.7818,1
26,3.7,142987.5,683,8.83,7163.49,13,8,1,0,2800.0,13.34,False,False,True,False,True,False,False,False,True,False,False,False,False,True,False,0.019581994356189483,0.007955462308046717,0.05009836455379279,0.1722108187134503,2.4724000000000004,0
22,3.0,25200.0,801,11.99,16518.11,24,17,0,5,11300.0,14.63,False,False,False,True,False,False,True,False,True,False,False,False,False,False,True,0.44839490496408874,0.1269093500018695,0.6554545454545455,0.2187203241895262,13.548699999999998,1
54,10.8,93700.0,715,23.9,36444.7325,20,10,0,3,13300.0,14.18,False,False,False,True,False,False,True,True,False,False,False,False,False,True,False,0.14194085441991014,0.05835659282604521,0.388947103019178,0.4733268156424581,31.787,1
48,13.1,30800.0,640,44.05500000000001,30240.35,13,9,0,3,13900.0,17.61,True,False,False,False,False,False,True,True,False,False,False,False,False,True,False,0.4512840492191812,0.19465261954012986,0.9817976689068536,1.2103097503900158,61.236450000000005,1
67,0.6,93700.0,704,9.92,36444.7325,14,5,0,2,13900.0,13.28,True,False,False,False,True,False,False,False,True,False,False,False,False,True,False,0.14834420123584593,0.06021291969930874,0.388947103019178,0.1868618439716312,13.788799999999998,0
29,15.7,27000.0,732,11.4,7985.92,18,11,0,3,11400.0,15.23,True,False,False,False,True,False,False,False,True,False,False,False,False,False,True,0.4222065849412985,0.1210943873815388,0.29576386059775567,0.23686493860845842,12.995999999999999,0
46,4.2,62500.0,720,24.64,24453.34,14,3,1,0,6000.0,13.85,True,False,False,False,True,False,False,False,True,False,False,False,False,False,True,0.09599846402457561,0.02671039492196162,0.39124718004511927,0.47332038834951456,14.783999999999999,0
37,4.2,85200.0,695,8.68,36444.7325,13,9,3,0,11100.0,11.94,True,False,False,False,False,False,True,True,False,False,False,False,False,True,False,0.1302801610309738,0.051874500085996596,0.42775005575051933,0.14890689655172412,9.6348,0
28,1.5,16100.0,733,28.91,2311.61,16,9,0,1,7200.0,12.57,True,False,False,False,False,False,True,False,False,False,False,False,True,True,False,0.4471771939631079,0.17957391912792436,0.14356934351903608,0.4950935967302453,20.8152,1
60,2.4,88500.0,735,21.38,3786.19,10,7,0,1,5100.0,13.25,False,False,False,True,False,False,True,False,True,False,False,False,False,True,False,0.057626467497542404,0.023380411835339503,0.04278132450480786,0.3848980978260869,10.9038,0
42,0.4,19800.0,696,23.08,17081.2,12,7,0,0,1000.0,16.67,False,True,False,False,False,True,False,False,True,False,False,False,False,True,False,0.05050249987374375,0.021495280590132254,0.8626433008433918,0.5519994261119082,2.308,1
56,3.0,44400.0,627,11.03,9488.35,20,12,0,3,7100.0,15.21,False,False,False,True,False,True,False,True,False,False,False,False,False,True,False,0.1599063084164771,0.06669943484022613,0.2136967635864057,0.2671437898089172,7.831299999999999,1
46,2.0,59800.0,646,28.09,1576.54,21,15,0,3,26900.0,16.1,False,False,False,True,True,False,False,False,False,False,False,False,True,True,False,0.44982525375829835,0.1900059086834426,0.026363104295914784,0.6989938176197836,75.5621,1
35,0.1,38600.0,653,15.04,23187.46,21,14,0,0,6800.0,14.64,True,False,False,False,True,False,False,False,False,False,False,False,True,False,True,0.17616123934613093,0.04987756659537107,0.6006958368954172,0.33667522935779814,10.2272,0
43,3.0,34700.0,697,25.3,9039.25,24,11,0,0,15600.0,14.74,False,False,False,True,True,False,False,False,True,False,False,False,False,True,False,0.4495547678741247,0.18626238668997677,0.26048961125039627,0.534272206303725,39.468,0
54,13.7,109800.0,777,12.76,4797.08,13,8,1,2,22800.0,12.67,False,False,False,True,True,False,False,False,False,True,False,False,False,True,False,0.20764838207302302,0.08355404766307428,0.043688855292756894,0.20780102827763494,29.092799999999997,0
44,0.6,43100.0,631,14.11,8455.25,27,15,0,0,19400.0,15.69,False,False,False,True,False,True,False,False,False,False,False,False,True,True,False,0.4501055659961486,0.18901865933965997,0.196172942623141,0.35029414556962024,27.373399999999997,1
24,1.7,116400.0,593,13.44,5368.04,23,14,0,0,1800.0,17.63,False,False,False,True,False,False,True,False,False,False,True,False,False,True,False,0.015463784675389386,0.006673611110726779,0.04611678593826513,0.3989010101010101,2.4192,0
49,3.2,58600.0,675,2.0,7508.7,21,9,0,2,26400.0,13.21,True,False,False,False,False,False,True,False,False,False,False,False,True,False,True,0.45050425760652546,0.12356301830007488,0.12813262572311052,0.03908284023668639,5.28,0
60,1.4,99400.0,674,9.25,7466.42,24,13,0,0,12600.0,13.91,False,False,False,True,False,False,True,False,False,False,True,False,False,False,True,0.12675928813593423,0.03531876047868562,0.07511413366062716,0.1906185185185185,11.655,0
56,2.3,36100.0,742,10.75,9317.27,16,9,1,1,16200.0,13.23,False,False,False,True,False,True,False,False,False,False,False,False,True,False,True,0.4487410321043738,0.12312028098491112,0.258088972604637,0.1914165545087483,17.415000000000003,1
54,2.8,28900.0,599,28.54,2443.56,16,8,0,1,9500.0,19.7,False,False,False,True,True,False,False,False,False,False,False,True,False,False,True,0.3287083491920695,0.10380827642819458,0.08454932355281825,0.9370633333333332,27.113,1
57,10.1,56100.0,625,7.35,843.18,9,4,1,2,25200.0,14.73,False,False,False,True,False,True,False,False,True,False,False,False,False,True,False,0.4491898540132974,0.1861073591865726,0.015029678615354449,0.17294808306709267,18.522,1
44,14.9,84400.0,562,20.57,18565.05,11,10,0,0,15200.0,19.93,True,False,False,False,True,False,False,False,False,False,True,False,False,True,False,0.1800926529306525,0.08022714447812504,0.21996244120330327,0.7281706927175844,31.2664,0
46,1.6,55000.0,646,34.26,7769.47,18,12,0,2,16800.0,16.93,False,False,False,True,False,False,True,False,True,False,False,False,False,True,False,0.3054489918365121,0.13052731249609809,0.1412605225359539,0.8964788253477589,57.556799999999996,0
28,8.8,105800.0,650,17.36,685.94,9,5,1,0,34300.0,16.65,True,False,False,False,True,False,False,False,True,False,False,False,False,True,False,0.32419353314240884,0.1380095500693057,0.006483303560457841,0.44399999999999995,59.5448,0
66,4.9,39900.0,667,28.19,1714.23,23,15,1,0,18000.0,15.98,True,False,False,False,False,True,False,False,True,False,False,False,False,False,True,0.4511165133705922,0.13154954042068825,0.04296208115084835,0.6743655688622755,50.742000000000004,1
54,0.6,81100.0,753,13.01,28151.15,19,7,0,0,8200.0,10.7,True,False,False,False,True,False,False,False,False,False,False,False,True,True,False,0.10110849434655553,0.03954443444447342,0.3471122427590289,0.18462466843501327,10.668199999999999,0
50,5.6,142500.0,647,10.41,20868.8,13,8,0,2,4100.0,15.25,True,False,False,False,True,False,False,False,False,False,False,False,True,True,False,0.028771727917698824,0.012009961837344712,0.1464466916021642,0.24498842592592593,4.2681,0
59,2.5,91000.0,727,13.25,7760.29,27,16,0,0,9400.0,12.84,True,False,False,False,False,True,False,False,False,False,False,False,True,False,True,0.10329556818056944,0.02809868099851756,0.08527697497829693,0.23369505494505494,12.455,0
42,4.1,64200.0,628,6.49,2869.1,17,8,0,0,19900.0,16.05,True,False,False,False,False,False,True,False,False,True,False,False,False,True,False,0.3099640192520366,0.13083840223467036,0.04468933505708634,0.1656033386327504,12.9151,1
29,0.2,54800.0,706,13.18,5349.53,14,9,0,0,3100.0,14.28,True,False,False,False,True,False,False,False,False,False,False,False,True,True,False,0.05656831079724822,0.023288196805096483,0.09761737924490428,0.266209900990099,4.0858,0
28,5.4,84300.0,634,34.07,16011.71,26,12,0,2,19100.0,19.07,False,False,False,True,True,False,False,False,False,False,False,False,True,False,True,0.2265690798448417,0.0706234680689053,0.18993499483991885,1.0231730708661417,65.0737,1
37,1.4,36300.0,688,34.79,6021.51,20,13,0,2,16300.0,12.87,False,False,False,True,False,False,True,False,False,False,False,False,True,True,False,0.44902344288036145,0.18116038700219383,0.16587724856064573,0.6498509433962263,56.707699999999996,1
33,3.5,53100.0,700,32.68,23349.16,17,8,0,0,3800.0,15.66,True,False,False,False,False,False,True,False,False,False,False,False,True,True,False,0.07156174083350596,0.03004060981947562,0.43971224647370105,0.7300553495007133,12.4184,0
43,1.2,42000.0,654,15.79,7300.79,12,6,0,2,18900.0,13.81,False,False,False,True,True,False,False,False,True,False,False,False,False,True,False,0.4499892859693817,0.18400870011058368,0.17382419466203186,0.3329158778625954,29.843099999999996,1
52,1.2,34500.0,709,8.05,19.48,20,12,0,1,1000.0,12.98,False,False,False,True,False,False,True,True,False,False,False,False,False,True,False,0.02898466711109823,0.011712211252945314,0.0005646213153241935,0.14716760563380285,0.8050000000000002,1
50,3.4,65800.0,675,6.5,365.53,15,7,0,0,27600.0,14.67,False,False,False,True,False,True,False,False,False,False,True,False,False,True,False,0.4194465129709275,0.17364168174298852,0.005555082749502287,0.1410576923076923,17.939999999999998,0
23,0.1,18000.0,575,6.05,1638.78,23,16,0,0,8100.0,16.36,False,False,False,True,False,False,True,True,False,False,False,False,False,True,False,0.44997500138881175,0.190682009638581,0.0910382756513527,0.17183680555555556,4.9005,1
64,7.1,56100.0,676,13.84,30684.6,14,8,0,2,1400.0,16.03,True,False,False,False,True,False,False,False,False,False,False,False,True,True,False,0.024954991889627635,0.010530492783772027,0.5469528172403344,0.3277033973412113,1.9376000000000002,0
48,4.2,78000.0,752,32.58,8774.46,22,10,0,0,11600.0,12.64,True,False,False,False,True,False,False,False,True,False,False,False,False,True,False,0.14871604210202433,0.05981256053621476,0.11249163472263175,0.5468940239043825,37.79279999999999,0
57,3.0,89200.0,657,9.2,17795.86,24,14,1,1,2600.0,15.11,False,False,False,True,False,True,False,True,False,False,False,False,False,True,False,0.029147655295344223,0.01214230899730507,0.19950292037084788,0.21126443768996955,2.392,1
34,6.0,48700.0,670,14.2,2480.06,13,5,0,5,8200.0,13.99,True,False,False,False,False,True,False,False,True,False,False,False,False,True,False,0.16837436602944497,0.06903023625170199,0.05092421100182748,0.29606259314456035,11.643999999999998,0
21,7.3,22600.0,597,10.61,2816.07,15,9,0,0,3400.0,14.76,False,False,True,False,False,False,True,False,False,False,False,False,True,True,False,0.1504358214238308,0.06233658799172999,0.12459935401088448,0.2618789297658863,3.6074,1
66,2.4,82100.0,654,23.6,1584.08,14,6,0,0,19300.0,15.12,False,False,False,True,False,False,True,False,False,False,True,False,False,True,False,0.235076308449349,0.09794069831678538,0.0192942838698676,0.544781679389313,45.548,1
45,3.2,61000.0,673,4.15,6719.97,16,7,1,0,4000.0,13.95,False,False,False,True,False,True,False,False,True,False,False,False,False,False,True,0.06557269552958148,0.01828545501759748,0.11016163669448042,0.0858939169139466,1.6600000000000001,1
40,0.7,26200.0,627,19.63,6836.46,19,11,0,0,7300.0,17.72,True,False,False,False,True,False,False,False,False,False,False,False,True,True,False,0.2786153200259532,0.12035170879112157,0.2609236288691271,0.5538910828025477,14.329899999999999,1
57,0.5,60500.0,589,5.58,18423.07,19,15,0,3,1000.0,16.58,True,False,False,False,True,False,False,True,False,False,False,False,False,True,False,0.01652865241896828,0.0070288308245545555,0.30450852052032196,0.15680745762711862,0.558,1
55,1.4,89700.0,758,13.81,7231.88,17,9,3,0,6200.0,10.79,False,False,False,True,True,False,False,False,False,False,False,False,True,True,False,0.06911851595857349,0.027068488769829688,0.08062206664362716,0.19632397891963108,8.5622,0
66,1.0,86700.0,637,18.78,11884.29,19,9,0,1,2700.0,17.87,False,False,False,True,False,False,True,False,False,False,False,True,False,True,False,0.03114150932515196,0.013484013200227568,0.13707212142881858,0.5260166144200628,5.070600000000001,0
23,8.0,142987.5,581,8.43,4625.19,18,8,0,3,32700.0,18.73,False,False,False,True,True,False,False,False,True,False,False,False,False,False,True,0.22868971980264147,0.07077552335423863,0.032346587312965726,0.27129536082474226,27.5661,0
30,1.1,28300.0,658,10.74,5753.56,22,10,0,2,1800.0,14.48,False,False,False,True,False,False,True,True,False,False,False,False,False,False,True,0.06360199286244303,0.017942410741899974,0.20329882336313207,0.23598664643399092,1.9332,1
22,2.3,45400.0,603,22.26,10709.41,12,9,0,0,7700.0,17.65,False,False,True,False,True,False,False,False,True,False,False,False,False,True,False,0.16959978855091298,0.07320268690606617,0.23588489240325103,0.6504784768211921,17.1402,0
32,9.1,34900.0,667,26.62,20524.64,19,9,0,0,9400.0,17.64,False,False,False,True,False,True,False,False,True,False,False,False,False,False,True,0.2693332569267356,0.08141423700641565,0.5880817168562505,0.7029592814371258,25.0228,1
55,12.0,38400.0,669,38.82,2793.03,16,11,0,0,5600.0,16.37,True,False,False,False,False,False,True,True,False,False,False,False,False,False,True,0.14582953568917476,0.04288799999743802,0.0727332621546314,0.9484826865671643,21.739200000000004,1
53,1.1,44400.0,659,10.25,49.09,20,11,0,0,20000.0,15.26,True,False,False,False,False,True,False,True,False,False,False,False,False,False,True,0.4504403053985271,0.1292981629952097,0.0011056057296006847,0.23699242424242423,20.5,1
64,1.2,81400.0,642,5.7,36444.7325,9,5,0,0,10200.0,16.31,False,True,False,False,False,True,False,False,False,False,False,True,False,True,False,0.12530558592646282,0.053087718476799474,0.44771848625938254,0.14458320373250388,5.814,0
50,3.0,26700.0,645,17.43,1552.48,16,10,0,0,12000.0,16.2,False,False,False,True,False,False,True,False,True,False,False,False,False,False,True,0.44942136998614285,0.1316682013903055,0.058143140706340586,0.4370990712074303,20.916,1
43,3.8,96700.0,650,15.06,35036.9,25,13,0,2,4900.0,15.71,False,False,False,True,False,False,True,False,True,False,False,False,False,True,False,0.05067165799733198,0.0212882041723556,0.362322002874841,0.3634294930875577,7.3794,0
22,7.7,55300.0,761,26.2,10446.86,20,11,0,0,7700.0,12.71,False,False,False,True,False,False,True,False,False,False,False,False,True,False,True,0.1392379884631381,0.03776200989130819,0.1889090613189635,0.43701049868766406,20.174,1
65,3.8,34600.0,683,8.34,36444.7325,17,9,0,1,2400.0,13.27,False,False,False,True,False,False,True,False,False,False,False,False,True,True,False,0.06936215716308777,0.028144442944459152,1.053285526429872,0.16180087719298245,2.0016,1
33,1.2,46300.0,648,30.6,2411.32,24,13,0,2,12100.0,16.74,False,False,False,True,False,True,False,False,False,False,True,False,False,True,False,0.2613334485216302,0.11137517225400075,0.05207922075117168,0.7892819722650232,37.026,1
56,3.8,50000.0,683,35.18,29767.6,25,13,0,2,9100.0,19.03,True,False,False,False,False,True,False,False,False,False,False,False,True,False,True,0.18199636007279854,0.056676619057663455,0.595340093198136,0.9787652046783626,32.0138,0
24,9.5,43300.0,683,14.87,3843.43,16,11,0,1,13900.0,12.66,True,False,False,False,True,False,False,True,False,False,False,False,False,True,False,0.32100875268469553,0.12912989661357602,0.08876076764970786,0.27522543859649123,20.669299999999996,0
67,1.8,90300.0,692,14.9,3134.07,9,7,1,1,7200.0,11.83,True,False,False,False,True,False,False,False,False,False,False,False,True,True,False,0.07973333628641986,0.03169795980887656,0.03470692461877499,0.25435353535353533,10.728,0
44,0.4,62900.0,743,15.24,23544.01,14,6,2,4,6800.0,11.31,False,False,False,True,True,False,False,False,False,False,False,False,True,True,False,0.10810638940557384,0.04265441414705069,0.3743026342983418,0.2316725806451613,10.3632,0
61,5.1,37600.0,694,25.18,6741.9,18,8,1,2,16600.0,15.52,True,False,False,False,False,True,False,True,False,False,False,False,False,False,True,0.44147762027605647,0.12744602749810116,0.17930108241802079,0.5622929496402878,41.7988,1
60,3.0,45800.0,582,28.74,20393.49,16,13,0,0,12300.0,20.02,True,False,False,False,True,False,False,True,False,False,False,False,False,False,True,0.26855308836051617,0.08539552859353174,0.4452629855243336,0.986920754716981,35.3502,1
46,2.0,88200.0,615,15.22,7755.01,12,8,0,3,10900.0,18.41,False,False,False,True,False,True,False,False,False,False,False,True,False,False,True,0.12358136529064297,0.0379846585037785,0.0879242865727146,0.45487045454545455,16.5898,1
45,1.6,39200.0,730,23.8,21438.69,13,11,1,1,17600.0,10.98,False,False,False,True,True,False,False,False,False,True,False,False,False,True,False,0.4489681385678937,0.17628320143427417,0.5468914058314839,0.35748837209302325,41.888,1
55,2.3,21500.0,711,16.58,6892.69,21,12,0,2,9700.0,14.08,False,False,False,True,False,True,False,False,True,False,False,False,False,True,False,0.4511418073577973,0.1851431923365548,0.32057532207804285,0.3278741573033708,16.0826,0
52,4.5,86600.0,658,5.73,2185.18,17,10,0,2,1000.0,14.82,False,False,False,True,True,False,False,False,True,False,False,False,False,True,False,0.011547210771238207,0.004790640556026611,0.025232734033094305,0.12885978755690441,0.5730000000000001,0
30,9.6,44400.0,727,20.16,9154.45,25,10,0,0,20000.0,13.41,False,False,False,True,True,False,False,False,True,False,False,False,False,False,True,0.4504403053985271,0.12409352210553612,0.20617666268777732,0.37135384615384615,40.32,0
44,0.4,25200.0,699,13.8,14184.59,26,16,0,0,11300.0,14.69,True,False,False,False,True,False,False,True,False,False,False,False,False,True,False,0.44839490496408874,0.18562825040116449,0.5628582199119082,0.28960285714285716,15.594,0
41,7.9,20700.0,671,6.68,3913.16,20,12,1,0,6100.0,14.16,False,False,False,True,True,False,False,False,False,False,False,True,False,True,False,0.2946717549876818,0.12106482594420853,0.18903241389304865,0.14075714285714286,4.0748,0
38,3.4,70200.0,674,16.32,2720.86,17,8,0,0,11500.0,15.44,False,False,False,True,False,False,True,False,True,False,False,False,False,True,False,0.16381533026595063,0.06855813329918699,0.03875813734847082,0.37330488888888885,18.767999999999997,0
26,16.0,32000.0,643,5.89,2534.48,15,10,0,1,3100.0,13.96,False,False,True,False,False,True,False,False,False,True,False,False,False,True,False,0.09687197275085153,0.03969402845373752,0.07920002499921877,0.1276776397515528,1.8258999999999999,0
65,1.5,26800.0,756,5.99,11937.1,16,11,1,1,12100.0,11.84,False,False,False,True,False,False,True,False,True,False,False,False,False,True,False,0.45147569120555203,0.17945805055124142,0.4453975597925451,0.09368771466314399,7.2479000000000005,0
57,0.6,54000.0,739,14.13,7979.75,16,7,0,0,11900.0,12.1,False,False,True,False,False,True,False,False,True,False,False,False,False,True,False,0.22036628951315718,0.0879402122083893,0.14777041165904334,0.23104459459459462,16.8147,0
28,5.5,106400.0,600,22.94,7045.32,15,10,0,0,1500.0,16.42,False,False,False,True,False,False,True,False,False,False,False,True,False,True,False,0.014097611864550144,0.005982082041766484,0.06621479121436828,0.626746755407654,3.4410000000000003,1
48,4.4,79200.0,668,23.62,2894.3,12,8,2,5,4800.0,17.33,False,False,False,True,False,False,True,False,True,False,False,False,False,False,True,0.0606052953876845,0.01820114017232485,0.03654373050845318,0.6118603886397608,11.3376,1
37,1.8,38000.0,656,18.93,20494.72,15,9,0,2,16300.0,15.74,False,False,False,True,False,False,True,False,False,False,False,False,True,False,True,0.4289360806294571,0.12442472960956959,0.5393205441962053,0.4535132420091324,30.8559,0
25,1.0,42300.0,624,8.53,7054.36,18,11,2,0,19000.0,17.59,True,False,False,False,False,False,True,False,False,False,True,False,False,True,False,0.44916195834613837,0.19370220945693276,0.1667657974988771,0.24006832,16.206999999999997,0
38,13.9,82000.0,690,12.6,977.28,19,6,0,1,10400.0,13.19,True,False,False,False,False,True,False,False,True,False,False,False,False,True,False,0.12682772161315106,0.05141242106480779,0.011917903440201948,0.2405123010130246,13.104,1
44,12.4,21600.0,637,11.7,21838.24,16,6,1,2,9700.0,16.56,True,False,False,False,False,True,False,False,False,False,False,False,True,True,False,0.4490532845701588,0.19084457237364466,1.0109828248692192,0.3036865203761755,11.348999999999998,1
51,0.1,43700.0,680,9.61,1519.84,14,11,1,0,12200.0,13.31,True,False,False,False,False,False,True,False,True,False,False,False,False,True,False,0.27916981304775634,0.11334834177179214,0.03477815152971328,0.18782540381791482,11.7242,1
61,0.3,21200.0,627,24.71,15710.17,17,11,0,1,9500.0,15.9,True,False,False,False,False,True,False,False,False,False,False,False,True,True,False,0.44809207112872035,0.18867979613751645,0.7410108013772936,0.6256194267515923,23.4745,1
42,3.0,33500.0,638,29.2,10364.83,26,16,1,1,4200.0,17.12,False,False,False,True,False,False,True,False,True,False,False,False,False,False,True,0.125369391958449,0.037473862977083966,0.3093886749649264,0.7823223787167449,12.264,1
61,3.0,43000.0,704,36.37,892.45,24,12,0,1,1000.0,16.16,True,False,False,False,False,True,False,False,True,False,False,False,False,True,False,0.02325527313318295,0.009830580242590805,0.020754168507709125,0.8336726241134752,3.637,1
21,3.0,58700.0,603,30.28,15242.48,14,7,0,2,6500.0,19.14,True,False,False,False,True,False,False,False,False,False,False,True,False,True,False,0.1107306519480077,0.04879230294022202,0.25966303810837976,0.9595350993377484,19.682000000000002,1
46,2.5,59100.0,643,44.05500000000001,8215.67,21,14,0,0,3400.0,20.585,False,False,False,True,False,True,False,False,False,False,False,True,False,False,True,0.05752863741730258,0.01851187202132227,0.13901067663829716,1.4081866071428575,14.978700000000003,1
58,8.1,58700.0,656,15.54,14783.61,23,12,0,0,10100.0,13.82,False,False,False,True,False,True,False,False,True,False,False,False,False,False,True,0.1720583976422889,0.04784055300040914,0.25184596514539787,0.3268840182648402,15.6954,0
22,0.7,68800.0,721,15.48,1775.96,16,9,0,2,15000.0,12.05,False,False,False,True,False,False,True,False,False,False,True,False,False,False,True,0.21802008691734132,0.05825364854353146,0.025812996904114767,0.25835734072022165,23.22,1
39,6.8,125900.0,629,13.24,5625.14,26,14,0,1,15400.0,16.02,True,False,False,False,True,False,False,False,False,False,False,False,True,True,False,0.12231832948110023,0.05161417955331953,0.044679073240085465,0.33667428571428576,20.3896,1
61,2.4,36700.0,579,28.05,25726.72,21,12,0,0,16500.0,18.09,True,False,False,False,False,True,False,False,True,False,False,False,False,True,False,0.44957903054412685,0.19522545424036886,0.7009814446472848,0.8748698275862069,46.2825,1
53,4.1,15000.0,700,20.75,11748.95,17,11,0,0,1900.0,11.6,True,False,False,False,False,True,False,False,True,False,False,False,False,True,False,0.12665822278514766,0.05015572619509568,0.7832111192587161,0.3433666191155492,3.9425,1
59,3.3,63500.0,696,38.62,4193.59,16,8,0,0,28600.0,16.8,False,False,False,True,True,False,False,False,True,False,False,False,False,False,True,0.45038660808491204,0.13371552003564716,0.06603974740555267,0.9308694404591105,110.45319999999998,1
43,0.8,20200.0,668,18.05,3671.79,20,12,0,3,9100.0,14.49,False,False,False,True,False,True,False,False,True,False,False,False,False,True,False,0.4504727488738181,0.18594093562965675,0.18176278402059304,0.3909484304932736,16.4255,1
67,0.9,19300.0,641,30.78,12901.78,24,13,0,1,7900.0,17.12,False,True,False,False,False,True,False,False,False,False,False,False,True,True,False,0.40930521734625147,0.1753077327525616,0.668451375576395,0.8208000000000001,24.316200000000002,1
49,3.0,108600.0,695,37.29,4117.26,20,11,0,0,34300.0,16.15,False,False,True,False,False,True,False,False,False,False,True,False,False,False,True,0.3158350291433781,0.0924589028472478,0.037911805600316754,0.8652780172413792,127.9047,1
45,10.4,51700.0,685,25.71,1524.02,22,12,0,0,9500.0,14.46,True,False,False,False,False,False,True,False,False,False,True,False,False,True,False,0.18374886365834317,0.07583864258509566,0.029477572967640857,0.5419338192419826,24.4245,0
34,8.9,41300.0,563,3.45,9832.91,15,8,0,0,9900.0,18.25,False,False,False,True,False,True,False,False,True,False,False,False,False,False,True,0.2397036391370669,0.07341496868895096,0.23807922326335923,0.11163563829787235,3.4155,0
52,3.0,25900.0,667,6.73,8747.03,13,6,2,0,11700.0,13.67,False,False,True,False,False,True,False,False,True,False,False,False,False,True,False,0.4517200108103934,0.18431873060720866,0.3377101270221227,0.13772320359281437,7.8741,1
67,3.0,38400.0,693,15.12,3514.9,18,7,0,0,7300.0,13.74,False,False,True,False,False,True,False,False,False,False,False,True,False,True,False,0.19009921616624567,0.07765568531510629,0.0915314705346215,0.29934985590778096,11.0376,0
48,2.6,43700.0,760,18.38,24273.14,23,15,1,1,14900.0,10.92,False,False,False,True,True,False,False,False,True,False,False,False,False,True,False,0.3409532962632434,0.13375986213083027,0.5554367176952473,0.2637445466491459,27.3862,1
23,0.7,67100.0,664,14.72,78.89,16,10,0,5,30200.0,12.93,False,False,True,False,False,False,True,False,True,False,False,False,False,False,True,0.4500678082293856,0.12267155442957373,0.0011756903771925904,0.28620992481203006,44.4544,1
64,3.0,34300.0,660,36.0,11479.32,17,11,0,1,7300.0,17.78,True,False,False,False,False,False,True,False,False,False,False,False,True,True,False,0.21282178362146875,0.09201709189122023,0.3346642955015889,0.9683509833585477,26.28,1
50,3.6,91600.0,634,34.35,6831.92,22,10,3,0,34300.0,18.07,False,False,False,True,False,False,True,False,False,False,False,False,True,True,False,0.3744500605888582,0.16258550743330746,0.0745834652460126,0.9774874015748032,117.82050000000001,1
51,0.3,62100.0,776,9.99,36444.7325,16,11,0,0,2500.0,10.53,False,False,True,False,False,True,False,False,False,False,False,False,True,True,False,0.040257000692420414,0.015705463315903213,0.5868622485950307,0.13538571428571428,2.4975,0
41,0.3,103900.0,654,4.11,1935.04,18,9,0,1,16300.0,14.5,False,True,False,False,True,False,False,False,False,False,False,False,True,False,True,0.15688010702495644,0.04428874219932122,0.018623882349544277,0.09098473282442748,6.6993,0
22,1.0,36100.0,697,30.0,16638.9,22,12,0,5,16200.0,13.48,True,False,False,False,True,False,False,False,False,False,False,False,True,True,False,0.4487410321043738,0.18263013602956502,0.4608985900667572,0.5793696275071634,48.6,1
40,10.7,43700.0,660,15.75,35491.84,29,13,0,1,19700.0,15.91,False,True,False,False,False,False,True,False,False,True,False,False,False,True,False,0.4507905997574426,0.18989344853476342,0.8121516670099082,0.3790960665658094,31.0275,0
39,0.6,19500.0,668,7.74,1234.41,21,13,0,3,8800.0,11.99,True,False,False,False,False,True,False,False,False,False,False,False,True,True,False,0.45125890979949745,0.1797317943421651,0.06329983077790884,0.1387183856502242,6.8112,0
21,1.2,38300.0,736,6.06,3400.21,24,11,0,1,1400.0,10.71,True,False,False,False,False,False,True,False,True,False,False,False,False,False,True,0.036552570428970525,0.009470862824348754,0.08877601107020705,0.08806322930800543,0.8484,0
33,15.8,142987.5,654,28.82,12497.53,30,18,3,0,24400.0,17.62,False,False,False,True,True,False,False,False,True,False,False,False,False,True,False,0.1706430936753655,0.07363445054795244,0.08740234354511027,0.77528,70.3208,1
66,7.3,40300.0,741,14.16,5230.06,15,10,0,1,18100.0,11.47,False,False,True,False,False,True,False,True,False,False,False,False,False,True,False,0.4491203692216074,0.17759699414742555,0.12977494354978786,0.21888840970350404,25.6296,0
50,4.0,33800.0,634,37.69,21148.98,21,11,0,0,15200.0,16.0,False,False,False,True,True,False,False,False,False,False,True,False,False,True,False,0.44969083754918493,0.1896558270977826,0.625690955888879,0.9496692913385826,57.288799999999995,0
64,1.1,53700.0,654,13.29,36337.95,14,7,0,0,3700.0,13.94,True,False,False,False,False,True,False,False,False,False,False,False,True,True,False,0.06890002048378988,0.02822820231104957,0.6766717565780898,0.2828436641221374,4.9173,0
57,2.4,18300.0,702,2.68,6712.42,20,11,0,0,8200.0,12.22,False,False,False,True,False,False,True,False,False,False,False,False,True,True,False,0.4480629473799246,0.17904309948733527,0.36677886454292113,0.04658549075391181,2.1976,1
35,1.0,15000.0,640,30.01,3445.54,16,9,0,0,1000.0,15.57,False,False,False,True,False,False,True,False,False,False,False,False,True,True,False,0.06666222251849876,0.027933741150607764,0.22968735417638825,0.7289480499219969,3.0010000000000003,1
52,1.4,47900.0,610,7.03,29523.43,18,7,0,1,3100.0,16.33,True,False,False,False,False,False,True,True,False,False,False,False,False,True,False,0.06471681175758334,0.027423409489963232,0.616342665080061,0.18788854337152208,2.1793,0
45,3.7,44500.0,713,19.22,1560.34,20,8,0,0,10500.0,13.09,False,False,False,True,False,False,True,False,False,False,False,False,True,True,False,0.23594975393811374,0.09550013620148397,0.03506303229140918,0.3523666666666666,20.181,1
41,3.0,45900.0,727,15.06,1718.46,25,14,0,0,19900.0,14.46,False,False,False,True,False,False,True,False,True,False,False,False,False,False,True,0.43354175290298685,0.12226807060973809,0.03743840003485763,0.2991313186813187,29.9694,0
41,2.2,140400.0,600,17.14,29061.67,16,10,0,3,11600.0,16.79,True,False,False,False,False,True,False,False,True,False,False,False,False,True,False,0.08262049415602453,0.035241457793960096,0.20699047727580286,0.47883627287853575,19.8824,0
55,20.4,79800.0,794,25.15,14795.3,26,15,0,1,13600.0,12.88,True,False,False,False,False,True,False,False,False,False,False,False,True,True,False,0.17042392952469268,0.06877944211637332,0.18540243856593275,0.4074616352201258,34.204,0
34,5.0,35400.0,641,26.79,22648.92,17,9,0,1,15900.0,16.64,False,False,True,False,False,True,False,False,False,False,False,True,False,True,False,0.4491398548063614,0.19113308042708524,0.6397819270642072,0.6943700934579439,42.5961,1
46,1.2,28500.0,669,20.72,18067.91,21,11,0,0,5000.0,14.16,False,False,False,True,False,True,False,False,True,False,False,False,False,True,False,0.17543244096698363,0.07208626206729314,0.6339395108943546,0.4379032835820895,10.36,1
53,4.1,15600.0,620,18.83,5314.1,20,8,0,0,1000.0,16.81,True,False,False,False,False,True,False,False,False,True,False,False,False,True,False,0.06409845522722903,0.027331467564292465,0.3406256009230178,0.5097138486312399,1.883,1
26,7.0,45700.0,698,11.63,19513.38,19,13,0,0,2100.0,13.35,True,False,False,False,False,False,True,False,False,False,True,False,False,True,False,0.04595085446707949,0.018667791363167343,0.4269792783527713,0.22211802575107298,2.4423,0
21,15.4,55100.0,648,6.8,8514.11,22,12,0,1,7900.0,16.95,True,False,False,False,False,True,False,False,False,False,True,False,False,True,False,0.14337307852852035,0.06128465702725628,0.15451824830765323,0.17759630200308166,5.372,0
34,1.7,71300.0,567,12.37,4355.16,14,8,0,2,17600.0,19.76,False,False,False,True,True,False,False,False,True,False,False,False,False,False,True,0.24684085777198075,0.07807019938653173,0.06108133125762612,0.43033661971830983,21.7712,1
57,4.9,83900.0,658,11.0,24182.44,17,11,1,0,3400.0,14.48,True,False,False,False,False,True,False,True,False,False,False,False,False,False,True,0.040523950846831386,0.011434934560703046,0.28822588526954385,0.24169954476479513,3.74,0
48,2.1,80500.0,691,6.88,10924.77,25,12,0,0,9800.0,14.51,False,False,False,True,False,True,False,False,True,False,False,False,False,True,False,0.12173761816623396,0.05028418751670217,0.13570974273611508,0.14426127167630057,6.7424,0
64,7.4,40400.0,716,25.25,21370.68,24,11,0,0,10300.0,13.0,False,False,False,True,True,False,False,False,False,False,False,False,True,False,True,0.2549441845498874,0.06959021647694012,0.528964134551125,0.45781032078103207,26.0075,0
51,0.7,85500.0,661,16.9,2782.62,16,11,0,0,4300.0,16.39,True,False,False,False,False,True,False,False,True,False,False,False,False,True,False,0.05029180945252102,0.021330968951866952,0.03254488251599397,0.4184154078549849,7.2669999999999995,1
59,1.5,38000.0,672,38.47,20271.86,16,10,1,3,17100.0,14.42,True,False,False,False,True,False,False,True,False,False,False,False,False,False,True,0.449988158206363,0.1267874252215874,0.5334559616852188,0.8242754829123328,65.7837,1
44,3.9,26700.0,684,35.88,1095.81,21,10,0,1,7800.0,17.51,True,False,False,False,False,True,False,False,False,True,False,False,False,True,False,0.29212389049099285,0.12581989652666778,0.0410400359537096,0.9171661313868614,27.986400000000003,1
59,1.4,27400.0,635,8.08,33876.25,17,7,0,2,11900.0,15.32,False,False,False,True,False,False,True,False,True,False,False,False,False,False,True,0.43429071931681323,0.12480794939829232,1.2363143680887558,0.19463144654088052,9.6152,1
45,5.4,32200.0,794,20.41,3896.05,20,11,0,1,1100.0,12.36,False,False,True,False,True,False,False,False,True,False,False,False,False,False,True,0.03416042980031676,0.009190168021401619,0.12099158411229466,0.3173177358490566,2.2451,0
59,3.1,93300.0,636,23.02,9652.96,21,9,0,3,3500.0,16.94,True,False,False,False,True,False,False,False,False,False,True,False,False,False,True,0.037512995573466525,0.011171699989192764,0.10346041307167125,0.6121802197802197,8.056999999999999,1
34,0.3,119100.0,610,16.25,8942.83,15,6,0,0,4300.0,18.29,False,False,False,True,False,False,True,False,True,False,False,False,False,True,False,0.036103811051124673,0.015724518675725635,0.07508610339123936,0.4864361702127659,6.9875,1
37,1.7,49300.0,692,25.72,5338.48,21,9,1,1,9200.0,14.97,True,False,False,False,False,True,False,False,False,False,False,False,True,False,True,0.18660879089673638,0.0532257887005584,0.10828340195939229,0.5555965367965368,23.6624,1
25,5.0,42600.0,643,9.06,1377.13,20,11,0,5,7800.0,12.2,True,False,False,False,True,False,False,False,False,False,False,True,False,True,False,0.183094293561184,0.07316737112839129,0.03232623647332222,0.1716335403726708,7.066800000000001,1
38,5.6,78500.0,693,18.32,5084.36,14,9,0,0,1000.0,15.87,False,False,False,True,False,True,False,True,False,False,False,False,False,False,True,0.012738691226863353,0.003706292735140347,0.06476809212621495,0.4189314121037464,1.832,0
38,1.4,92000.0,619,14.43,2188.61,14,8,1,0,6600.0,18.51,True,False,False,False,False,True,False,False,False,False,False,False,True,True,False,0.07173835067010141,0.031339097726515115,0.02378898055455919,0.4308053225806452,9.5238,0
23,2.8,142987.5,640,10.81,23739.08,17,11,0,1,17500.0,11.59,True,False,False,False,False,False,True,False,True,False,False,False,False,True,False,0.12238746472618427,0.048489354947541835,0.16602090377897524,0.19545694227769111,18.9175,0
34,3.6,34800.0,635,29.05,9445.58,12,7,0,4,4300.0,17.57,True,False,False,False,False,True,False,False,False,False,True,False,False,True,False,0.1235596678256372,0.05326760613265351,0.2714169133070889,0.8025290880503144,12.4915,1
54,4.8,40200.0,667,12.67,21682.45,14,8,1,0,18100.0,16.37,True,False,False,False,False,False,True,False,False,False,False,False,True,False,True,0.45023755627969453,0.13241512302572597,0.5393510111688764,0.31049086826347305,22.9327,1
33,0.4,98300.0,684,11.74,2738.18,14,11,0,1,15500.0,11.76,True,False,False,False,False,False,True,False,True,False,False,False,False,True,False,0.1576789656259855,0.06262269488706385,0.027855057425661994,0.2015509489051095,18.197,0
59,0.7,95900.0,683,28.95,31087.96,21,11,2,0,1100.0,15.43,False,False,False,True,False,True,False,False,True,False,False,False,False,True,False,0.011470161937831722,0.004799887221597394,0.3241672141062137,0.6530679824561403,3.1845,0
23,4.9,33600.0,666,4.59,29295.66,24,9,0,3,15100.0,14.51,False,False,False,True,False,True,False,False,True,False,False,False,False,True,False,0.4493913871610964,0.18558743485291132,0.8718686943840958,0.09985142428785607,6.930899999999999,0
29,2.1,19700.0,623,6.44,15445.81,22,12,0,2,5500.0,17.55,True,False,False,False,False,True,False,False,True,False,False,False,False,True,False,0.27917364600781686,0.12029147639919337,0.7840114714989087,0.181125,3.5420000000000007,1
22,6.4,93800.0,726,21.15,8505.78,24,14,0,0,12500.0,13.16,True,False,False,False,False,True,False,False,True,False,False,False,False,True,False,0.13326083943667977,0.05399800072244568,0.09067899062909777,0.3828528198074278,26.4375,0
27,1.3,26500.0,621,10.0,929.68,17,8,0,0,5100.0,17.09,False,False,False,True,True,False,False,False,False,False,False,False,True,True,False,0.19244556809177013,0.08240378519515641,0.03508094034187389,0.2747588424437299,5.1,1
59,3.7,59700.0,745,12.11,13530.72,21,8,0,0,13700.0,13.81,True,False,False,False,False,False,True,False,True,False,False,False,False,True,False,0.22947689318436876,0.09384450749304603,0.22664142979179577,0.22418109919571047,16.590700000000002,0
47,10.1,18900.0,683,19.48,11573.57,17,8,0,3,8500.0,12.83,False,False,False,True,False,False,True,True,False,False,False,False,False,True,False,0.44971165546796465,0.1812836838252807,0.6123258028675731,0.3653923976608187,16.558,1
48,2.3,48300.0,771,44.05500000000001,15405.81,17,10,0,3,21700.0,11.69,False,False,False,True,False,True,False,False,True,False,False,False,False,True,False,0.449266060744084,0.17822697441844312,0.31895426595722653,0.6671022668393783,95.59935000000002,1
41,0.6,55400.0,679,24.62,8132.57,18,8,0,2,14000.0,15.7,True,False,False,False,False,True,False,False,False,True,False,False,False,True,False,0.2527030198010866,0.10614179484285388,0.14679464269598022,0.5684323529411764,34.467999999999996,1
53,1.5,64400.0,707,37.66,6619.61,19,7,0,1,1500.0,15.53,False,False,False,True,True,False,False,False,True,False,False,False,False,True,False,0.023291563795593235,0.009759948636563955,0.10278737907796462,0.8260731638418078,5.648999999999999,1
56,1.1,60600.0,697,21.23,7349.74,13,8,1,2,2800.0,14.37,True,False,False,False,True,False,False,False,False,False,False,True,False,True,False,0.04620385802214485,0.019045992722446888,0.12128083694988531,0.4370703438395415,5.944400000000001,0
23,12.4,90700.0,687,10.41,7993.29,21,13,0,0,3100.0,16.09,True,False,False,False,True,False,False,False,True,False,False,False,False,False,True,0.03417823397757467,0.009992190541118981,0.08812791479697027,0.24345479651162794,3.2271,0
59,6.7,45800.0,620,31.07,639.85,17,9,0,1,3800.0,17.84,True,False,False,False,False,False,True,False,False,False,False,False,True,True,False,0.08296762079430581,0.03590525439212768,0.013970218990851728,0.8925745571658615,11.8066,0
42,2.0,80900.0,623,3.16,14819.85,18,11,0,0,1000.0,16.34,False,False,True,False,False,True,False,False,True,False,False,False,False,True,False,0.012360786640461799,0.0052390432520811065,0.1831850038936478,0.0827474358974359,0.31600000000000006,0
51,3.0,23000.0,728,21.4,1455.03,26,15,0,0,10400.0,14.27,True,False,False,False,True,False,False,False,False,False,False,False,True,True,False,0.4521542541628625,0.18606606614690022,0.06325942350332595,0.4188998628257887,22.256,1
65,7.8,30800.0,658,13.9,4018.86,16,8,0,0,13900.0,14.23,True,False,False,False,False,True,False,False,True,False,False,False,False,True,False,0.4512840492191812,0.185625062252621,0.1304782312262589,0.30014719271623674,19.320999999999998,1
53,6.7,57200.0,678,16.05,12036.3,15,9,1,0,11000.0,15.86,True,False,False,False,False,False,True,False,True,False,False,False,False,False,True,0.19230433034387512,0.05593534203257483,0.2104211464834531,0.3748939617083947,17.655,0
25,0.2,41300.0,620,17.56,13668.88,17,10,0,1,10300.0,16.26,True,False,False,False,False,False,True,False,False,False,False,False,True,True,False,0.24938863465775646,0.10556960593375402,0.33095760393210816,0.45978357487922705,18.0868,1
24,3.3,45300.0,619,10.67,2705.69,17,9,1,2,5800.0,14.77,True,False,False,False,False,True,False,False,False,False,False,False,True,True,False,0.12803249376393458,0.05307369030854164,0.05972693759519657,0.25418693548387095,6.188599999999999,0
61,0.6,18100.0,633,38.44,36444.7325,15,7,0,2,8100.0,19.57,False,False,False,True,True,False,False,False,False,False,True,False,False,True,False,0.4474890890006077,0.19826851692737354,2.0134098944809677,1.1865470031545742,31.136400000000002,1
49,5.2,57900.0,663,13.73,7806.68,18,13,1,2,5100.0,16.54,False,False,True,False,False,False,True,True,False,False,False,False,False,False,True,0.08808138028704167,0.026002927030953162,0.13482806859985147,0.3420093373493976,7.0023,0
62,1.7,35200.0,610,31.91,22668.7,13,8,0,0,15800.0,17.3,True,False,False,False,False,True,False,False,False,False,False,False,True,True,False,0.4488508849180421,0.19277801020787183,0.6439788642368115,0.9035073649754501,50.4178,1
46,0.9,39500.0,705,3.01,10043.89,19,9,0,2,1400.0,12.37,False,False,True,False,False,True,False,False,False,False,False,False,True,False,True,0.0354421407052986,0.009537746861655424,0.2542692590061011,0.05273895184135976,0.4214,0
54,8.8,131000.0,752,16.2,765.91,19,10,0,0,7800.0,14.34,False,False,False,True,False,True,False,False,True,False,False,False,False,True,False,0.05954153021732658,0.024535954815003876,0.005846596590865718,0.30850996015936255,12.636,0
60,0.2,75000.0,631,11.17,36444.7325,23,13,0,1,6300.0,16.45,False,False,False,True,False,True,False,False,True,False,False,False,False,True,False,0.08399888001493314,0.035656934481559356,0.48592328768949744,0.2907381329113924,7.0371,0
45,3.3,37900.0,690,44.05500000000001,2663.8,15,7,0,0,17100.0,13.73,False,True,False,False,False,True,False,False,False,False,True,False,False,True,False,0.45117543072742144,0.18427860578629568,0.07028310598664943,0.8753620115774241,75.33405,1
35,3.0,78400.0,647,27.38,22746.89,19,12,0,1,25200.0,16.73,True,False,False,False,False,False,True,False,True,False,False,False,False,True,False,0.3214244716266374,0.1369789536388687,0.29013520235711276,0.7068941358024692,68.99759999999999,1
26,3.2,46600.0,652,18.46,2612.7,21,14,0,1,6200.0,18.1,True,False,False,False,False,True,False,False,True,False,False,False,False,False,True,0.13304435527134612,0.04061873934768646,0.05606532048668483,0.5116784073506891,11.4452,0
24,0.4,62200.0,679,27.12,6005.13,19,15,0,1,1000.0,13.1,True,False,False,False,False,True,False,True,False,False,False,False,False,True,False,0.01607691194675327,0.006508481658937888,0.09654394623880645,0.5224588235294118,2.712,1
39,4.1,69000.0,675,21.65,23515.43,12,6,0,0,2700.0,14.4,False,False,False,True,True,False,False,True,False,False,False,False,False,True,False,0.03912986768307706,0.01613719604458454,0.34079839422617064,0.4611834319526627,5.8455,0
51,4.4,49700.0,726,18.83,24318.93,21,13,0,0,6200.0,15.69,False,False,True,False,True,False,False,False,False,False,False,True,False,False,True,0.12474598096617774,0.03614885078407798,0.4893046417577111,0.4063861072902338,11.674599999999998,0
28,1.5,23700.0,736,19.43,22127.86,16,11,0,0,9400.0,13.9,False,False,True,False,True,False,False,True,False,False,False,False,False,False,True,0.3966077380701236,0.11044257724357988,0.9336255854183368,0.3664545454545455,18.2642,1
25,0.6,38000.0,599,16.11,18996.16,12,8,0,0,1400.0,18.41,True,False,False,False,False,False,True,False,True,False,False,False,False,False,True,0.036841135759585274,0.01132183215515099,0.4998857924791453,0.49430850000000004,2.2554000000000003,0
48,1.4,74000.0,627,11.85,4241.61,16,11,0,0,10700.0,15.57,True,False,False,False,False,True,False,False,True,False,False,False,False,True,False,0.14459264063999136,0.0606246574479312,0.05731827948270969,0.29379697452229303,12.6795,0
59,0.5,62400.0,654,17.84,8546.49,22,11,0,1,1000.0,15.49,False,False,False,True,True,False,False,False,True,False,False,False,False,True,False,0.016025384208586402,0.006711356310282874,0.1369607858848416,0.421895572519084,1.784,1
32,11.2,66300.0,616,20.37,3611.51,13,9,0,2,3500.0,17.02,True,False,False,False,False,False,True,False,False,False,False,False,True,True,False,0.05278955068551002,0.022587655991283897,0.05447142577035038,0.561908265802269,7.1295,1
28,3.9,30800.0,582,17.4,8827.69,24,13,0,0,2200.0,20.14,False,False,False,True,False,False,True,False,False,False,False,False,True,False,True,0.07142625239440278,0.022766994355072352,0.28660400636342975,0.601090909090909,3.828,1
21,3.6,77500.0,592,24.42,3156.07,14,4,0,0,23500.0,16.73,True,False,False,False,False,False,True,False,True,False,False,False,False,True,False,0.3032218939110463,0.12922149291844304,0.04072295841343983,0.6889487352445194,57.38700000000001,0
27,1.0,92300.0,703,29.0,16412.9,19,10,0,1,1200.0,14.66,False,False,False,True,False,True,False,False,False,False,False,True,False,True,False,0.013000942568336204,0.00538160232872963,0.17781930856653774,0.6038920454545454,3.48,0
31,5.2,60500.0,647,11.92,2791.02,15,9,0,0,11600.0,17.17,False,False,False,True,False,False,True,True,False,False,False,False,False,True,False,0.19173236806003208,0.08220922887249735,0.046131799474388856,0.31584320987654324,13.8272,0
35,0.0,39200.0,689,17.46,16439.29,15,9,0,4,5800.0,13.47,False,False,True,False,False,True,False,False,False,False,False,False,True,True,False,0.14795540930078313,0.060208257777997425,0.4193589449248744,0.34084956521739135,10.1268,1
47,16.9,63800.0,648,9.02,3575.08,14,9,2,5,1000.0,16.31,True,False,False,False,False,True,False,False,False,False,False,False,True,True,False,0.015673735521386813,0.006640181600598201,0.05603485838779956,0.22668135593220337,0.902,0
30,18.9,17900.0,767,7.54,53.98,19,9,0,1,5800.0,11.55,True,False,False,False,False,False,True,False,False,False,False,False,True,False,True,0.32400424557287305,0.08555343355129677,0.0030154739958661524,0.11339453125,4.3732,1
56,9.5,47300.0,660,24.65,4209.67,20,13,0,0,1000.0,15.13,False,False,False,True,False,True,False,False,True,False,False,False,False,False,True,0.021141202088750765,0.006051290957700115,0.08899748419695144,0.5642276853252648,2.465,1
44,3.0,94800.0,699,31.38,4259.88,21,14,0,2,1200.0,13.35,True,False,False,False,False,False,True,False,True,False,False,False,False,True,False,0.012658094323899537,0.005143062534538158,0.044934969040410964,0.5984614285714286,3.7655999999999996,0
30,0.2,82000.0,772,16.97,6862.02,14,8,0,3,8900.0,10.86,True,False,False,False,True,False,False,False,True,False,False,False,False,True,False,0.10853526176510042,0.04254765790465085,0.08368215021768027,0.2384142302716688,15.103299999999999,0
34,1.2,66800.0,770,4.29,10283.51,14,11,1,1,7900.0,13.31,True,False,False,False,True,False,False,False,True,False,False,False,False,False,True,0.11826170266912173,0.03251010531722568,0.15394245595125822,0.07405953307392997,3.3891,0
46,1.1,101800.0,628,27.29,35.91,16,12,0,2,9400.0,16.67,False,False,False,True,False,False,True,False,False,False,False,False,True,True,False,0.09233701044194065,0.039318806143538894,0.0003527470260606477,0.723250079491256,25.652599999999996,1
49,0.0,50900.0,646,43.0,2497.68,18,5,2,3,6300.0,16.07,False,False,False,True,False,True,False,False,True,False,False,False,False,False,True,0.12376967053692461,0.036165503471675096,0.049069369953439024,1.0680216383307573,27.09,1
53,0.2,102800.0,675,23.97,5954.3,15,8,1,0,34300.0,17.22,False,False,True,False,True,False,False,False,True,False,False,False,False,True,False,0.3336543418838338,0.1431716969085595,0.05792064279530355,0.6105967455621301,82.2171,1
53,1.2,73000.0,654,24.63,7177.12,11,4,0,0,25100.0,17.28,True,False,False,False,False,True,False,False,False,False,False,True,False,False,True,0.3438309064259394,0.10314766870127044,0.09831536554293777,0.6497807633587787,61.821299999999994,0
45,3.8,119500.0,627,6.72,473.07,17,11,0,0,3600.0,16.36,False,False,False,True,False,False,True,False,True,False,False,False,False,True,False,0.030125270918234994,0.012772550436999801,0.003958711642580397,0.17506242038216557,2.4192,0
35,4.4,31100.0,714,2.45,36444.7325,22,13,0,0,3800.0,13.56,True,False,False,False,False,True,False,False,True,False,False,False,False,False,True,0.12218256647696216,0.033770218769434916,1.171818671425356,0.046464335664335665,0.931,0
37,2.0,63600.0,669,20.66,2484.52,16,9,0,0,3000.0,15.22,False,False,False,True,False,False,True,False,True,False,False,False,False,True,False,0.0471690696687159,0.01967920789332317,0.039064165657772675,0.46932119402985073,6.1979999999999995,0
44,3.3,58500.0,729,24.54,3557.88,14,10,0,0,4100.0,15.6,False,False,True,False,False,False,True,False,True,False,False,False,False,False,True,0.0700842720637254,0.020269636596610383,0.06081742192441155,0.5244164383561644,10.061399999999999,0
36,1.0,132300.0,637,24.58,2093.44,24,11,0,0,6700.0,18.01,False,False,False,True,True,False,False,False,True,False,False,False,False,True,False,0.05064209643162183,0.02197121911013108,0.015823311993106628,0.6938648902821317,16.4686,0
46,2.1,142987.5,707,9.38,16282.65,20,9,0,0,7200.0,12.79,True,False,False,False,False,True,False,False,False,False,False,False,True,True,False,0.050353699773058674,0.020296755315030585,0.11387384300136025,0.1694494350282486,6.7536000000000005,0
55,9.1,25900.0,615,17.34,4930.59,15,6,0,1,11700.0,15.76,True,False,False,False,False,False,True,False,False,False,True,False,False,False,True,0.4517200108103934,0.13107352988116952,0.19036292035056562,0.4436337662337662,20.287799999999997,1
42,3.8,26400.0,639,14.74,4753.65,23,14,0,0,10000.0,13.41,True,False,False,False,False,False,True,False,False,False,False,False,True,True,False,0.37877353130563235,0.1539835192877557,0.1800556797091019,0.3088490625,14.74,0
51,3.5,142987.5,573,13.19,7668.37,17,10,2,2,34300.0,17.03,False,False,False,True,True,False,False,False,False,True,False,False,False,True,False,0.23987943086332117,0.10266335748369114,0.053629277878990265,0.3913339721254355,45.2417,1
60,0.1,77000.0,633,43.15,12595.73,19,12,0,0,2300.0,20.25,True,False,False,False,False,True,False,True,False,False,False,False,False,False,True,0.02986974195140323,0.009544950798707397,0.1635787846911079,1.3782137223974764,9.9245,1
32,0.3,48800.0,680,21.65,26071.63,13,9,0,4,9500.0,14.48,False,False,False,True,False,False,True,False,True,False,False,False,False,False,True,0.19466814204626953,0.05492573049869778,0.5342437654966087,0.4603406754772393,20.5675,1
37,3.0,44500.0,701,11.67,7870.55,15,6,0,2,20000.0,13.23,True,False,False,False,True,False,False,False,False,False,False,False,True,True,False,0.4494281027392643,0.18226909268413735,0.17686231770072583,0.2199346153846154,23.34,1
42,2.6,66300.0,665,10.77,12999.02,16,9,0,0,29800.0,14.95,True,False,False,False,True,False,False,True,False,False,False,False,False,False,True,0.4494653172651996,0.12815020584280845,0.19606069290055958,0.24175900900900898,32.0946,1
48,3.0,62700.0,704,9.4,319.51,17,12,0,0,4300.0,11.36,False,False,False,True,False,True,False,False,True,False,False,False,False,True,False,0.06857944849364445,0.027078203498367467,0.005095771997256822,0.15146666666666667,4.042,0
33,7.7,83100.0,717,17.11,10037.18,20,13,0,0,30600.0,13.81,False,False,False,True,True,False,False,False,True,False,False,False,False,True,False,0.368226615804864,0.15059397720778311,0.12078290273281911,0.3290934540389972,52.3566,0
65,5.9,41100.0,645,9.42,18036.1,17,11,3,2,18500.0,15.32,True,False,False,False,True,False,False,False,False,False,False,False,True,True,False,0.4501107029026058,0.18803602425563723,0.4388238728984696,0.2233969040247678,17.427,1
41,3.2,83800.0,654,23.26,7715.64,18,7,0,2,34300.0,14.98,True,False,False,False,False,True,False,False,False,False,False,False,True,True,False,0.40930299161107864,0.17019303079404036,0.09207097767329746,0.5319615267175574,79.7818,0
56,2.9,70500.0,701,12.93,13896.55,17,8,1,1,31100.0,12.35,True,False,False,False,True,False,False,False,True,False,False,False,False,True,False,0.44112849463128184,0.17667999261062692,0.19711138849094337,0.22747222222222221,40.2123,0
51,12.1,101000.0,601,7.64,3444.55,16,7,0,0,4100.0,14.89,False,False,False,True,True,False,False,False,True,False,False,False,False,True,False,0.04059365748853972,0.016858245314262017,0.03410411778101207,0.18896943521594686,3.1323999999999996,0
63,4.6,38800.0,664,15.99,11986.39,23,12,0,4,17500.0,17.17,True,False,False,False,True,False,False,False,False,False,False,False,True,True,False,0.4510193036261952,0.19336422126559638,0.30891961547382796,0.41285458646616546,27.9825,0
24,5.7,142987.5,592,11.54,12655.03,15,10,0,2,5000.0,16.15,False,False,False,True,True,False,False,False,True,False,False,False,False,False,True,0.03496784706462408,0.010236887060457802,0.08850383072764594,0.31428499156829676,5.77,0
57,0.9,30500.0,704,25.29,2169.16,19,11,0,2,6300.0,16.26,False,False,False,True,False,False,True,False,True,False,False,False,False,False,True,0.20655060489820007,0.0605960051119526,0.07111766827317137,0.583284255319149,15.932699999999999,0
38,3.2,77700.0,644,6.84,4029.28,13,8,0,0,17500.0,13.59,True,False,False,False,True,False,False,False,True,False,False,False,False,True,False,0.22522232661098313,0.09182050759649155,0.05185621806669155,0.14411720930232558,11.969999999999999,0
47,3.8,73000.0,672,10.69,62.5,20,11,0,1,32800.0,12.85,False,False,False,True,False,True,False,False,True,False,False,False,False,False,True,0.44930891357652636,0.12224586942143345,0.0008561526554430761,0.2041106983655275,35.063199999999995,0
47,7.4,122400.0,622,33.05,19569.42,12,5,0,2,20200.0,19.86,True,False,False,False,False,False,True,False,False,False,False,False,True,False,True,0.16503133144337057,0.052309001580477583,0.15987957614725368,1.0535682182985553,66.761,0
27,3.3,102500.0,668,26.37,1048.03,23,7,0,0,8100.0,17.12,True,False,False,False,False,False,True,False,True,False,False,False,False,False,True,0.0790236192817631,0.023625980090398485,0.010224583174798295,0.6748197309417041,21.359700000000004,0
37,0.1,110700.0,667,21.25,5343.85,23,11,0,4,34300.0,15.01,False,False,False,True,False,False,True,False,False,False,False,False,True,True,False,0.3098436328488451,0.1288953764484246,0.048272824997064166,0.4774887724550898,72.8875,0
34,0.3,30100.0,701,16.11,9229.85,13,5,1,0,5500.0,14.67,True,False,False,False,False,True,False,False,True,False,False,False,False,False,True,0.18271818212019533,0.05176427968588869,0.30662934786219725,0.3366576923076923,8.8605,1
42,2.2,90100.0,713,2.58,35027.96,17,12,0,1,1000.0,10.9,False,False,False,True,False,True,False,False,False,False,False,False,True,True,False,0.01109865595276412,0.0043534332057696915,0.3887632767671835,0.03938655462184874,0.258,0
22,4.9,21300.0,746,11.38,19870.67,15,12,0,0,1000.0,11.91,True,False,False,False,False,False,True,False,True,False,False,False,False,True,False,0.04694615276278109,0.018677556554730596,0.9328515093188112,0.18144016064257032,1.1380000000000001,0
59,5.1,86900.0,600,25.63,7345.77,20,10,0,2,1000.0,19.75,False,False,False,True,True,False,False,False,True,False,False,False,False,True,False,0.011507347441341296,0.00511363092479376,0.08453032761418167,0.8422504159733777,2.563,1
65,1.3,60000.0,628,13.34,3291.08,21,12,0,0,16200.0,15.62,False,False,False,True,False,True,False,False,True,False,False,False,False,False,True,0.26999550007499873,0.07812220107597863,0.05485041915968067,0.33127313195548486,21.6108,1
50,6.2,31400.0,671,6.63,28891.45,13,9,1,0,9100.0,13.56,True,False,False,False,True,False,False,False,False,False,False,True,False,True,False,0.2897996879080284,0.11807281385896762,0.9200805706824624,0.13378392857142857,6.0333000000000006,0
28,0.8,142987.5,734,9.35,6837.54,21,17,0,0,23900.0,12.58,True,False,False,False,False,True,False,False,True,False,False,False,False,True,False,0.1671463089689031,0.06717162262100543,0.047818810603649946,0.1600312925170068,22.3465,0
44,6.4,32600.0,632,17.48,19528.02,10,6,0,0,1000.0,14.52,True,False,False,False,False,False,True,False,True,False,False,False,False,True,False,0.030673905708413853,0.012669225646912627,0.5990006441520199,0.4009630331753554,1.7480000000000002,1
54,12.0,62000.0,718,3.25,13519.28,12,4,0,1,16000.0,13.5,False,False,False,True,False,False,True,False,True,False,False,False,False,True,False,0.2580603538652602,0.10506958600832675,0.21804938630022097,0.06102225312934632,5.2,0
50,10.3,79900.0,667,3.21,3588.07,15,8,0,0,3900.0,10.99,False,False,True,False,False,True,False,False,False,False,False,False,True,True,False,0.04881040287355603,0.019170466799478463,0.044906446727825684,0.05281122754491018,1.2519,0
24,6.6,96800.0,704,33.77,11723.25,14,7,1,0,8900.0,13.33,False,False,False,True,False,True,False,False,False,False,False,False,True,True,False,0.09194119895455626,0.037345713762404247,0.12110670344314625,0.6385164539007092,30.055300000000003,1
55,6.0,20200.0,570,12.36,6612.39,13,10,0,1,9100.0,18.07,True,False,False,False,False,True,False,False,True,False,False,False,False,True,False,0.4504727488738181,0.19551144156708497,0.3273298351566754,0.3911474605954466,11.2476,1
22,2.8,41100.0,611,12.54,2748.15,18,11,0,0,3200.0,19.2,True,False,False,False,False,False,True,False,True,False,False,False,False,False,True,0.07785698644801829,0.024332257334573115,0.06686333665847546,0.3934117647058823,4.0127999999999995,0
62,2.5,53100.0,729,16.93,17798.34,17,6,0,1,3000.0,14.6,True,False,False,False,False,False,True,False,False,False,False,True,False,False,True,0.05649611118434681,0.015983155170508224,0.33517899851226907,0.3386,5.079,0
28,3.4,68900.0,734,18.73,26144.87,20,11,0,0,2900.0,11.15,True,False,False,False,False,False,True,True,False,False,False,False,False,False,True,0.042089374609947605,0.011017561299559723,0.3794555957097865,0.2841353741496599,5.431699999999999,0
51,3.5,78600.0,718,7.81,31225.96,17,8,0,0,10500.0,13.82,True,False,False,False,False,False,True,False,False,False,True,False,False,False,True,0.13358608669100902,0.037145152494139945,0.3972717904352362,0.15011710709318496,8.2005,0
45,1.6,53500.0,744,23.94,25310.68,23,7,0,3,13500.0,12.23,False,False,False,True,False,True,False,False,False,False,False,False,True,True,False,0.2523317321171567,0.10088450529857623,0.4730879796639315,0.39300161073825507,32.319,0
47,0.1,49200.0,758,21.74,1695.18,11,5,0,0,1100.0,14.02,True,False,False,False,False,True,False,False,True,False,False,False,False,False,True,0.02235726916119591,0.006243960737382507,0.03445417776061462,0.4015741765480895,2.3914,0
61,4.2,16700.0,669,15.47,3207.89,17,13,0,0,7500.0,15.37,False,False,True,False,False,True,False,False,False,True,False,False,False,False,True,0.4490749056942698,0.12916544805909452,0.19207771989701214,0.3548864179104478,11.602500000000001,0
23,0.1,59800.0,676,30.21,4415.85,21,10,0,0,16500.0,13.55,False,False,True,False,True,False,False,False,True,False,False,False,False,True,False,0.27591511847627964,0.11241851642294773,0.07384241066202907,0.6046462333825702,49.8465,1
50,5.1,111400.0,687,2.0,13162.65,13,11,0,1,11300.0,11.65,False,True,False,False,False,False,True,False,False,False,False,False,True,True,False,0.10143535515839175,0.040222114546050514,0.11815558208633674,0.03386627906976744,2.26,0
45,2.1,15000.0,633,8.99,513.32,20,7,0,0,6800.0,15.34,True,False,False,False,False,True,False,False,False,False,False,True,False,True,False,0.45330311312579163,0.18933493505914342,0.03421905206319579,0.21751829652996846,6.113200000000001,1
29,2.5,25900.0,741,4.92,4623.88,18,10,2,0,3800.0,12.44,True,False,False,False,False,False,True,False,True,False,False,False,False,True,False,0.14671248214354657,0.05882113906768279,0.17852129261418478,0.08248625336927223,1.8696,0
59,1.8,94600.0,727,44.05500000000001,8653.92,18,11,0,0,19700.0,15.22,True,False,False,False,True,False,False,True,False,False,False,False,False,True,False,0.2082430418283105,0.08688512140267074,0.09147810276846968,0.9210399725274727,86.78835000000001,1
38,3.0,67300.0,675,20.16,18643.58,18,9,1,0,30300.0,14.07,False,False,False,True,True,False,False,False,True,False,False,False,False,False,True,0.450216192924325,0.12588449406215255,0.27701787492013497,0.41960236686390534,61.084799999999994,1
47,1.0,32900.0,722,18.35,14582.43,19,6,0,1,6100.0,12.29,False,False,False,True,False,False,True,False,False,False,False,False,True,True,False,0.1854046989453208,0.07418081095691911,0.4432214826297073,0.31192461964038726,11.1935,0
63,1.4,74500.0,721,44.05500000000001,14526.49,17,15,0,0,33500.0,17.03,True,False,False,False,False,True,False,False,True,False,False,False,False,True,False,0.44965839384706247,0.1924307393985357,0.19498382572046014,1.0391366343490307,147.58425000000003,1
53,4.4,83700.0,669,14.46,3910.84,14,4,0,2,5000.0,13.66,False,False,False,True,True,False,False,False,False,True,False,False,False,True,False,0.05973644281430329,0.024378388347612332,0.04672393400317798,0.2948113432835821,7.23,0
55,7.0,61800.0,774,34.69,18433.18,16,8,2,2,7000.0,12.9,False,False,False,True,False,False,True,False,False,False,False,False,True,True,False,0.1132667756185175,0.04572328511794858,0.2982666947136778,0.5774206451612903,24.282999999999998,0
32,4.1,91300.0,616,7.15,1938.2,22,11,2,2,12100.0,16.24,True,False,False,False,False,False,True,False,True,False,False,False,False,True,False,0.13252866890833617,0.056093639510839934,0.021228683146953482,0.18819448946515396,8.6515,1
26,0.3,53400.0,712,24.82,5590.94,22,13,3,0,24000.0,14.07,True,False,False,False,False,False,True,False,False,True,False,False,False,False,True,0.4494297859590644,0.12565926245389455,0.10469729031291548,0.4897859747545582,59.568,1
42,0.5,83000.0,726,12.69,3680.34,17,9,0,1,1000.0,12.95,True,False,False,False,False,True,False,False,False,False,True,False,False,False,True,0.01204804761388417,0.0032854265517797527,0.04434091155528247,0.22604607977991747,1.2690000000000001,0
48,5.1,84000.0,659,7.73,2404.37,25,14,0,3,8500.0,13.95,False,False,False,True,False,False,True,False,False,False,False,False,True,True,False,0.101189271556291,0.04146600158666105,0.028623111629623457,0.16338409090909092,6.5705,1
65,1.1,91400.0,636,28.34,10887.9,11,6,0,1,1900.0,19.28,True,False,False,False,True,False,False,False,True,False,False,False,False,False,True,0.02078751873611886,0.006508585688196355,0.1191223290773624,0.8577632653061226,5.3846,0
48,17.8,107500.0,636,24.76,187.88,11,6,0,3,13400.0,14.72,True,False,False,False,False,True,False,False,False,False,False,True,False,False,True,0.12465000325578367,0.03536189247113417,0.0017477046725146743,0.5721620094191524,33.1784,1
32,7.4,60200.0,688,23.49,19985.0,19,15,0,0,2500.0,14.96,True,False,False,False,True,False,False,False,False,False,True,False,False,True,False,0.04152754937625621,0.01726187979472808,0.3319712297137921,0.5100296081277214,5.8725,0
65,2.9,127800.0,717,8.53,10692.31,14,9,0,2,7400.0,12.03,False,False,False,True,False,True,False,False,False,False,True,False,False,True,False,0.0579025203245671,0.023086277126602953,0.08366374285021244,0.14291908077994425,6.3122,0
49,0.8,63400.0,706,32.02,4764.1,20,12,1,1,7600.0,15.19,False,False,False,True,True,False,False,False,True,False,False,False,False,True,False,0.11987192631031056,0.049990067290620444,0.0751423479124935,0.6879544554455446,24.335200000000004,1
25,4.0,88900.0,752,26.8,19072.73,15,8,0,0,34300.0,12.31,False,False,False,True,False,False,True,False,True,False,False,False,False,True,False,0.38582243169368174,0.15444520812882584,0.21453898156376194,0.438124833997344,91.924,0
60,12.2,28000.0,695,11.18,9088.92,28,16,0,0,9500.0,12.81,False,False,False,True,False,True,False,False,False,False,False,False,True,True,False,0.33927359737152246,0.13675160744888618,0.3245926931181029,0.2057698275862069,10.620999999999999,0
25,6.2,54500.0,655,13.85,18238.33,13,9,0,1,8000.0,13.58,False,False,True,False,False,True,False,False,False,False,False,False,True,True,False,0.14678629749912844,0.059830926603362256,0.33464211665841,0.2867118902439024,11.08,0
41,2.2,47300.0,737,30.72,2636.68,22,15,0,0,3200.0,14.73,False,False,False,True,True,False,False,True,False,False,False,False,False,True,False,0.06765184668400245,0.02802834312628351,0.055742584723367364,0.6131512195121951,9.8304,1
30,0.2,36400.0,753,13.57,5617.99,17,11,1,4,3900.0,12.45,True,False,False,False,False,False,True,False,False,True,False,False,False,True,False,0.10713991373863356,0.04296681174930869,0.15433614461141176,0.22406697612732093,5.2923,0
39,6.5,75700.0,611,25.17,6891.95,23,13,0,0,1300.0,16.35,False,False,False,True,False,True,False,False,True,False,False,False,False,True,False,0.017172824665460166,0.007279548024503569,0.09104172996393707,0.6724338235294118,3.2721000000000005,0
33,4.4,78300.0,684,27.43,4556.6,23,13,0,1,18100.0,16.57,False,False,False,True,False,False,True,False,True,False,False,False,False,False,True,0.2311592444540938,0.06828951151807942,0.05819338194914497,0.6635256934306569,49.6483,0
36,0.8,107000.0,580,14.22,36444.7325,28,16,1,0,13400.0,18.09,False,False,False,True,False,True,False,False,True,False,False,False,False,True,False,0.1252324744628555,0.054391728449242435,0.3406017934411828,0.44275352839931154,19.054800000000004,1
61,4.9,142987.5,669,17.2,9629.72,18,9,0,0,5400.0,14.31,False,False,False,True,True,False,False,True,False,False,False,False,False,False,True,0.037765274829794006,0.010616940963510476,0.06734611524703035,0.36736119402985074,9.288,0
51,1.9,54800.0,710,21.73,25845.65,20,13,0,0,24700.0,13.07,True,False,False,False,False,True,False,False,True,False,False,False,False,True,False,0.4507217021587197,0.18238494918118034,0.4716273425667415,0.39945302390998594,53.673100000000005,0
66,5.1,58700.0,628,31.84,14127.14,29,18,0,4,2400.0,17.14,True,False,False,False,False,False,True,False,False,False,True,False,False,False,True,0.04088516379618746,0.012227891325825614,0.24066268036319652,0.867627344992051,7.6415999999999995,1
37,0.9,45900.0,673,25.74,13487.93,14,7,0,0,20700.0,15.07,False,False,False,True,True,False,False,False,False,False,False,False,True,True,False,0.45097056709004163,0.1877370843171513,0.2938482821725017,0.5755219584569733,53.28179999999999,1
46,5.1,53000.0,735,31.81,9297.56,24,13,1,1,23800.0,15.89,True,False,False,False,False,True,False,False,False,False,False,False,True,True,False,0.44904813116733644,0.18911464163070604,0.17542235052168825,0.686767527173913,75.70779999999999,0
33,8.0,45900.0,596,17.47,12575.1,24,15,0,2,12300.0,16.54,True,False,False,False,True,False,False,False,True,False,False,False,False,True,False,0.26796801812596677,0.11388338383977645,0.2739613516045402,0.484009715242881,21.4881,1
50,5.9,100600.0,655,16.76,9356.93,9,5,0,2,5400.0,15.71,False,False,False,True,False,True,False,False,True,False,False,False,False,True,False,0.05367739883301359,0.02255107706215718,0.09301030804862775,0.40137134146341474,9.050400000000002,1
46,4.6,35100.0,701,11.51,14797.77,17,7,0,1,15800.0,14.22,False,False,False,True,False,False,True,False,True,False,False,False,False,True,False,0.450129625936583,0.1851320397232541,0.42157687815161965,0.23315128205128205,18.1858,1
32,0.6,29400.0,719,7.65,11952.71,24,14,0,0,4800.0,13.93,False,False,True,False,False,True,False,False,False,False,False,False,True,True,False,0.16325975306962348,0.06686637211098596,0.4065409339818373,0.14800625,3.672,0
42,22.2,21900.0,627,16.66,36444.7325,17,11,0,1,9900.0,17.11,False,False,False,True,True,False,False,False,True,False,False,False,False,True,False,0.45203415369161226,0.193594862209516,1.6640670517327976,0.4539054140127388,16.4934,0
64,5.3,41700.0,642,5.36,15809.47,19,13,0,0,18800.0,15.47,False,False,False,True,False,False,True,False,False,True,False,False,False,False,True,0.45082851730174334,0.13000638137317247,0.3791148893311911,0.12895676516329704,10.0768,1
22,3.0,69000.0,737,33.32,8273.74,16,8,0,2,2600.0,16.14,True,False,False,False,True,False,False,True,False,False,False,False,False,True,False,0.03768061332444457,0.015925594703832247,0.11990753757191924,0.7287056910569106,8.6632,1
56,3.1,52500.0,734,11.49,6270.43,15,8,1,0,17300.0,11.86,False,False,False,True,True,False,False,True,False,False,False,False,False,True,False,0.3295175329993714,0.13104466441743795,0.11943448696215311,0.18540326530612244,19.8777,0
30,5.3,93600.0,734,16.15,3916.97,16,10,0,1,8500.0,13.7,False,False,False,True,True,False,False,True,False,False,False,False,False,True,False,0.09081099560902127,0.03708151265132624,0.04184752299654918,0.3010272108843537,13.7275,0
28,5.3,62000.0,746,17.59,21457.4,16,7,0,1,21900.0,12.89,False,False,True,False,True,False,False,False,True,False,False,False,False,True,False,0.35322010935307496,0.1425668113997962,0.34608151481427724,0.30352757697456495,38.5221,0
30,5.2,67300.0,711,10.12,14781.82,24,16,0,0,14300.0,13.92,False,False,False,True,False,False,True,False,False,False,True,False,False,True,False,0.21247826926791577,0.08703078072791783,0.21963744966642398,0.19785168539325843,14.471599999999999,0
31,11.9,28900.0,698,14.74,5258.77,22,14,1,5,7400.0,15.53,True,False,False,False,True,False,False,False,True,False,False,False,False,False,True,0.25604650358119097,0.07392537911773764,0.18195806373481888,0.3274852646638054,10.9076,1
25,11.1,27500.0,653,12.9,5371.72,19,13,0,0,8300.0,13.12,False,False,False,True,False,True,False,False,False,False,False,False,True,True,False,0.30180720701065417,0.12218949336748107,0.19532816988473148,0.25878899082568807,10.706999999999999,0
30,6.7,72800.0,728,9.77,3952.72,22,11,0,4,6300.0,11.85,True,False,False,False,False,False,True,False,True,False,False,False,False,True,False,0.0865372728396588,0.034411759861694716,0.054294858587107316,0.1588127572016461,6.1551,0
29,6.9,58500.0,645,32.31,2530.48,19,13,0,1,21200.0,17.61,False,False,False,True,False,True,False,False,False,False,False,False,True,True,False,0.36238696774414114,0.15633501494292779,0.04325532896873558,0.880772600619195,68.4972,1
55,1.2,27500.0,750,10.06,8028.13,20,6,0,0,12400.0,11.45,True,False,False,False,False,False,True,False,True,False,False,False,False,True,False,0.4508926948110978,0.1782237604659138,0.29192138467692086,0.15337816245006658,12.474400000000001,0
43,3.0,106100.0,673,9.72,390.35,14,6,0,3,7100.0,14.29,True,False,False,False,False,False,True,True,False,False,False,False,False,False,True,0.06691737118406046,0.01880360180590693,0.0036790416678447895,0.2060813056379822,6.9012,1
42,0.5,79500.0,790,10.98,11938.98,22,16,0,3,27000.0,12.13,True,False,False,False,False,False,True,False,False,False,False,False,True,True,False,0.3396183695802569,0.1355966999550017,0.1501739600759739,0.1683785082174463,29.646000000000004,0
45,1.2,95500.0,625,19.75,3723.67,19,8,3,0,15300.0,16.35,False,False,True,False,False,True,False,False,False,False,False,True,False,True,False,0.1602077465157433,0.06791399423413229,0.03899090061884169,0.5158346645367412,30.2175,1
35,2.4,34600.0,680,6.74,10810.01,20,12,0,3,8500.0,13.27,True,False,False,False,False,False,True,False,True,False,False,False,False,True,False,0.24565763995260254,0.09967823542829282,0.3124190052310627,0.1313359765051395,5.729,0
63,0.6,142987.5,688,8.93,2705.14,16,14,0,2,31500.0,13.27,True,False,False,False,True,False,False,False,True,False,False,False,False,True,False,0.22029743650713168,0.08940959864836076,0.018918584361679435,0.1719899854862119,28.129499999999997,0
41,8.8,65500.0,652,44.05500000000001,36444.7325,24,10,0,1,2800.0,19.02,True,False,False,False,True,False,False,False,False,False,False,True,False,True,False,0.0427474389703974,0.018805441146303368,0.5563996351200745,1.2831946401225116,12.335400000000003,1
50,3.2,30100.0,619,32.23,12954.98,25,17,0,3,1600.0,17.89,False,False,False,True,True,False,False,True,False,False,False,False,False,False,True,0.05315438025314773,0.016153215050297466,0.4303837081824524,0.9299914516129032,5.1568,1
22,7.0,31400.0,628,8.71,9499.84,14,6,0,0,14100.0,16.0,False,False,True,False,False,True,False,False,False,False,True,False,False,False,True,0.4490302856596924,0.13098864332382365,0.3025330403490335,0.22155802861685217,12.2811,1
34,6.7,109900.0,677,12.1,10459.64,19,13,0,2,12500.0,14.98,False,False,False,True,False,False,True,True,False,False,False,False,False,False,True,0.11373872849200645,0.0324524616924668,0.09517329232673041,0.2673421828908555,15.125,1
49,1.7,49200.0,659,10.1,3165.53,34,22,1,0,5500.0,12.68,True,False,False,False,False,True,False,False,True,False,False,False,False,True,False,0.11178634580597956,0.04498174765713377,0.06433873295258227,0.1940424242424242,5.555000000000001,0
54,5.7,27800.0,639,31.24,3509.79,23,12,0,2,1000.0,15.8,False,False,False,True,True,False,False,False,False,False,True,False,False,True,False,0.0359699291392396,0.015126580936816486,0.12624689759361174,0.7712375,3.124,1
26,5.7,46400.0,587,8.2,478.77,23,15,0,5,6100.0,16.81,False,False,False,True,True,False,False,False,True,False,False,False,False,True,False,0.13146268399387945,0.0560816839792247,0.010318096592745846,0.23442517006802718,5.002,1
50,1.5,109600.0,650,5.31,12646.49,15,9,0,0,10500.0,14.59,False,False,False,True,False,True,False,False,False,False,False,False,True,True,False,0.0958020456017737,0.0396177035053386,0.11538662968403572,0.11900599078341013,5.5755,0
62,2.0,75400.0,689,20.16,252.71,20,13,1,0,14300.0,12.21,True,False,False,False,False,False,True,False,True,False,False,False,False,True,False,0.18965265712656332,0.07580759543274207,0.003351547061710057,0.356744347826087,28.828799999999998,1
43,4.0,26500.0,718,43.4,29843.21,18,9,1,0,2700.0,15.32,True,False,False,False,False,True,False,False,True,False,False,False,False,True,False,0.10188294781329006,0.04255584412328113,1.1261163729670578,0.924739916550765,11.718,1
57,8.2,39700.0,778,6.3,507.48,20,11,0,1,10600.0,8.93,True,False,False,False,False,False,True,True,False,False,False,False,False,True,False,0.26699579355683734,0.10175219663185718,0.012782549557945644,0.07221951219512195,6.678,0
36,1.6,91600.0,599,11.78,233.59,13,8,0,2,13200.0,16.97,True,False,False,False,False,True,False,False,False,False,True,False,False,False,True,0.14410323031407954,0.04294299137411118,0.0025500813309898363,0.3331776666666666,15.5496,1
41,2.8,85200.0,599,7.45,12002.94,14,9,0,0,6900.0,14.66,False,False,True,False,False,False,True,False,False,False,True,False,False,True,False,0.08098496496519994,0.033522534695532506,0.14087792396802856,0.18202833333333332,5.140499999999999,0
35,10.1,80300.0,652,14.51,1248.92,22,13,0,1,18500.0,14.07,False,False,False,True,False,False,True,False,True,False,False,False,False,True,False,0.23038318327293558,0.09456847827371555,0.015552981905580255,0.3126427258805513,26.843500000000002,0
35,4.5,49100.0,625,10.56,10722.99,21,12,0,0,20500.0,15.98,True,False,False,False,False,False,True,False,False,False,False,True,False,False,True,0.41750677175617606,0.12175493178182908,0.21838638724262235,0.2695667731629393,21.648,1
46,1.4,38300.0,700,15.64,1206.34,16,12,0,0,11400.0,13.18,False,False,False,True,False,True,False,True,False,False,False,False,False,False,True,0.2976423592073314,0.08157340196346387,0.031496305579488786,0.29405877318116974,17.8296,1
62,3.6,95600.0,647,28.87,11677.78,15,8,0,4,17300.0,15.64,False,False,True,False,False,True,False,True,False,False,False,False,False,True,False,0.18096045020449578,0.07595026180985344,0.12215123272769114,0.6968006172839507,49.945100000000004,0
54,9.3,26300.0,762,11.73,36444.7325,20,10,0,2,6000.0,11.87,False,False,False,True,False,False,True,False,True,False,False,False,False,False,True,0.22812820805292575,0.06068996410471373,1.3856785863655374,0.18248374836173,7.038,0
37,6.3,86700.0,728,8.88,28605.43,18,9,0,0,26400.0,12.76,False,False,False,True,False,False,True,False,True,False,False,False,False,False,True,0.3044947578459303,0.08267958104416147,0.3299319500351784,0.15543045267489713,23.443200000000004,0
35,8.2,55800.0,655,2.07,7919.47,15,6,0,0,4100.0,14.29,False,False,False,True,True,False,False,False,False,False,False,True,False,True,False,0.07347538574577517,0.030252948030057552,0.14192344223221806,0.04509192073170731,0.8486999999999999,0
44,1.5,42600.0,755,9.78,7428.46,17,9,0,0,19200.0,10.0,True,False,False,False,False,False,True,False,True,False,False,False,False,True,False,0.45069364568906833,0.17446634585234624,0.17437290204455294,0.12936507936507935,18.7776,1
67,0.3,49800.0,599,7.79,5017.66,11,7,0,0,1700.0,14.29,False,False,False,True,False,True,False,False,True,False,False,False,False,True,False,0.03413586072568824,0.014054855085712878,0.10075420172285697,0.1855318333333333,1.3243,0
66,0.8,76400.0,655,29.26,4928.08,12,8,0,0,13400.0,14.45,False,False,False,True,False,False,True,False,False,True,False,False,False,True,False,0.17539037447153832,0.07238356379311289,0.06450282064370885,0.6445228658536586,39.208400000000005,1
