applicant_id,m_1,m_2,m_3,m_4,m_5,m_6,m_7,m_8,m_9,m_10,m_11,m_12,loan_status
LN-10000,0,0,0,0,0,0,0,0,0,0,0,0,0
LN-10001,0,0,0,0,1,0,0,0,0,0,0,0,0
LN-10002,0,0,1,0,0,0,0,1,2,1,0,1,1
LN-10003,0,0,0,0,0,0,0,0,0,0,0,0,0
LN-10004,1,0,0,0,1,0,1,0,1,0,1,0,1
LN-10005,0,1,0,0,1,2,3,3,3,3,3,3,1
LN-10006,0,0,0,1,0,1,2,1,0,1,2,3,1
LN-10007,0,0,0,0,0,0,0,0,0,0,0,0,0
LN-10008,0,0,0,1,2,3,3,3,3,3,3,3,0
LN-10009,0,0,1,2,3,3,3,3,3,3,3,3,1
LN-10010,0,1,0,1,0,0,0,1,2,1,2,3,1
LN-10011,0,0,0,1,0,0,1,0,1,0,1,2,1
LN-10012,0,0,0,0,0,0,0,0,0,1,0,0,0
LN-10013,0,0,0,0,0,0,0,0,0,0,0,0,0
LN-10014,0,0,1,2,1,0,0,0,1,0,1,2,1
LN-10015,0,1,0,0,1,0,0,0,0,0,1,2,1
LN-10016,0,0,0,0,0,0,0,0,1,0,0,0,0
LN-10017,0,0,0,0,0,0,0,1,0,0,0,0,0
LN-10018,0,0,0,0,0,0,0,0,1,0,0,0,0
LN-10019,0,1,2,1,2,1,2,3,3,3,3,3,1
LN-10020,1,0,1,2,3,3,3,3,3,3,3,3,1
LN-10021,0,1,0,1,2,3,3,3,3,3,3,3,1
LN-10022,0,0,0,0,1,0,0,1,0,0,1,0,1
LN-10023,1,0,0,0,0,0,0,0,0,0,0,0,0
LN-10024,0,0,0,0,0,0,0,0,0,1,0,0,0
LN-10025,0,0,0,0,1,0,1,2,1,2,3,3,1
LN-10026,0,1,2,1,0,0,0,0,1,0,1,0,1
LN-10027,1,0,0,0,1,0,0,1,0,1,2,3,1
LN-10028,0,0,0,0,1,0,0,0,0,0,0,0,0
LN-10029,0,0,0,0,0,0,0,0,0,0,0,0,0
LN-10030,0,0,0,1,0,0,1,0,1,0,1,2,1
LN-10031,0,0,1,2,3,3,3,3,3,3,3,3,1
LN-10032,0,0,0,0,0,0,0,0,0,0,0,0,0
LN-10033,0,1,0,0,1,0,1,0,1,0,0,0,1
LN-10034,1,0,0,1,0,1,0,0,0,1,0,1,1
LN-10035,1,2,1,0,0,1,2,3,3,3,3,3,1
LN-10036,0,1,0,0,0,0,0,1,2,3,3,3,1
LN-10037,1,0,1,0,0,1,0,1,0,0,0,1,1
LN-10038,0,0,0,0,0,0,0,0,0,0,0,0,0
LN-10039,0,0,0,0,1,0,0,0,0,0,0,0,0
LN-10040,0,1,2,3,3,3,3,3,3,3,3,3,1
LN-10041,0,0,0,0,0,0,0,0,0,0,0,0,0
LN-10042,0,1,2,1,0,0,0,0,0,0,0,1,1
LN-10043,0,0,0,0,0,0,0,0,0,0,0,0,0
LN-10044,0,0,1,0,0,0,0,0,1,2,3,3,1
LN-10045,0,0,0,0,0,0,0,0,0,0,0,0,0
LN-10046,0,0,0,0,0,0,0,0,0,0,0,0,0
LN-10047,0,0,0,0,0,0,0,0,0,0,0,0,0
LN-10048,0,0,1,0,0,0,0,0,0,0,0,0,0
LN-10049,0,0,0,0,1,0,0,0,0,1,0,0,0
LN-10050,1,2,1,2,1,2,1,2,1,2,3,3,1
LN-10051,0,1,0,0,1,2,1,0,1,0,1,2,1
LN-10052,0,0,0,0,0,0,0,0,1,0,1,0,0
LN-10053,0,0,0,0,0,0,0,0,0,1,0,0,0
LN-10054,0,0,1,0,0,0,0,1,2,3,3,3,1
LN-10055,0,0,0,0,0,0,0,0,0,0,0,0,0
LN-10056,0,1,0,1,0,1,0,1,0,0,1,2,1
LN-10057,0,0,0,0,0,0,0,0,0,0,0,0,0
LN-10058,0,0,0,0,1,0,0,0,1,0,0,1,0
LN-10059,0,0,0,0,0,0,0,0,0,0,1,0,0
LN-10060,0,0,1,0,0,0,0,0,0,0,0,1,0
LN-10061,0,0,0,0,0,0,0,0,0,0,0,0,0
LN-10062,0,0,0,0,0,0,0,0,0,0,0,0,0
LN-10063,0,0,1,0,0,0,1,0,0,0,0,0,0
LN-10064,0,1,0,0,1,2,3,3,3,3,3,3,1
LN-10065,0,0,0,0,0,0,0,0,0,0,0,0,0
LN-10066,1,0,0,0,1,0,1,0,0,0,0,0,1
LN-10067,0,0,0,0,0,0,0,0,1,2,1,2,1
LN-10068,0,0,0,0,1,0,0,0,0,0,0,0,0
LN-10069,0,1,0,0,1,2,1,0,0,1,0,1,1
LN-10070,1,2,3,3,3,3,3,3,3,3,3,3,1
LN-10071,0,0,0,0,0,0,1,2,1,0,1,2,1
LN-10072,0,0,0,0,0,0,0,0,0,0,0,0,0
LN-10073,0,0,0,0,0,0,0,0,0,0,0,0,0
LN-10074,0,1,2,1,0,0,0,0,1,2,1,0,1
LN-10075,0,0,0,0,0,0,0,0,0,0,0,0,0
LN-10076,0,0,0,0,1,2,3,3,3,3,3,3,1
LN-10077,0,0,0,1,0,0,1,2,1,2,3,3,1
LN-10078,1,0,0,0,0,0,0,0,0,0,0,0,0
LN-10079,0,0,0,0,0,0,0,0,0,0,0,0,0
LN-10080,0,0,0,0,0,0,0,0,0,0,0,0,0
LN-10081,0,0,0,0,0,0,0,0,0,0,0,0,0
LN-10082,1,0,0,0,0,1,0,1,0,1,0,1,1
LN-10083,0,0,0,0,0,0,1,0,0,0,0,0,0
LN-10084,0,0,1,0,0,0,0,0,0,0,0,0,0
LN-10085,0,0,0,0,0,0,0,0,0,0,0,0,0
LN-10086,0,1,0,0,0,0,0,0,0,1,0,0,0
LN-10087,0,0,0,1,0,0,0,1,0,0,0,0,1
LN-10088,0,0,0,0,0,0,0,0,0,0,0,0,0
LN-10089,0,0,0,0,0,0,0,0,0,0,0,0,0
LN-10090,1,2,3,3,3,3,3,3,3,3,3,3,1
LN-10091,0,0,0,0,0,0,0,0,0,0,1,0,0
LN-10092,0,0,0,0,0,1,2,1,0,1,0,0,1
LN-10093,0,0,0,1,2,3,3,3,3,3,3,3,1
LN-10094,0,0,0,1,2,3,3,3,3,3,3,3,1
LN-10095,0,0,1,0,0,1,0,1,0,1,2,1,1
LN-10096,0,0,0,0,0,0,0,0,0,0,0,0,0
LN-10097,0,1,2,1,0,0,0,1,2,3,3,3,1
LN-10098,0,1,0,0,0,0,0,1,2,3,3,3,1
LN-10099,0,0,0,0,0,0,0,0,0,0,0,0,0
LN-10100,0,0,0,0,0,0,0,0,0,0,0,0,0
LN-10101,0,0,0,0,0,0,0,0,0,0,0,0,0
LN-10102,0,0,1,0,1,0,0,0,0,0,0,0,0
LN-10103,0,0,0,1,0,0,0,1,2,1,2,1,1
LN-10104,0,0,0,0,0,0,0,0,0,0,0,0,0
LN-10105,0,1,0,0,0,1,2,1,2,1,2,1,1
LN-10106,0,0,1,0,0,0,0,0,0,0,0,0,0
LN-10107,0,0,0,0,0,0,0,0,0,0,0,0,0
LN-10108,0,0,1,2,3,3,3,3,3,3,3,3,1
LN-10109,1,0,1,0,1,0,1,0,0,1,2,3,1
LN-10110,0,1,2,3,3,3,3,3,3,3,3,3,1
LN-10111,0,0,0,0,1,0,1,0,0,0,0,0,0
LN-10112,0,0,0,0,0,0,0,0,0,0,0,0,0
LN-10113,0,1,0,0,0,1,0,1,0,1,0,1,1
LN-10114,1,2,1,0,1,0,0,0,0,1,2,1,1
LN-10115,0,0,0,0,0,0,0,0,1,0,0,0,0
LN-10116,0,0,1,0,1,2,3,3,3,3,3,3,1
LN-10117,0,0,0,0,0,0,0,0,0,0,0,0,0
LN-10118,0,0,0,1,0,0,0,1,2,1,0,0,0
LN-10119,0,0,0,1,2,1,0,0,0,0,0,1,1
LN-10120,0,0,0,0,0,0,0,0,1,0,0,0,0
LN-10121,0,0,0,0,0,0,0,0,0,0,0,0,0
LN-10122,0,0,0,0,0,0,0,0,1,0,0,0,0
LN-10123,0,0,0,0,0,0,0,0,0,1,0,0,0
LN-10124,0,0,0,0,0,0,0,0,0,0,0,0,0
LN-10125,1,2,1,0,1,2,1,0,1,0,0,0,1
LN-10126,1,0,0,0,0,0,0,0,0,0,0,0,0
LN-10127,0,1,0,1,0,0,1,2,3,3,3,3,1
LN-10128,0,0,0,0,0,0,0,0,0,0,0,0,0
LN-10129,0,1,0,0,0,0,0,1,2,1,0,0,1
LN-10130,0,0,0,0,0,0,0,0,0,0,0,0,0
LN-10131,0,0,0,0,0,0,0,0,0,0,0,0,0
LN-10132,1,2,1,0,1,2,3,3,3,3,3,3,1
LN-10133,1,0,0,0,0,1,0,0,0,1,0,0,1
LN-10134,1,0,1,0,1,2,3,3,3,3,3,3,1
LN-10135,0,0,0,0,0,0,0,0,0,0,0,0,0
LN-10136,0,0,0,0,0,0,0,0,0,0,0,0,0
LN-10137,0,1,0,1,0,0,1,0,0,0,0,0,1
LN-10138,0,0,0,0,0,0,0,0,0,0,0,0,0
LN-10139,0,0,0,0,0,0,0,0,0,0,0,0,0
LN-10140,0,0,0,0,0,0,0,0,1,0,0,0,0
LN-10141,0,0,0,0,0,0,0,0,0,0,0,0,0
LN-10142,0,0,0,0,0,0,0,0,0,0,0,0,0
LN-10143,0,0,0,0,0,0,0,0,0,0,0,0,0
LN-10144,0,0,0,0,0,1,0,1,0,1,2,3,1
LN-10145,0,0,1,0,1,0,1,2,3,3,3,3,1
LN-10146,0,0,0,0,0,1,0,0,0,0,0,0,0
LN-10147,0,0,0,0,0,0,0,0,0,0,0,0,0
LN-10148,0,0,0,0,0,0,0,0,0,0,0,0,0
LN-10149,1,2,1,0,0,0,0,0,0,0,0,0,0
LN-10150,0,0,1,2,1,0,1,0,0,0,0,1,1
LN-10151,0,0,0,0,0,0,0,0,1,0,0,0,0
LN-10152,0,1,0,0,0,1,2,3,3,3,3,3,1
LN-10153,0,0,0,0,1,0,0,0,0,1,0,0,1
LN-10154,0,0,0,0,0,0,0,0,0,0,0,0,0
LN-10155,1,0,1,2,1,2,1,0,1,2,3,3,1
LN-10156,0,0,1,2,1,0,0,0,1,2,1,2,1
LN-10157,0,0,0,0,0,0,0,0,0,0,1,2,0
LN-10158,0,0,0,0,0,0,0,0,0,0,0,0,0
LN-10159,0,0,1,0,0,0,0,0,0,0,0,0,0
LN-10160,0,0,0,0,0,0,0,0,0,0,0,0,0
LN-10161,0,0,0,0,0,0,0,0,0,0,0,1,0
LN-10162,1,2,1,0,0,0,1,0,1,0,1,2,1
LN-10163,0,0,0,0,0,1,0,0,0,0,0,0,0
LN-10164,1,2,1,2,1,2,1,0,0,0,1,0,1
LN-10165,0,0,0,0,0,0,0,0,0,0,0,0,0
LN-10166,0,0,0,0,0,0,1,2,1,0,1,0,1
LN-10167,1,2,1,0,1,2,1,2,3,3,3,3,1
LN-10168,0,0,0,0,0,0,0,0,0,0,0,0,0
LN-10169,0,0,0,0,0,0,0,0,0,0,0,0,0
LN-10170,0,1,0,0,1,0,0,0,1,2,1,2,1
LN-10171,0,0,0,0,0,0,0,0,0,0,0,0,0
LN-10172,0,0,0,0,0,0,0,0,0,0,0,0,0
LN-10173,0,0,0,0,0,0,0,0,0,0,0,0,0
LN-10174,0,0,0,0,0,0,0,0,0,0,0,0,0
LN-10175,0,1,0,0,0,1,2,1,0,0,0,0,1
LN-10176,0,0,0,0,0,0,0,0,0,0,0,0,0
LN-10177,0,0,0,0,0,1,0,0,0,0,0,0,0
LN-10178,0,1,0,0,0,1,2,1,2,3,3,3,1
LN-10179,0,0,0,0,0,0,0,0,0,0,0,0,0
LN-10180,0,0,0,0,0,0,0,0,0,0,0,0,0
LN-10181,0,0,0,0,0,0,0,0,0,0,0,0,0
LN-10182,0,0,1,0,1,2,3,3,3,3,3,3,1
LN-10183,0,1,0,0,1,0,1,0,1,2,1,2,1
LN-10184,0,0,0,0,0,0,0,0,0,0,0,0,0
LN-10185,0,1,2,1,2,1,0,0,1,2,3,3,1
LN-10186,0,0,0,0,0,0,0,0,0,1,0,0,0
LN-10187,0,0,0,0,0,0,0,0,0,0,0,0,0
LN-10188,0,0,0,0,0,0,0,0,0,0,0,0,0
LN-10189,0,0,0,0,0,0,0,0,0,0,0,0,0
LN-10190,0,0,0,0,0,0,0,0,0,0,0,0,0
LN-10191,0,1,0,0,0,0,1,0,1,0,1,2,1
LN-10192,0,1,0,1,2,1,0,0,0,1,2,1,1
LN-10193,0,0,0,0,0,0,0,0,0,0,0,1,0
LN-10194,0,0,0,0,0,0,0,0,0,0,0,0,0
LN-10195,0,0,0,0,0,0,0,0,0,0,0,0,0
LN-10196,0,0,1,0,0,1,2,1,2,3,3,3,1
LN-10197,0,0,1,0,0,1,2,3,3,3,3,3,1
LN-10198,0,0,0,0,0,0,0,1,0,0,0,0,0
LN-10199,0,0,0,0,0,0,1,2,3,3,3,3,1
LN-10200,0,1,2,1,2,3,3,3,3,3,3,3,1
LN-10201,0,0,0,1,2,3,3,3,3,3,3,3,1
LN-10202,0,1,0,0,0,0,0,1,0,0,0,0,0
LN-10203,0,0,0,0,0,0,0,0,0,0,0,0,0
LN-10204,0,1,2,3,3,3,3,3,3,3,3,3,1
LN-10205,1,0,1,0,0,0,1,2,3,3,3,3,1
LN-10206,0,0,0,0,0,0,0,0,0,0,0,0,0
LN-10207,0,1,0,1,2,1,2,3,3,3,3,3,1
LN-10208,0,1,0,0,0,0,0,0,0,0,0,0,0
LN-10209,1,2,1,0,0,1,2,1,2,3,3,3,1
LN-10210,0,0,0,0,0,0,0,0,0,1,0,0,0
LN-10211,0,0,0,1,0,0,0,0,0,0,0,0,0
LN-10212,0,0,0,1,0,0,0,0,0,0,0,0,0
LN-10213,0,0,0,0,1,2,1,2,1,0,0,0,1
LN-10214,0,0,0,0,0,0,0,0,0,0,0,1,0
LN-10215,0,1,2,1,0,1,0,1,0,0,0,0,1
LN-10216,1,0,0,0,0,0,0,0,0,0,0,0,0
LN-10217,0,0,0,0,0,0,0,0,0,0,1,0,0
LN-10218,0,0,0,0,0,1,0,0,1,0,0,0,0
LN-10219,1,2,1,0,1,2,1,0,0,1,2,3,1
LN-10220,1,0,0,0,0,0,0,0,1,2,1,2,1
LN-10221,0,0,0,0,0,0,0,0,0,0,0,0,0
LN-10222,0,0,0,0,0,0,0,0,0,0,0,0,0
LN-10223,0,1,0,0,0,0,0,0,0,0,1,0,0
LN-10224,0,0,1,0,1,0,0,1,0,1,2,3,1
LN-10225,0,0,1,0,0,1,0,0,0,0,1,0,0
LN-10226,0,0,0,0,0,0,0,0,0,0,0,0,0
LN-10227,0,0,1,2,3,3,3,3,3,3,3,3,1
LN-10228,0,0,1,2,1,2,3,3,3,3,3,3,1
LN-10229,0,1,0,1,0,0,0,1,2,3,3,3,1
LN-10230,0,0,1,0,1,2,1,2,1,0,0,1,1
LN-10231,0,1,0,0,0,1,0,1,0,0,0,1,1
LN-10232,0,0,0,0,0,0,0,0,0,0,0,0,0
LN-10233,0,0,1,2,3,3,3,3,3,3,3,3,1
LN-10234,0,0,0,0,0,0,0,0,0,0,0,0,0
LN-10235,1,0,0,1,2,1,0,1,0,1,2,3,1
LN-10236,0,1,0,1,0,1,0,0,1,0,1,2,1
LN-10237,0,0,1,2,3,3,3,3,3,3,3,3,1
LN-10238,0,1,0,0,0,0,0,0,0,0,0,0,0
LN-10239,0,0,0,0,0,0,0,0,0,0,0,0,0
LN-10240,0,0,0,0,1,0,0,0,0,0,0,0,0
LN-10241,0,0,0,0,0,0,0,0,0,0,0,0,0
LN-10242,0,0,0,0,0,0,0,0,0,0,0,0,0
LN-10243,0,1,0,0,0,1,2,3,3,3,3,3,1
LN-10244,0,0,0,0,0,0,0,0,0,0,0,0,0
LN-10245,0,0,0,0,0,0,0,0,0,0,0,0,0
LN-10246,0,0,0,0,0,0,0,0,0,0,0,0,0
LN-10247,0,1,0,1,2,1,0,0,1,2,1,2,1
LN-10248,0,1,2,3,3,3,3,3,3,3,3,3,1
LN-10249,0,1,0,1,2,1,2,1,2,1,2,3,1
LN-10250,0,0,0,0,0,0,0,0,0,0,0,0,0
LN-10251,0,0,0,0,0,0,0,0,0,0,0,0,0
LN-10252,0,0,0,0,0,0,0,0,0,0,0,0,0
LN-10253,0,0,1,0,0,1,0,0,1,2,3,3,1
LN-10254,0,1,0,0,0,1,0,1,2,3,3,3,1
LN-10255,0,0,0,0,1,0,0,0,0,0,0,0,0
LN-10256,0,1,0,1,0,1,0,0,0,0,0,0,1
LN-10257,1,0,1,0,0,1,2,3,3,3,3,3,1
LN-10258,0,0,0,0,0,0,0,0,0,0,0,0,0
LN-10259,1,0,0,0,0,0,0,0,0,0,0,0,0
LN-10260,0,0,0,0,1,0,0,1,0,0,0,0,0
LN-10261,0,0,0,0,0,0,0,0,0,1,0,0,0
LN-10262,0,0,0,0,0,1,0,0,0,0,0,0,0
LN-10263,1,2,1,2,1,2,1,0,0,1,0,1,1
LN-10264,0,0,0,0,1,0,0,0,0,0,0,0,0
LN-10265,0,0,0,0,0,0,1,0,0,1,2,1,1
LN-10266,0,1,0,0,0,0,0,0,0,0,0,0,0
LN-10267,0,0,0,0,0,0,0,0,0,0,0,0,0
LN-10268,0,0,0,0,0,0,0,0,0,0,0,0,0
LN-10269,1,0,0,0,1,0,1,2,1,2,1,2,1
LN-10270,0,0,0,1,2,1,0,0,1,2,3,3,1
LN-10271,1,0,0,0,0,1,2,3,3,3,3,3,1
LN-10272,0,0,1,0,0,1,0,0,0,0,0,0,0
LN-10273,0,0,0,0,0,0,0,0,0,0,0,0,0
LN-10274,1,2,3,3,3,3,3,3,3,3,3,3,1
LN-10275,0,0,0,0,0,0,0,0,0,1,0,0,0
LN-10276,1,2,3,3,3,3,3,3,3,3,3,3,1
LN-10277,1,2,1,2,1,0,1,2,1,0,1,2,1
LN-10278,0,0,1,0,1,0,0,0,1,0,1,0,1
LN-10279,0,0,0,0,0,0,0,0,0,0,0,0,0
LN-10280,0,0,0,0,1,0,0,0,0,0,0,0,0
LN-10281,0,0,0,0,0,0,0,0,0,0,0,0,0
LN-10282,1,0,1,0,0,0,1,2,1,0,0,1,1
LN-10283,0,0,0,0,0,1,0,0,0,1,2,1,1
LN-10284,0,1,2,1,0,0,0,0,0,1,0,1,1
LN-10285,0,0,0,1,0,0,0,0,0,1,2,3,1
LN-10286,0,0,0,0,0,0,0,0,0,0,0,0,0
LN-10287,0,0,1,0,0,0,0,0,0,0,0,0,0
LN-10288,0,0,0,1,2,1,2,3,3,3,3,3,1
LN-10289,0,0,0,0,0,0,0,0,0,0,0,0,0
LN-10290,1,0,0,0,1,0,1,2,3,3,3,3,1
LN-10291,0,0,1,0,1,0,0,1,0,1,2,3,1
LN-10292,0,0,0,0,0,0,0,0,0,0,0,0,0
LN-10293,0,1,2,1,0,0,0,0,0,1,2,1,1
LN-10294,1,0,0,0,1,0,1,2,3,3,3,3,1
LN-10295,0,0,0,0,0,0,0,0,0,0,0,0,0
LN-10296,0,0,0,0,0,0,0,0,0,0,0,0,0
LN-10297,0,0,0,0,0,0,0,0,0,0,0,0,0
LN-10298,0,1,0,0,0,0,1,0,0,0,1,2,1
LN-10299,1,0,1,0,0,1,0,0,1,0,0,1,1
LN-10300,0,0,0,0,0,0,0,0,1,0,0,0,0
LN-10301,0,0,0,0,0,0,0,0,0,0,0,1,0
LN-10302,0,0,0,0,0,0,0,0,0,0,0,1,0
LN-10303,0,0,1,0,1,2,1,0,1,2,3,3,1
LN-10304,0,0,1,0,1,0,0,1,2,3,3,3,1
LN-10305,0,0,0,0,0,0,0,0,0,0,0,0,0
LN-10306,0,0,0,0,0,0,0,0,0,0,0,0,0
LN-10307,0,0,1,2,1,0,1,2,1,2,1,0,1
LN-10308,0,0,0,0,0,0,0,1,0,1,0,0,0
LN-10309,0,0,0,0,0,0,1,0,0,1,0,0,0
LN-10310,0,0,0,0,0,0,0,0,0,0,0,0,0
LN-10311,0,0,0,0,0,0,0,0,0,0,0,0,0
LN-10312,0,0,0,0,0,0,0,0,0,0,0,0,0
LN-10313,0,0,0,0,0,1,0,0,1,0,0,0,0
LN-10314,0,0,0,0,0,0,0,0,0,0,0,0,0
LN-10315,0,0,0,0,0,0,0,0,0,0,0,0,0
LN-10316,0,1,0,1,0,0,1,0,1,2,1,2,1
LN-10317,0,0,0,0,0,0,0,0,0,0,0,0,0
LN-10318,0,0,0,0,0,0,0,0,0,0,0,0,0
LN-10319,0,0,0,0,0,0,0,0,0,0,0,0,0
LN-10320,0,0,0,0,0,0,0,0,0,0,0,0,0
LN-10321,0,1,2,3,3,3,3,3,3,3,3,3,1
LN-10322,0,0,0,0,0,0,0,0,0,0,0,0,0
LN-10323,0,1,0,1,0,1,0,1,2,3,3,3,1
LN-10324,0,0,0,0,0,0,0,0,0,0,0,0,0
LN-10325,0,0,0,0,0,0,0,0,0,0,0,0,0
LN-10326,1,0,0,0,1,2,3,3,3,3,3,3,1
LN-10327,1,0,0,1,2,3,3,3,3,3,3,3,1
LN-10328,0,0,0,0,0,0,0,0,0,0,0,0,0
LN-10329,0,0,0,0,0,0,1,2,3,3,3,3,1
LN-10330,0,0,0,0,0,0,0,0,0,0,0,0,0
LN-10331,1,0,1,0,1,0,0,1,0,1,2,1,1
LN-10332,0,0,1,0,0,0,0,0,1,0,1,0,1
LN-10333,0,0,0,1,0,1,0,0,0,0,0,1,1
LN-10334,0,0,0,0,0,0,0,0,0,0,0,0,0
LN-10335,0,1,0,0,1,2,1,2,1,0,0,0,1
LN-10336,1,0,0,0,1,2,1,0,1,2,1,2,1
LN-10337,0,0,0,0,0,0,0,1,0,0,0,0,0
LN-10338,0,0,0,0,0,0,0,0,0,0,0,0,0
LN-10339,0,0,0,0,0,0,0,0,0,0,0,0,0
LN-10340,0,0,0,0,0,0,0,0,0,0,0,0,0
LN-10341,0,0,1,0,0,0,0,1,2,3,3,3,1
LN-10342,0,0,0,0,1,2,1,0,0,1,2,1,1
LN-10343,0,0,0,0,1,0,0,0,0,0,0,0,0
LN-10344,1,2,1,0,0,0,0,0,1,0,0,1,1
LN-10345,0,0,0,0,0,0,0,0,0,0,0,0,0
LN-10346,0,0,0,0,0,0,0,0,0,0,0,0,0
LN-10347,0,0,0,0,0,0,0,0,0,0,0,0,0
LN-10348,0,0,0,1,0,0,0,0,0,0,0,0,0
LN-10349,0,0,0,0,0,0,0,0,0,0,0,0,0
LN-10350,0,0,0,0,0,0,0,0,0,0,0,0,0
LN-10351,1,0,0,1,2,3,3,3,3,3,3,3,1
LN-10352,0,0,0,0,0,0,0,0,0,0,0,0,0
LN-10353,0,0,1,0,1,0,0,0,0,0,1,2,1
LN-10354,0,0,0,0,0,0,0,0,0,0,0,0,0
LN-10355,1,0,0,1,2,1,2,3,3,3,3,3,1
LN-10356,0,0,0,0,0,0,0,0,0,0,0,0,0
LN-10357,0,0,0,0,0,0,0,0,0,0,0,0,0
LN-10358,0,1,0,0,0,0,1,2,3,3,3,3,1
LN-10359,0,0,0,0,0,1,2,3,3,3,3,3,1
LN-10360,0,0,1,0,0,0,0,0,0,0,0,0,0
LN-10361,0,0,0,1,2,3,3,3,3,3,3,3,1
LN-10362,0,0,0,0,0,0,1,0,0,0,0,0,0
LN-10363,0,0,0,0,0,0,0,0,0,0,0,0,0
LN-10364,0,0,0,0,0,0,0,0,0,0,0,0,0
LN-10365,0,0,0,1,0,0,0,1,0,0,1,0,0
LN-10366,0,0,0,0,0,0,0,0,0,0,0,0,0
LN-10367,0,0,0,1,2,3,3,3,3,3,3,3,1
LN-10368,1,0,0,0,1,0,1,2,3,3,3,3,1
LN-10369,0,1,0,0,0,0,0,0,1,0,0,0,0
LN-10370,0,0,0,0,0,0,0,0,0,0,0,0,0
LN-10371,1,2,1,0,0,0,0,0,1,0,0,1,1
LN-10372,0,0,1,0,1,0,1,0,0,1,0,1,1
LN-10373,0,0,0,0,0,0,0,0,0,0,0,0,0
LN-10374,0,0,0,0,0,0,0,0,1,0,0,0,0
LN-10375,0,1,0,0,0,1,0,1,2,3,3,3,1
LN-10376,0,0,0,0,0,1,0,0,1,0,1,0,1
LN-10377,0,0,0,0,0,0,0,0,0,0,0,0,0
LN-10378,0,0,0,0,0,0,0,0,0,0,0,0,0
LN-10379,0,0,0,0,0,0,0,0,0,0,0,0,0
LN-10380,0,0,0,1,0,0,0,0,0,0,0,0,0
LN-10381,0,0,0,0,0,0,0,0,0,0,0,0,0
LN-10382,1,0,0,0,0,1,2,3,3,3,3,3,1
LN-10383,0,0,0,1,0,0,0,0,0,1,0,1,1
LN-10384,1,0,0,1,2,1,0,1,0,0,1,2,1
LN-10385,0,0,0,0,0,0,0,0,0,0,0,0,0
LN-10386,1,2,3,3,3,3,3,3,3,3,3,3,1
LN-10387,0,1,0,0,0,0,1,0,0,0,0,0,0
LN-10388,1,0,1,0,1,0,1,2,3,3,3,3,1
LN-10389,0,0,0,0,0,0,0,0,0,0,0,0,0
LN-10390,0,0,0,1,2,1,0,0,0,0,1,2,1
LN-10391,0,0,1,2,3,3,3,3,3,3,3,3,1
LN-10392,0,1,0,0,0,0,1,0,1,2,3,3,1
LN-10393,0,1,0,1,2,1,2,3,3,3,3,3,1
LN-10394,0,0,1,0,0,0,0,0,0,0,0,0,0
LN-10395,0,0,0,1,0,0,0,0,0,0,0,0,0
LN-10396,0,0,0,1,0,0,1,0,0,0,0,0,0
LN-10397,0,0,1,0,0,1,2,3,3,3,3,3,1
LN-10398,1,0,0,1,0,0,1,2,1,0,0,0,1
LN-10399,0,0,0,0,0,0,0,0,0,0,0,0,0
LN-10400,0,0,0,0,0,0,0,0,0,0,0,0,0
LN-10401,0,0,0,0,0,0,0,0,0,0,0,0,0
LN-10402,0,0,0,0,0,0,0,0,1,0,0,0,0
LN-10403,1,0,0,0,0,1,0,1,0,1,0,1,1
LN-10404,0,0,0,0,0,0,1,2,1,0,0,0,0
LN-10405,0,1,0,1,0,0,0,1,2,1,2,3,1
LN-10406,0,0,0,0,0,0,0,1,0,0,0,1,0
LN-10407,0,0,0,0,0,0,0,0,0,1,0,0,0
LN-10408,0,0,1,2,1,0,0,1,2,1,0,1,1
LN-10409,0,0,0,0,0,0,0,0,1,0,0,0,0
LN-10410,0,0,0,0,0,0,0,0,0,0,0,0,0
LN-10411,1,0,1,2,1,0,1,0,1,2,3,3,1
LN-10412,0,0,0,0,0,0,0,0,1,2,1,0,1
LN-10413,0,0,0,0,0,0,0,0,0,0,1,0,0
LN-10414,0,0,0,0,1,0,0,0,0,0,0,0,0
LN-10415,1,2,1,0,0,1,0,1,2,3,3,3,1
LN-10416,0,0,0,0,0,0,0,0,0,0,0,0,0
LN-10417,0,1,0,1,2,1,0,1,0,1,2,3,1
LN-10418,0,1,0,1,2,1,0,0,1,0,1,0,1
LN-10419,0,0,0,1,0,1,0,1,2,1,0,0,1
LN-10420,0,0,0,0,0,0,0,0,0,0,0,0,0
LN-10421,0,0,0,0,0,0,0,0,0,0,0,0,0
LN-10422,0,0,1,0,1,0,0,1,0,0,0,1,1
LN-10423,1,2,3,3,3,3,3,3,3,3,3,3,1
LN-10424,0,0,1,0,0,0,1,0,0,0,1,2,1
LN-10425,0,0,0,0,0,0,0,0,0,0,0,0,0
LN-10426,0,0,0,0,0,0,0,0,0,1,0,0,0
LN-10427,0,0,0,0,0,0,0,0,1,0,0,0,0
LN-10428,1,0,0,0,0,0,1,0,0,0,0,0,0
LN-10429,0,0,0,0,0,1,0,0,1,2,1,0,1
LN-10430,0,0,0,1,0,0,0,0,0,0,0,0,0
LN-10431,0,0,0,0,0,0,0,0,1,0,0,0,0
LN-10432,0,1,2,1,2,1,0,1,2,3,3,3,1
LN-10433,0,0,0,0,0,0,0,0,0,1,0,0,0
LN-10434,0,0,0,0,0,0,0,0,0,0,0,0,0
LN-10435,0,0,1,0,1,0,1,2,3,3,3,3,1
LN-10436,1,0,0,0,0,0,0,0,0,1,0,0,0
LN-10437,0,0,0,0,0,0,0,0,0,0,0,0,0
LN-10438,0,0,0,0,0,0,0,0,0,0,0,0,0
LN-10439,0,0,0,0,0,1,0,0,0,0,0,0,0
LN-10440,0,0,0,0,0,0,0,0,0,0,0,0,0
LN-10441,0,0,0,0,0,0,0,0,0,0,0,0,0
LN-10442,0,0,0,0,0,0,0,0,0,0,0,0,0
LN-10443,1,0,0,1,0,0,1,0,0,1,2,1,1
LN-10444,1,0,0,0,0,0,1,2,1,0,0,1,1
LN-10445,0,1,2,1,2,1,2,1,2,1,2,3,1
LN-10446,1,2,3,3,3,3,3,3,3,3,3,3,1
LN-10447,0,0,0,0,0,1,0,0,0,0,0,0,0
LN-10448,0,1,0,0,0,0,1,0,0,0,0,0,0
LN-10449,0,0,0,1,0,0,0,1,2,3,3,3,1
LN-10450,0,0,1,0,0,0,0,0,0,0,0,0,0
LN-10451,0,0,0,0,0,0,0,0,0,0,0,0,0
LN-10452,0,0,0,0,0,0,0,0,0,0,0,0,0
LN-10453,0,0,0,0,1,2,1,2,3,3,3,3,1
LN-10454,0,0,0,0,0,0,0,0,0,0,0,0,0
LN-10455,0,0,0,0,0,0,0,1,2,1,0,0,0
LN-10456,0,0,0,0,0,0,0,0,0,0,0,0,0
LN-10457,0,0,1,0,0,0,0,0,0,0,0,1,0
LN-10458,1,0,1,0,1,2,1,0,1,2,3,3,1
LN-10459,0,0,0,1,0,1,0,0,0,1,2,1,1
LN-10460,0,0,0,0,0,0,0,0,0,0,0,0,0
LN-10461,0,1,2,3,3,3,3,3,3,3,3,3,1
LN-10462,0,0,0,0,0,0,0,0,1,0,0,0,0
LN-10463,1,2,3,3,3,3,3,3,3,3,3,3,1
LN-10464,0,1,0,0,0,0,0,0,0,0,0,0,0
LN-10465,0,0,0,0,0,0,0,0,0,0,0,0,0
LN-10466,0,0,0,0,1,2,3,3,3,3,3,3,1
LN-10467,0,0,0,0,0,0,0,0,0,0,0,0,0
LN-10468,1,0,1,0,1,0,0,1,0,1,2,3,1
LN-10469,0,0,0,0,0,0,0,0,0,0,0,0,0
LN-10470,0,0,0,0,0,0,0,0,0,0,0,0,0
LN-10471,0,1,0,0,0,0,0,0,0,0,0,0,0
LN-10472,0,0,0,0,0,0,0,0,0,0,0,0,0
LN-10473,0,0,0,0,0,0,0,0,0,0,0,0,0
LN-10474,0,0,1,0,0,1,0,1,2,3,3,3,1
LN-10475,0,0,0,1,2,3,3,3,3,3,3,3,1
LN-10476,0,0,0,0,0,0,0,0,0,0,0,0,0
LN-10477,0,0,0,0,0,0,0,0,0,0,0,1,0
LN-10478,0,0,0,0,0,0,0,0,0,0,0,0,0
LN-10479,0,0,0,1,0,1,0,1,2,3,3,3,1
LN-10480,0,0,0,0,0,0,0,0,0,0,0,0,0
LN-10481,0,0,0,0,0,0,0,0,0,1,0,0,0
LN-10482,0,1,0,1,0,0,1,0,0,0,0,1,1
LN-10483,0,0,0,0,0,0,0,0,0,0,0,0,0
LN-10484,0,0,1,0,0,1,0,0,0,1,2,3,1
LN-10485,0,1,0,0,1,0,0,1,2,3,3,3,1
LN-10486,0,0,0,0,0,0,0,0,1,0,1,0,1
LN-10487,1,0,0,1,0,0,1,0,1,2,3,3,1
LN-10488,0,0,0,0,0,0,0,0,0,0,0,0,0
LN-10489,0,0,0,1,2,1,0,1,2,1,0,1,1
LN-10490,0,0,0,0,0,0,0,0,0,0,0,0,0
LN-10491,0,0,0,0,1,0,1,0,1,0,0,0,1
LN-10492,1,0,0,0,1,0,0,1,2,1,2,3,1
LN-10493,0,0,0,0,0,0,0,0,0,0,0,0,0
LN-10494,0,0,0,0,0,0,0,0,0,0,0,0,0
LN-10495,0,0,0,1,0,0,0,0,0,0,0,0,0
LN-10496,0,0,1,0,0,0,0,0,0,0,0,0,0
LN-10497,0,0,0,0,0,1,0,0,0,0,0,0,0
LN-10498,0,0,0,0,1,0,0,0,0,0,1,0,0
LN-10499,1,0,0,1,2,1,0,0,0,0,1,2,1
LN-10500,0,0,0,0,0,0,0,0,0,0,0,0,0
LN-10501,0,1,2,1,0,1,0,1,2,3,3,3,1
LN-10502,0,1,0,0,0,1,0,0,1,0,1,2,1
LN-10503,0,0,0,0,0,1,2,1,0,0,0,0,0
LN-10504,0,0,0,0,0,1,0,0,0,0,0,0,0
LN-10505,0,0,0,0,0,0,0,0,0,0,0,0,0
LN-10506,1,0,0,1,2,1,0,1,0,1,0,0,1
LN-10507,0,0,0,0,0,0,0,0,0,0,0,0,0
LN-10508,0,1,0,1,2,3,3,3,3,3,3,3,1
LN-10509,0,0,0,1,0,1,2,3,3,3,3,3,1
LN-10510,0,0,0,0,0,0,0,0,0,0,0,0,0
LN-10511,0,0,0,0,0,0,0,0,0,0,0,0,0
LN-10512,0,0,0,0,0,0,0,0,0,0,0,0,0
LN-10513,1,0,1,2,1,2,1,0,1,2,3,3,1
LN-10514,0,1,0,0,1,0,1,0,0,0,0,0,0
LN-10515,1,0,0,0,0,1,0,1,2,1,2,1,1
LN-10516,0,0,0,1,0,0,0,0,0,0,0,0,0
LN-10517,0,0,0,0,0,0,0,0,0,1,0,0,0
LN-10518,0,1,0,1,2,3,3,3,3,3,3,3,1
LN-10519,0,0,0,0,0,0,0,0,0,0,0,0,0
LN-10520,0,1,0,0,0,0,0,0,0,1,0,0,1
LN-10521,0,0,0,1,2,3,3,3,3,3,3,3,1
LN-10522,1,0,1,0,0,0,0,0,1,2,3,3,1
LN-10523,0,0,1,2,3,3,3,3,3,3,3,3,1
LN-10524,0,0,0,0,0,0,0,0,0,0,1,0,0
LN-10525,0,0,0,0,0,0,0,0,0,0,0,0,0
LN-10526,0,1,0,1,0,0,1,0,1,0,1,2,1
LN-10527,0,0,0,0,0,0,0,0,0,0,0,0,0
LN-10528,0,0,1,0,0,0,0,0,0,0,1,0,1
LN-10529,0,1,0,1,0,0,0,0,0,0,0,0,0
LN-10530,0,0,1,2,3,3,3,3,3,3,3,3,1
LN-10531,0,1,0,0,0,1,0,0,1,2,1,2,1
LN-10532,0,0,1,0,1,0,1,0,1,0,1,0,1
LN-10533,0,0,1,0,1,2,3,3,3,3,3,3,1
LN-10534,1,0,0,0,0,0,0,1,0,0,0,0,0
LN-10535,0,0,0,0,0,0,0,0,0,0,0,0,0
LN-10536,1,0,1,2,1,2,3,3,3,3,3,3,1
LN-10537,0,0,0,0,0,0,0,0,0,0,0,0,0
LN-10538,1,0,1,0,1,0,1,0,0,0,1,0,1
LN-10539,0,0,0,0,0,0,0,0,0,0,0,0,0
LN-10540,0,1,2,1,0,1,0,0,0,0,0,1,1
LN-10541,0,0,1,2,1,0,1,2,1,2,1,2,1
LN-10542,0,0,0,0,0,0,0,0,0,0,0,0,0
LN-10543,1,2,3,3,3,3,3,3,3,3,3,3,1
LN-10544,0,0,0,0,0,0,0,0,0,0,0,0,0
LN-10545,0,0,0,0,0,0,0,0,0,0,0,0,0
LN-10546,0,0,0,0,0,0,0,0,0,0,0,0,0
LN-10547,1,0,0,0,0,0,0,0,0,0,0,0,0
LN-10548,0,0,0,0,0,0,0,1,0,0,0,0,0
LN-10549,0,1,0,1,0,0,0,1,2,1,0,1,1
LN-10550,0,0,1,2,1,2,3,3,3,3,3,3,1
LN-10551,0,1,0,0,0,0,0,0,0,0,0,0,0
LN-10552,0,0,0,0,0,0,1,0,0,0,0,0,0
LN-10553,0,0,0,1,2,3,3,3,3,3,3,3,1
LN-10554,0,1,0,0,1,2,3,3,3,3,3,3,1
LN-10555,1,2,1,0,0,1,2,3,3,3,3,3,1
LN-10556,0,1,2,3,3,3,3,3,3,3,3,3,1
LN-10557,0,1,0,0,0,1,0,0,0,0,0,0,0
LN-10558,0,0,0,0,0,0,0,0,0,0,0,0,0
LN-10559,0,0,0,0,0,0,0,0,0,0,0,0,0
LN-10560,0,0,0,1,2,1,0,0,1,2,1,0,1
LN-10561,0,1,0,0,0,1,2,1,0,0,1,0,1
LN-10562,0,0,0,0,0,0,0,0,0,0,0,0,0
LN-10563,1,2,1,0,0,1,2,3,3,3,3,3,1
LN-10564,0,0,0,0,0,0,0,0,0,0,0,0,0
LN-10565,0,0,0,0,0,0,0,0,0,0,0,0,0
LN-10566,0,0,0,0,0,0,1,0,0,0,0,1,0
LN-10567,0,0,0,0,0,0,0,0,0,0,0,0,0
LN-10568,1,2,3,3,3,3,3,3,3,3,3,3,1
LN-10569,0,0,0,0,0,0,0,0,0,0,0,0,0
LN-10570,0,0,1,0,0,0,0,0,0,0,0,0,0
LN-10571,1,0,0,0,0,1,2,3,3,3,3,3,1
LN-10572,0,0,0,1,0,0,0,1,0,0,0,0,1
LN-10573,1,0,0,0,0,1,0,0,1,0,1,0,1
LN-10574,0,0,0,0,0,0,0,0,0,0,0,0,0
LN-10575,1,0,1,2,1,2,1,0,1,0,0,1,1
LN-10576,0,0,0,0,0,0,0,0,0,0,0,0,0
LN-10577,0,0,0,0,0,0,0,0,0,0,0,0,0
LN-10578,1,2,1,0,1,2,3,3,3,3,3,3,1
LN-10579,0,0,0,0,0,0,0,0,0,0,0,1,0
LN-10580,0,0,0,0,1,0,0,0,0,0,0,0,0
LN-10581,0,1,0,0,0,0,0,0,0,1,2,3,1
LN-10582,1,0,0,0,0,1,0,1,0,1,2,3,1
LN-10583,1,0,0,0,1,2,3,3,3,3,3,3,1
LN-10584,0,1,2,1,0,0,1,0,0,0,1,0,1
LN-10585,1,2,3,3,3,3,3,3,3,3,3,3,1
LN-10586,1,0,0,1,0,1,2,1,2,3,3,3,1
LN-10587,1,0,0,0,0,0,0,0,0,0,0,1,0
LN-10588,1,2,1,0,0,0,1,2,3,3,3,3,1
LN-10589,1,2,1,2,1,0,1,2,3,3,3,3,1
LN-10590,0,0,0,0,0,0,0,0,0,0,0,1,0
LN-10591,0,1,0,0,1,0,1,2,1,2,3,3,1
LN-10592,0,1,2,1,0,1,0,0,1,0,1,0,1
LN-10593,0,0,0,0,0,0,0,0,0,0,0,0,0
LN-10594,0,0,0,0,0,0,0,0,0,0,0,0,0
LN-10595,0,0,0,0,0,0,0,0,0,0,0,0,0
LN-10596,0,0,0,0,0,0,0,0,0,0,0,0,0
LN-10597,1,0,0,0,0,0,0,0,0,0,0,0,0
LN-10598,0,0,0,0,0,0,0,0,0,0,0,0,0
LN-10599,0,1,0,1,0,0,1,0,1,0,0,1,1
LN-10600,0,0,0,1,2,3,3,3,3,3,3,3,1
LN-10601,0,1,2,3,3,3,3,3,3,3,3,3,1
LN-10602,0,1,0,0,1,0,0,1,0,0,0,0,1
LN-10603,0,0,1,2,3,3,3,3,3,3,3,3,1
LN-10604,0,0,0,0,0,0,0,0,0,0,0,0,0
LN-10605,0,0,0,0,0,0,0,0,0,0,0,0,0
LN-10606,0,0,1,0,0,0,1,2,1,0,0,1,1
LN-10607,0,0,0,0,0,0,0,0,0,0,0,0,0
LN-10608,0,0,1,0,1,2,3,3,3,3,3,3,1
LN-10609,0,0,0,0,1,2,3,3,3,3,3,3,1
LN-10610,0,0,0,0,0,0,0,0,0,0,0,0,0
LN-10611,0,0,0,0,0,0,0,0,0,0,0,0,0
LN-10612,0,0,0,0,0,0,0,0,0,0,0,0,0
LN-10613,0,0,0,0,0,0,0,0,0,0,0,0,0
LN-10614,0,0,0,0,0,0,0,0,0,0,0,0,0
LN-10615,0,0,0,0,0,1,0,0,0,0,0,0,0
LN-10616,0,0,0,1,2,3,3,3,3,3,3,3,1
LN-10617,0,1,0,0,1,0,1,2,3,3,3,3,1
LN-10618,0,0,0,0,0,0,0,0,0,0,0,1,0
LN-10619,1,2,1,0,0,1,2,3,3,3,3,3,1
LN-10620,1,2,1,0,1,2,3,3,3,3,3,3,1
LN-10621,1,2,1,2,3,3,3,3,3,3,3,3,1
LN-10622,0,0,0,0,0,0,0,0,0,0,0,0,0
LN-10623,0,1,0,1,2,3,3,3,3,3,3,3,1
LN-10624,0,0,0,0,0,0,0,0,0,0,0,0,0
LN-10625,1,0,0,0,0,0,0,0,0,0,0,0,0
LN-10626,0,0,0,0,0,0,0,0,0,0,0,0,0
LN-10627,0,1,2,3,3,3,3,3,3,3,3,3,1
LN-10628,0,0,0,0,1,0,1,0,1,0,1,2,1
LN-10629,0,1,0,0,0,0,0,1,2,3,3,3,1
LN-10630,0,0,0,0,0,0,0,0,0,0,0,0,0
LN-10631,0,0,1,0,1,2,1,2,1,0,1,0,1
LN-10632,0,1,2,1,0,0,1,2,1,0,0,1,1
LN-10633,0,0,0,1,0,0,0,0,0,0,0,0,0
LN-10634,0,0,0,0,0,0,0,0,0,0,0,0,0
LN-10635,1,0,1,0,0,0,1,2,1,0,1,0,1
LN-10636,0,0,0,0,0,0,0,0,0,0,0,0,0
LN-10637,0,0,0,0,0,0,0,0,0,0,0,0,0
LN-10638,0,0,0,0,0,0,0,0,0,1,0,0,0
LN-10639,0,0,0,0,0,0,0,0,0,1,0,0,0
LN-10640,0,0,0,0,0,0,0,0,0,0,0,0,0
LN-10641,0,0,0,0,0,1,0,1,0,0,0,0,0
LN-10642,1,2,3,3,3,3,3,3,3,3,3,3,1
LN-10643,0,0,0,0,0,0,0,1,0,0,0,0,0
LN-10644,0,0,0,0,0,0,0,0,0,0,0,0,0
LN-10645,0,0,0,0,0,0,0,0,0,0,0,0,0
LN-10646,0,0,0,0,0,0,0,0,0,1,0,0,0
LN-10647,0,0,0,0,0,0,0,0,0,0,0,1,0
LN-10648,0,0,0,0,0,0,0,0,0,1,0,0,0
LN-10649,0,0,0,0,0,0,0,0,0,0,0,0,0
LN-10650,0,0,0,0,0,0,0,1,0,0,0,0,0
LN-10651,0,0,0,0,0,0,0,0,0,0,0,0,0
LN-10652,0,0,0,0,0,0,0,0,0,0,0,0,0
LN-10653,0,0,1,0,0,0,0,0,0,0,0,0,0
LN-10654,0,0,0,0,0,0,0,0,0,0,0,0,0
LN-10655,0,1,0,0,1,0,0,0,1,0,0,0,1
LN-10656,0,0,0,0,0,0,1,2,3,3,3,3,1
LN-10657,1,0,0,0,0,0,0,0,0,0,0,0,0
LN-10658,0,0,0,0,0,1,0,0,0,0,0,0,0
LN-10659,0,0,0,0,1,0,1,2,1,0,0,1,1
LN-10660,0,0,1,0,0,1,2,1,2,3,3,3,1
LN-10661,1,0,0,0,0,0,0,0,0,0,0,0,0
LN-10662,0,0,0,0,0,0,0,1,0,0,0,0,0
LN-10663,0,1,2,3,3,3,3,3,3,3,3,3,1
LN-10664,0,1,0,1,0,1,0,1,2,3,3,3,1
LN-10665,0,0,0,0,0,0,0,0,0,0,0,0,0
LN-10666,0,0,0,0,0,0,0,1,0,0,0,0,0
LN-10667,1,2,3,3,3,3,3,3,3,3,3,3,1
LN-10668,0,0,0,0,0,0,0,0,0,1,0,0,0
LN-10669,0,0,0,0,1,0,0,0,0,0,0,0,0
LN-10670,0,0,0,0,0,0,0,0,0,0,0,0,0
LN-10671,1,0,1,2,3,3,3,3,3,3,3,3,1
LN-10672,0,0,0,0,0,0,1,0,1,0,0,0,1
LN-10673,0,0,0,1,0,1,0,0,0,0,1,0,1
LN-10674,0,0,0,0,0,0,0,0,0,0,0,0,0
LN-10675,0,0,0,0,0,0,0,0,0,0,0,0,0
LN-10676,0,0,0,0,0,0,0,0,0,0,0,0,0
LN-10677,0,0,0,0,0,0,0,0,0,0,0,0,0
LN-10678,0,0,0,1,2,1,2,3,3,3,3,3,1
LN-10679,0,0,1,0,0,0,1,0,0,0,0,0,0
LN-10680,1,0,0,1,2,3,3,3,3,3,3,3,1
LN-10681,0,0,1,2,3,3,3,3,3,3,3,3,1
LN-10682,1,0,1,2,3,3,3,3,3,3,3,3,1
LN-10683,0,1,2,1,2,3,3,3,3,3,3,3,1
LN-10684,0,0,0,0,0,0,0,0,0,0,0,0,0
LN-10685,0,0,0,1,0,0,0,0,0,0,1,0,0
LN-10686,1,2,3,3,3,3,3,3,3,3,3,3,1
LN-10687,1,0,0,1,2,3,3,3,3,3,3,3,1
LN-10688,0,0,0,0,0,1,0,0,0,0,0,0,0
LN-10689,0,0,0,0,0,0,0,0,0,0,0,0,0
LN-10690,0,1,0,0,0,0,0,0,0,0,0,0,0
LN-10691,0,0,0,0,0,0,0,0,0,0,0,0,0
LN-10692,0,0,0,0,0,1,0,1,2,1,0,1,1
LN-10693,0,1,2,1,0,0,0,0,1,0,0,0,1
LN-10694,0,0,0,0,0,0,0,0,0,0,0,0,0
LN-10695,0,0,0,0,0,0,0,1,0,0,0,0,0
LN-10696,0,0,0,0,0,0,0,0,0,1,0,0,0
LN-10697,0,0,0,0,0,0,0,0,0,0,0,0,0
LN-10698,0,0,0,0,0,0,0,1,0,0,0,0,0
LN-10699,1,2,1,0,1,0,0,0,1,2,3,3,1
LN-10700,1,0,1,0,0,1,2,3,3,3,3,3,1
LN-10701,0,0,0,0,0,0,0,0,0,0,0,0,0
LN-10702,0,0,0,0,0,0,0,0,0,1,0,0,0
LN-10703,0,0,1,0,1,0,0,1,0,0,0,1,1
LN-10704,1,2,1,2,1,2,1,0,0,1,2,1,1
LN-10705,0,0,0,0,0,0,0,0,1,0,0,0,0
LN-10706,1,0,1,0,0,1,0,0,0,1,0,0,1
LN-10707,0,0,0,0,0,0,0,0,0,0,0,0,0
LN-10708,0,1,0,0,1,2,3,3,3,3,3,3,1
LN-10709,0,0,0,0,1,0,0,1,0,1,2,1,1
LN-10710,1,0,1,0,0,1,0,0,0,1,0,1,1
LN-10711,1,0,0,1,0,0,1,2,3,3,3,3,1
LN-10712,0,0,0,0,0,0,0,0,0,0,0,0,0
LN-10713,0,0,0,0,0,0,0,0,0,0,0,0,0
LN-10714,0,0,0,0,0,1,0,0,0,0,0,0,0
LN-10715,0,0,1,2,1,0,0,0,0,1,0,1,1
LN-10716,0,0,1,0,1,2,1,0,1,2,3,3,1
LN-10717,0,0,1,0,1,2,1,0,0,1,0,0,1
LN-10718,0,0,0,0,0,0,0,0,1,2,1,2,1
LN-10719,0,0,1,0,1,2,3,3,3,3,3,3,1
LN-10720,0,0,0,0,0,0,0,0,0,0,0,0,0
LN-10721,0,0,1,0,0,1,2,1,0,1,0,1,1
LN-10722,0,0,0,0,0,0,0,0,0,0,0,0,0
LN-10723,0,0,0,0,0,0,0,0,0,0,0,0,0
LN-10724,0,0,0,0,0,0,0,0,0,1,0,0,0
LN-10725,0,0,0,0,0,0,0,0,0,0,0,0,0
LN-10726,0,0,0,0,0,0,0,0,0,1,0,0,0
LN-10727,0,0,0,0,0,0,0,0,0,0,0,0,0
LN-10728,0,1,0,0,0,1,0,0,1,0,1,2,1
LN-10729,0,0,0,0,0,0,0,0,0,1,2,1,1
LN-10730,1,0,0,0,0,0,1,2,1,2,3,3,1
LN-10731,0,0,0,0,0,1,0,0,0,0,0,0,0
LN-10732,0,0,0,0,0,0,1,0,0,0,0,0,0
LN-10733,0,0,0,0,0,0,0,0,0,0,0,0,0
LN-10734,0,0,0,0,0,0,0,0,0,0,0,0,0
LN-10735,1,2,3,3,3,3,3,3,3,3,3,3,1
LN-10736,0,0,0,0,0,0,0,0,0,0,0,0,0
LN-10737,0,0,0,0,0,0,0,0,0,0,0,0,0
LN-10738,1,0,0,0,1,2,1,0,1,2,3,3,1
LN-10739,0,1,0,1,0,0,1,2,1,0,0,0,1
LN-10740,0,0,1,2,1,2,3,3,3,3,3,3,1
LN-10741,0,0,0,0,0,0,0,0,0,0,0,0,0
LN-10742,0,0,0,0,0,1,2,1,0,1,0,1,1
LN-10743,0,0,0,0,0,0,1,0,1,0,1,2,1
LN-10744,0,0,0,0,0,0,0,0,0,0,0,0,0
LN-10745,0,1,2,3,3,3,3,3,3,3,3,3,1
LN-10746,0,0,0,0,0,0,0,0,0,0,0,0,0
LN-10747,0,0,0,0,0,0,0,0,0,0,0,0,0
LN-10748,0,0,0,0,0,0,0,0,0,0,0,0,0
LN-10749,0,1,0,1,0,0,0,1,2,1,0,0,1
LN-10750,0,1,0,0,1,0,0,1,0,0,1,0,1
LN-10751,0,0,0,0,0,0,0,0,0,0,0,0,0
LN-10752,0,0,0,0,0,0,0,0,0,0,0,0,0
LN-10753,0,0,0,0,0,0,0,0,0,0,0,0,0
LN-10754,0,0,1,0,0,0,0,0,0,1,2,3,1
LN-10755,1,2,3,3,3,3,3,3,3,3,3,3,1
LN-10756,1,2,3,3,3,3,3,3,3,3,3,3,1
LN-10757,0,0,0,0,0,0,0,0,0,0,0,0,0
LN-10758,0,0,1,0,0,1,0,1,0,1,2,3,1
LN-10759,1,0,0,0,0,0,0,0,0,0,0,1,0
LN-10760,0,0,0,0,0,0,0,0,0,1,0,0,0
LN-10761,0,0,0,0,0,0,0,0,0,0,0,0,0
LN-10762,0,0,0,0,0,0,0,0,1,0,0,0,0
LN-10763,0,0,0,1,2,1,2,1,2,1,0,0,1
LN-10764,0,0,0,0,0,0,0,0,0,0,0,0,0
LN-10765,0,1,0,1,2,3,3,3,3,3,3,3,1
LN-10766,0,0,1,2,3,3,3,3,3,3,3,3,1
LN-10767,1,0,0,1,2,1,0,0,1,0,1,0,1
LN-10768,0,0,0,0,0,0,0,0,0,0,0,0,0
LN-10769,0,1,0,1,0,0,0,0,0,0,0,0,0
LN-10770,0,0,0,0,0,0,1,0,0,0,0,0,0
LN-10771,0,0,1,0,0,1,0,1,0,0,1,0,1
LN-10772,1,0,0,0,0,0,0,0,0,0,0,0,0
LN-10773,0,0,0,0,0,1,2,3,3,3,3,3,1
LN-10774,1,0,0,0,0,0,1,0,0,0,0,0,0
LN-10775,0,0,0,0,0,0,0,0,0,0,0,0,0
LN-10776,0,0,1,2,1,0,0,0,1,2,3,3,1
LN-10777,0,0,0,0,0,0,0,0,0,0,0,0,0
LN-10778,0,0,0,0,0,0,0,0,0,0,0,0,0
LN-10779,1,0,0,1,2,3,3,3,3,3,3,3,1
LN-10780,0,0,1,0,1,2,1,2,3,3,3,3,1
LN-10781,0,0,0,0,0,0,0,0,0,0,0,0,0
LN-10782,0,0,0,0,0,0,0,0,0,0,0,0,0
LN-10783,0,0,0,0,0,0,0,0,0,0,0,0,0
LN-10784,0,0,0,0,0,0,0,0,0,0,0,0,0
LN-10785,1,0,1,2,3,3,3,3,3,3,3,3,1
LN-10786,0,0,0,1,0,1,0,1,0,0,1,0,1
LN-10787,0,0,0,1,2,3,3,3,3,3,3,3,1
LN-10788,1,0,0,0,1,0,0,0,1,0,1,2,1
LN-10789,1,2,1,2,3,3,3,3,3,3,3,3,1
LN-10790,0,0,0,0,0,0,0,0,0,0,0,0,0
LN-10791,0,0,0,0,0,0,0,1,0,0,0,1,0
LN-10792,0,1,2,1,2,3,3,3,3,3,3,3,1
LN-10793,0,0,0,0,0,0,0,0,0,0,0,0,0
LN-10794,0,0,0,0,1,0,0,0,0,0,0,0,0
LN-10795,0,0,0,0,0,0,0,0,1,0,0,0,0
LN-10796,1,0,1,0,0,0,1,0,1,0,0,0,1
LN-10797,0,0,0,0,0,0,0,0,0,0,0,0,0
LN-10798,0,0,0,0,0,0,0,0,0,0,0,0,0
LN-10799,0,0,0,0,0,0,0,1,0,0,0,0,0
LN-10800,0,0,0,0,0,1,0,1,2,1,0,1,1
LN-10801,1,0,0,1,2,1,0,1,2,3,3,3,1
LN-10802,0,0,0,0,0,0,0,0,0,0,0,0,0
LN-10803,0,0,0,1,0,1,0,1,0,1,0,1,1
LN-10804,0,0,1,0,0,0,0,0,1,0,1,0,1
LN-10805,0,0,0,0,1,0,0,0,1,0,1,2,1
LN-10806,0,0,0,0,1,2,1,2,3,3,3,3,1
LN-10807,0,0,0,0,0,0,0,0,0,1,0,0,0
LN-10808,0,0,0,1,2,3,3,3,3,3,3,3,1
LN-10809,0,0,0,0,0,0,0,0,0,0,0,0,0
LN-10810,0,0,0,1,0,1,2,3,3,3,3,3,1
LN-10811,0,1,2,3,3,3,3,3,3,3,3,3,1
LN-10812,0,0,0,0,0,0,0,0,0,0,0,0,0
LN-10813,0,0,0,0,0,0,0,0,0,0,0,0,0
LN-10814,1,2,3,3,3,3,3,3,3,3,3,3,1
LN-10815,0,0,0,0,0,0,0,0,0,0,0,0,0
LN-10816,0,0,0,0,0,0,0,0,0,0,0,0,0
LN-10817,0,0,0,1,2,1,0,1,2,3,3,3,1
LN-10818,0,0,0,1,0,1,2,1,0,0,0,1,1
LN-10819,1,0,1,0,0,0,1,2,3,3,3,3,1
LN-10820,0,1,0,0,0,0,0,0,0,0,0,0,0
LN-10821,0,0,0,0,0,0,0,0,0,0,0,0,0
LN-10822,1,2,1,0,0,0,1,0,1,2,3,3,1
LN-10823,1,0,0,0,0,0,0,0,0,1,0,0,0
LN-10824,1,0,1,0,0,0,0,0,0,1,0,1,1
LN-10825,0,0,0,0,0,0,0,0,0,0,0,0,0
LN-10826,1,0,0,0,0,0,0,1,0,0,0,1,1
LN-10827,1,2,1,2,3,3,3,3,3,3,3,3,1
LN-10828,0,0,0,0,0,0,0,0,0,0,0,0,0
LN-10829,0,1,0,0,1,0,1,0,0,1,0,0,1
LN-10830,0,0,1,0,0,0,0,0,0,0,0,0,0
LN-10831,0,0,0,0,0,0,0,0,0,0,0,1,0
LN-10832,0,0,0,0,0,0,0,0,0,0,0,0,0
LN-10833,0,0,0,0,0,0,0,0,0,0,0,0,0
LN-10834,0,0,1,0,0,0,0,0,0,0,0,0,0
LN-10835,0,0,0,0,0,0,0,0,0,0,0,0,0
LN-10836,0,0,0,0,0,1,0,0,0,0,0,0,0
LN-10837,0,0,0,0,0,0,0,1,2,1,0,1,1
LN-10838,0,0,0,0,0,0,1,0,0,0,0,0,0
LN-10839,0,0,0,0,0,0,0,0,0,0,0,0,0
LN-10840,0,0,1,0,0,0,1,2,3,3,3,3,1
LN-10841,0,1,0,0,0,0,1,2,1,0,1,0,1
LN-10842,0,0,0,0,0,0,0,0,0,0,0,0,0
LN-10843,0,0,0,0,0,0,0,0,0,0,0,1,0
LN-10844,0,0,1,0,0,0,1,2,1,0,0,0,1
LN-10845,0,0,0,0,0,0,0,0,0,0,0,0,0
LN-10846,1,0,1,0,1,2,3,3,3,3,3,3,1
LN-10847,0,0,0,0,0,0,1,0,0,0,0,1,1
LN-10848,1,0,0,0,0,0,0,0,0,0,0,0,0
LN-10849,0,0,1,2,1,2,3,3,3,3,3,3,1
LN-10850,0,0,0,0,0,0,0,0,0,0,0,0,0
LN-10851,0,0,0,0,0,0,0,0,1,0,0,0,0
LN-10852,0,1,0,0,0,0,0,0,0,0,0,0,0
LN-10853,0,1,0,1,0,0,0,0,1,2,3,3,1
LN-10854,0,0,0,0,0,1,2,3,3,3,3,3,1
LN-10855,0,0,0,0,1,0,0,0,0,0,0,0,0
LN-10856,1,0,0,1,0,1,2,1,0,1,2,3,1
LN-10857,0,0,0,0,0,0,0,0,0,0,0,0,0
LN-10858,0,0,0,1,0,0,1,0,0,1,2,3,1
LN-10859,0,0,0,0,0,0,0,0,0,0,0,0,0
LN-10860,0,0,0,0,0,0,0,0,0,0,0,0,0
LN-10861,0,0,0,0,0,0,0,0,0,0,0,0,0
LN-10862,0,0,0,0,0,0,0,0,0,0,0,0,0
LN-10863,0,0,1,2,1,2,3,3,3,3,3,3,1
LN-10864,1,0,1,2,3,3,3,3,3,3,3,3,1
LN-10865,0,0,0,0,0,0,0,0,0,0,0,0,0
LN-10866,0,0,0,0,0,0,0,0,0,0,0,0,0
LN-10867,0,0,0,0,0,0,0,0,1,0,0,1,0
LN-10868,0,0,0,0,0,0,0,0,0,0,0,0,0
LN-10869,0,0,0,0,0,0,0,0,0,0,0,0,0
LN-10870,1,0,0,0,0,0,0,0,1,0,0,0,1
LN-10871,0,0,0,0,0,0,0,0,0,0,0,0,0
LN-10872,0,1,2,1,0,0,0,1,0,0,1,0,1
LN-10873,1,0,0,1,2,1,2,3,3,3,3,3,1
LN-10874,0,0,0,0,0,0,0,0,0,0,0,0,0
LN-10875,0,0,0,0,0,0,0,0,0,0,0,0,0
LN-10876,0,0,0,1,0,0,0,0,0,0,0,0,0
LN-10877,0,0,0,0,0,0,0,0,0,0,0,0,0
LN-10878,0,0,0,0,0,0,0,0,0,0,0,0,0
LN-10879,0,1,2,1,0,0,1,2,3,3,3,3,1
LN-10880,1,0,0,0,0,0,0,0,0,0,0,0,1
LN-10881,0,0,0,0,1,0,0,0,0,0,0,0,0
LN-10882,0,0,0,0,0,0,0,1,0,0,0,0,0
LN-10883,0,0,1,0,1,0,0,0,0,1,0,0,1
LN-10884,0,0,1,0,1,2,1,0,1,2,1,2,1
LN-10885,1,0,0,0,0,1,2,3,3,3,3,3,1
LN-10886,0,0,0,0,0,1,0,0,0,0,0,1,0
LN-10887,1,2,1,0,0,0,1,0,0,0,0,0,1
LN-10888,1,0,1,2,1,0,1,0,0,1,2,3,1
LN-10889,0,0,0,0,0,0,0,0,0,0,0,0,0
LN-10890,0,0,0,0,0,1,0,0,0,0,0,0,0
LN-10891,0,0,0,0,0,0,0,0,0,0,0,0,0
LN-10892,0,0,0,0,0,0,0,0,0,0,0,0,0
LN-10893,0,1,2,1,0,1,0,0,1,2,3,3,1
LN-10894,0,0,0,0,0,0,0,0,0,0,0,0,0
LN-10895,0,0,0,1,0,0,0,0,0,0,0,0,0
LN-10896,0,0,1,0,0,1,2,1,2,1,0,1,1
LN-10897,0,0,0,0,1,0,0,0,1,0,0,0,0
LN-10898,0,0,0,0,0,1,0,1,0,0,1,2,1
LN-10899,0,1,0,0,1,0,0,0,0,1,0,0,0
LN-10900,0,0,1,0,1,2,3,3,3,3,3,3,1
LN-10901,0,1,2,1,0,1,0,0,1,0,0,1,1
LN-10902,1,0,0,0,0,0,0,0,0,0,0,0,0
LN-10903,0,0,0,0,0,0,0,0,0,0,0,0,0
LN-10904,0,1,0,0,0,0,0,1,2,1,2,1,1
LN-10905,1,0,0,1,2,1,0,1,2,1,2,3,1
LN-10906,0,0,0,0,0,0,0,0,0,0,0,0,0
LN-10907,0,0,0,1,0,1,2,1,0,1,0,0,1
LN-10908,0,0,0,0,1,2,1,2,1,2,3,3,1
LN-10909,0,0,0,0,0,0,0,0,0,0,0,0,0
LN-10910,0,0,0,0,0,0,0,0,0,0,0,0,0
LN-10911,0,1,2,3,3,3,3,3,3,3,3,3,1
LN-10912,1,2,1,0,1,0,0,1,0,1,0,1,1
LN-10913,0,0,0,0,0,0,1,0,0,0,0,0,0
LN-10914,1,0,1,0,1,2,3,3,3,3,3,3,1
LN-10915,0,0,0,0,1,2,1,0,1,0,0,1,1
LN-10916,0,0,0,0,0,0,0,0,0,0,0,0,0
LN-10917,1,0,0,1,2,1,0,0,1,0,1,0,1
LN-10918,1,0,0,1,0,1,2,3,3,3,3,3,1
LN-10919,1,0,0,0,0,1,2,1,2,1,0,1,1
LN-10920,0,0,0,0,0,0,0,0,1,2,3,3,1
LN-10921,0,0,0,0,0,0,0,0,0,0,0,0,0
LN-10922,0,0,0,0,0,0,0,0,0,0,0,0,0
LN-10923,0,0,0,1,0,0,0,0,0,0,0,0,0
LN-10924,0,0,0,0,0,0,0,0,0,0,0,0,0
LN-10925,0,0,0,0,0,0,0,0,0,0,0,0,0
LN-10926,0,0,0,0,0,0,0,0,0,0,1,0,0
LN-10927,0,1,0,1,0,1,2,3,3,3,3,3,1
LN-10928,0,0,0,0,0,0,0,0,0,0,0,0,0
LN-10929,0,0,0,0,0,1,0,0,0,1,0,0,0
LN-10930,1,0,0,1,0,0,0,1,0,1,2,3,1
LN-10931,0,0,0,0,0,0,0,0,0,0,0,0,0
LN-10932,1,2,1,2,1,2,1,0,1,0,1,0,1
LN-10933,0,0,1,0,0,1,0,0,0,0,1,2,1
LN-10934,0,0,0,0,0,0,0,0,0,0,0,0,0
LN-10935,0,0,0,0,0,0,0,0,1,0,0,0,0
LN-10936,0,0,0,0,0,0,0,0,0,0,0,0,0
LN-10937,0,0,1,2,1,0,0,1,2,1,0,0,1
LN-10938,0,0,0,0,0,0,0,0,0,0,0,1,0
LN-10939,0,0,1,0,0,0,0,0,0,0,0,0,0
LN-10940,0,1,2,3,3,3,3,3,3,3,3,3,1
LN-10941,0,0,0,0,0,0,0,0,0,0,0,0,0
LN-10942,0,0,0,0,0,0,0,0,0,0,0,0,0
LN-10943,0,0,1,2,1,0,0,1,0,0,0,0,1
LN-10944,0,0,0,0,1,2,1,2,1,2,1,0,1
LN-10945,0,0,1,2,3,3,3,3,3,3,3,3,1
LN-10946,0,0,0,0,0,0,0,0,0,0,0,0,0
LN-10947,0,0,0,0,0,1,2,1,2,3,3,3,1
LN-10948,0,1,0,0,1,2,1,0,0,1,2,1,1
LN-10949,0,0,0,1,0,0,1,0,1,0,1,2,1
LN-10950,0,0,0,0,0,0,0,0,1,0,0,0,0
LN-10951,0,0,0,0,0,0,0,0,0,0,0,0,0
LN-10952,0,0,0,0,0,0,0,0,0,0,0,0,0
LN-10953,0,0,0,0,0,1,0,0,0,1,0,1,1
LN-10954,0,0,0,0,0,0,0,0,0,0,0,0,0
LN-10955,0,0,0,0,0,0,0,0,0,0,0,0,0
LN-10956,0,0,0,0,0,0,0,0,0,0,1,0,0
LN-10957,0,1,2,1,0,1,2,3,3,3,3,3,1
LN-10958,0,0,0,0,0,0,0,0,0,1,2,1,0
LN-10959,0,0,0,0,1,2,1,2,3,3,3,3,1
LN-10960,0,0,0,0,0,0,0,0,0,0,0,0,0
LN-10961,0,0,1,2,3,3,3,3,3,3,3,3,1
LN-10962,0,0,0,0,0,0,0,1,0,0,0,0,0
LN-10963,1,2,1,2,3,3,3,3,3,3,3,3,1
LN-10964,0,0,0,1,0,0,0,0,0,0,1,0,0
LN-10965,0,0,0,0,0,0,0,0,0,0,1,0,1
LN-10966,0,0,0,0,1,0,0,0,0,0,0,0,0
LN-10967,0,0,0,0,0,0,0,0,0,0,0,0,0
LN-10968,0,0,0,0,0,0,0,0,0,0,0,0,0
LN-10969,0,0,1,2,1,0,0,0,1,2,3,3,1
LN-10970,0,0,1,2,1,0,0,1,0,0,1,0,1
LN-10971,0,0,1,0,0,1,0,0,0,0,1,2,1
LN-10972,0,0,0,0,0,0,0,0,0,0,0,0,0
LN-10973,0,0,1,0,0,1,0,0,0,1,0,0,1
LN-10974,0,0,0,0,0,0,1,0,1,2,3,3,1
LN-10975,1,2,3,3,3,3,3,3,3,3,3,3,1
LN-10976,0,0,0,0,0,0,0,0,0,0,0,0,0
LN-10977,0,0,1,0,1,2,1,0,0,0,1,0,1
LN-10978,0,0,0,0,0,0,0,0,0,0,0,0,0
LN-10979,1,0,1,2,3,3,3,3,3,3,3,3,1
LN-10980,0,0,0,0,0,0,0,0,0,0,0,0,0
LN-10981,0,0,0,1,0,0,0,0,1,0,1,2,1
LN-10982,0,0,0,0,0,1,0,0,0,0,1,0,0
LN-10983,0,1,0,0,1,0,0,0,1,2,3,3,1
LN-10984,0,0,0,0,0,0,0,0,0,0,0,0,0
LN-10985,1,0,1,0,0,0,1,0,0,0,1,2,1
LN-10986,1,0,0,1,2,3,3,3,3,3,3,3,1
LN-10987,0,1,0,0,0,0,0,0,0,0,0,0,0
LN-10988,0,0,0,0,1,0,0,0,1,2,3,3,1
LN-10989,0,0,0,0,0,1,0,0,1,0,1,0,1
LN-10990,0,0,1,2,3,3,3,3,3,3,3,3,1
LN-10991,1,0,0,0,0,0,0,0,0,0,0,0,0
LN-10992,0,1,2,1,2,3,3,3,3,3,3,3,1
LN-10993,0,0,0,0,0,0,0,0,0,0,0,0,0
LN-10994,0,0,0,0,0,0,0,0,0,0,0,0,0
LN-10995,0,0,0,0,0,1,0,0,0,0,0,0,0
LN-10996,1,0,0,0,0,0,0,0,0,0,1,0,0
LN-10997,0,0,0,0,0,0,0,0,0,0,0,0,0
LN-10998,0,0,0,1,0,1,0,0,1,2,1,2,1
LN-10999,0,0,0,0,0,0,0,0,0,0,0,0,0
LN-11000,0,0,0,0,0,0,0,0,0,0,0,1,0
LN-11001,0,0,0,0,0,0,1,0,1,0,1,2,1
LN-11002,0,0,0,1,0,1,0,0,1,2,3,3,1
LN-11003,0,0,0,0,0,0,0,0,0,0,0,0,0
LN-11004,0,0,0,0,0,0,0,0,0,0,0,0,0
LN-11005,0,0,0,0,0,0,0,0,0,0,0,0,0
LN-11006,0,0,0,0,1,0,0,0,0,0,0,0,0
LN-11007,0,0,0,0,0,0,0,0,0,0,0,0,0
LN-11008,1,0,1,0,0,0,1,2,3,3,3,3,1
LN-11009,1,2,1,0,1,0,1,2,1,0,0,0,1
LN-11010,1,0,1,0,1,0,1,0,0,1,0,0,1
LN-11011,0,0,0,0,0,0,0,0,0,0,0,0,0
LN-11012,1,2,1,0,1,0,1,2,3,3,3,3,1
LN-11013,0,0,0,0,0,0,0,0,0,0,1,0,0
LN-11014,1,0,0,0,0,0,1,0,0,0,0,0,0
LN-11015,0,0,0,0,0,0,0,0,1,0,0,0,0
LN-11016,0,0,0,0,0,0,0,0,0,0,0,0,0
LN-11017,1,0,0,1,2,1,2,1,2,3,3,3,1
LN-11018,0,0,0,0,0,0,0,0,0,0,0,0,0
LN-11019,1,0,1,0,1,2,1,0,1,2,3,3,1
LN-11020,1,0,0,1,0,1,2,3,3,3,3,3,1
LN-11021,1,0,1,0,0,1,0,0,0,0,1,0,1
LN-11022,0,0,0,0,0,0,0,0,0,0,0,0,0
LN-11023,0,1,0,0,1,2,1,2,3,3,3,3,1
LN-11024,0,0,0,0,1,0,1,0,0,1,2,3,1
LN-11025,0,0,0,0,0,0,0,0,0,0,0,0,0
LN-11026,0,0,0,0,1,0,1,2,3,3,3,3,1
LN-11027,0,1,0,0,0,0,0,0,0,0,0,0,0
LN-11028,0,1,0,0,0,1,0,0,1,0,1,0,1
LN-11029,0,0,0,1,2,1,0,0,0,0,1,2,1
LN-11030,0,0,1,0,0,1,0,1,0,0,0,0,1
LN-11031,1,2,3,3,3,3,3,3,3,3,3,3,1
LN-11032,1,2,1,2,3,3,3,3,3,3,3,3,1
LN-11033,0,0,0,0,0,0,0,0,0,0,0,0,0
LN-11034,0,0,1,0,0,0,0,0,0,0,0,0,0
LN-11035,0,0,0,0,0,0,0,0,0,0,0,0,0
LN-11036,0,0,1,0,0,1,0,0,0,0,1,0,0
LN-11037,0,0,1,0,0,0,0,0,0,0,0,0,0
LN-11038,0,0,0,0,0,0,0,0,0,0,0,0,0
LN-11039,0,0,0,0,0,0,0,0,0,0,0,0,0
LN-11040,0,0,0,0,0,0,0,0,0,0,0,0,0
LN-11041,0,0,0,0,0,0,0,0,0,0,0,0,0
LN-11042,0,0,0,0,0,0,0,0,0,1,0,0,0
LN-11043,0,0,0,0,0,0,0,0,0,0,0,0,0
LN-11044,0,0,0,0,0,0,0,0,0,0,0,0,0
LN-11045,1,0,0,0,0,1,0,0,1,0,0,0,1
LN-11046,0,0,0,0,0,0,0,0,0,0,0,0,0
LN-11047,0,0,1,0,1,0,0,1,2,3,3,3,1
LN-11048,0,1,2,3,3,3,3,3,3,3,3,3,1
LN-11049,0,0,1,2,1,2,3,3,3,3,3,3,1
LN-11050,0,1,2,3,3,3,3,3,3,3,3,3,1
LN-11051,0,0,0,0,0,0,0,0,0,0,0,0,0
LN-11052,0,0,1,2,3,3,3,3,3,3,3,3,1
LN-11053,0,0,0,0,0,0,0,0,0,0,0,0,0
LN-11054,0,0,0,0,0,0,1,0,0,0,1,2,1
LN-11055,0,0,0,0,0,0,0,0,0,0,0,0,0
LN-11056,0,0,0,1,0,0,1,0,1,2,3,3,1
LN-11057,0,0,0,0,0,0,0,0,0,0,0,0,0
LN-11058,0,0,0,0,0,1,0,0,0,1,2,3,1
LN-11059,1,0,0,1,0,0,1,2,1,2,1,2,1
LN-11060,0,0,0,1,0,0,0,0,0,0,0,0,0
LN-11061,0,0,0,0,0,0,0,0,0,0,0,0,0
LN-11062,0,0,0,0,0,0,0,0,0,0,0,0,0
LN-11063,0,0,0,0,0,0,0,0,0,0,0,0,0
LN-11064,0,0,0,0,0,0,0,0,0,0,0,0,0
LN-11065,0,0,0,0,0,0,0,0,0,0,0,0,0
LN-11066,0,0,0,0,0,0,1,0,0,0,1,2,1
LN-11067,0,0,0,0,0,1,2,1,0,0,1,0,1
LN-11068,1,0,1,2,3,3,3,3,3,3,3,3,1
LN-11069,0,1,2,3,3,3,3,3,3,3,3,3,1
LN-11070,0,1,0,0,0,0,0,1,0,1,2,1,1
LN-11071,1,0,0,0,0,0,1,0,0,0,0,1,1
LN-11072,1,0,1,0,0,0,1,0,1,0,1,0,1
LN-11073,0,0,0,0,0,0,0,0,0,0,0,1,1
LN-11074,0,0,1,2,3,3,3,3,3,3,3,3,1
LN-11075,0,0,0,1,0,0,0,0,0,0,0,0,0
LN-11076,0,0,0,0,0,0,0,0,0,0,0,0,0
LN-11077,0,1,2,1,0,1,2,3,3,3,3,3,1
LN-11078,0,0,0,0,0,0,0,0,0,0,0,0,0
LN-11079,0,0,0,0,0,0,0,0,0,0,0,0,0
LN-11080,0,0,0,0,1,0,1,0,0,1,2,3,1
LN-11081,0,0,1,0,0,0,0,0,0,0,0,0,0
LN-11082,0,0,0,0,0,0,0,0,0,0,0,0,0
LN-11083,0,0,0,0,1,0,0,0,0,0,0,0,0
LN-11084,0,0,0,0,0,0,0,0,0,0,0,0,0
LN-11085,0,1,0,1,0,1,0,1,2,1,2,3,1
LN-11086,0,0,0,0,1,2,1,2,3,3,3,3,1
LN-11087,0,0,0,0,0,1,2,1,0,0,0,0,0
LN-11088,0,0,0,0,0,0,0,0,0,0,0,0,0
LN-11089,0,0,0,1,2,1,0,0,1,0,1,0,1
LN-11090,0,0,0,0,0,1,0,0,0,0,0,0,0
LN-11091,0,0,0,0,0,0,0,0,0,0,0,0,0
LN-11092,0,0,0,0,0,0,0,0,0,0,0,0,0
LN-11093,1,2,3,3,3,3,3,3,3,3,3,3,1
LN-11094,1,2,3,3,3,3,3,3,3,3,3,3,1
LN-11095,1,2,1,0,1,2,1,0,0,0,1,2,1
LN-11096,0,1,2,3,3,3,3,3,3,3,3,3,1
LN-11097,0,0,0,0,0,0,0,0,0,0,0,0,0
LN-11098,0,0,0,1,2,1,0,0,1,0,0,0,1
LN-11099,0,0,0,1,0,0,0,0,0,0,1,2,1
LN-11100,0,0,0,0,0,0,0,0,0,0,0,0,0
LN-11101,0,0,0,0,0,0,0,0,0,0,0,0,0
LN-11102,0,0,0,1,0,0,0,0,1,0,1,0,1
LN-11103,1,2,3,3,3,3,3,3,3,3,3,3,1
LN-11104,0,1,2,1,0,1,2,3,3,3,3,3,1
LN-11105,0,0,0,0,0,0,1,0,0,0,0,0,0
LN-11106,0,0,0,0,0,0,0,0,0,0,0,0,0
LN-11107,0,0,0,0,0,0,0,0,0,0,0,0,0
LN-11108,0,0,0,0,1,2,3,3,3,3,3,3,1
LN-11109,1,2,3,3,3,3,3,3,3,3,3,3,1
LN-11110,0,0,1,2,1,0,0,1,2,1,2,3,1
LN-11111,0,0,1,2,1,0,0,0,0,0,1,0,1
LN-11112,0,1,2,1,0,0,1,0,1,0,1,2,1
LN-11113,0,0,0,0,0,0,0,0,0,0,1,0,0
LN-11114,1,2,1,0,0,1,0,1,0,1,2,3,1
LN-11115,0,1,2,1,0,0,0,1,2,1,2,3,1
LN-11116,0,0,0,0,0,0,0,0,0,0,0,0,0
LN-11117,0,0,0,0,0,0,1,0,0,1,2,3,1
LN-11118,0,0,0,0,0,0,0,0,1,0,0,0,0
LN-11119,0,0,0,0,0,0,1,0,0,1,0,0,0
LN-11120,0,0,0,0,0,1,0,1,2,1,0,0,1
LN-11121,0,0,0,0,0,0,0,0,0,1,0,0,0
LN-11122,0,0,0,0,0,0,0,0,0,0,0,0,0
LN-11123,1,0,0,0,0,0,0,0,0,0,0,0,0
LN-11124,0,0,0,0,0,0,1,0,0,0,0,0,0
LN-11125,0,0,0,0,0,0,0,0,0,0,0,0,0
LN-11126,0,0,1,0,0,1,2,1,2,3,3,3,1
LN-11127,0,1,0,1,0,0,0,0,0,1,0,1,1
LN-11128,1,0,0,0,1,0,0,0,0,0,1,2,1
LN-11129,0,0,0,0,0,0,0,0,0,0,0,0,0
LN-11130,0,0,0,0,0,0,0,0,0,0,0,0,0
LN-11131,0,1,0,1,0,0,0,0,1,2,3,3,1
LN-11132,1,2,1,0,0,1,2,3,3,3,3,3,1
LN-11133,0,0,0,0,1,0,0,0,0,0,0,0,0
LN-11134,1,2,1,0,1,0,1,2,1,0,1,0,1
LN-11135,0,0,0,1,0,1,2,3,3,3,3,3,1
LN-11136,0,0,0,0,1,2,3,3,3,3,3,3,1
LN-11137,1,2,1,0,1,0,0,0,0,1,2,3,1
LN-11138,0,0,0,0,0,0,0,1,0,0,0,0,0
LN-11139,0,0,1,0,1,0,0,0,0,1,0,1,1
LN-11140,0,0,0,0,0,0,0,0,0,0,0,0,0
LN-11141,1,0,1,0,0,0,0,0,0,0,0,0,0
LN-11142,1,2,3,3,3,3,3,3,3,3,3,3,1
LN-11143,0,0,0,0,0,0,0,0,0,0,0,0,0
LN-11144,0,1,2,1,2,3,3,3,3,3,3,3,1
LN-11145,0,0,0,0,0,0,0,0,0,0,0,0,0
LN-11146,1,0,1,2,1,0,0,0,1,0,1,2,1
LN-11147,0,0,1,2,3,3,3,3,3,3,3,3,1
LN-11148,0,0,0,0,0,0,1,0,1,0,1,2,1
LN-11149,1,0,0,1,2,3,3,3,3,3,3,3,1
LN-11150,0,0,0,1,0,0,0,0,0,0,0,0,1
LN-11151,0,0,0,0,0,0,0,0,0,0,0,0,0
LN-11152,1,0,1,0,0,1,2,1,0,0,0,0,1
LN-11153,0,0,0,1,0,0,0,1,0,0,0,0,0
LN-11154,0,1,0,0,0,1,2,3,3,3,3,3,1
LN-11155,0,0,0,0,0,0,0,0,0,0,0,0,0
LN-11156,1,0,0,1,0,0,0,1,0,1,2,1,1
LN-11157,0,0,0,1,2,3,3,3,3,3,3,3,1
LN-11158,1,0,1,0,0,0,0,1,0,1,2,1,1
LN-11159,0,0,0,0,0,0,0,0,0,0,0,0,0
LN-11160,0,0,0,0,0,0,0,0,0,0,0,0,0
LN-11161,0,0,0,0,0,0,0,0,0,0,0,0,0
LN-11162,0,0,0,0,0,1,0,0,0,0,0,0,0
LN-11163,0,0,0,0,0,0,0,0,0,0,0,0,0
LN-11164,0,1,0,1,0,1,0,0,1,0,0,1,1
LN-11165,0,0,1,0,0,0,0,0,0,1,0,1,1
LN-11166,0,0,0,0,0,0,0,0,0,0,0,0,0
LN-11167,0,0,0,0,0,1,2,1,2,1,2,3,1
LN-11168,1,0,0,0,0,0,0,0,0,0,0,0,0
LN-11169,0,0,0,0,1,2,1,0,0,1,0,1,1
LN-11170,1,2,3,3,3,3,3,3,3,3,3,3,1
LN-11171,0,0,1,0,0,0,0,1,0,0,0,0,1
LN-11172,0,0,0,0,0,0,0,0,0,0,0,0,0
LN-11173,0,0,0,0,0,0,0,1,0,0,0,0,0
LN-11174,0,0,0,0,0,0,0,0,0,0,0,0,0
LN-11175,0,1,0,0,0,1,0,0,0,0,0,0,0
LN-11176,0,0,0,0,0,0,0,0,0,0,0,0,0
LN-11177,0,0,1,2,3,3,3,3,3,3,3,3,1
LN-11178,0,0,0,0,0,0,0,0,0,0,0,0,0
LN-11179,0,1,0,1,2,3,3,3,3,3,3,3,1
LN-11180,1,0,1,0,0,1,2,3,3,3,3,3,1
LN-11181,0,1,0,0,0,0,0,0,0,0,0,0,0
LN-11182,0,0,0,0,0,0,0,0,0,0,0,0,0
LN-11183,0,1,0,0,0,0,0,0,0,0,0,0,0
LN-11184,0,0,0,0,0,1,0,0,0,0,0,0,0
LN-11185,0,0,0,0,0,0,1,2,3,3,3,3,1
LN-11186,0,0,0,0,0,0,0,0,0,0,0,0,0
LN-11187,0,0,0,0,0,0,0,0,0,0,0,0,0
LN-11188,0,0,0,0,0,0,0,0,0,0,0,0,0
LN-11189,1,0,1,0,1,0,0,0,0,1,0,1,1
LN-11190,0,0,0,0,0,0,0,0,0,0,0,0,0
LN-11191,0,1,0,1,2,3,3,3,3,3,3,3,1
LN-11192,0,1,0,0,0,0,0,0,0,0,0,0,1
LN-11193,0,0,0,1,2,1,2,3,3,3,3,3,1
LN-11194,0,1,2,1,0,0,0,1,2,1,2,1,1
LN-11195,1,0,0,0,0,0,0,1,2,3,3,3,1
LN-11196,0,0,0,1,2,3,3,3,3,3,3,3,1
LN-11197,0,0,0,0,0,0,0,0,0,0,0,0,0
LN-11198,0,0,0,0,1,2,1,0,0,1,2,1,1
LN-11199,0,1,2,3,3,3,3,3,3,3,3,3,1
LN-11200,0,0,0,1,0,0,1,2,1,0,0,0,1
LN-11201,0,0,0,0,0,0,0,0,0,0,0,0,0
LN-11202,0,0,1,0,0,0,0,0,0,0,0,0,0
LN-11203,0,0,1,0,1,2,1,0,0,1,0,1,1
LN-11204,0,0,0,0,0,0,0,0,0,0,0,0,0
LN-11205,1,0,0,0,1,0,1,0,1,0,1,2,1
LN-11206,0,0,0,0,0,0,0,0,0,0,0,0,0
LN-11207,0,0,1,0,0,0,0,0,0,0,0,0,0
LN-11208,1,2,3,3,3,3,3,3,3,3,3,3,1
LN-11209,0,1,0,1,0,1,0,1,0,0,1,2,1
LN-11210,1,2,3,3,3,3,3,3,3,3,3,3,1
LN-11211,0,1,2,3,3,3,3,3,3,3,3,3,1
LN-11212,1,2,1,2,3,3,3,3,3,3,3,3,1
LN-11213,1,0,1,2,1,0,0,0,1,0,0,1,1
LN-11214,0,0,0,1,0,0,0,0,0,0,0,0,0
LN-11215,0,0,1,0,1,0,0,0,1,0,0,0,1
LN-11216,0,0,0,0,0,0,0,0,0,0,0,0,0
LN-11217,1,2,1,2,3,3,3,3,3,3,3,3,1
LN-11218,0,0,0,0,0,0,0,0,0,0,0,0,0
LN-11219,0,0,0,1,0,0,0,0,0,0,0,0,0
LN-11220,0,0,0,0,0,1,0,0,0,0,0,1,0
LN-11221,0,0,0,0,1,2,1,2,3,3,3,3,1
LN-11222,0,0,1,0,1,0,1,2,3,3,3,3,1
LN-11223,0,0,0,0,0,0,1,2,3,3,3,3,1
LN-11224,0,0,0,0,0,0,0,0,0,0,0,0,0
LN-11225,0,0,0,1,2,1,0,1,2,1,2,3,1
LN-11226,0,0,0,0,0,0,0,1,2,3,3,3,1
LN-11227,1,0,0,0,0,1,2,3,3,3,3,3,1
LN-11228,0,1,2,3,3,3,3,3,3,3,3,3,1
LN-11229,1,0,1,0,0,0,0,0,1,0,0,0,1
LN-11230,0,0,0,0,0,1,2,1,2,1,2,1,1
LN-11231,0,1,2,3,3,3,3,3,3,3,3,3,1
LN-11232,0,0,1,0,0,0,0,0,0,0,0,0,0
LN-11233,0,0,0,0,0,0,0,0,0,0,0,0,0
LN-11234,0,0,0,0,0,0,0,0,0,0,0,0,0
LN-11235,0,0,0,0,0,0,0,0,0,0,0,0,0
LN-11236,0,0,0,1,2,1,0,1,2,1,0,1,1
LN-11237,0,0,0,0,0,0,0,0,0,0,0,0,0
LN-11238,1,2,1,0,1,2,3,3,3,3,3,3,1
LN-11239,0,0,0,0,0,0,0,0,0,0,0,0,0
LN-11240,0,0,0,0,1,2,1,2,3,3,3,3,1
LN-11241,0,0,0,0,0,0,1,0,0,0,0,1,0
LN-11242,0,0,0,0,0,0,0,0,0,0,0,0,0
LN-11243,0,1,0,1,2,1,0,1,0,0,0,1,1
LN-11244,1,0,1,2,3,3,3,3,3,3,3,3,1
LN-11245,0,0,0,0,0,0,0,0,0,0,0,1,0
LN-11246,1,2,3,3,3,3,3,3,3,3,3,3,1
LN-11247,0,0,1,0,0,0,0,0,0,0,0,1,1
LN-11248,0,0,0,0,0,0,0,0,0,0,0,0,0
LN-11249,0,0,0,0,0,0,1,2,1,0,0,0,0
LN-11250,0,0,0,0,1,0,0,0,1,2,1,0,1
LN-11251,0,0,0,0,1,0,0,1,2,1,2,3,1
LN-11252,0,0,0,0,0,1,2,1,0,0,0,1,1
LN-11253,0,0,0,0,0,0,0,0,0,0,0,0,0
LN-11254,0,0,0,0,0,0,0,0,0,0,0,1,0
LN-11255,0,0,0,0,0,0,0,0,0,0,0,0,0
LN-11256,0,0,0,0,0,0,0,0,0,0,0,0,0
LN-11257,0,0,0,0,0,0,0,0,0,0,0,0,0
LN-11258,0,0,0,0,0,0,0,0,1,0,0,0,0
LN-11259,0,0,0,0,0,0,0,0,0,0,0,0,0
LN-11260,0,0,0,0,0,0,0,0,0,0,0,0,0
LN-11261,0,0,0,0,0,0,0,0,0,0,0,0,0
LN-11262,0,0,0,0,0,1,0,0,0,0,0,0,0
LN-11263,0,0,0,0,0,0,0,0,0,0,0,0,0
LN-11264,0,0,0,0,0,0,0,0,0,0,0,0,0
LN-11265,1,0,0,0,1,2,3,3,3,3,3,3,1
LN-11266,0,1,2,3,3,3,3,3,3,3,3,3,1
LN-11267,0,0,0,0,0,0,0,0,1,0,0,0,0
LN-11268,0,0,1,0,1,0,1,2,3,3,3,3,1
LN-11269,1,0,0,1,0,0,1,2,3,3,3,3,1
LN-11270,0,0,0,0,0,0,0,0,0,0,0,0,0
LN-11271,0,1,0,0,1,0,0,1,0,1,2,1,1
LN-11272,0,0,1,0,0,1,0,1,0,1,0,1,1
LN-11273,0,0,0,0,0,0,0,0,0,0,0,0,0
LN-11274,0,0,0,0,0,0,1,0,0,0,1,0,0
LN-11275,0,0,0,0,0,0,0,0,0,0,0,0,0
LN-11276,0,0,0,0,0,1,0,0,0,0,0,1,0
LN-11277,0,0,0,0,0,0,0,0,0,0,0,0,0
LN-11278,1,0,0,0,0,0,0,1,0,0,1,2,1
LN-11279,0,0,0,0,0,0,0,0,0,0,0,0,0
LN-11280,1,0,0,0,1,0,0,0,0,0,0,0,0
LN-11281,0,0,0,0,0,0,0,0,0,0,0,0,0
LN-11282,0,0,0,0,1,2,1,2,3,3,3,3,1
LN-11283,0,0,0,0,0,0,0,0,0,0,0,0,0
LN-11284,0,0,0,0,0,0,0,0,0,0,0,0,0
LN-11285,0,0,0,0,0,0,0,0,0,0,0,0,0
LN-11286,0,0,1,2,3,3,3,3,3,3,3,3,1
LN-11287,0,0,0,0,0,0,0,0,0,0,0,0,0
LN-11288,1,0,0,1,2,3,3,3,3,3,3,3,1
LN-11289,0,0,0,0,0,0,0,0,0,0,0,0,0
LN-11290,0,0,1,2,1,2,3,3,3,3,3,3,1
LN-11291,1,2,1,0,1,2,3,3,3,3,3,3,1
LN-11292,0,0,0,0,0,0,0,0,0,0,0,0,0
LN-11293,0,0,0,0,0,0,0,0,0,0,0,0,0
LN-11294,0,0,0,0,1,0,0,1,2,1,0,1,1
LN-11295,0,0,0,0,0,0,0,0,0,0,0,0,0
LN-11296,0,0,0,0,0,0,0,0,0,0,0,0,0
LN-11297,0,0,0,0,1,0,0,0,0,0,0,0,0
LN-11298,0,0,0,1,0,0,1,2,3,3,3,3,1
LN-11299,0,0,0,0,0,0,0,0,0,0,0,0,0
LN-11300,0,1,0,0,1,2,3,3,3,3,3,3,1
LN-11301,0,0,0,0,0,0,0,0,1,0,0,0,0
LN-11302,0,1,0,0,0,0,1,2,3,3,3,3,1
LN-11303,0,0,0,0,0,0,0,0,0,0,0,0,0
LN-11304,0,0,0,0,0,0,0,0,1,0,0,0,0
LN-11305,0,0,0,0,0,0,0,0,0,0,0,1,0
LN-11306,0,0,0,0,0,0,0,0,0,0,0,0,0
LN-11307,0,0,1,0,1,0,0,0,0,0,0,0,0
LN-11308,0,1,2,1,0,0,1,0,1,0,1,2,1
LN-11309,0,1,2,1,0,0,0,1,0,0,1,0,1
LN-11310,0,0,1,2,1,2,1,2,1,2,1,2,1
LN-11311,0,1,0,0,1,2,3,3,3,3,3,3,1
LN-11312,0,0,0,0,0,0,0,0,0,0,0,0,0
LN-11313,0,0,0,0,0,0,0,0,0,0,0,0,0
LN-11314,0,0,0,1,0,0,0,0,0,0,0,0,0
LN-11315,1,0,0,0,0,0,0,1,2,3,3,3,1
LN-11316,0,0,0,0,0,0,1,0,0,0,0,0,0
LN-11317,0,0,0,0,0,0,0,0,0,0,0,0,0
LN-11318,0,0,1,2,1,2,3,3,3,3,3,3,1
LN-11319,0,0,0,0,0,0,0,0,0,0,0,0,0
LN-11320,0,0,0,1,0,0,0,0,0,0,0,0,0
LN-11321,0,1,0,1,0,0,1,0,0,1,2,3,1
LN-11322,0,0,0,0,0,0,0,0,0,0,0,0,0
LN-11323,0,0,0,0,0,0,0,0,0,0,0,0,0
LN-11324,0,0,0,0,0,0,0,0,0,0,0,0,0
LN-11325,0,0,0,0,0,0,0,0,0,0,0,0,0
LN-11326,1,0,1,2,1,0,0,1,2,1,0,1,1
LN-11327,0,0,0,0,0,0,0,0,1,0,0,0,0
LN-11328,0,0,1,0,0,0,0,1,2,3,3,3,1
LN-11329,0,0,0,0,0,0,0,0,0,0,0,0,0
LN-11330,0,1,0,1,2,3,3,3,3,3,3,3,1
LN-11331,0,0,0,0,0,1,0,0,0,0,1,0,0
LN-11332,0,1,2,1,2,1,0,0,0,1,2,3,1
LN-11333,0,0,0,0,1,2,3,3,3,3,3,3,1
LN-11334,0,0,1,2,1,0,1,0,1,2,3,3,1
LN-11335,0,0,1,0,1,2,3,3,3,3,3,3,1
LN-11336,0,0,0,0,0,0,1,2,3,3,3,3,1
LN-11337,0,0,0,0,0,0,0,0,0,0,0,0,0
LN-11338,0,0,0,0,0,0,0,0,0,0,0,0,0
LN-11339,0,1,0,1,2,1,2,1,2,1,2,3,1
LN-11340,0,0,0,0,0,0,0,0,0,0,0,0,0
LN-11341,1,2,1,0,1,0,0,0,0,1,2,3,1
LN-11342,0,0,0,0,0,0,0,0,0,0,0,0,0
LN-11343,0,0,0,0,0,0,0,1,0,0,0,1,1
LN-11344,1,0,1,2,3,3,3,3,3,3,3,3,1
LN-11345,0,0,0,0,0,0,0,1,0,0,0,0,0
LN-11346,0,1,0,0,0,0,0,0,0,0,0,0,0
LN-11347,0,0,0,0,0,0,0,0,0,0,0,0,0
LN-11348,0,0,0,0,0,0,0,0,0,0,0,0,0
LN-11349,1,2,1,0,1,2,1,2,3,3,3,3,1
LN-11350,1,0,1,2,3,3,3,3,3,3,3,3,1
LN-11351,0,0,0,1,0,0,1,2,3,3,3,3,1
LN-11352,0,0,1,0,0,0,1,2,1,0,0,0,1
LN-11353,0,0,0,0,0,0,0,0,0,0,0,0,0
LN-11354,0,0,0,0,0,0,0,0,0,0,0,0,0
LN-11355,0,0,0,0,0,0,0,0,0,0,1,0,0
LN-11356,0,0,0,0,0,0,0,0,1,0,0,0,0
LN-11357,0,1,0,1,0,1,0,1,0,0,1,0,1
LN-11358,0,1,0,0,0,0,0,0,0,0,0,0,0
LN-11359,1,2,1,0,1,0,0,0,0,1,0,0,1
LN-11360,0,0,0,0,0,0,0,0,0,0,0,0,0
LN-11361,0,0,0,0,0,0,0,0,0,0,0,0,0
LN-11362,1,2,1,0,1,2,3,3,3,3,3,3,1
LN-11363,0,0,0,0,0,0,0,0,0,0,0,0,0
LN-11364,0,0,0,0,0,0,0,0,0,0,0,0,0
LN-11365,0,0,1,0,1,0,0,0,0,0,0,0,0
LN-11366,0,0,1,2,1,2,1,2,1,0,1,0,1
LN-11367,0,1,0,1,2,3,3,3,3,3,3,3,1
LN-11368,0,1,0,0,1,0,1,2,3,3,3,3,1
LN-11369,0,1,0,1,0,0,0,0,0,0,0,0,0
LN-11370,0,0,0,0,0,0,0,0,0,0,0,0,0
LN-11371,1,2,3,3,3,3,3,3,3,3,3,3,1
LN-11372,0,0,1,0,1,0,0,0,1,2,3,3,1
LN-11373,0,0,0,0,0,0,0,0,0,0,0,0,0
LN-11374,0,0,0,0,0,0,0,1,0,0,0,0,0
LN-11375,0,0,0,0,0,0,1,0,0,0,0,0,0
LN-11376,1,2,1,2,1,0,1,0,1,0,1,0,1
LN-11377,0,0,0,0,0,0,0,0,0,0,1,0,0
LN-11378,0,0,0,0,0,0,1,0,0,0,0,0,0
LN-11379,0,0,0,0,0,0,0,0,0,0,0,0,0
LN-11380,0,1,0,0,1,2,1,0,1,2,3,3,1
LN-11381,0,0,1,0,0,0,0,0,0,0,0,0,0
LN-11382,0,0,0,0,0,0,0,0,0,0,0,0,0
LN-11383,0,0,0,0,0,0,0,0,0,0,0,0,0
LN-11384,0,0,0,0,0,0,0,0,0,0,0,0,0
LN-11385,0,1,0,0,1,0,0,0,0,1,2,3,1
LN-11386,0,0,0,0,0,0,0,0,0,0,0,0,0
LN-11387,0,0,1,0,0,0,0,1,0,0,0,0,0
LN-11388,0,0,0,0,0,0,0,0,0,0,0,0,0
LN-11389,1,0,0,0,0,0,0,0,0,0,0,0,0
LN-11390,0,0,0,0,0,0,0,0,0,1,0,0,0
LN-11391,0,1,0,0,0,0,0,1,0,0,0,0,0
LN-11392,0,0,1,2,1,2,3,3,3,3,3,3,1
LN-11393,0,0,0,0,0,0,0,1,0,0,0,0,0
LN-11394,0,0,0,0,0,0,0,0,0,0,0,0,0
LN-11395,0,0,0,0,0,0,0,0,0,0,0,0,0
LN-11396,1,2,3,3,3,3,3,3,3,3,3,3,1
LN-11397,0,1,0,0,1,0,1,0,1,2,3,3,1
LN-11398,0,0,0,0,1,0,1,2,1,0,1,2,1
LN-11399,0,0,0,0,0,1,0,0,0,0,0,0,0
LN-11400,0,0,0,0,1,0,0,0,0,0,0,0,0
LN-11401,0,0,0,0,0,1,0,0,0,0,0,0,0
LN-11402,1,0,1,0,0,1,2,3,3,3,3,3,1
LN-11403,1,2,1,2,3,3,3,3,3,3,3,3,1
LN-11404,0,0,0,0,0,0,1,0,0,0,0,0,0
LN-11405,0,0,0,0,0,0,0,0,0,0,0,0,0
LN-11406,0,0,0,0,0,0,0,0,0,1,0,0,0
LN-11407,0,0,0,1,0,0,0,0,1,0,0,0,1
LN-11408,0,0,0,0,0,0,0,0,0,0,0,0,0
LN-11409,0,0,0,0,0,0,0,0,0,0,0,0,0
LN-11410,0,0,0,0,0,1,0,1,2,3,3,3,1
LN-11411,1,2,1,2,3,3,3,3,3,3,3,3,1
LN-11412,0,0,0,0,0,0,0,0,0,0,0,0,0
LN-11413,0,0,0,0,0,0,0,0,0,0,0,0,0
LN-11414,0,0,0,0,0,0,0,0,0,0,0,0,0
LN-11415,0,0,0,0,0,0,0,0,0,0,0,0,0
LN-11416,0,1,0,0,0,0,0,0,0,0,0,0,0
LN-11417,1,0,0,0,0,0,1,0,1,0,0,0,1
LN-11418,0,0,0,0,0,0,0,0,0,0,0,0,0
LN-11419,0,0,0,1,0,0,0,0,0,0,0,0,0
LN-11420,1,0,0,1,0,1,0,0,0,0,1,0,1
LN-11421,0,0,1,0,0,0,0,0,0,0,0,0,0
LN-11422,0,0,0,0,0,1,0,0,0,0,0,1,0
LN-11423,0,1,2,3,3,3,3,3,3,3,3,3,1
LN-11424,0,1,0,0,1,0,0,1,0,0,0,0,1
LN-11425,0,0,0,0,0,0,0,0,0,0,0,0,0
LN-11426,0,0,0,0,0,0,0,0,0,0,0,0,0
LN-11427,0,0,0,0,0,0,0,0,0,0,0,0,0
LN-11428,0,0,0,1,2,3,3,3,3,3,3,3,1
LN-11429,0,0,0,0,0,0,0,0,0,1,0,0,0
LN-11430,0,1,2,1,2,1,2,1,0,0,0,1,1
LN-11431,0,0,0,0,0,0,1,0,0,0,0,0,0
LN-11432,0,0,0,0,0,0,0,0,0,0,0,0,0
LN-11433,0,1,0,1,0,0,0,0,1,2,1,2,1
LN-11434,0,0,0,1,0,0,0,0,0,0,0,0,0
LN-11435,0,0,0,0,0,0,0,1,0,0,0,0,0
LN-11436,0,1,2,1,2,1,2,1,0,0,1,0,1
LN-11437,0,0,0,0,0,0,0,0,0,0,0,0,0
LN-11438,0,0,0,0,0,0,0,0,0,0,0,0,0
LN-11439,0,1,2,3,3,3,3,3,3,3,3,3,1
LN-11440,0,0,0,0,0,1,0,0,0,0,0,0,0
LN-11441,0,1,2,1,0,1,2,1,0,1,2,1,1
LN-11442,0,1,0,0,0,0,1,0,1,2,1,2,1
LN-11443,0,1,0,1,2,1,2,3,3,3,3,3,1
LN-11444,0,0,0,0,0,0,0,0,0,0,0,0,0
LN-11445,0,0,1,0,0,1,0,0,0,0,0,0,0
LN-11446,0,0,0,0,0,0,0,0,0,0,0,0,0
LN-11447,0,1,2,1,0,1,2,3,3,3,3,3,1
LN-11448,0,1,0,1,2,1,0,1,0,0,1,0,1
LN-11449,0,0,0,0,0,0,0,0,0,0,1,0,0
LN-11450,0,0,0,1,0,0,0,0,0,0,0,0,0
LN-11451,0,0,1,0,0,0,0,0,0,0,0,0,0
LN-11452,0,0,1,0,0,1,0,1,0,0,1,0,1
LN-11453,0,1,0,0,0,0,0,0,0,0,0,0,0
LN-11454,0,0,0,0,1,2,3,3,3,3,3,3,1
LN-11455,0,0,0,0,0,0,0,0,0,0,1,0,0
LN-11456,0,0,0,0,0,0,0,0,0,0,0,0,0
LN-11457,0,0,0,0,0,0,0,0,0,0,0,0,0
LN-11458,0,0,0,0,0,0,0,0,0,0,0,0,0
LN-11459,0,0,0,0,0,0,0,0,0,0,0,0,0
LN-11460,0,0,0,0,0,0,0,0,0,1,0,0,0
LN-11461,0,0,0,0,0,0,0,0,0,0,0,0,0
LN-11462,0,0,0,0,0,0,0,0,0,0,0,0,0
LN-11463,0,0,1,0,0,0,1,2,1,2,3,3,1
LN-11464,0,0,0,0,1,0,1,2,3,3,3,3,1
LN-11465,0,0,0,0,0,0,0,0,0,0,1,0,0
LN-11466,0,0,0,0,0,0,0,0,0,0,0,0,0
LN-11467,0,0,0,0,0,0,0,0,0,0,0,0,0
LN-11468,0,0,0,0,1,0,0,0,0,0,0,0,0
LN-11469,0,0,0,0,0,0,0,0,0,0,0,0,0
LN-11470,0,0,0,0,0,0,1,0,0,1,0,0,0
LN-11471,0,1,2,1,0,0,1,2,1,2,1,2,1
LN-11472,0,0,0,0,0,0,0,0,0,0,0,0,0
LN-11473,0,0,0,0,0,1,2,3,3,3,3,3,1
LN-11474,0,0,0,0,0,1,0,0,0,0,0,0,0
LN-11475,0,0,0,1,0,0,0,0,1,2,1,2,1
LN-11476,0,0,0,0,0,0,0,0,0,0,0,0,0
LN-11477,1,0,1,2,3,3,3,3,3,3,3,3,1
LN-11478,0,1,0,0,0,0,0,0,1,2,3,3,1
LN-11479,0,1,0,0,1,2,1,0,1,2,3,3,1
LN-11480,1,2,3,3,3,3,3,3,3,3,3,3,1
LN-11481,0,0,0,0,0,0,0,0,0,1,0,0,0
LN-11482,0,0,0,0,0,1,0,1,0,1,2,3,1
LN-11483,0,0,0,0,0,0,0,0,0,0,0,0,0
LN-11484,0,0,0,0,0,0,0,0,0,0,0,1,0
LN-11485,0,0,0,0,1,0,0,0,0,0,0,0,0
LN-11486,0,0,0,0,0,0,0,0,0,0,0,0,0
LN-11487,1,2,3,3,3,3,3,3,3,3,3,3,1
LN-11488,0,0,0,0,0,0,0,0,0,0,0,0,0
LN-11489,0,0,0,0,0,0,0,0,0,0,0,0,0
LN-11490,0,0,0,0,0,0,0,0,0,0,0,0,0
LN-11491,0,0,0,0,0,0,1,0,0,0,0,0,0
LN-11492,0,0,0,0,0,0,0,0,0,0,0,0,0
LN-11493,0,0,0,0,0,0,0,0,0,0,0,0,0
LN-11494,0,0,1,2,1,2,3,3,3,3,3,3,1
LN-11495,0,0,0,0,0,0,0,0,0,0,0,0,0
LN-11496,1,0,1,0,0,0,1,2,1,2,1,0,1
LN-11497,0,1,0,0,0,0,0,0,0,0,0,0,0
LN-11498,0,0,0,0,0,0,0,0,0,0,0,0,0
LN-11499,1,0,0,1,2,3,3,3,3,3,3,3,1
LN-11500,0,1,0,1,2,3,3,3,3,3,3,3,1
LN-11501,0,1,0,0,0,0,0,0,0,0,0,0,0
LN-11502,0,1,2,1,2,1,2,3,3,3,3,3,1
LN-11503,0,1,0,0,0,0,0,1,0,0,1,2,1
LN-11504,0,0,0,0,0,0,0,0,0,0,0,1,0
LN-11505,0,0,0,1,0,1,2,1,2,1,2,1,1
LN-11506,0,0,0,0,0,0,0,0,0,0,0,0,0
LN-11507,1,0,0,0,1,2,1,0,0,0,1,2,1
LN-11508,0,0,0,0,0,0,1,2,1,0,0,0,1
LN-11509,0,0,0,0,0,0,0,0,0,0,0,0,0
LN-11510,0,0,0,0,0,0,0,0,0,0,0,0,0
LN-11511,0,1,0,0,0,1,2,3,3,3,3,3,1
LN-11512,0,0,1,2,3,3,3,3,3,3,3,3,1
LN-11513,0,1,2,3,3,3,3,3,3,3,3,3,1
LN-11514,1,2,3,3,3,3,3,3,3,3,3,3,1
LN-11515,0,0,0,0,0,0,0,0,0,0,0,0,0
LN-11516,0,0,0,0,0,1,0,0,0,0,0,0,0
LN-11517,0,0,1,0,0,0,0,1,2,3,3,3,1
LN-11518,0,1,0,0,1,0,1,0,1,2,3,3,1
LN-11519,1,0,0,0,0,0,0,1,0,1,0,0,0
LN-11520,0,1,0,0,1,0,0,0,0,0,0,1,0
LN-11521,0,0,0,0,0,0,0,0,0,0,0,0,0
LN-11522,0,0,0,1,2,1,2,1,0,0,1,0,1
LN-11523,0,0,1,0,0,1,0,1,0,1,0,0,1
LN-11524,0,0,0,0,0,0,0,0,0,0,0,0,0
LN-11525,0,0,0,0,0,0,0,0,0,0,0,0,0
LN-11526,0,0,1,0,1,0,0,0,0,0,1,0,1
LN-11527,0,0,0,0,0,0,0,0,0,0,0,0,0
LN-11528,1,0,0,0,0,0,0,0,0,0,0,0,0
LN-11529,0,0,0,0,1,2,3,3,3,3,3,3,1
LN-11530,0,0,0,0,0,0,0,0,0,1,0,0,0
LN-11531,0,0,1,0,0,0,1,0,0,0,0,0,0
LN-11532,0,0,0,0,0,0,0,0,0,0,0,0,0
LN-11533,0,0,0,0,0,0,1,0,0,0,0,0,0
LN-11534,0,0,1,0,0,0,0,0,1,0,1,2,1
LN-11535,0,0,0,1,2,3,3,3,3,3,3,3,1
LN-11536,0,0,0,0,0,0,0,1,0,0,0,0,0
LN-11537,0,0,0,0,0,0,0,0,0,0,1,0,0
LN-11538,0,0,0,0,0,0,0,0,0,0,0,0,0
LN-11539,0,0,0,1,0,1,0,0,1,0,1,2,1
LN-11540,0,0,0,0,0,0,0,0,0,1,2,3,1
LN-11541,0,0,0,0,0,0,0,0,0,0,0,0,0
LN-11542,0,0,0,0,0,0,0,0,0,0,0,0,0
LN-11543,1,2,1,2,1,0,1,0,1,2,1,2,1
LN-11544,0,0,0,1,0,0,0,0,0,0,0,0,0
LN-11545,0,0,0,0,0,0,0,0,0,0,0,0,0
LN-11546,0,1,0,0,1,0,1,2,1,2,1,2,1
LN-11547,0,0,0,0,0,0,0,0,0,0,0,0,0
LN-11548,0,1,0,1,0,0,1,2,3,3,3,3,1
LN-11549,0,0,0,0,0,0,0,0,0,0,0,0,0
LN-11550,1,0,1,0,1,2,3,3,3,3,3,3,1
LN-11551,0,0,0,0,0,0,0,0,0,0,0,0,0
LN-11552,0,0,0,0,0,0,0,0,0,0,0,0,0
LN-11553,0,1,0,0,1,2,1,2,1,2,1,2,1
LN-11554,0,0,0,0,0,0,0,0,0,0,0,0,0
LN-11555,0,0,0,0,0,0,0,0,0,0,0,0,0
LN-11556,0,0,1,0,0,0,0,0,0,0,1,0,0
LN-11557,0,0,0,1,0,1,2,1,0,0,1,2,1
LN-11558,0,1,2,3,3,3,3,3,3,3,3,3,1
LN-11559,0,0,0,0,0,0,0,0,0,0,0,0,0
LN-11560,0,0,0,0,0,0,0,0,0,0,0,0,0
LN-11561,1,2,1,2,1,2,1,2,1,2,3,3,1
LN-11562,0,0,0,0,0,0,0,0,0,0,0,0,0
LN-11563,0,0,0,0,0,0,0,1,0,1,2,3,1
LN-11564,0,0,0,0,0,0,1,0,0,0,0,0,0
LN-11565,1,2,1,0,0,0,0,1,0,1,2,1,1
LN-11566,0,0,0,0,0,0,0,0,0,0,0,1,0
LN-11567,0,0,0,0,0,0,1,0,0,1,0,0,0
LN-11568,0,0,0,0,0,0,0,0,0,0,0,0,0
LN-11569,0,1,2,1,2,1,2,1,2,3,3,3,1
LN-11570,0,1,0,0,0,0,0,0,0,0,0,0,0
LN-11571,0,0,0,1,0,0,1,2,3,3,3,3,1
LN-11572,0,0,0,0,0,0,0,0,0,0,0,0,0
LN-11573,0,1,0,0,1,2,3,3,3,3,3,3,1
LN-11574,0,0,0,0,0,0,1,0,0,0,0,0,0
LN-11575,0,0,1,0,0,0,0,0,0,0,0,0,0
LN-11576,1,0,0,0,1,0,0,1,2,3,3,3,1
LN-11577,0,0,0,0,0,0,0,0,0,0,0,0,0
LN-11578,0,0,0,0,0,0,0,0,0,0,0,0,0
LN-11579,1,0,1,0,1,0,1,0,0,0,1,2,1
LN-11580,0,0,0,1,0,0,1,2,1,2,3,3,1
LN-11581,0,0,0,0,0,0,0,0,0,0,0,0,0
LN-11582,1,0,1,0,0,1,2,1,2,1,2,1,1
LN-11583,0,0,0,0,0,0,0,0,0,0,0,0,0
LN-11584,0,0,0,0,0,0,0,0,0,0,0,0,0
LN-11585,0,0,0,1,2,1,2,1,2,1,0,1,1
LN-11586,0,0,0,0,0,0,0,0,0,0,0,0,0
LN-11587,0,1,0,0,0,0,0,0,0,0,0,0,0
LN-11588,0,0,0,0,0,0,0,0,0,0,0,0,0
LN-11589,0,1,0,1,2,1,0,1,0,0,0,1,1
LN-11590,1,2,1,0,0,1,2,3,3,3,3,3,1
LN-11591,0,0,0,0,0,0,0,0,0,0,0,0,0
LN-11592,0,0,0,0,0,0,0,0,0,0,0,0,0
LN-11593,0,0,0,0,0,0,0,0,0,0,0,0,0
LN-11594,0,0,0,0,0,0,0,0,0,0,0,0,0
LN-11595,0,0,0,0,0,0,0,0,0,0,0,0,0
LN-11596,0,1,0,1,0,0,1,2,1,2,1,2,1
LN-11597,0,0,0,0,0,0,0,0,0,0,0,0,0
LN-11598,0,1,0,0,0,0,1,0,1,0,0,0,1
LN-11599,1,2,1,0,0,1,2,3,3,3,3,3,1
LN-11600,1,0,1,2,1,2,1,0,0,0,1,0,1
LN-11601,0,0,0,0,0,0,0,1,0,0,0,0,0
LN-11602,0,0,0,0,0,0,0,0,0,0,0,0,0
LN-11603,0,0,0,0,0,0,0,0,0,0,0,0,0
LN-11604,0,0,0,0,0,0,0,0,0,0,0,1,0
LN-11605,0,1,0,0,0,1,2,1,2,3,3,3,1
LN-11606,1,0,0,0,0,0,0,0,0,0,0,0,0
LN-11607,0,0,0,1,2,1,0,1,0,1,0,1,1
LN-11608,0,0,0,0,0,0,0,0,0,0,0,0,0
LN-11609,0,0,0,0,0,0,0,0,0,0,0,0,0
LN-11610,0,1,0,0,0,0,0,0,0,0,1,0,0
LN-11611,0,0,0,0,1,0,0,1,0,0,1,0,1
LN-11612,0,0,0,1,2,3,3,3,3,3,3,3,1
LN-11613,0,0,1,0,0,0,0,0,1,2,1,0,1
LN-11614,0,0,0,0,0,0,0,0,0,0,0,0,0
LN-11615,0,0,1,0,0,0,0,1,2,1,2,3,1
LN-11616,0,0,0,0,0,0,0,0,0,0,0,0,0
LN-11617,0,0,0,0,0,0,0,0,0,0,1,0,0
LN-11618,0,0,0,0,0,0,0,0,0,0,0,0,0
LN-11619,1,0,0,1,2,1,0,1,0,1,2,1,1
LN-11620,0,0,0,0,0,0,1,0,0,0,0,0,0
LN-11621,0,0,0,1,0,0,0,0,0,0,0,0,0
LN-11622,0,0,0,0,0,0,0,0,0,0,0,0,0
LN-11623,1,0,0,1,2,3,3,3,3,3,3,3,1
LN-11624,0,1,0,0,0,0,0,0,0,0,0,0,0
LN-11625,0,0,0,0,0,0,0,0,0,0,0,0,0
LN-11626,0,0,0,0,0,1,0,0,0,1,2,3,1
LN-11627,0,0,0,0,0,0,0,0,0,0,0,0,0
LN-11628,0,0,0,0,0,0,0,1,0,0,0,0,0
LN-11629,0,0,0,1,0,0,0,1,2,3,3,3,1
LN-11630,1,0,1,0,0,0,1,0,0,1,2,1,1
LN-11631,0,0,0,1,2,3,3,3,3,3,3,3,1
LN-11632,0,0,1,2,1,0,1,0,1,0,1,2,1
LN-11633,0,0,0,0,0,0,0,0,0,0,0,0,0
LN-11634,0,0,0,0,0,0,0,0,0,0,0,0,0
LN-11635,0,1,0,1,2,3,3,3,3,3,3,3,1
LN-11636,1,0,0,1,0,1,2,1,0,1,0,0,1
LN-11637,0,0,0,1,0,0,1,2,3,3,3,3,1
LN-11638,1,2,1,0,0,0,0,0,0,0,0,0,0
LN-11639,1,0,0,1,0,0,0,0,0,1,0,0,1
LN-11640,0,0,0,0,0,1,0,0,0,0,0,0,0
LN-11641,0,0,1,2,1,0,0,0,0,1,0,1,1
LN-11642,0,1,0,0,0,0,1,2,1,0,1,0,1
LN-11643,1,0,0,0,0,0,0,1,2,1,0,0,0
LN-11644,0,0,0,0,0,0,0,1,0,0,0,0,0
LN-11645,0,0,0,0,0,0,0,0,0,0,0,0,0
LN-11646,0,0,0,0,0,0,0,0,0,1,0,0,0
LN-11647,0,0,0,0,0,0,0,0,0,0,0,0,0
LN-11648,0,0,0,0,0,1,0,0,0,0,0,0,0
LN-11649,0,0,0,0,0,1,0,0,1,2,3,3,1
LN-11650,0,0,0,0,0,0,0,0,0,0,0,0,0
LN-11651,0,0,0,1,2,3,3,3,3,3,3,3,1
LN-11652,0,1,0,0,0,0,0,0,0,0,0,0,0
LN-11653,0,0,0,0,0,0,0,0,0,0,0,0,0
LN-11654,0,0,0,0,0,0,1,0,0,0,0,0,0
LN-11655,0,0,0,0,0,0,0,0,0,0,0,0,0
LN-11656,0,0,0,0,0,0,0,0,0,0,0,0,0
LN-11657,0,0,0,0,0,0,0,0,0,0,0,0,0
LN-11658,0,0,1,0,0,1,0,1,2,1,2,3,1
LN-11659,0,0,0,0,0,0,0,0,0,0,0,0,0
LN-11660,0,0,0,0,0,0,0,0,0,0,0,0,0
LN-11661,1,2,1,2,1,0,0,1,2,3,3,3,1
LN-11662,0,0,0,0,0,0,0,0,0,0,0,0,0
LN-11663,0,0,0,0,0,0,0,0,0,0,0,0,0
LN-11664,0,0,0,0,0,0,0,1,0,0,0,0,0
LN-11665,0,0,0,0,0,0,0,0,0,0,0,0,0
LN-11666,0,0,0,0,0,0,0,0,0,0,0,0,0
LN-11667,0,0,0,0,0,0,0,0,0,0,0,0,0
LN-11668,1,0,0,1,0,0,0,1,0,1,2,1,1
LN-11669,0,0,0,1,0,0,0,0,0,0,0,0,0
LN-11670,1,2,1,2,1,2,3,3,3,3,3,3,1
LN-11671,0,0,1,2,3,3,3,3,3,3,3,3,1
LN-11672,0,1,0,1,0,1,0,0,0,0,0,0,0
LN-11673,0,0,0,0,0,0,0,0,0,0,0,0,0
LN-11674,0,1,2,1,0,0,0,0,1,0,1,0,1
LN-11675,0,1,2,1,0,1,2,3,3,3,3,3,1
LN-11676,0,0,0,0,0,0,1,0,0,0,0,0,0
LN-11677,0,0,0,0,0,0,0,0,0,0,0,0,0
LN-11678,0,0,0,0,1,0,0,0,0,1,0,0,0
LN-11679,0,0,0,0,0,0,0,0,0,0,0,0,0
LN-11680,0,0,0,1,0,0,1,0,1,0,1,2,1
LN-11681,0,0,0,1,0,0,1,2,3,3,3,3,1
LN-11682,1,0,1,2,3,3,3,3,3,3,3,3,1
LN-11683,0,1,2,1,0,0,1,0,1,0,1,0,1
LN-11684,0,1,0,1,2,3,3,3,3,3,3,3,1
LN-11685,0,0,0,0,0,0,0,0,0,0,0,0,0
LN-11686,0,0,0,0,0,0,0,0,0,0,0,0,0
LN-11687,1,0,1,2,3,3,3,3,3,3,3,3,1
LN-11688,0,0,0,0,0,0,0,0,0,0,0,0,0
LN-11689,1,0,1,2,1,2,1,0,1,2,1,0,1
LN-11690,1,0,0,0,0,1,0,0,1,0,0,0,1
LN-11691,0,1,2,1,2,1,2,3,3,3,3,3,1
LN-11692,0,0,0,0,1,0,0,0,0,0,0,0,0
LN-11693,0,1,2,3,3,3,3,3,3,3,3,3,1
LN-11694,0,0,0,0,1,2,1,2,1,0,0,0,1
LN-11695,0,0,0,0,0,0,1,0,0,0,0,0,0
LN-11696,1,2,1,0,1,0,1,2,3,3,3,3,1
LN-11697,0,0,1,0,0,1,2,3,3,3,3,3,1
LN-11698,0,0,0,1,0,0,0,0,0,0,0,0,0
LN-11699,0,1,2,1,2,1,0,1,2,1,2,3,1
LN-11700,1,0,0,0,1,0,0,1,2,3,3,3,1
LN-11701,0,0,0,0,0,1,0,0,0,0,0,0,0
LN-11702,0,1,2,3,3,3,3,3,3,3,3,3,1
LN-11703,0,0,0,0,0,0,0,0,0,0,0,0,0
LN-11704,0,1,0,0,0,0,0,0,0,0,0,1,1
LN-11705,0,0,0,0,0,0,0,0,0,0,0,0,0
LN-11706,0,0,0,0,0,0,0,0,0,0,1,0,0
LN-11707,0,0,0,0,0,0,0,1,0,0,0,0,0
LN-11708,0,0,0,0,0,0,0,0,0,0,0,0,0
LN-11709,1,2,1,2,1,2,3,3,3,3,3,3,1
LN-11710,0,0,0,0,0,0,0,0,0,0,0,0,0
LN-11711,0,0,0,0,0,0,0,0,0,0,0,0,0
LN-11712,1,2,1,0,0,0,0,1,0,1,2,1,1
LN-11713,1,2,1,2,1,2,3,3,3,3,3,3,1
LN-11714,0,0,0,0,0,0,0,0,0,0,1,0,0
LN-11715,1,0,0,0,0,0,0,0,1,0,0,0,0
LN-11716,0,0,0,0,0,0,0,0,0,0,1,0,0
LN-11717,0,1,2,3,3,3,3,3,3,3,3,3,1
LN-11718,0,0,0,0,0,0,0,0,0,0,1,0,0
LN-11719,0,1,2,1,2,3,3,3,3,3,3,3,1
LN-11720,1,2,3,3,3,3,3,3,3,3,3,3,1
LN-11721,0,0,0,1,0,0,0,1,2,3,3,3,1
LN-11722,0,0,0,0,0,0,0,0,0,0,0,0,0
LN-11723,0,0,0,0,0,0,0,0,0,0,0,0,0
LN-11724,0,0,0,0,0,0,0,0,0,0,0,0,0
LN-11725,0,0,0,0,0,0,0,0,1,0,0,0,0
LN-11726,0,0,0,0,0,0,0,0,0,0,0,0,0
LN-11727,0,0,1,0,1,0,1,2,3,3,3,3,1
LN-11728,0,0,1,0,0,1,0,0,0,0,0,0,0
LN-11729,0,0,0,0,0,0,0,0,0,0,0,0,0
LN-11730,0,0,0,0,0,0,0,0,0,0,0,0,0
LN-11731,0,0,0,0,0,0,0,0,0,0,0,0,0
LN-11732,1,2,1,0,0,0,0,0,1,2,1,2,1
LN-11733,0,0,0,0,0,0,0,0,0,0,0,0,0
LN-11734,0,0,0,0,0,0,0,0,0,0,0,0,0
LN-11735,0,0,0,0,0,0,0,0,0,0,0,0,0
LN-11736,0,0,0,0,0,0,0,0,0,0,0,0,0
LN-11737,1,0,0,0,0,0,0,0,0,0,0,0,1
LN-11738,0,0,0,0,0,1,0,1,2,3,3,3,1
LN-11739,0,0,0,0,0,0,0,0,0,0,0,0,0
LN-11740,0,0,0,0,0,0,0,0,0,0,0,1,0
LN-11741,1,0,0,1,2,1,0,0,1,0,1,0,1
LN-11742,1,2,1,0,1,2,3,3,3,3,3,3,1
LN-11743,0,0,0,0,0,0,0,0,0,0,0,0,0
LN-11744,0,0,0,0,0,1,2,3,3,3,3,3,1
LN-11745,0,0,0,1,0,0,0,0,0,0,0,0,0
LN-11746,0,0,0,0,0,0,0,0,0,0,0,0,0
LN-11747,0,1,2,1,2,1,2,1,2,1,0,1,1
LN-11748,0,1,0,0,0,0,0,0,0,0,0,0,0
LN-11749,1,0,0,0,0,0,0,0,0,0,0,0,0
LN-11750,1,0,1,2,3,3,3,3,3,3,3,3,1
LN-11751,0,1,2,1,0,0,0,1,0,1,0,1,1
LN-11752,1,0,0,1,2,1,0,1,0,1,2,3,1
LN-11753,0,0,0,0,0,0,0,0,0,0,0,0,0
LN-11754,0,0,0,0,0,0,0,1,0,0,0,0,0
LN-11755,0,0,1,0,0,0,0,0,0,0,0,0,0
LN-11756,0,0,0,0,0,0,0,0,0,0,0,0,0
LN-11757,0,0,0,0,0,0,0,0,0,0,0,1,0
LN-11758,0,0,1,0,0,0,1,0,1,0,1,2,1
LN-11759,0,0,0,0,0,0,0,0,0,0,0,0,0
LN-11760,0,0,0,0,0,0,0,0,0,0,0,0,0
LN-11761,0,0,0,0,0,0,0,0,0,0,0,1,0
LN-11762,0,0,0,1,2,3,3,3,3,3,3,3,1
LN-11763,0,0,0,0,0,0,0,0,0,0,0,0,0
LN-11764,0,0,0,1,2,1,0,0,0,1,2,3,1
LN-11765,0,0,0,0,0,0,0,0,0,0,0,0,0
LN-11766,0,0,0,1,0,0,1,0,1,0,1,2,1
LN-11767,0,0,0,0,0,0,0,0,1,2,1,0,1
LN-11768,1,0,1,0,0,1,0,0,0,1,0,1,1
LN-11769,0,0,0,0,0,0,0,0,0,0,0,0,0
LN-11770,0,0,0,0,0,0,0,0,0,1,0,0,0
LN-11771,1,0,0,1,2,3,3,3,3,3,3,3,1
LN-11772,0,0,0,0,0,0,0,0,0,0,1,0,0
LN-11773,0,0,0,0,0,0,0,0,0,0,0,0,0
LN-11774,0,0,0,0,0,0,1,0,1,0,1,2,1
LN-11775,0,1,0,1,0,0,0,1,2,3,3,3,1
LN-11776,0,0,0,0,0,0,0,0,0,0,0,0,0
LN-11777,0,0,0,1,0,0,0,0,0,0,0,0,0
LN-11778,0,1,0,0,0,0,0,0,0,0,0,0,0
LN-11779,1,0,0,0,1,2,1,0,1,0,1,0,1
LN-11780,0,1,0,0,0,0,0,1,0,1,2,3,1
LN-11781,0,0,0,0,0,0,0,0,0,0,0,0,0
LN-11782,0,0,0,1,2,3,3,3,3,3,3,3,1
LN-11783,0,0,0,0,0,0,0,0,0,0,0,0,0
LN-11784,0,0,0,0,0,0,0,0,0,0,0,0,0
LN-11785,1,0,0,1,0,1,2,3,3,3,3,3,1
LN-11786,0,1,2,1,0,1,0,0,1,0,1,0,1
LN-11787,0,0,0,0,0,0,0,0,0,0,0,0,0
LN-11788,0,1,2,3,3,3,3,3,3,3,3,3,1
LN-11789,0,1,0,0,0,0,0,0,0,0,0,0,0
LN-11790,1,0,1,2,1,0,0,1,0,0,1,2,1
LN-11791,0,0,0,1,0,1,2,3,3,3,3,3,1
LN-11792,0,0,0,0,0,0,0,0,0,0,0,0,0
LN-11793,0,0,1,0,0,1,0,1,0,0,1,2,1
LN-11794,0,0,0,0,0,0,0,0,0,0,0,0,0
LN-11795,0,0,0,0,0,0,0,0,0,0,0,0,0
LN-11796,0,1,0,0,0,0,0,0,0,0,1,0,0
LN-11797,1,0,1,0,0,1,0,1,0,1,0,0,1
LN-11798,0,0,1,0,1,0,1,2,3,3,3,3,1
LN-11799,0,0,1,0,1,0,1,2,1,0,1,2,1
LN-11800,0,1,0,1,0,0,0,0,0,1,2,3,1
LN-11801,1,0,1,0,1,2,3,3,3,3,3,3,1
LN-11802,0,0,1,2,3,3,3,3,3,3,3,3,1
LN-11803,0,0,0,0,0,0,0,0,0,0,0,0,0
LN-11804,0,0,0,0,0,0,0,0,0,0,0,0,0
LN-11805,0,0,0,0,0,0,0,0,0,0,0,0,0
LN-11806,0,0,0,0,0,0,0,0,0,0,0,1,0
LN-11807,0,0,0,0,0,0,0,0,0,0,0,0,0
LN-11808,0,0,0,0,0,0,0,0,0,0,0,0,0
LN-11809,0,1,0,0,0,0,1,0,1,2,3,3,1
LN-11810,0,0,0,0,0,0,0,0,0,0,0,0,0
LN-11811,0,0,0,0,0,0,0,0,0,0,1,0,0
LN-11812,0,0,0,0,0,0,0,0,0,0,0,0,0
LN-11813,0,0,0,0,0,0,0,0,0,0,0,0,0
LN-11814,0,1,0,0,0,1,0,0,0,1,0,1,1
LN-11815,0,0,0,0,0,0,0,0,1,0,0,0,0
LN-11816,0,0,0,0,0,0,0,0,1,0,0,0,0
LN-11817,0,0,0,0,0,0,0,0,0,0,0,0,0
LN-11818,1,0,1,0,0,0,1,0,0,0,1,0,1
LN-11819,0,0,0,0,0,0,0,0,0,1,0,0,0
LN-11820,0,0,1,0,1,2,3,3,3,3,3,3,1
LN-11821,1,2,1,0,0,0,0,0,0,1,0,0,1
LN-11822,0,0,0,0,0,0,0,0,0,1,0,1,0
LN-11823,0,0,0,0,0,0,0,0,0,0,0,0,0
LN-11824,0,0,0,0,0,0,0,0,0,0,0,0,0
LN-11825,0,1,2,1,0,1,0,0,0,0,0,1,1
LN-11826,0,0,0,1,2,3,3,3,3,3,3,3,1
LN-11827,0,1,2,3,3,3,3,3,3,3,3,3,1
LN-11828,0,0,0,0,0,0,0,0,0,0,1,0,0
LN-11829,0,0,0,0,0,0,0,0,0,1,0,0,0
LN-11830,0,0,0,0,0,0,0,0,0,0,0,1,1
LN-11831,0,0,0,0,0,0,0,0,0,0,0,0,0
LN-11832,0,0,0,0,0,0,0,0,0,0,0,0,0
LN-11833,1,0,0,0,0,0,0,0,0,0,0,0,0
LN-11834,0,0,0,0,0,0,0,0,1,0,0,0,0
LN-11835,0,0,0,0,0,1,0,1,0,0,0,0,0
LN-11836,0,0,1,2,1,0,1,2,1,0,1,0,1
LN-11837,0,0,0,0,0,0,1,0,0,1,0,0,1
LN-11838,0,0,0,0,0,0,0,0,0,0,0,0,0
LN-11839,0,1,0,1,0,1,0,1,0,0,1,0,1
LN-11840,0,0,1,0,0,0,0,0,0,0,0,0,0
LN-11841,0,0,0,0,0,0,0,0,0,0,0,1,0
LN-11842,0,0,0,0,0,0,0,0,1,0,0,0,0
LN-11843,0,0,0,0,0,0,0,0,0,0,0,0,0
LN-11844,0,0,0,0,0,0,0,0,0,1,0,0,0
LN-11845,0,0,0,0,0,0,0,0,0,0,0,0,0
LN-11846,0,0,0,0,0,0,0,0,0,0,0,0,0
LN-11847,0,0,0,1,0,0,0,0,0,0,0,0,0
LN-11848,0,0,1,2,1,0,0,1,2,1,2,3,1
LN-11849,0,0,0,0,1,2,1,0,0,1,2,1,1
LN-11850,0,0,0,0,0,0,0,0,0,0,0,0,0
LN-11851,1,2,3,3,3,3,3,3,3,3,3,3,1
LN-11852,0,0,0,0,0,0,0,0,0,0,0,0,0
LN-11853,0,1,0,1,2,3,3,3,3,3,3,3,1
LN-11854,1,0,0,1,0,0,0,1,2,3,3,3,1
LN-11855,1,2,3,3,3,3,3,3,3,3,3,3,1
LN-11856,1,2,1,0,0,0,1,0,1,2,1,2,1
LN-11857,1,0,1,0,0,0,1,0,0,0,1,2,1
LN-11858,0,0,0,0,0,0,0,0,0,0,0,0,0
LN-11859,1,0,1,2,1,0,0,1,0,1,0,1,1
LN-11860,1,0,0,0,0,1,0,1,0,0,0,0,0
LN-11861,0,0,0,0,0,0,0,0,0,1,0,0,0
LN-11862,0,1,0,0,0,0,0,1,0,0,0,0,0
LN-11863,0,0,0,0,0,0,0,0,0,0,0,0,0
LN-11864,0,0,0,0,0,0,0,0,0,0,0,0,0
LN-11865,0,0,0,0,0,0,0,0,0,0,0,0,0
LN-11866,0,0,1,2,3,3,3,3,3,3,3,3,1
LN-11867,1,2,1,0,0,1,0,0,1,0,1,2,1
LN-11868,0,1,2,1,0,1,2,3,3,3,3,3,1
LN-11869,0,0,0,0,0,1,0,0,0,0,0,0,0
LN-11870,0,0,1,2,1,2,3,3,3,3,3,3,1
LN-11871,0,1,0,0,0,1,2,1,0,0,0,0,1
LN-11872,1,0,0,0,0,0,1,0,0,1,0,0,0
LN-11873,1,0,0,0,0,1,0,1,0,0,0,1,1
LN-11874,0,0,0,1,2,1,0,1,2,3,3,3,1
LN-11875,0,0,0,0,0,0,0,0,0,0,0,0,0
LN-11876,0,0,0,1,0,0,0,0,0,0,0,0,0
LN-11877,0,0,1,2,3,3,3,3,3,3,3,3,1
LN-11878,0,0,0,1,0,0,1,2,1,0,1,2,1
LN-11879,0,0,0,0,0,0,0,0,0,0,0,0,0
LN-11880,0,1,0,0,0,0,1,0,1,0,1,2,1
LN-11881,0,0,0,0,0,0,0,0,1,0,0,0,0
LN-11882,0,1,0,0,0,0,1,2,1,0,0,0,1
LN-11883,1,0,0,0,0,0,0,0,0,0,0,0,0
LN-11884,1,0,0,0,0,0,0,1,0,0,0,0,0
LN-11885,0,0,0,0,0,0,0,0,0,0,0,0,0
LN-11886,0,0,1,0,0,0,0,0,0,0,0,0,0
LN-11887,0,0,0,0,0,1,0,0,0,0,0,0,0
LN-11888,0,0,0,1,0,0,0,0,0,0,0,0,0
LN-11889,1,0,0,0,0,0,0,0,0,0,0,1,0
LN-11890,0,0,1,0,0,0,0,0,1,0,0,0,0
LN-11891,0,0,0,0,0,0,0,0,0,0,0,0,0
LN-11892,0,0,0,0,0,0,0,0,0,0,0,0,0
LN-11893,0,0,0,0,0,1,0,1,0,0,1,2,1
LN-11894,0,1,0,1,2,1,2,3,3,3,3,3,1
LN-11895,0,1,2,1,2,3,3,3,3,3,3,3,1
LN-11896,0,0,0,0,0,0,0,0,0,0,0,0,0
LN-11897,0,0,0,0,0,1,2,1,2,3,3,3,1
LN-11898,0,1,0,0,0,0,0,0,0,0,0,0,0
LN-11899,1,0,0,0,0,0,0,0,0,0,0,0,0
LN-11900,0,0,0,0,0,0,0,0,0,0,0,0,0
LN-11901,0,0,0,0,0,0,0,0,0,0,0,1,0
LN-11902,0,0,0,0,0,0,0,1,0,0,1,2,1
LN-11903,1,2,3,3,3,3,3,3,3,3,3,3,1
LN-11904,0,0,0,0,0,0,1,0,0,0,0,0,0
LN-11905,0,0,0,0,0,0,0,0,0,0,0,0,0
LN-11906,1,0,0,1,0,1,0,1,2,1,0,0,1
LN-11907,0,1,0,0,0,0,0,0,0,0,0,0,0
LN-11908,0,0,1,0,0,1,0,0,1,2,3,3,1
LN-11909,0,0,1,2,3,3,3,3,3,3,3,3,1
LN-11910,0,0,0,0,0,0,0,0,0,0,0,0,0
LN-11911,1,0,1,2,3,3,3,3,3,3,3,3,1
LN-11912,0,0,0,0,0,0,0,0,0,0,0,0,0
LN-11913,0,0,0,0,0,0,0,0,0,0,0,0,0
LN-11914,0,0,0,0,0,0,0,0,0,0,0,0,0
LN-11915,0,0,1,0,0,0,0,0,0,0,0,0,0
LN-11916,0,0,0,0,0,0,0,0,0,0,0,0,0
LN-11917,0,1,2,3,3,3,3,3,3,3,3,3,1
LN-11918,0,0,0,0,0,0,0,0,0,0,0,0,0
LN-11919,0,0,0,0,0,0,0,0,0,0,0,0,0
LN-11920,1,0,1,0,1,2,1,0,0,0,1,2,1
LN-11921,0,0,0,0,0,0,0,0,0,0,0,0,0
LN-11922,0,0,0,1,0,0,0,0,0,0,0,0,0
LN-11923,1,0,0,0,0,0,0,0,1,0,0,0,0
LN-11924,0,0,0,0,0,0,0,0,0,0,0,0,0
LN-11925,0,1,2,3,3,3,3,3,3,3,3,3,1
LN-11926,0,0,0,0,0,0,0,0,0,0,0,0,0
LN-11927,0,0,0,0,0,0,0,0,0,0,0,0,0
LN-11928,0,0,0,0,1,0,0,0,0,0,0,0,0
LN-11929,1,2,1,0,0,0,0,1,2,3,3,3,1
LN-11930,0,1,0,0,0,0,0,1,2,1,2,1,1
LN-11931,0,0,0,0,0,0,0,0,0,0,0,0,0
LN-11932,1,0,1,2,1,0,1,0,1,2,3,3,1
LN-11933,0,0,0,0,0,0,0,1,0,0,0,0,0
LN-11934,1,2,3,3,3,3,3,3,3,3,3,3,0
LN-11935,0,0,0,0,0,0,0,0,0,0,0,0,0
LN-11936,0,0,0,0,0,0,0,0,0,0,0,0,0
LN-11937,0,0,0,0,0,1,0,0,0,0,0,0,0
LN-11938,0,0,0,0,0,0,0,0,0,0,0,0,0
LN-11939,0,0,0,1,0,0,0,0,0,0,0,0,0
LN-11940,0,1,0,0,1,0,0,0,0,1,0,0,0
LN-11941,0,0,0,0,0,0,0,0,0,0,0,0,0
LN-11942,1,0,0,0,0,0,0,0,0,0,0,0,0
LN-11943,0,0,0,0,0,1,0,0,0,1,2,1,1
LN-11944,0,0,0,0,1,0,0,1,0,0,1,2,1
LN-11945,0,0,0,0,0,0,0,0,0,0,0,0,0
LN-11946,0,0,1,0,1,2,3,3,3,3,3,3,1
LN-11947,0,0,0,0,0,0,0,0,0,0,0,0,0
LN-11948,0,0,0,0,0,0,0,0,0,0,0,0,0
LN-11949,0,0,0,0,0,0,0,0,0,0,0,0,0
LN-11950,0,0,0,0,0,0,0,0,0,0,0,0,0
LN-11951,0,0,0,0,0,0,0,0,0,1,0,0,0
LN-11952,0,1,0,0,1,2,1,2,3,3,3,3,1
LN-11953,0,0,0,0,0,0,0,0,0,1,0,0,0
LN-11954,0,0,0,0,0,0,0,0,0,0,0,0,0
LN-11955,0,1,0,0,0,0,0,0,0,0,0,0,0
LN-11956,0,0,1,0,1,2,1,2,1,0,0,1,1
LN-11957,0,0,0,0,0,0,0,0,0,0,0,0,0
LN-11958,0,0,0,0,0,0,0,0,0,0,0,0,0
LN-11959,0,0,0,0,0,0,0,0,0,0,0,0,0
LN-11960,0,0,0,0,0,0,0,0,0,1,0,0,0
LN-11961,0,0,0,0,0,0,1,2,1,0,0,0,0
LN-11962,0,0,0,0,1,0,0,0,0,0,0,0,0
LN-11963,1,0,1,0,0,1,2,1,0,0,0,0,1
LN-11964,1,0,0,1,0,0,0,0,0,1,2,3,1
LN-11965,0,0,0,0,0,0,0,0,0,0,1,0,0
LN-11966,0,0,0,0,0,0,0,0,0,0,0,0,0
LN-11967,0,0,1,2,3,3,3,3,3,3,3,3,1
LN-11968,0,0,0,0,0,0,0,0,0,0,1,0,0
LN-11969,0,0,0,0,0,0,0,0,0,0,0,0,0
LN-11970,0,0,0,0,1,2,1,0,0,1,2,1,1
LN-11971,0,0,0,0,0,0,0,0,0,0,0,0,0
LN-11972,0,0,0,0,0,1,0,1,2,1,2,1,1
LN-11973,0,1,0,0,0,0,0,1,2,1,0,0,1
LN-11974,0,0,0,0,0,0,0,1,0,0,0,0,0
LN-11975,0,0,0,1,2,1,2,1,0,0,1,0,1
LN-11976,0,0,0,0,0,0,1,0,0,0,0,0,0
LN-11977,0,0,0,0,0,0,0,0,0,0,0,0,0
LN-11978,0,0,0,0,0,0,0,0,0,0,0,1,0
LN-11979,0,1,2,3,3,3,3,3,3,3,3,3,1
LN-11980,0,0,0,0,1,0,1,0,0,1,0,1,1
LN-11981,0,0,0,0,0,0,0,1,0,1,0,0,0
LN-11982,0,0,0,0,0,0,0,1,0,0,0,0,0
LN-11983,0,0,0,1,2,3,3,3,3,3,3,3,1
LN-11984,1,2,3,3,3,3,3,3,3,3,3,3,1
LN-11985,0,1,0,0,0,0,0,1,2,3,3,3,1
LN-11986,0,0,0,0,0,0,0,0,0,0,0,0,0
LN-11987,0,0,0,0,0,0,0,0,0,0,0,1,0
LN-11988,0,0,0,0,0,1,0,0,0,0,0,0,0
LN-11989,0,1,2,3,3,3,3,3,3,3,3,3,1
LN-11990,0,0,0,0,0,0,0,0,0,0,0,0,0
LN-11991,0,0,0,0,1,0,0,1,2,1,2,3,1
LN-11992,1,2,1,0,1,2,3,3,3,3,3,3,1
LN-11993,0,1,0,1,0,0,0,0,1,0,0,1,1
LN-11994,0,0,1,0,1,0,0,0,1,2,1,0,1
LN-11995,0,0,0,0,0,0,0,0,0,0,0,0,0
LN-11996,0,0,0,0,0,0,0,0,0,0,0,1,0
LN-11997,0,0,1,2,3,3,3,3,3,3,3,3,1
LN-11998,1,2,1,0,1,2,1,0,1,0,0,0,1
LN-11999,1,0,0,0,0,0,0,0,0,0,0,0,0
LN-12000,0,0,0,0,0,0,0,0,0,0,0,0,0
LN-12001,0,0,1,0,0,1,0,0,1,0,0,0,1
LN-12002,0,1,0,1,2,1,0,0,0,1,0,1,1
LN-12003,0,0,0,0,0,0,0,0,0,0,0,0,0
LN-12004,1,0,0,0,0,0,0,0,0,1,0,1,1
LN-12005,0,0,0,0,0,0,0,0,0,0,0,0,0
LN-12006,1,0,0,1,0,0,0,1,0,0,0,1,1
LN-12007,0,0,0,1,2,3,3,3,3,3,3,3,1
LN-12008,0,0,0,0,1,0,0,0,0,0,1,0,1
LN-12009,1,0,0,0,0,0,1,2,1,2,1,0,1
LN-12010,0,0,0,0,0,0,0,0,0,0,0,0,0
LN-12011,0,0,0,0,0,0,0,0,0,0,0,0,0
LN-12012,1,0,0,0,0,0,1,0,0,1,2,3,1
LN-12013,0,0,0,0,0,0,0,0,1,0,0,0,0
LN-12014,0,0,0,0,0,0,1,2,1,2,1,2,1
LN-12015,0,1,2,3,3,3,3,3,3,3,3,3,1
LN-12016,1,2,3,3,3,3,3,3,3,3,3,3,1
LN-12017,0,0,0,0,0,0,0,0,0,0,0,0,0
LN-12018,0,1,0,0,0,1,0,1,2,1,2,3,1
LN-12019,1,2,1,0,0,0,1,2,1,2,1,0,1
LN-12020,0,0,0,0,0,0,0,0,0,0,0,0,0
LN-12021,0,0,0,0,0,0,0,0,0,0,0,0,0
LN-12022,0,0,0,0,0,0,0,0,0,0,0,0,0
LN-12023,0,0,0,0,0,0,0,0,0,0,0,0,0
LN-12024,0,0,1,2,1,2,3,3,3,3,3,3,1
LN-12025,0,0,0,0,0,0,1,0,0,0,0,0,0
LN-12026,0,1,0,0,1,0,1,0,1,0,0,1,1
LN-12027,0,1,2,1,2,3,3,3,3,3,3,3,1
LN-12028,0,0,0,0,0,0,0,0,0,0,0,0,0
LN-12029,0,0,0,0,0,0,0,1,0,0,0,0,0
LN-12030,0,0,0,0,0,1,0,0,0,0,0,0,0
LN-12031,0,1,0,1,0,1,2,1,2,3,3,3,1
LN-12032,0,1,2,3,3,3,3,3,3,3,3,3,1
LN-12033,0,0,0,0,0,0,0,0,0,0,0,0,0
LN-12034,0,0,0,1,0,0,0,0,0,0,0,0,0
LN-12035,0,0,0,0,0,0,0,0,0,0,0,0,0
LN-12036,1,0,0,1,2,3,3,3,3,3,3,3,1
LN-12037,0,0,0,0,0,0,1,0,0,0,0,0,1
LN-12038,0,0,0,0,0,0,0,0,0,0,0,0,0
LN-12039,1,0,0,0,1,2,1,0,1,0,0,0,1
LN-12040,0,0,0,0,0,0,0,0,0,0,0,0,0
LN-12041,0,0,0,0,0,0,0,0,0,0,0,0,0
LN-12042,0,0,0,0,0,0,0,0,0,0,0,0,0
LN-12043,0,0,0,0,0,0,0,0,0,0,0,0,0
LN-12044,0,0,0,0,0,0,0,0,0,0,0,0,0
LN-12045,0,1,2,1,2,1,0,1,0,1,2,1,1
LN-12046,0,0,1,0,1,2,1,0,0,0,0,1,1
LN-12047,0,0,0,0,0,0,0,0,0,0,0,0,0
LN-12048,0,0,0,0,0,0,1,0,0,0,0,0,0
LN-12049,0,0,0,0,0,0,0,0,0,0,1,0,0
LN-12050,0,0,0,0,0,0,0,0,0,0,0,0,0
LN-12051,0,0,0,0,0,0,0,0,1,0,0,0,0
LN-12052,1,2,1,0,0,0,0,1,0,1,0,1,1
LN-12053,0,0,0,0,0,0,0,0,0,0,0,0,0
LN-12054,0,0,0,0,0,0,0,0,0,0,0,0,0
LN-12055,1,0,1,0,0,0,0,0,0,0,0,0,0
LN-12056,0,0,0,0,0,1,0,1,2,1,0,0,1
LN-12057,0,0,0,0,0,0,0,0,0,0,0,0,0
LN-12058,0,0,0,0,0,0,0,0,0,0,1,0,0
LN-12059,0,0,0,0,0,0,0,0,0,0,0,0,0
LN-12060,0,0,0,0,0,0,0,0,0,0,1,0,0
LN-12061,0,0,0,0,0,0,0,0,0,0,0,0,0
LN-12062,0,0,0,0,0,0,0,0,0,0,0,0,0
LN-12063,0,0,0,0,1,2,1,0,0,1,0,1,1
LN-12064,0,0,0,0,0,0,0,0,0,1,0,0,0
LN-12065,0,1,0,1,2,3,3,3,3,3,3,3,1
LN-12066,0,0,0,0,0,0,0,0,1,0,0,0,0
LN-12067,1,0,0,1,2,3,3,3,3,3,3,3,1
LN-12068,0,0,0,0,0,0,0,0,0,0,1,0,0
LN-12069,1,2,1,2,3,3,3,3,3,3,3,3,1
LN-12070,0,1,0,0,1,0,1,2,1,0,1,2,1
LN-12071,0,0,0,0,0,0,0,0,0,0,0,0,0
LN-12072,0,0,0,0,0,0,0,0,0,0,0,0,0
LN-12073,1,0,0,1,0,1,2,1,2,3,3,3,1
LN-12074,0,0,0,0,0,0,0,0,0,0,0,0,0
LN-12075,1,0,1,0,0,0,0,0,0,1,2,1,1
LN-12076,0,1,0,0,0,0,0,0,0,0,1,0,0
LN-12077,0,1,0,1,2,1,2,1,0,0,1,2,1
LN-12078,0,0,0,0,0,0,0,0,0,0,0,1,0
LN-12079,0,0,1,0,1,2,1,2,3,3,3,3,1
LN-12080,0,0,0,0,0,0,0,0,0,0,0,0,0
LN-12081,1,2,1,0,0,1,0,0,1,2,3,3,1
LN-12082,0,1,0,0,0,1,2,1,0,0,0,0,0
LN-12083,0,0,1,0,1,0,1,0,0,1,0,0,1
LN-12084,0,0,0,0,0,0,0,0,0,0,0,0,0
LN-12085,0,0,0,0,0,0,1,0,0,0,0,0,0
LN-12086,1,0,0,1,0,0,0,0,0,0,0,0,0
LN-12087,0,0,0,0,0,0,0,0,0,0,0,0,0
LN-12088,0,0,1,0,1,0,0,0,0,1,0,1,1
LN-12089,0,0,0,0,0,0,0,0,0,0,0,0,0
LN-12090,0,0,0,0,0,0,0,0,0,0,0,0,0
LN-12091,0,0,1,2,3,3,3,3,3,3,3,3,1
LN-12092,0,0,0,0,0,0,0,0,0,0,0,0,0
LN-12093,0,1,2,1,0,1,2,1,2,1,0,0,1
LN-12094,0,0,0,0,0,0,0,0,0,0,0,0,0
LN-12095,1,0,0,0,0,0,1,2,3,3,3,3,1
LN-12096,0,0,0,0,0,0,0,0,0,1,0,0,0
LN-12097,0,0,0,0,0,0,0,0,0,0,0,0,0
LN-12098,1,0,0,0,0,1,2,3,3,3,3,3,1
LN-12099,0,0,0,0,0,0,0,0,0,0,0,0,0
LN-12100,0,0,0,1,2,1,2,3,3,3,3,3,1
LN-12101,0,0,0,0,0,0,0,0,0,0,0,0,0
LN-12102,1,0,0,0,0,0,0,0,0,0,0,0,0
LN-12103,0,0,0,0,0,1,0,0,0,0,0,0,0
LN-12104,0,0,1,0,0,0,0,0,0,0,0,0,0
LN-12105,0,1,0,0,0,0,1,0,1,2,3,3,1
LN-12106,0,1,0,1,2,1,0,0,1,0,1,0,1
LN-12107,1,0,0,0,0,0,0,0,0,0,0,0,0
LN-12108,1,2,1,0,1,0,0,1,0,1,0,1,1
LN-12109,0,0,0,0,0,0,0,0,0,0,0,0,0
LN-12110,0,0,0,0,0,0,0,0,0,0,0,0,0
LN-12111,0,0,0,0,0,0,0,0,0,0,0,0,0
LN-12112,0,0,0,0,0,0,0,0,0,0,0,0,0
LN-12113,0,0,0,0,0,0,0,0,1,0,0,0,0
LN-12114,0,0,0,0,1,0,0,1,0,0,0,0,0
LN-12115,0,0,0,0,0,0,0,0,0,0,0,0,0
LN-12116,0,0,0,0,0,0,0,0,0,0,0,0,0
LN-12117,0,1,0,0,0,1,2,1,2,3,3,3,1
LN-12118,0,0,0,0,0,0,0,0,0,0,0,0,0
LN-12119,0,0,1,0,0,0,0,0,0,0,0,0,0
LN-12120,1,0,0,1,0,0,1,0,0,0,1,0,1
LN-12121,0,0,1,2,1,2,3,3,3,3,3,3,1
LN-12122,0,0,0,1,2,1,2,3,3,3,3,3,1
LN-12123,0,0,1,0,0,0,0,0,0,1,2,1,1
LN-12124,1,2,1,2,1,2,1,2,3,3,3,3,1
LN-12125,0,0,0,0,1,2,3,3,3,3,3,3,1
LN-12126,0,0,0,1,2,1,2,3,3,3,3,3,1
LN-12127,0,0,0,0,0,0,0,0,0,0,0,0,0
LN-12128,0,0,0,0,0,1,0,0,0,0,0,0,0
LN-12129,0,0,0,0,1,0,0,0,0,0,0,0,0
LN-12130,0,0,0,0,0,1,0,0,0,0,0,1,1
LN-12131,0,0,0,0,0,0,0,0,0,0,0,0,0
LN-12132,0,0,0,0,0,0,0,0,0,0,0,0,0
LN-12133,0,1,0,1,0,0,0,1,2,3,3,3,1
LN-12134,0,0,0,0,0,0,0,0,0,0,0,0,0
LN-12135,0,0,0,0,0,0,0,0,1,0,0,0,0
LN-12136,0,0,0,0,1,0,0,0,0,0,0,0,0
LN-12137,0,0,0,0,0,0,0,0,0,0,0,0,0
LN-12138,0,1,0,1,0,0,1,2,1,2,3,3,1
LN-12139,0,0,0,0,0,0,0,0,0,0,0,0,0
LN-12140,0,0,0,0,0,0,0,0,0,0,0,0,0
LN-12141,0,0,0,0,0,0,0,0,0,0,0,0,0
LN-12142,0,0,0,0,0,0,1,0,0,0,0,0,0
LN-12143,0,0,1,0,1,0,0,0,0,1,0,0,0
LN-12144,0,0,1,0,0,0,0,0,0,0,0,0,0
LN-12145,0,0,0,0,0,0,0,0,0,0,0,0,0
LN-12146,0,0,0,0,0,0,0,0,0,0,0,0,0
LN-12147,0,1,2,3,3,3,3,3,3,3,3,3,1
LN-12148,0,0,0,0,0,0,0,0,1,0,1,0,1
LN-12149,1,0,1,0,0,1,0,0,1,0,0,0,1
LN-12150,0,0,0,0,0,0,0,0,0,0,0,0,0
LN-12151,0,0,0,0,0,0,0,0,0,0,0,0,0
LN-12152,0,0,0,0,0,0,0,0,0,0,0,0,0
LN-12153,0,0,0,0,0,0,0,1,0,0,0,0,0
LN-12154,1,0,0,0,1,0,0,0,1,2,3,3,1
LN-12155,0,0,0,0,0,0,0,0,0,0,0,0,0
LN-12156,0,1,0,1,0,1,2,1,0,1,0,1,1
LN-12157,0,0,0,0,0,0,0,0,0,0,0,0,0
LN-12158,0,0,1,2,1,0,0,1,0,0,0,1,1
LN-12159,0,1,0,1,0,1,2,1,0,0,1,2,1
LN-12160,0,1,2,1,2,1,0,0,0,0,1,2,1
LN-12161,0,0,0,0,0,0,1,0,1,0,1,2,1
LN-12162,0,0,0,0,0,0,0,0,0,0,0,0,0
LN-12163,0,1,2,1,2,3,3,3,3,3,3,3,1
LN-12164,0,0,0,0,0,0,0,0,0,0,1,0,0
LN-12165,0,0,0,1,0,1,0,0,0,0,1,0,1
LN-12166,1,0,0,0,0,0,0,0,0,0,1,0,0
LN-12167,0,0,0,0,0,0,0,0,0,1,0,1,0
LN-12168,0,0,0,0,0,0,0,1,2,1,0,0,0
LN-12169,0,0,1,0,0,1,2,1,2,3,3,3,1
LN-12170,0,0,0,0,1,0,0,0,0,0,0,0,0
LN-12171,0,0,0,0,0,1,0,0,0,0,0,0,0
LN-12172,1,0,0,0,1,0,1,2,3,3,3,3,1
LN-12173,0,0,0,0,0,0,0,0,0,0,0,0,0
LN-12174,1,0,0,0,0,0,0,0,0,0,0,0,0
LN-12175,0,0,0,0,0,0,0,0,0,0,0,1,0
LN-12176,0,0,0,1,0,0,0,0,0,0,0,0,0
LN-12177,0,0,0,0,0,0,0,0,0,0,0,0,0
LN-12178,0,0,0,0,0,0,0,0,0,1,0,0,0
LN-12179,0,0,0,1,2,1,2,3,3,3,3,3,1
LN-12180,0,0,1,0,0,0,1,0,0,0,0,1,1
LN-12181,0,0,0,0,0,0,0,0,0,0,0,0,0
LN-12182,0,0,0,0,1,2,1,2,1,0,0,1,1
LN-12183,0,1,2,3,3,3,3,3,3,3,3,3,1
LN-12184,0,1,2,3,3,3,3,3,3,3,3,3,1
LN-12185,0,0,1,0,0,0,0,0,0,0,0,0,0
LN-12186,0,0,0,0,0,0,0,0,0,1,0,0,0
LN-12187,0,0,0,1,2,1,2,3,3,3,3,3,1
LN-12188,0,0,0,0,0,0,0,0,0,0,0,0,0
LN-12189,0,0,0,0,0,0,0,0,0,0,0,0,0
LN-12190,0,0,0,0,0,0,0,0,0,1,0,0,0
LN-12191,0,0,0,1,0,0,1,0,0,0,0,0,1
LN-12192,0,0,0,0,0,0,0,0,0,0,0,0,0
LN-12193,0,0,0,0,0,0,0,0,0,0,0,1,0
LN-12194,0,0,0,0,0,0,0,0,0,0,0,0,0
LN-12195,0,1,0,1,2,3,3,3,3,3,3,3,1
LN-12196,0,0,0,0,0,0,0,0,0,0,0,0,0
LN-12197,0,0,0,0,0,0,0,0,0,0,0,0,0
LN-12198,0,0,0,0,0,0,0,0,0,0,0,0,0
LN-12199,0,0,0,0,0,0,0,0,0,0,0,0,0
LN-12200,0,0,0,0,0,0,0,0,0,0,0,0,0
LN-12201,0,0,0,0,0,0,0,0,0,0,0,0,0
LN-12202,0,0,0,1,2,1,0,1,2,1,2,3,1
LN-12203,0,0,0,1,2,3,3,3,3,3,3,3,1
LN-12204,0,0,0,0,0,0,0,0,0,0,0,1,0
LN-12205,0,0,0,0,0,0,0,0,0,0,0,0,0
LN-12206,0,0,0,0,1,0,1,2,3,3,3,3,1
LN-12207,1,2,1,0,0,1,2,1,0,1,0,1,1
LN-12208,0,0,0,0,0,0,0,0,0,0,0,0,0
LN-12209,0,0,0,0,0,0,0,0,0,0,0,0,0
LN-12210,0,0,0,0,0,0,0,0,0,0,0,0,0
LN-12211,1,2,3,3,3,3,3,3,3,3,3,3,1
LN-12212,0,0,0,0,1,2,3,3,3,3,3,3,1
LN-12213,1,0,0,1,0,0,0,0,0,0,0,1,1
LN-12214,0,0,0,0,0,0,0,0,0,0,0,0,0
LN-12215,1,0,1,2,1,0,0,0,0,1,0,0,1
LN-12216,0,1,2,1,0,1,0,0,0,1,0,0,1
LN-12217,0,0,0,0,0,0,0,0,0,0,0,0,0
LN-12218,0,0,0,0,0,0,0,0,0,0,0,0,0
LN-12219,0,0,0,0,0,0,0,0,0,0,0,0,0
LN-12220,0,0,0,0,0,0,0,0,0,0,0,0,0
LN-12221,0,0,0,0,1,2,3,3,3,3,3,3,1
LN-12222,0,0,0,0,0,0,1,0,0,0,0,0,0
LN-12223,1,0,1,2,1,0,1,0,1,0,0,1,1
LN-12224,0,0,0,1,0,1,2,3,3,3,3,3,1
LN-12225,0,0,0,0,0,0,0,0,0,0,0,1,0
LN-12226,0,0,1,2,3,3,3,3,3,3,3,3,1
LN-12227,0,0,0,0,0,0,0,0,0,0,0,0,0
LN-12228,0,1,0,1,0,0,0,1,0,1,0,1,1
LN-12229,0,0,0,1,0,1,0,1,2,3,3,3,1
LN-12230,0,0,0,0,1,0,0,0,0,1,0,0,0
LN-12231,0,0,0,0,0,0,0,0,0,0,0,0,0
LN-12232,0,0,0,0,0,0,0,0,0,0,0,0,0
LN-12233,0,0,0,0,0,0,0,0,0,0,0,1,0
LN-12234,0,0,0,0,0,0,1,2,1,2,3,3,1
LN-12235,0,1,0,0,0,0,1,0,1,0,0,1,1
LN-12236,0,0,0,0,0,0,1,2,3,3,3,3,1
LN-12237,0,0,0,0,1,0,0,0,0,0,0,0,0
LN-12238,0,0,0,0,0,1,0,0,0,1,0,0,0
LN-12239,0,1,0,0,0,0,1,2,3,3,3,3,1
LN-12240,0,0,0,0,0,0,0,0,0,0,0,0,0
LN-12241,0,0,0,0,1,2,3,3,3,3,3,3,1
LN-12242,0,0,1,0,0,0,0,0,0,0,0,1,0
LN-12243,0,0,0,0,0,0,0,0,0,0,0,0,0
LN-12244,0,0,0,0,0,0,0,0,0,0,0,0,0
LN-12245,0,0,0,0,1,2,1,0,1,2,3,3,1
LN-12246,0,0,1,0,0,0,0,0,0,0,0,0,0
LN-12247,0,0,1,0,0,0,0,0,0,0,1,0,0
LN-12248,0,0,0,0,0,0,0,0,0,0,0,0,0
LN-12249,0,0,0,0,1,0,1,2,1,0,0,1,1
LN-12250,0,0,0,0,0,0,0,0,0,0,0,0,0
LN-12251,1,0,1,2,1,2,3,3,3,3,3,3,1
LN-12252,0,0,0,0,0,0,0,0,1,0,0,0,0
LN-12253,0,0,1,0,0,1,0,0,1,2,3,3,1
LN-12254,0,0,0,0,0,0,0,0,0,0,0,0,0
LN-12255,0,1,0,1,2,1,0,1,0,0,0,1,1
LN-12256,0,0,0,0,0,0,0,1,0,0,0,0,0
LN-12257,0,1,0,0,0,0,0,0,0,0,0,0,0
LN-12258,0,1,0,0,1,2,1,0,0,0,0,1,1
LN-12259,0,0,0,0,0,0,0,0,0,0,0,0,0
LN-12260,0,0,0,0,1,2,3,3,3,3,3,3,1
LN-12261,0,1,0,0,0,1,2,1,2,1,0,0,1
LN-12262,1,0,1,0,0,1,0,0,0,1,0,0,1
LN-12263,1,0,1,0,0,0,1,0,0,1,2,1,1
LN-12264,1,0,0,0,0,0,0,0,0,0,0,0,0
LN-12265,0,0,0,0,0,1,0,0,0,0,0,0,0
LN-12266,1,2,1,2,1,0,1,2,1,0,1,2,1
LN-12267,1,0,0,1,2,1,2,3,3,3,3,3,1
LN-12268,0,0,0,0,0,0,1,0,0,0,0,0,0
LN-12269,0,0,0,0,1,0,0,0,0,0,0,0,0
LN-12270,0,0,0,0,0,0,0,0,0,0,0,0,0
LN-12271,1,0,0,0,1,0,1,2,3,3,3,3,1
LN-12272,1,0,1,0,0,0,0,1,0,0,1,0,1
LN-12273,0,1,0,0,0,0,0,0,0,0,0,0,0
LN-12274,0,0,0,0,0,0,0,0,0,0,0,0,0
LN-12275,1,0,0,0,1,0,1,0,1,0,0,1,1
LN-12276,0,0,0,0,0,0,0,0,0,0,0,0,0
LN-12277,1,2,1,0,0,0,1,0,0,1,0,0,1
LN-12278,0,0,0,0,0,0,0,0,0,0,0,0,0
LN-12279,0,0,0,0,0,0,0,0,0,0,0,0,0
LN-12280,0,0,0,0,1,2,3,3,3,3,3,3,1
LN-12281,0,0,0,0,0,0,0,0,0,0,0,0,0
LN-12282,0,0,0,0,0,1,0,0,0,0,0,1,1
LN-12283,0,0,0,0,0,0,0,0,0,0,0,0,0
LN-12284,1,0,0,1,2,3,3,3,3,3,3,3,1
LN-12285,0,0,0,0,0,0,0,0,0,0,0,0,0
LN-12286,0,0,0,0,0,0,0,0,0,0,0,0,0
LN-12287,1,2,1,0,0,1,0,0,0,1,2,3,1
LN-12288,0,0,0,0,0,0,0,0,0,0,0,0,0
LN-12289,0,1,0,0,1,2,1,2,3,3,3,3,1
LN-12290,0,1,0,1,0,0,1,0,1,2,3,3,1
LN-12291,0,0,0,0,0,0,0,0,0,0,0,0,0
LN-12292,0,0,0,0,0,0,0,0,0,0,0,0,0
LN-12293,0,0,0,0,0,0,0,0,0,0,0,0,0
LN-12294,0,0,0,0,1,2,3,3,3,3,3,3,1
LN-12295,0,0,0,0,0,0,0,0,0,0,0,1,0
LN-12296,0,0,0,0,0,0,0,0,0,0,1,0,0
LN-12297,1,0,0,0,0,0,0,0,0,0,0,0,0
LN-12298,1,0,0,0,1,2,3,3,3,3,3,3,1
LN-12299,1,0,0,1,2,3,3,3,3,3,3,3,1
LN-12300,0,0,1,0,0,1,2,1,2,3,3,3,1
LN-12301,0,1,0,0,0,0,1,0,1,2,1,2,1
LN-12302,0,0,0,0,1,0,0,0,0,0,0,0,0
LN-12303,1,2,3,3,3,3,3,3,3,3,3,3,1
LN-12304,0,0,0,0,0,0,0,0,0,0,0,0,0
LN-12305,0,0,0,0,0,0,0,0,0,0,0,0,0
LN-12306,0,0,0,0,0,0,0,0,0,0,0,0,0
LN-12307,0,1,0,0,0,0,0,0,0,0,0,0,0
LN-12308,1,2,3,3,3,3,3,3,3,3,3,3,1
LN-12309,0,1,2,1,0,1,0,1,2,3,3,3,1
LN-12310,0,1,0,1,0,1,0,0,1,0,1,0,1
LN-12311,1,0,0,1,2,1,2,3,3,3,3,3,1
LN-12312,1,2,1,0,0,1,0,1,2,3,3,3,1
LN-12313,0,0,0,0,0,0,0,0,0,0,1,0,0
LN-12314,0,1,0,0,0,0,0,1,0,0,0,1,1
LN-12315,0,0,0,0,0,0,0,0,0,0,0,0,0
LN-12316,0,0,0,0,0,0,0,1,0,0,0,0,0
LN-12317,0,0,0,0,0,0,0,0,0,0,0,0,0
LN-12318,0,0,0,0,0,0,0,0,0,0,0,0,0
LN-12319,0,0,0,0,0,0,0,0,0,0,0,0,0
LN-12320,0,1,0,0,0,0,0,0,0,0,0,0,0
LN-12321,0,0,0,0,0,0,0,0,0,0,0,0,0
LN-12322,0,0,0,0,0,0,0,0,0,0,0,0,0
LN-12323,0,0,0,0,0,0,0,0,0,0,0,0,0
LN-12324,0,0,0,0,0,0,0,0,0,0,0,0,0
LN-12325,0,0,1,0,0,0,0,0,0,0,0,0,0
LN-12326,0,0,0,0,1,0,0,1,0,0,0,1,1
LN-12327,0,0,0,0,0,0,0,0,0,0,0,1,0
LN-12328,0,0,0,0,0,0,0,0,0,1,0,0,0
LN-12329,0,0,0,0,0,0,0,0,0,0,0,0,0
LN-12330,0,0,0,0,0,0,0,0,0,0,1,0,0
LN-12331,0,1,0,0,1,0,0,0,0,1,2,3,1
LN-12332,0,0,0,0,0,1,0,0,0,0,0,0,0
LN-12333,0,0,0,0,0,0,0,0,0,0,0,0,0
LN-12334,0,0,0,1,0,1,2,1,0,0,0,0,1
LN-12335,0,0,0,1,2,3,3,3,3,3,3,3,1
LN-12336,0,0,1,0,0,0,1,0,1,0,0,0,1
LN-12337,0,0,0,0,0,0,0,1,0,0,0,0,0
LN-12338,0,0,0,0,0,0,0,0,0,1,0,0,0
LN-12339,0,0,0,1,0,1,2,1,2,3,3,3,1
LN-12340,0,0,0,0,1,0,0,0,0,0,0,0,0
LN-12341,0,0,0,0,0,0,0,0,0,0,0,0,0
LN-12342,0,0,1,0,1,0,0,0,0,0,0,0,0
LN-12343,0,0,0,0,0,0,1,2,3,3,3,3,1
LN-12344,0,0,0,0,0,0,0,0,0,0,0,0,0
LN-12345,0,0,0,0,0,0,0,0,0,0,0,0,0
LN-12346,0,0,0,0,0,0,0,0,0,0,0,0,0
LN-12347,0,0,0,0,0,0,1,2,3,3,3,3,1
LN-12348,1,2,1,0,0,1,2,1,0,0,1,2,1
LN-12349,0,0,0,1,0,0,0,0,0,0,0,0,0
LN-12350,1,0,0,0,0,0,0,0,0,0,0,0,0
LN-12351,0,0,0,0,0,0,0,0,0,0,0,0,0
LN-12352,0,0,0,0,0,0,0,0,0,0,0,0,0
LN-12353,0,0,0,0,0,0,0,0,0,0,0,0,0
LN-12354,0,0,0,0,0,0,0,0,0,0,0,0,0
LN-12355,0,0,0,0,0,0,0,0,1,0,0,1,0
LN-12356,0,0,0,0,0,0,0,0,0,0,0,0,0
LN-12357,0,0,0,0,0,0,0,0,0,0,0,1,0
LN-12358,0,0,0,1,2,1,0,0,0,0,0,1,1
LN-12359,0,1,0,1,0,1,2,3,3,3,3,3,1
LN-12360,0,0,0,0,0,0,0,0,0,0,0,0,0
LN-12361,0,0,0,0,0,0,0,0,0,0,0,0,0
LN-12362,0,0,0,0,0,0,0,0,0,0,0,0,0
LN-12363,0,1,2,1,0,0,0,1,2,3,3,3,1
LN-12364,0,0,0,0,0,0,0,0,0,0,0,0,0
LN-12365,0,0,0,0,0,0,0,1,0,0,0,0,0
LN-12366,0,1,0,1,0,1,2,3,3,3,3,3,1
LN-12367,0,0,0,0,0,0,0,0,0,0,0,0,0
LN-12368,1,0,1,0,0,1,0,1,2,1,2,1,1
LN-12369,0,0,0,0,0,0,0,0,0,0,0,0,0
LN-12370,0,0,0,0,0,0,0,0,0,0,0,0,0
LN-12371,0,0,0,0,0,0,0,0,0,0,0,0,0
LN-12372,0,0,0,0,0,0,0,0,0,0,0,0,0
LN-12373,0,0,0,0,0,0,0,0,0,0,0,0,0
LN-12374,0,0,0,0,0,0,0,0,0,0,0,0,0
LN-12375,0,0,0,0,0,0,0,0,1,0,0,0,0
LN-12376,1,0,0,1,0,0,0,0,0,1,0,1,1
LN-12377,0,0,0,0,0,0,0,0,0,0,0,0,0
LN-12378,0,0,0,0,0,0,0,0,0,0,1,0,0
LN-12379,1,2,3,3,3,3,3,3,3,3,3,3,1
LN-12380,0,0,0,0,0,0,0,0,0,0,0,0,0
LN-12381,1,0,0,0,0,0,0,0,0,0,1,2,1
LN-12382,0,0,0,0,0,1,0,1,0,1,2,1,1
LN-12383,0,0,0,0,0,0,1,0,0,0,0,0,0
LN-12384,0,0,0,0,0,0,0,0,0,0,0,0,0
LN-12385,0,0,0,0,1,0,0,0,0,0,0,0,0
LN-12386,0,0,0,0,0,0,1,0,0,0,0,0,0
LN-12387,0,0,0,0,0,0,0,0,0,0,0,0,0
LN-12388,0,1,0,0,0,1,2,1,2,3,3,3,1
LN-12389,0,0,0,0,0,0,0,0,0,0,0,0,0
LN-12390,0,0,0,0,0,0,0,0,0,0,0,0,0
LN-12391,0,0,0,0,0,0,0,0,0,0,0,0,0
LN-12392,0,0,0,0,0,0,0,0,0,0,0,0,0
LN-12393,0,0,0,0,0,1,0,0,0,0,0,0,0
LN-12394,0,0,0,0,0,0,0,0,0,0,0,0,0
LN-12395,0,0,0,0,0,0,0,0,0,0,0,0,0
LN-12396,0,0,0,0,0,0,0,0,0,0,0,1,0
LN-12397,1,0,0,1,2,1,2,3,3,3,3,3,1
LN-12398,0,1,0,0,1,0,0,1,2,3,3,3,1
LN-12399,0,0,0,0,0,0,0,0,0,0,0,0,0
LN-12400,0,0,0,0,0,0,0,0,0,0,0,0,0
LN-12401,0,0,0,0,0,0,0,0,0,0,0,0,0
LN-12402,0,0,0,0,0,0,1,0,0,0,0,0,0
LN-12403,1,0,1,0,1,0,1,2,1,0,0,0,1
LN-12404,0,1,0,1,0,0,1,0,1,2,1,2,1
LN-12405,0,0,0,0,1,0,0,0,0,0,0,0,1
LN-12406,0,0,0,0,0,0,0,0,0,0,0,0,0
LN-12407,1,0,0,0,0,1,2,3,3,3,3,3,1
LN-12408,0,1,2,1,0,1,2,1,2,3,3,3,1
LN-12409,0,1,0,1,0,1,2,1,2,1,0,0,1
LN-12410,0,0,0,0,0,0,0,0,0,0,0,0,0
LN-12411,0,0,0,0,0,0,0,0,0,0,0,0,0
LN-12412,0,0,0,0,0,1,0,0,0,0,0,0,0
LN-12413,0,0,0,0,0,0,0,0,0,1,0,0,0
LN-12414,0,0,0,0,0,0,0,0,0,0,0,0,0
LN-12415,0,0,0,0,0,0,0,0,0,0,0,0,0
LN-12416,0,0,0,0,1,0,0,0,0,0,0,0,0
LN-12417,0,0,0,0,0,0,0,0,0,0,0,0,0
LN-12418,0,0,0,0,1,0,0,0,0,0,0,0,0
LN-12419,0,0,0,0,0,0,0,0,0,0,0,0,0
LN-12420,0,0,0,1,2,1,2,1,2,3,3,3,1
LN-12421,1,2,3,3,3,3,3,3,3,3,3,3,1
LN-12422,0,0,0,1,0,0,1,0,1,2,1,0,1
LN-12423,0,0,1,0,0,0,1,0,0,0,0,0,0
LN-12424,0,0,0,0,0,0,1,0,0,0,0,0,0
LN-12425,1,0,1,2,3,3,3,3,3,3,3,3,1
LN-12426,0,0,0,0,1,0,1,2,3,3,3,3,1
LN-12427,0,0,0,0,0,0,0,0,0,0,0,0,0
LN-12428,0,0,0,0,0,0,1,0,0,0,0,0,0
LN-12429,1,0,0,0,1,0,0,1,0,0,1,2,1
LN-12430,0,0,0,0,0,0,0,0,0,0,0,0,0
LN-12431,0,0,0,0,0,0,0,0,0,0,0,0,0
LN-12432,1,0,0,0,0,0,0,0,0,0,0,1,0
LN-12433,0,0,0,0,0,1,0,0,0,0,0,0,0
LN-12434,0,0,0,0,0,0,0,0,0,0,0,0,0
LN-12435,0,0,0,0,0,0,0,0,0,0,0,0,0
LN-12436,0,1,2,3,3,3,3,3,3,3,3,3,1
LN-12437,0,0,0,0,0,0,0,0,0,0,0,0,0
LN-12438,0,0,0,1,0,0,0,0,0,0,0,0,0
LN-12439,0,0,0,0,0,0,0,0,1,0,0,0,0
LN-12440,0,1,0,1,0,1,0,0,0,1,2,3,1
LN-12441,0,0,0,0,0,0,0,0,0,0,0,0,0
LN-12442,0,0,0,0,0,0,0,1,0,0,0,0,0
LN-12443,0,0,0,0,0,0,0,0,0,0,0,0,0
LN-12444,0,0,0,1,0,1,0,0,1,2,1,0,1
LN-12445,1,2,1,0,0,0,0,1,0,1,2,1,1
LN-12446,0,0,0,0,0,0,0,0,0,0,0,0,0
LN-12447,0,1,0,0,0,0,0,0,0,0,0,0,0
LN-12448,0,0,0,0,0,0,0,0,0,0,0,1,0
LN-12449,0,0,0,0,0,0,0,0,0,0,0,0,0
LN-12450,0,0,0,0,0,0,0,0,0,0,0,0,0
LN-12451,0,0,0,1,2,3,3,3,3,3,3,3,1
LN-12452,0,0,1,2,1,2,3,3,3,3,3,3,1
LN-12453,0,0,0,1,2,3,3,3,3,3,3,3,1
LN-12454,0,0,0,1,0,0,0,0,0,0,0,0,0
LN-12455,0,0,0,0,0,0,0,0,0,0,0,0,0
LN-12456,0,0,0,0,0,1,0,0,1,0,1,2,1
LN-12457,0,0,0,0,0,0,1,0,0,0,0,1,0
LN-12458,1,0,0,0,0,0,0,0,0,0,0,0,0
LN-12459,0,0,0,0,1,0,0,0,0,0,0,0,0
LN-12460,0,1,2,1,0,0,0,0,1,2,1,2,1
LN-12461,0,0,0,0,0,0,0,0,1,0,0,0,0
LN-12462,0,1,2,1,2,3,3,3,3,3,3,3,1
LN-12463,0,1,0,1,0,0,1,0,0,0,0,0,1
LN-12464,0,0,1,0,0,0,0,0,0,0,0,0,0
LN-12465,0,0,0,0,0,0,0,0,0,0,0,0,0
LN-12466,0,1,2,3,3,3,3,3,3,3,3,3,1
LN-12467,0,0,0,0,1,0,0,0,0,0,0,0,0
LN-12468,1,0,0,0,0,1,2,3,3,3,3,3,1
LN-12469,0,0,0,0,0,0,0,0,0,0,0,0,0
LN-12470,0,0,0,0,1,0,1,0,0,0,0,0,0
LN-12471,0,0,0,0,0,0,0,0,0,0,0,0,0
LN-12472,1,0,0,0,1,0,0,0,1,2,1,2,1
LN-12473,1,2,3,3,3,3,3,3,3,3,3,3,1
LN-12474,0,0,0,0,0,0,0,0,1,0,0,0,0
LN-12475,0,0,1,2,3,3,3,3,3,3,3,3,1
LN-12476,0,0,0,0,0,0,0,0,0,0,0,0,0
LN-12477,0,1,0,1,2,1,0,1,0,1,0,0,1
LN-12478,0,0,1,0,0,1,2,1,2,3,3,3,1
LN-12479,0,1,0,1,0,0,0,1,0,0,0,0,1
LN-12480,0,0,0,1,2,1,2,1,2,3,3,3,1
LN-12481,0,0,0,0,0,0,0,0,0,0,0,0,0
LN-12482,0,1,2,3,3,3,3,3,3,3,3,3,1
LN-12483,0,0,0,0,0,0,0,0,0,0,0,0,0
LN-12484,0,1,0,1,2,1,0,1,0,1,0,0,1
LN-12485,0,0,0,0,0,0,0,0,0,0,0,0,0
LN-12486,0,0,0,1,0,0,0,0,0,0,0,0,0
LN-12487,0,0,0,1,0,0,0,0,0,0,1,2,1
LN-12488,0,0,0,0,0,0,1,2,1,2,3,3,1
LN-12489,1,2,3,3,3,3,3,3,3,3,3,3,1
LN-12490,0,0,0,0,0,0,0,0,0,0,0,0,0
LN-12491,0,0,0,0,0,0,0,0,0,0,0,0,0
LN-12492,0,0,0,0,0,0,0,0,0,0,0,0,0
LN-12493,0,1,0,0,0,0,1,0,0,0,0,0,1
LN-12494,0,0,0,0,0,0,0,0,0,0,0,0,0
LN-12495,0,0,0,0,0,0,0,0,0,0,0,0,0
LN-12496,0,1,0,1,0,0,1,2,3,3,3,3,1
LN-12497,0,0,0,0,0,0,0,0,0,0,0,0,0
LN-12498,0,0,0,0,0,0,0,0,0,0,0,0,0
LN-12499,0,0,0,0,0,0,0,0,0,0,0,0,0
LN-12500,0,0,0,0,0,0,0,0,0,0,0,0,0
LN-12501,0,0,1,0,0,0,1,0,1,2,3,3,1
LN-12502,0,1,0,0,0,1,0,1,0,1,0,0,1
LN-12503,0,0,0,0,0,0,0,0,0,1,0,0,0
LN-12504,0,0,0,0,0,0,0,0,0,0,0,0,0
LN-12505,0,0,0,0,1,2,1,2,3,3,3,3,1
LN-12506,0,0,0,0,0,0,0,0,0,0,0,0,0
LN-12507,0,1,0,0,0,1,2,3,3,3,3,3,1
LN-12508,0,0,1,0,0,0,0,0,1,0,0,0,1
LN-12509,1,0,0,1,0,0,1,2,1,2,3,3,1
LN-12510,1,0,0,0,0,0,0,0,0,0,0,0,0
LN-12511,1,0,0,1,0,1,0,1,0,1,0,0,1
LN-12512,0,0,0,0,0,0,0,0,0,0,0,0,0
LN-12513,1,2,3,3,3,3,3,3,3,3,3,3,1
LN-12514,0,0,0,1,0,0,0,0,0,0,0,0,0
LN-12515,0,0,0,0,0,0,0,0,0,0,0,0,0
LN-12516,0,0,0,1,0,0,1,2,1,2,1,2,1
LN-12517,0,0,0,0,0,0,0,0,0,0,0,0,0
LN-12518,1,0,1,0,0,0,1,0,0,0,0,0,1
LN-12519,1,0,0,0,1,0,1,2,3,3,3,3,1
LN-12520,0,0,0,0,0,0,0,0,0,0,0,0,0
LN-12521,0,1,0,0,0,1,2,3,3,3,3,3,1
LN-12522,0,0,0,0,0,0,0,0,0,0,0,0,0
LN-12523,1,2,3,3,3,3,3,3,3,3,3,3,1
LN-12524,0,0,0,0,0,0,0,0,0,0,0,0,0
LN-12525,1,0,0,0,0,1,0,0,1,2,1,0,1
LN-12526,0,1,2,1,2,1,2,1,2,3,3,3,1
LN-12527,0,0,0,0,1,2,1,0,1,2,3,3,1
LN-12528,0,0,0,0,0,1,0,0,1,2,3,3,1
LN-12529,0,0,0,0,0,0,0,1,0,0,0,0,0
LN-12530,0,0,0,0,0,0,0,1,0,0,0,0,0
LN-12531,0,1,2,1,2,3,3,3,3,3,3,3,1
LN-12532,0,0,0,0,0,0,0,0,0,0,0,0,0
LN-12533,0,0,0,0,0,0,0,0,0,0,0,0,0
LN-12534,0,0,0,0,0,0,0,0,0,0,0,0,0
LN-12535,1,0,0,1,0,0,0,1,2,3,3,3,1
LN-12536,0,0,1,2,3,3,3,3,3,3,3,3,1
LN-12537,0,1,2,3,3,3,3,3,3,3,3,3,1
LN-12538,0,0,0,0,0,0,0,0,0,0,0,0,0
LN-12539,1,2,1,0,1,0,1,0,0,0,1,2,1
LN-12540,0,0,0,0,0,0,0,0,0,0,0,0,0
LN-12541,0,0,0,0,0,0,0,0,0,0,0,0,0
LN-12542,1,2,3,3,3,3,3,3,3,3,3,3,1
LN-12543,0,0,0,0,0,0,0,0,0,0,0,0,0
LN-12544,0,1,0,0,0,0,0,0,0,0,0,0,0
LN-12545,1,0,0,0,1,2,3,3,3,3,3,3,1
LN-12546,0,0,0,0,0,0,0,1,0,0,0,0,0
LN-12547,0,0,0,1,0,0,1,0,1,0,1,2,1
LN-12548,0,0,1,0,1,0,0,1,2,1,0,1,1
LN-12549,0,0,0,0,0,1,0,0,0,0,1,2,1
LN-12550,0,0,0,0,1,0,0,0,0,0,0,0,0
LN-12551,0,0,0,0,1,0,0,0,1,2,3,3,1
LN-12552,0,0,0,0,0,0,1,2,3,3,3,3,1
LN-12553,0,0,0,1,2,1,2,1,0,1,2,1,1
LN-12554,0,0,0,0,1,2,1,0,0,1,0,1,1
LN-12555,0,0,0,0,0,0,0,0,0,0,0,0,0
LN-12556,1,2,3,3,3,3,3,3,3,3,3,3,1
LN-12557,0,0,0,0,0,0,0,0,0,0,0,0,0
LN-12558,0,0,0,0,0,0,0,0,0,0,0,0,0
LN-12559,0,0,0,0,0,0,0,0,0,0,0,0,0
LN-12560,0,0,0,0,0,0,0,1,0,0,0,0,0
LN-12561,0,0,0,0,0,0,0,0,0,0,0,0,0
LN-12562,1,2,3,3,3,3,3,3,3,3,3,3,1
LN-12563,0,0,0,0,0,0,0,0,0,0,0,0,0
LN-12564,0,0,0,0,0,0,0,0,0,0,0,0,0
LN-12565,0,0,0,0,0,0,0,0,0,0,0,0,0
LN-12566,0,0,0,0,0,0,0,0,0,0,0,0,0
LN-12567,0,0,0,0,0,1,0,0,1,0,1,2,1
LN-12568,0,0,0,0,0,0,1,2,1,0,0,0,0
LN-12569,0,0,0,0,1,2,1,0,0,0,1,0,1
LN-12570,0,0,0,0,0,0,0,0,0,0,0,0,0
LN-12571,0,0,0,0,0,0,0,0,0,0,0,0,0
LN-12572,0,0,1,0,0,0,0,0,0,0,0,0,0
LN-12573,0,0,1,2,1,0,1,0,1,0,0,1,1
LN-12574,0,0,1,2,3,3,3,3,3,3,3,3,1
LN-12575,0,0,0,1,0,0,0,0,0,0,0,0,0
LN-12576,0,0,0,0,1,2,3,3,3,3,3,3,1
LN-12577,0,0,0,0,1,0,0,0,0,0,0,0,0
LN-12578,0,0,0,0,0,0,0,0,0,0,0,0,0
LN-12579,0,0,0,0,0,0,0,0,0,0,0,0,0
LN-12580,0,0,0,0,0,1,0,0,0,0,0,0,0
LN-12581,0,0,0,1,0,0,0,0,0,0,0,0,0
LN-12582,1,0,0,0,0,0,0,1,2,3,3,3,1
LN-12583,0,0,0,0,0,0,0,0,1,0,0,0,0
LN-12584,0,0,1,2,1,2,3,3,3,3,3,3,1
LN-12585,0,1,0,1,2,1,0,1,0,0,1,2,1
LN-12586,0,0,0,0,1,0,0,0,0,0,0,0,0
LN-12587,1,2,3,3,3,3,3,3,3,3,3,3,1
LN-12588,0,0,0,0,0,0,0,0,0,0,0,0,0
LN-12589,1,0,0,0,1,0,0,1,2,1,2,3,1
LN-12590,0,1,2,3,3,3,3,3,3,3,3,3,1
LN-12591,0,0,0,0,0,0,0,1,0,1,2,3,1
LN-12592,1,0,1,0,0,1,0,1,0,0,1,2,1
LN-12593,0,0,0,1,0,0,0,0,0,1,0,0,0
LN-12594,0,0,0,0,0,0,0,1,0,0,0,0,0
LN-12595,0,0,0,0,0,0,0,0,1,0,1,2,1
LN-12596,0,0,1,2,3,3,3,3,3,3,3,3,1
LN-12597,0,0,1,0,1,2,3,3,3,3,3,3,1
LN-12598,0,0,0,0,0,0,0,0,0,0,0,0,0
LN-12599,0,0,0,0,0,0,0,0,0,0,0,0,0
LN-12600,0,0,0,0,0,0,0,0,0,0,0,0,0
LN-12601,1,0,0,0,0,0,0,0,0,0,0,0,0
LN-12602,0,0,0,1,2,1,2,3,3,3,3,3,1
LN-12603,0,1,0,1,2,3,3,3,3,3,3,3,1
LN-12604,0,0,0,1,2,1,0,1,2,1,2,3,1
LN-12605,1,2,1,0,0,0,1,0,0,1,2,3,1
LN-12606,0,1,2,3,3,3,3,3,3,3,3,3,1
LN-12607,0,0,0,0,0,0,0,0,0,0,0,0,0
LN-12608,0,0,0,0,0,0,0,0,0,0,0,0,0
LN-12609,0,0,0,0,0,0,0,0,0,0,0,0,0
LN-12610,0,0,0,0,0,0,0,0,0,0,0,0,0
LN-12611,1,2,1,2,1,0,0,1,2,3,3,3,1
LN-12612,0,1,2,1,0,0,1,0,0,0,1,2,1
LN-12613,1,2,1,2,1,0,0,1,2,1,2,1,1
LN-12614,0,1,2,1,2,3,3,3,3,3,3,3,1
LN-12615,0,1,0,0,0,0,0,0,0,0,0,0,0
LN-12616,1,0,1,2,1,2,1,2,1,0,1,0,1
LN-12617,0,0,1,0,1,2,3,3,3,3,3,3,1
LN-12618,0,0,0,0,0,0,0,0,0,0,0,0,0
LN-12619,0,0,0,1,0,0,1,0,1,0,0,0,1
LN-12620,0,0,0,1,0,1,2,3,3,3,3,3,1
LN-12621,0,0,0,0,0,0,1,0,0,0,0,0,0
LN-12622,1,2,1,2,1,2,1,0,0,1,0,1,1
LN-12623,0,0,1,2,3,3,3,3,3,3,3,3,1
LN-12624,0,0,0,0,0,0,0,0,0,0,0,0,0
LN-12625,0,0,0,0,0,0,0,0,0,0,0,0,0
LN-12626,0,0,1,0,0,0,1,2,3,3,3,3,1
LN-12627,0,1,0,1,0,1,2,1,2,1,0,0,1
LN-12628,0,0,0,1,2,3,3,3,3,3,3,3,1
LN-12629,0,0,0,0,0,0,0,0,0,0,0,0,0
LN-12630,0,0,0,0,0,0,0,0,0,0,0,0,0
LN-12631,0,0,0,0,0,0,0,0,0,1,2,3,1
LN-12632,0,0,0,0,0,0,0,0,0,0,0,0,0
LN-12633,0,0,0,0,0,0,0,0,0,0,0,0,0
LN-12634,0,0,1,2,3,3,3,3,3,3,3,3,1
LN-12635,1,0,1,0,1,0,0,1,2,1,0,1,1
LN-12636,1,0,0,0,0,0,0,0,0,0,0,0,0
LN-12637,1,0,0,0,0,0,0,0,0,0,0,0,0
LN-12638,0,0,0,0,0,1,2,1,0,1,2,3,1
LN-12639,0,1,0,0,0,0,1,0,1,2,1,0,1
LN-12640,0,0,0,0,0,0,0,0,0,0,0,0,0
LN-12641,0,0,0,0,0,0,0,0,0,0,0,0,0
LN-12642,0,0,0,0,0,1,0,0,0,0,0,0,0
LN-12643,0,0,0,0,0,0,0,0,0,0,0,0,0
LN-12644,0,1,0,0,1,2,3,3,3,3,3,3,1
LN-12645,1,2,3,3,3,3,3,3,3,3,3,3,1
LN-12646,0,0,0,0,0,0,0,0,0,0,0,0,0
LN-12647,0,0,0,0,0,0,0,0,0,0,0,0,0
LN-12648,0,0,0,0,0,0,0,0,0,0,0,0,0
LN-12649,0,0,0,0,0,0,0,0,0,0,0,0,0
LN-12650,0,1,2,3,3,3,3,3,3,3,3,3,1
LN-12651,1,0,1,0,1,0,0,0,0,0,0,1,1
LN-12652,0,0,0,0,0,0,0,0,0,0,0,0,0
LN-12653,0,0,0,0,0,0,0,0,0,0,0,0,0
LN-12654,0,0,1,0,0,0,0,0,0,0,0,0,0
LN-12655,0,0,0,0,0,0,0,0,0,0,0,0,0
LN-12656,0,0,0,0,0,0,0,0,0,0,0,0,0
LN-12657,0,0,0,0,0,0,0,1,2,1,0,0,0
LN-12658,0,0,0,1,0,0,0,0,0,0,0,0,0
LN-12659,1,0,1,0,1,0,1,0,0,1,2,3,1
LN-12660,0,0,0,0,0,0,0,1,0,0,0,0,0
LN-12661,0,0,0,0,0,0,0,0,0,1,0,0,0
LN-12662,0,0,0,1,0,0,0,0,0,0,0,0,0
LN-12663,0,0,0,0,0,0,0,0,0,0,0,0,0
LN-12664,0,0,0,0,0,0,0,0,0,0,0,0,0
LN-12665,0,0,0,0,0,0,0,0,0,0,0,0,0
LN-12666,0,0,1,0,0,0,0,0,0,0,0,1,0
LN-12667,0,0,0,1,0,0,0,0,1,0,1,2,1
LN-12668,0,0,0,0,0,0,0,0,0,0,0,0,0
LN-12669,0,0,0,0,0,0,0,0,0,0,0,0,0
LN-12670,0,0,1,0,1,2,1,0,1,2,1,0,1
LN-12671,1,0,1,0,1,2,1,2,1,2,1,2,1
LN-12672,0,0,0,0,0,0,0,0,0,0,0,0,0
LN-12673,1,0,1,0,0,1,0,1,2,3,3,3,1
LN-12674,1,0,0,1,0,0,0,0,1,0,1,0,1
LN-12675,0,1,2,1,0,0,0,1,0,0,1,2,1
LN-12676,0,0,0,0,0,0,0,0,0,0,0,0,0
LN-12677,0,0,0,0,1,0,0,0,0,0,0,0,0
LN-12678,0,0,1,0,1,0,0,0,1,2,1,2,1
LN-12679,1,0,1,2,1,0,0,1,2,1,0,1,1
LN-12680,0,0,0,0,0,0,0,0,0,0,0,1,0
LN-12681,1,2,1,2,3,3,3,3,3,3,3,3,1
LN-12682,0,0,0,0,0,1,0,1,0,0,1,0,1
LN-12683,0,0,1,0,0,0,0,0,0,0,1,0,0
LN-12684,0,0,0,0,0,0,0,0,0,0,0,0,0
LN-12685,0,0,0,0,0,0,0,0,0,0,0,0,0
LN-12686,0,0,0,0,0,0,0,0,0,0,0,0,0
LN-12687,0,0,0,0,0,0,0,0,0,0,0,0,0
LN-12688,1,0,0,0,0,1,0,0,0,0,0,1,1
LN-12689,0,0,0,0,0,0,0,0,0,0,0,0,0
LN-12690,1,2,1,0,1,2,1,0,0,0,1,2,1
LN-12691,0,0,0,1,0,0,0,1,0,1,0,0,1
LN-12692,1,2,1,2,1,2,1,0,1,0,1,2,1
LN-12693,1,0,0,0,1,2,3,3,3,3,3,3,1
LN-12694,0,0,0,0,1,2,1,0,0,0,0,0,0
LN-12695,0,0,0,0,0,0,0,0,0,0,0,0,0
LN-12696,0,0,0,0,0,0,0,0,0,0,0,0,0
LN-12697,0,0,0,0,0,0,0,0,0,0,0,0,0
LN-12698,0,0,0,0,0,0,0,0,0,0,0,0,0
LN-12699,0,0,0,0,0,0,0,0,0,0,0,0,0
LN-12700,0,0,0,0,0,0,0,0,0,0,0,0,0
LN-12701,0,0,0,0,0,0,0,0,0,0,0,0,0
LN-12702,1,2,1,0,0,0,1,0,0,0,0,0,1
LN-12703,0,1,0,1,0,1,0,1,2,1,2,3,1
LN-12704,0,0,1,0,0,0,0,0,0,0,1,2,1
LN-12705,1,2,1,2,1,0,1,0,0,1,2,1,1
LN-12706,0,0,0,1,0,0,1,0,1,0,0,0,1
LN-12707,0,0,0,0,1,2,1,0,1,0,0,0,1
LN-12708,0,0,0,1,2,1,2,3,3,3,3,3,1
LN-12709,1,0,1,2,3,3,3,3,3,3,3,3,1
LN-12710,1,0,0,0,0,1,0,0,1,0,0,1,1
LN-12711,0,1,2,3,3,3,3,3,3,3,3,3,1
LN-12712,0,0,0,0,0,0,0,0,1,2,1,2,1
LN-12713,0,1,2,1,0,1,0,0,0,1,0,1,1
LN-12714,1,2,3,3,3,3,3,3,3,3,3,3,1
LN-12715,0,0,1,0,0,0,0,1,2,1,0,0,1
LN-12716,0,0,0,0,0,0,0,0,1,0,0,0,0
LN-12717,0,0,0,0,0,0,0,0,0,0,0,0,0
LN-12718,0,0,0,0,0,0,1,0,0,0,0,0,0
LN-12719,0,0,0,1,0,1,2,3,3,3,3,3,1
LN-12720,1,2,1,2,3,3,3,3,3,3,3,3,1
LN-12721,0,0,0,0,0,0,0,1,0,0,0,0,0
LN-12722,0,0,0,0,0,0,0,0,0,0,0,0,0
LN-12723,1,0,0,1,0,1,2,1,2,1,2,1,1
LN-12724,0,0,0,0,0,0,0,0,0,0,0,0,0
LN-12725,1,0,1,0,0,1,0,0,0,1,2,3,1
LN-12726,0,1,2,1,0,0,0,1,2,1,0,0,1
LN-12727,0,0,0,0,0,0,0,0,0,0,0,0,0
LN-12728,0,0,0,0,0,0,0,0,0,0,0,0,0
LN-12729,0,0,0,0,1,0,1,2,3,3,3,3,1
LN-12730,0,0,0,0,0,0,0,0,0,0,0,0,0
LN-12731,0,1,0,1,2,3,3,3,3,3,3,3,1
LN-12732,0,0,0,0,0,0,0,0,0,0,0,1,0
LN-12733,0,0,0,0,0,0,0,0,0,0,0,1,0
LN-12734,0,0,0,0,0,0,0,0,0,0,0,0,0
LN-12735,0,1,0,0,0,0,0,1,2,1,2,1,1
LN-12736,0,0,0,0,0,0,0,0,0,0,0,0,0
LN-12737,0,1,0,0,0,0,1,0,0,1,2,1,1
LN-12738,1,0,0,0,1,0,1,0,1,0,0,0,1
LN-12739,0,0,0,0,0,0,0,0,0,0,0,0,0
LN-12740,0,0,0,0,1,2,1,2,3,3,3,3,1
LN-12741,0,0,0,0,0,0,0,0,0,0,1,0,0
LN-12742,0,0,0,0,0,0,0,0,0,0,0,0,0
LN-12743,0,0,1,0,0,0,1,2,1,2,1,2,1
LN-12744,0,0,0,0,0,0,0,0,0,0,0,0,0
LN-12745,0,0,1,0,0,0,0,0,0,0,0,0,0
LN-12746,0,1,2,1,2,3,3,3,3,3,3,3,1
LN-12747,0,0,0,0,0,0,0,0,0,0,0,0,0
LN-12748,0,0,0,0,0,0,0,0,0,0,0,0,0
LN-12749,0,1,0,1,2,1,2,1,2,3,3,3,1
LN-12750,0,0,0,1,0,0,0,0,0,0,0,0,0
LN-12751,0,0,0,0,0,0,0,0,0,0,0,0,0
LN-12752,1,0,0,1,0,0,1,2,3,3,3,3,1
LN-12753,0,1,0,0,0,1,0,1,0,0,1,0,1
LN-12754,0,0,0,1,0,1,2,1,2,3,3,3,1
LN-12755,0,1,0,0,0,0,0,0,0,0,0,0,0
LN-12756,0,1,2,1,2,3,3,3,3,3,3,3,1
LN-12757,0,0,0,0,0,0,0,0,0,0,0,0,0
LN-12758,0,0,0,0,0,0,0,0,0,0,0,0,0
LN-12759,1,0,0,1,2,3,3,3,3,3,3,3,1
LN-12760,0,0,0,0,0,1,2,1,2,3,3,3,1
LN-12761,0,0,0,0,0,0,0,0,0,0,0,0,0
LN-12762,0,0,0,0,0,0,0,0,0,0,0,0,0
LN-12763,0,0,0,0,0,0,0,1,0,0,0,0,0
LN-12764,0,0,0,0,0,0,0,0,0,0,0,0,0
LN-12765,0,0,0,0,0,0,0,0,0,0,0,0,0
LN-12766,0,0,1,0,1,0,0,0,0,1,0,0,1
LN-12767,1,0,1,2,1,0,1,0,1,2,1,2,1
LN-12768,0,0,0,0,0,0,0,0,0,0,0,0,0
LN-12769,1,2,1,0,1,2,3,3,3,3,3,3,1
LN-12770,0,0,0,0,0,0,0,0,0,0,0,0,0
LN-12771,0,0,1,0,1,2,1,0,1,2,3,3,1
LN-12772,0,0,1,2,3,3,3,3,3,3,3,3,1
LN-12773,0,1,2,1,0,0,0,0,0,0,1,2,1
LN-12774,0,0,0,0,0,0,0,0,0,0,0,0,0
LN-12775,1,2,3,3,3,3,3,3,3,3,3,3,1
LN-12776,0,0,0,0,0,1,0,0,0,0,0,0,0
LN-12777,0,0,0,0,0,0,0,0,1,2,3,3,1
LN-12778,0,0,0,0,1,2,3,3,3,3,3,3,1
LN-12779,1,2,1,0,1,2,3,3,3,3,3,3,1
LN-12780,0,0,1,2,3,3,3,3,3,3,3,3,1
LN-12781,0,0,0,0,0,0,0,0,0,0,0,0,0
LN-12782,0,0,0,0,1,0,0,0,0,0,0,1,0
LN-12783,0,0,0,0,0,0,0,0,0,0,0,0,0
LN-12784,0,0,0,0,0,0,0,0,0,0,0,0,0
LN-12785,0,0,0,0,0,0,0,1,0,0,0,0,0
LN-12786,0,0,0,0,0,0,0,0,0,0,0,0,0
LN-12787,0,0,0,0,0,0,0,0,0,0,0,0,0
LN-12788,0,0,0,0,0,0,0,0,0,0,0,0,0
LN-12789,0,0,0,1,0,0,1,0,1,0,1,2,1
LN-12790,0,0,0,0,0,0,0,0,0,0,0,0,0
LN-12791,0,0,0,0,0,0,0,0,0,0,1,0,0
LN-12792,0,0,0,0,0,0,0,0,0,0,0,0,0
LN-12793,1,0,0,0,0,0,0,0,0,0,0,0,0
LN-12794,0,0,0,0,0,0,0,0,1,0,0,0,0
LN-12795,0,0,0,0,1,2,1,0,0,0,1,0,1
LN-12796,1,0,0,1,0,0,1,2,3,3,3,3,1
LN-12797,0,0,0,0,0,0,0,0,0,0,0,0,0
LN-12798,0,0,1,0,1,0,0,0,0,1,2,1,1
LN-12799,1,0,0,0,1,2,1,2,3,3,3,3,1
LN-12800,0,0,0,0,0,0,0,0,0,0,0,0,0
LN-12801,0,0,0,0,0,0,0,0,0,0,0,0,0
LN-12802,0,0,0,0,0,0,0,0,0,0,0,0,0
LN-12803,0,0,0,0,0,0,0,0,0,0,0,0,0
LN-12804,0,0,0,0,0,0,0,0,0,0,0,0,0
LN-12805,0,1,2,1,0,0,1,0,1,2,1,2,1
LN-12806,0,0,1,2,1,2,3,3,3,3,3,3,1
LN-12807,0,1,2,1,2,1,2,3,3,3,3,3,1
LN-12808,0,0,1,0,0,1,2,3,3,3,3,3,1
LN-12809,1,0,0,0,1,2,1,0,1,2,1,2,1
LN-12810,0,0,0,0,0,0,0,0,0,0,0,0,0
LN-12811,0,0,1,0,0,1,0,1,2,3,3,3,1
LN-12812,1,0,0,0,1,0,1,2,3,3,3,3,1
LN-12813,0,1,0,0,0,0,0,0,0,0,0,0,0
LN-12814,1,0,0,1,0,0,0,1,2,3,3,3,1
LN-12815,0,0,1,2,3,3,3,3,3,3,3,3,1
LN-12816,0,1,2,1,0,0,0,1,2,3,3,3,1
LN-12817,0,1,0,0,1,0,0,0,0,1,0,0,1
LN-12818,1,0,0,0,0,1,0,1,2,3,3,3,1
LN-12819,0,0,0,0,0,0,0,0,0,0,0,0,0
LN-12820,0,0,0,0,0,0,0,0,0,0,0,0,0
LN-12821,1,2,3,3,3,3,3,3,3,3,3,3,1
LN-12822,0,0,0,0,0,0,0,0,0,0,0,0,0
LN-12823,0,0,0,0,1,2,3,3,3,3,3,3,1
LN-12824,0,0,0,0,0,0,0,0,0,0,0,0,0
LN-12825,0,0,1,2,1,0,1,0,0,0,0,1,1
LN-12826,0,0,0,1,0,1,0,1,0,0,0,1,1
LN-12827,0,1,0,0,0,0,0,0,0,0,0,0,0
LN-12828,0,0,0,0,0,0,0,0,0,0,0,0,0
LN-12829,0,1,0,0,1,0,1,2,3,3,3,3,1
LN-12830,0,0,1,0,1,2,3,3,3,3,3,3,1
LN-12831,0,0,0,0,0,0,0,0,0,0,0,0,0
LN-12832,0,0,0,0,0,0,0,0,0,0,0,0,0
LN-12833,0,0,0,0,0,0,0,0,0,0,0,0,0
LN-12834,0,1,2,1,0,1,0,1,2,1,2,3,1
LN-12835,0,0,0,0,0,0,0,1,0,0,0,0,0
LN-12836,0,0,1,0,0,0,1,0,1,0,1,2,1
LN-12837,0,0,0,0,0,0,0,0,0,0,0,0,0
LN-12838,1,2,1,2,3,3,3,3,3,3,3,3,1
LN-12839,0,1,2,1,2,1,0,0,0,1,0,1,1
LN-12840,0,0,0,0,0,0,0,0,0,0,0,0,0
LN-12841,0,0,0,0,0,0,0,0,0,0,0,0,0
LN-12842,0,0,0,0,0,0,0,0,0,0,0,0,0
LN-12843,0,0,0,0,0,0,0,0,0,0,0,0,0
LN-12844,0,0,0,0,0,0,0,0,0,0,1,0,0
LN-12845,0,0,0,0,0,0,0,0,1,0,0,0,0
LN-12846,0,0,0,0,1,0,0,0,0,0,0,0,1
LN-12847,0,0,0,1,0,1,0,1,2,3,3,3,1
LN-12848,0,0,0,0,0,0,1,2,1,2,3,3,1
LN-12849,0,0,1,0,0,0,0,1,2,1,0,1,1
LN-12850,0,1,2,1,2,1,2,3,3,3,3,3,1
LN-12851,0,0,0,0,0,0,0,0,0,0,0,0,0
LN-12852,0,1,0,1,2,1,0,0,1,2,3,3,1
LN-12853,0,0,0,0,0,0,0,0,0,0,0,0,0
LN-12854,0,0,0,1,0,1,0,1,2,1,2,1,1
LN-12855,1,0,0,1,0,1,0,1,0,1,2,3,1
LN-12856,0,0,0,0,0,0,0,0,0,0,0,0,0
LN-12857,0,0,0,0,0,0,0,0,0,0,0,0,0
LN-12858,0,1,2,3,3,3,3,3,3,3,3,3,1
LN-12859,0,0,0,0,0,0,0,0,0,0,0,0,0
LN-12860,0,0,0,0,0,0,0,0,0,0,0,0,0
LN-12861,1,0,1,2,1,0,0,0,1,0,0,1,1
LN-12862,0,0,0,0,0,0,0,0,0,0,0,0,0
LN-12863,0,0,0,0,0,1,0,1,0,1,2,3,1
LN-12864,0,0,0,0,1,0,0,0,1,0,0,0,0
LN-12865,0,1,0,1,0,0,0,0,0,0,1,2,1
LN-12866,0,1,0,1,2,3,3,3,3,3,3,3,1
LN-12867,0,0,0,0,0,0,0,0,0,0,0,0,0
LN-12868,0,0,0,0,0,0,0,0,0,0,0,0,0
LN-12869,1,0,1,0,0,1,0,1,2,3,3,3,1
LN-12870,0,0,0,0,0,1,0,0,0,0,0,0,0
LN-12871,0,0,0,0,0,0,0,0,0,0,0,0,0
LN-12872,1,2,1,0,1,2,1,0,0,1,2,3,1
LN-12873,0,1,0,1,0,0,0,1,2,1,2,3,1
LN-12874,1,2,1,2,1,0,1,2,3,3,3,3,1
LN-12875,0,0,0,0,0,0,0,0,0,1,0,0,0
LN-12876,0,0,0,0,0,0,0,0,0,0,0,0,0
LN-12877,1,2,1,0,0,0,1,0,0,0,1,0,1
LN-12878,1,0,1,2,3,3,3,3,3,3,3,3,1
LN-12879,0,0,0,0,0,0,0,0,0,0,0,0,0
LN-12880,1,0,0,1,0,0,0,0,0,0,0,0,0
LN-12881,0,0,1,0,0,1,0,0,1,2,3,3,1
LN-12882,0,0,0,0,0,0,0,0,0,0,1,0,0
LN-12883,0,0,0,0,0,0,0,0,0,0,0,0,0
LN-12884,0,0,0,0,0,0,0,0,0,0,0,0,0
LN-12885,0,0,1,2,1,2,1,0,0,1,0,1,1
LN-12886,0,0,0,0,0,0,1,0,0,0,0,0,0
LN-12887,0,0,0,1,0,0,0,1,2,1,0,1,1
LN-12888,1,0,0,0,0,1,2,3,3,3,3,3,1
LN-12889,0,0,0,0,0,0,0,0,0,0,0,0,0
LN-12890,0,1,0,1,2,1,0,0,0,0,1,2,1
LN-12891,0,0,0,0,0,0,0,0,0,0,0,0,0
LN-12892,0,0,0,0,0,0,0,0,0,0,1,0,0
LN-12893,0,0,0,0,0,0,0,0,0,0,0,0,0
LN-12894,1,0,0,0,1,0,0,0,1,2,3,3,1
LN-12895,0,0,0,0,0,0,0,0,0,0,0,0,0
LN-12896,0,0,1,0,0,0,1,0,0,1,0,1,1
LN-12897,0,0,0,1,0,1,2,1,2,1,0,0,1
LN-12898,0,0,0,0,0,1,2,3,3,3,3,3,1
LN-12899,0,0,1,0,0,1,0,0,0,0,0,0,0
LN-12900,0,0,0,0,0,0,0,1,0,0,0,0,0
LN-12901,0,0,1,0,1,2,1,0,0,1,2,1,1
LN-12902,0,0,1,0,0,0,0,0,0,0,0,0,0
LN-12903,0,1,0,0,1,2,1,2,1,2,3,3,1
LN-12904,0,0,0,0,0,0,0,0,0,0,0,0,0
LN-12905,1,2,1,2,1,0,0,0,1,0,0,1,1
LN-12906,0,0,0,0,0,0,0,0,0,0,0,0,0
LN-12907,1,0,0,0,1,0,0,1,2,1,0,0,1
LN-12908,0,0,0,0,0,1,2,3,3,3,3,3,1
LN-12909,0,0,0,0,0,0,0,0,0,0,0,0,0
LN-12910,1,0,1,0,0,0,0,0,0,1,0,0,1
LN-12911,0,0,0,0,0,0,0,0,0,0,0,0,0
LN-12912,0,0,0,0,0,0,0,0,0,0,0,0,0
LN-12913,0,0,0,0,0,0,0,0,0,0,0,0,0
LN-12914,1,0,0,0,0,1,0,1,2,1,2,1,1
LN-12915,1,2,1,0,0,0,0,0,1,2,1,2,1
LN-12916,0,1,2,1,2,3,3,3,3,3,3,3,1
LN-12917,0,0,0,0,0,0,1,0,0,1,0,1,1
LN-12918,0,1,0,0,0,0,1,2,3,3,3,3,1
LN-12919,1,0,0,1,0,0,1,0,1,0,1,0,1
LN-12920,1,2,1,0,0,0,0,0,0,0,0,0,0
LN-12921,0,1,0,0,0,0,1,0,0,0,1,0,1
LN-12922,0,0,0,0,0,1,2,1,0,1,0,1,1
LN-12923,0,0,0,0,0,0,0,0,0,0,0,0,0
LN-12924,0,0,0,0,0,1,0,0,0,0,0,0,0
LN-12925,0,0,0,0,0,1,0,1,2,1,0,0,1
LN-12926,0,1,0,0,1,2,1,2,1,2,3,3,1
LN-12927,0,0,0,0,0,0,0,0,0,0,0,0,0
LN-12928,1,0,1,0,0,0,0,0,1,2,3,3,1
LN-12929,0,1,2,3,3,3,3,3,3,3,3,3,1
LN-12930,0,1,0,0,0,1,0,0,0,0,0,0,1
LN-12931,0,0,0,0,0,0,0,0,0,0,0,0,0
LN-12932,0,0,0,0,1,0,0,0,0,0,0,0,0
LN-12933,0,0,0,0,0,0,0,0,0,0,0,0,0
LN-12934,0,1,2,1,0,1,0,1,2,3,3,3,1
LN-12935,0,0,0,0,0,0,0,0,0,1,0,0,0
LN-12936,0,1,2,1,2,1,0,1,2,3,3,3,1
LN-12937,0,0,0,1,2,1,0,0,0,1,0,1,1
LN-12938,0,1,2,1,2,1,0,1,2,3,3,3,1
LN-12939,0,0,0,0,0,0,0,0,0,0,0,0,0
LN-12940,0,0,0,0,0,0,0,0,0,0,0,0,0
LN-12941,0,0,0,0,0,0,0,0,0,0,0,1,0
LN-12942,0,0,0,0,0,0,0,0,0,0,0,0,0
LN-12943,0,0,0,0,0,0,0,0,0,0,0,0,0
LN-12944,0,0,0,0,0,0,0,0,0,0,0,0,0
LN-12945,0,0,0,0,0,0,0,0,0,0,0,0,0
LN-12946,0,0,0,0,0,0,0,0,0,0,0,0,0
LN-12947,0,0,0,0,0,0,0,1,0,1,0,1,1
LN-12948,0,1,0,1,0,0,1,0,0,0,1,2,1
LN-12949,0,1,0,0,1,2,1,0,1,0,0,0,1
LN-12950,0,0,0,0,0,0,0,0,0,0,0,0,0
LN-12951,0,0,0,0,0,0,0,0,0,0,0,0,0
LN-12952,0,0,0,0,0,0,0,0,1,0,0,0,0
LN-12953,0,0,0,0,0,0,0,0,0,0,0,0,0
LN-12954,0,1,0,1,0,1,2,3,3,3,3,3,1
LN-12955,0,0,1,0,0,1,0,0,0,1,2,1,1
LN-12956,0,0,0,0,0,0,0,0,0,0,0,0,0
LN-12957,0,0,0,0,0,0,0,0,0,0,0,0,0
LN-12958,0,0,0,0,0,0,0,0,0,0,0,0,0
LN-12959,0,0,0,0,0,0,0,0,0,0,0,0,0
LN-12960,0,1,0,0,0,0,0,0,1,0,0,0,1
LN-12961,0,1,2,3,3,3,3,3,3,3,3,3,1
LN-12962,0,0,0,0,0,0,0,0,0,0,0,0,0
LN-12963,0,0,0,0,0,0,0,0,0,0,0,0,0
LN-12964,0,0,0,0,0,0,0,0,0,0,0,0,0
LN-12965,0,0,0,0,0,1,0,0,0,0,0,0,0
LN-12966,0,0,1,0,1,2,3,3,3,3,3,3,1
LN-12967,0,0,0,0,0,0,0,0,0,0,0,0,0
LN-12968,0,0,0,1,2,3,3,3,3,3,3,3,1
LN-12969,1,2,3,3,3,3,3,3,3,3,3,3,1
LN-12970,0,0,0,1,2,1,0,1,0,0,0,1,1
LN-12971,0,0,0,0,0,0,0,0,0,0,0,0,0
LN-12972,0,0,0,0,0,0,0,0,0,0,0,0,0
LN-12973,0,0,0,0,0,0,0,0,0,1,0,0,0
LN-12974,0,0,0,0,0,1,0,0,0,0,1,0,1
LN-12975,1,0,0,0,0,0,0,0,0,0,0,0,0
LN-12976,0,1,0,1,0,0,0,0,1,0,1,2,1
LN-12977,1,0,0,0,0,1,2,3,3,3,3,3,1
LN-12978,0,0,0,0,0,0,0,0,0,0,0,0,0
LN-12979,0,0,0,0,0,0,0,0,1,0,0,1,0
LN-12980,0,0,0,0,0,0,0,0,0,0,0,0,0
LN-12981,0,0,0,0,0,0,0,0,1,0,0,0,0
LN-12982,0,0,0,1,0,1,0,1,0,0,0,0,1
LN-12983,0,0,0,0,0,0,0,0,0,0,0,0,0
LN-12984,1,0,0,1,2,1,0,0,0,0,1,0,1
LN-12985,1,0,0,0,0,1,0,1,0,0,0,1,1
LN-12986,0,0,0,0,0,0,1,2,3,3,3,3,1
LN-12987,0,0,0,0,0,0,0,0,0,0,0,0,0
LN-12988,0,1,0,0,0,1,0,0,1,0,0,0,0
LN-12989,0,0,0,0,0,0,0,0,0,0,0,0,0
LN-12990,1,2,1,2,1,0,0,0,0,0,0,1,1
LN-12991,0,0,0,0,0,0,0,0,0,0,0,0,0
LN-12992,0,0,0,0,0,0,0,0,0,0,0,0,0
LN-12993,0,0,0,0,0,0,0,1,0,0,0,0,0
LN-12994,1,0,1,2,1,2,3,3,3,3,3,3,1
LN-12995,0,0,0,0,0,0,1,0,0,1,0,1,1
LN-12996,0,0,0,0,1,2,3,3,3,3,3,3,1
LN-12997,0,0,0,0,0,0,0,0,0,0,0,0,0
LN-12998,1,0,0,0,0,0,0,0,0,0,0,0,0
LN-12999,0,1,0,1,0,1,0,0,0,0,0,0,1
LN-13000,0,0,0,0,1,2,3,3,3,3,3,3,1
LN-13001,0,0,0,0,0,0,0,0,0,0,0,0,0
LN-13002,0,0,1,0,0,1,2,1,0,1,0,1,1
LN-13003,0,0,0,0,0,0,0,0,0,0,0,0,0
LN-13004,1,0,0,1,2,1,0,1,2,1,0,1,1
LN-13005,0,1,0,0,0,0,0,0,0,0,0,0,0
LN-13006,0,0,0,1,0,0,0,0,1,0,1,0,1
LN-13007,0,0,0,0,0,0,0,0,0,0,0,0,0
LN-13008,0,0,0,0,0,0,0,0,0,0,0,0,0
LN-13009,0,0,0,0,0,0,0,0,0,0,0,0,0
LN-13010,0,0,0,0,0,0,0,0,0,0,0,0,0
LN-13011,0,0,0,0,1,0,0,0,0,1,0,1,1
LN-13012,0,1,0,0,0,0,0,0,0,0,0,0,0
LN-13013,0,0,0,1,0,0,1,0,1,2,1,2,1
LN-13014,1,0,0,0,0,0,1,0,1,0,0,0,1
LN-13015,0,0,0,0,0,0,0,0,0,0,0,0,0
LN-13016,0,0,0,0,0,0,0,0,1,0,0,0,0
LN-13017,0,0,1,0,0,1,2,1,0,0,1,2,1
LN-13018,0,0,0,0,0,0,0,1,0,1,2,3,1
LN-13019,0,1,0,0,1,0,1,0,0,1,2,3,1
LN-13020,0,0,0,0,0,0,0,1,2,3,3,3,1
LN-13021,0,0,0,0,0,0,0,0,0,0,0,0,0
LN-13022,0,0,0,0,0,0,0,0,0,0,0,0,0
LN-13023,0,0,0,0,0,0,0,0,0,0,0,0,0
LN-13024,1,0,0,1,0,0,0,0,0,0,0,0,0
LN-13025,0,0,0,1,2,1,2,3,3,3,3,3,1
LN-13026,0,1,2,3,3,3,3,3,3,3,3,3,1
LN-13027,0,0,0,0,0,0,0,0,0,0,0,0,0
LN-13028,0,0,0,0,0,0,0,1,0,0,0,0,0
LN-13029,0,0,0,0,0,0,0,0,0,0,0,0,0
LN-13030,0,0,0,0,0,0,0,0,0,0,0,0,0
LN-13031,1,0,0,0,0,0,0,1,0,0,0,0,0
LN-13032,0,0,0,0,0,1,0,0,0,0,0,0,0
LN-13033,0,0,0,0,0,0,0,0,0,0,0,0,0
LN-13034,0,0,0,0,0,0,0,0,0,0,0,0,0
LN-13035,0,0,1,0,0,1,2,1,2,3,3,3,1
LN-13036,0,0,0,0,0,0,0,0,0,0,0,0,0
LN-13037,0,0,0,0,0,0,0,0,1,0,1,0,0
LN-13038,0,1,0,0,0,0,0,0,0,0,0,0,0
LN-13039,0,0,1,2,1,0,1,0,0,0,1,0,1
LN-13040,0,0,0,0,0,0,0,0,0,0,0,0,0
LN-13041,1,0,0,0,0,1,0,0,0,0,1,2,1
LN-13042,0,0,1,2,3,3,3,3,3,3,3,3,1
LN-13043,0,0,0,0,0,0,0,0,0,0,0,0,0
LN-13044,1,0,0,0,0,0,1,0,0,1,0,1,1
LN-13045,0,0,0,0,1,0,0,0,0,0,0,0,0
LN-13046,0,0,0,0,0,1,2,1,0,1,2,3,1
LN-13047,0,1,2,3,3,3,3,3,3,3,3,3,1
LN-13048,0,1,2,3,3,3,3,3,3,3,3,3,1
LN-13049,0,0,0,0,0,0,0,0,0,0,0,0,0
LN-13050,0,0,1,0,1,0,1,0,0,0,1,0,1
LN-13051,0,0,0,0,0,0,0,0,0,0,0,0,0
LN-13052,0,1,0,0,0,1,2,3,3,3,3,3,1
LN-13053,0,0,0,0,0,0,0,0,0,0,0,0,0
LN-13054,0,0,1,2,1,0,1,2,3,3,3,3,1
LN-13055,0,0,0,0,0,0,0,0,0,0,0,0,0
LN-13056,0,0,0,0,0,0,0,0,0,0,0,0,0
LN-13057,0,0,0,0,0,0,0,0,0,0,0,0,0
LN-13058,0,1,2,3,3,3,3,3,3,3,3,3,1
LN-13059,0,0,0,0,0,0,0,0,0,0,0,0,0
LN-13060,0,0,0,0,0,0,0,0,0,0,0,0,0
LN-13061,0,0,0,0,0,0,0,0,0,0,0,1,0
LN-13062,0,0,0,0,0,0,0,0,0,0,0,0,0
LN-13063,0,0,0,1,2,3,3,3,3,3,3,3,1
LN-13064,0,1,2,3,3,3,3,3,3,3,3,3,1
LN-13065,0,0,0,1,0,0,0,0,0,1,0,1,1
LN-13066,0,0,0,0,0,0,0,0,0,0,0,0,0
LN-13067,0,0,0,0,0,0,1,0,0,0,0,0,0
LN-13068,0,0,0,0,0,1,0,1,0,0,0,0,1
LN-13069,1,0,1,2,1,2,3,3,3,3,3,3,1
LN-13070,0,0,0,0,1,2,3,3,3,3,3,3,1
LN-13071,0,0,0,0,0,0,0,0,0,0,0,0,0
LN-13072,0,0,0,0,0,0,0,0,0,0,0,0,0
LN-13073,0,0,0,1,0,0,0,0,0,0,0,0,0
LN-13074,0,0,0,0,0,0,0,0,0,0,0,0,0
LN-13075,0,0,0,0,1,0,0,0,0,0,0,0,0
LN-13076,0,0,0,0,0,0,0,0,0,0,0,0,0
LN-13077,0,0,0,0,0,0,0,0,0,0,0,0,0
LN-13078,1,0,0,1,2,3,3,3,3,3,3,3,1
LN-13079,0,0,1,2,3,3,3,3,3,3,3,3,1
LN-13080,1,0,1,0,1,2,3,3,3,3,3,3,1
LN-13081,0,0,0,0,0,0,0,0,0,0,0,0,0
LN-13082,0,0,0,0,0,0,0,0,0,0,0,0,0
LN-13083,0,1,0,0,0,0,0,1,0,1,0,1,1
LN-13084,0,0,0,0,0,0,0,0,0,0,0,0,0
LN-13085,0,0,1,0,0,0,0,0,0,0,0,0,0
LN-13086,1,0,1,2,1,0,1,0,0,0,1,0,1
LN-13087,1,0,0,0,0,0,0,0,0,0,0,0,0
LN-13088,0,1,2,3,3,3,3,3,3,3,3,3,1
LN-13089,0,0,0,0,0,0,0,0,1,0,1,0,0
LN-13090,0,0,0,0,1,0,1,2,3,3,3,3,1
LN-13091,0,0,0,0,0,0,0,0,0,0,0,1,1
LN-13092,1,0,0,0,0,0,0,0,0,0,0,0,0
LN-13093,0,0,0,0,0,0,0,0,0,0,0,0,0
LN-13094,1,2,1,0,0,1,2,1,0,1,2,3,1
LN-13095,0,0,0,0,0,0,1,0,0,0,0,0,0
LN-13096,0,0,0,0,0,1,0,0,0,0,0,0,0
LN-13097,0,0,0,0,0,0,0,0,0,0,0,0,0
LN-13098,0,0,0,0,0,0,1,2,1,2,1,2,1
LN-13099,0,0,0,0,0,1,2,1,0,1,2,1,1
LN-13100,1,0,1,0,0,0,0,1,2,3,3,3,1
LN-13101,0,1,0,1,2,3,3,3,3,3,3,3,1
LN-13102,0,0,0,0,0,0,0,0,0,0,0,0,0
LN-13103,0,0,0,0,0,0,0,0,0,0,0,0,0
LN-13104,1,2,1,2,3,3,3,3,3,3,3,3,1
LN-13105,0,0,0,0,0,0,0,0,0,0,0,0,0
LN-13106,1,2,1,0,0,0,0,1,2,1,2,3,1
LN-13107,0,0,0,0,0,0,0,0,0,0,0,0,0
LN-13108,0,0,0,0,0,0,0,0,0,0,0,0,0
LN-13109,1,0,1,2,3,3,3,3,3,3,3,3,1
LN-13110,0,1,0,1,0,1,0,0,0,0,1,2,1
LN-13111,0,0,0,0,0,0,0,0,0,0,0,0,0
LN-13112,0,0,0,0,0,1,2,3,3,3,3,3,1
LN-13113,0,0,0,0,0,0,0,0,0,0,1,0,0
LN-13114,0,1,2,1,0,0,0,1,2,1,2,1,1
LN-13115,0,0,0,0,0,0,0,0,0,0,0,0,0
LN-13116,0,0,0,0,0,0,0,0,0,0,0,0,0
LN-13117,0,0,0,0,0,0,0,0,0,0,0,0,0
LN-13118,1,0,0,1,0,1,0,0,1,0,1,2,1
LN-13119,0,1,0,0,0,0,0,1,2,3,3,3,1
LN-13120,0,0,1,0,1,0,0,0,1,2,1,2,1
LN-13121,0,0,0,0,0,0,0,0,0,0,0,0,0
LN-13122,1,0,0,0,0,0,0,0,0,0,0,0,0
LN-13123,0,0,0,0,0,0,0,0,1,2,3,3,1
LN-13124,0,0,1,0,1,2,1,2,1,2,3,3,1
LN-13125,0,0,0,0,0,0,0,0,0,0,0,0,0
LN-13126,0,1,2,3,3,3,3,3,3,3,3,3,1
LN-13127,0,0,0,0,0,0,0,0,0,0,0,0,0
LN-13128,1,0,1,2,3,3,3,3,3,3,3,3,1
LN-13129,0,0,0,0,0,0,1,0,0,0,1,0,1
LN-13130,0,0,0,0,0,0,0,0,0,0,1,0,0
LN-13131,0,0,0,0,0,0,0,0,1,0,0,0,0
LN-13132,1,2,3,3,3,3,3,3,3,3,3,3,1
LN-13133,1,0,0,0,1,0,0,0,0,1,2,3,1
LN-13134,0,0,0,1,0,0,0,0,0,0,0,0,0
LN-13135,0,0,0,0,0,0,0,1,0,0,0,0,0
LN-13136,0,0,0,0,1,0,0,0,1,0,1,2,1
LN-13137,0,0,0,0,0,0,0,0,0,0,0,0,0
LN-13138,0,1,0,1,0,1,2,3,3,3,3,3,1
LN-13139,0,0,0,0,0,0,0,0,0,0,1,0,0
LN-13140,1,0,0,0,0,0,0,0,0,0,0,0,0
LN-13141,0,0,0,0,0,0,0,0,0,0,0,0,0
LN-13142,0,0,0,0,0,0,0,0,0,0,0,0,0
LN-13143,0,0,0,0,0,0,0,0,0,0,0,0,0
LN-13144,0,0,0,0,0,0,0,0,0,0,0,0,0
LN-13145,1,2,3,3,3,3,3,3,3,3,3,3,1
LN-13146,0,1,2,1,0,1,0,1,0,0,0,0,1
LN-13147,0,0,0,0,0,0,0,0,0,0,0,0,0
LN-13148,0,0,0,0,0,0,0,0,0,0,0,0,0
LN-13149,1,0,0,1,2,3,3,3,3,3,3,3,1
LN-13150,0,0,0,1,0,1,0,1,0,1,0,0,1
LN-13151,0,0,0,0,0,0,0,0,0,0,0,0,0
LN-13152,0,0,0,0,0,0,0,0,0,0,0,0,0
LN-13153,0,0,0,0,0,0,0,0,0,0,0,0,0
LN-13154,1,0,0,0,0,0,0,0,0,0,0,0,0
LN-13155,0,0,0,1,0,0,0,0,0,0,0,0,0
LN-13156,0,0,1,0,0,0,0,0,0,0,0,0,0
LN-13157,0,0,1,0,0,0,0,0,1,2,3,3,1
LN-13158,1,0,0,1,2,1,2,3,3,3,3,3,1
LN-13159,1,0,0,0,0,0,0,0,0,0,0,0,0
LN-13160,0,0,1,0,0,0,0,1,0,0,0,0,1
LN-13161,0,0,0,0,0,0,0,0,0,0,0,0,0
LN-13162,0,0,1,0,0,0,0,0,1,0,1,0,1
LN-13163,0,0,0,0,0,0,0,0,0,0,0,0,0
LN-13164,0,0,0,1,0,0,0,0,0,0,0,0,0
LN-13165,0,0,0,0,1,0,1,2,1,2,3,3,1
LN-13166,0,0,0,0,0,0,0,0,0,0,0,0,0
LN-13167,0,1,0,1,0,0,0,0,0,0,0,0,0
LN-13168,1,2,3,3,3,3,3,3,3,3,3,3,1
LN-13169,0,1,0,1,0,1,2,3,3,3,3,3,1
LN-13170,0,0,0,0,0,1,2,3,3,3,3,3,1
LN-13171,0,1,2,3,3,3,3,3,3,3,3,3,1
LN-13172,1,2,3,3,3,3,3,3,3,3,3,3,1
LN-13173,0,0,0,0,0,0,0,0,0,0,0,0,0
LN-13174,1,0,1,2,3,3,3,3,3,3,3,3,1
LN-13175,0,0,0,0,0,0,0,0,0,0,0,0,0
LN-13176,1,0,1,0,1,2,1,0,1,2,3,3,1
LN-13177,1,2,1,2,1,2,1,0,0,1,0,0,1
LN-13178,1,0,1,0,1,2,1,0,0,1,0,1,1
LN-13179,0,0,0,1,0,0,0,0,1,2,1,2,1
LN-13180,0,0,0,0,0,0,0,0,0,0,0,0,0
LN-13181,0,0,0,0,0,0,0,0,0,0,0,0,0
LN-13182,0,0,0,0,0,0,0,0,0,0,0,1,0
LN-13183,0,1,0,1,0,0,0,1,2,1,2,1,1
LN-13184,0,0,0,0,1,2,3,3,3,3,3,3,1
LN-13185,0,1,2,3,3,3,3,3,3,3,3,3,1
LN-13186,0,0,0,0,1,0,0,0,0,0,0,0,0
LN-13187,0,0,0,0,0,1,2,1,2,3,3,3,1
LN-13188,0,0,0,0,0,0,0,0,0,0,0,0,0
LN-13189,0,0,0,0,0,0,0,0,1,0,0,0,0
LN-13190,0,0,0,0,0,0,0,0,0,0,0,0,0
LN-13191,0,0,0,0,0,0,0,0,0,0,0,0,0
LN-13192,0,0,0,1,0,0,0,0,0,0,1,0,0
LN-13193,0,0,0,0,0,0,0,1,2,1,0,0,0
LN-13194,0,0,0,0,0,0,0,0,0,0,0,0,0
LN-13195,1,0,0,0,0,0,1,0,0,0,1,2,1
LN-13196,0,0,1,0,0,0,0,0,1,0,0,0,0
LN-13197,0,0,0,0,0,0,0,0,0,0,0,0,0
LN-13198,1,2,1,0,0,0,1,2,3,3,3,3,1
LN-13199,0,0,0,1,0,1,2,1,2,3,3,3,1
LN-13200,0,0,1,0,0,1,0,0,1,0,1,0,1
LN-13201,0,0,0,0,0,0,1,2,1,0,1,0,1
LN-13202,0,1,0,0,1,0,1,0,1,0,1,0,1
LN-13203,0,0,0,0,0,0,0,0,0,0,0,0,0
LN-13204,0,0,0,0,0,0,0,0,0,0,0,0,0
LN-13205,0,0,0,0,1,2,1,0,1,2,3,3,1
LN-13206,0,0,0,0,0,1,0,0,0,0,0,0,0
LN-13207,0,1,0,0,0,1,2,1,2,1,2,3,1
LN-13208,1,0,0,0,0,0,1,0,1,0,0,1,1
LN-13209,0,0,0,1,0,0,0,0,1,0,0,0,1
LN-13210,0,0,0,0,0,0,0,0,0,0,0,1,0
LN-13211,0,0,0,0,0,0,0,0,0,0,0,0,0
LN-13212,0,0,0,0,0,0,0,0,0,0,0,0,0
LN-13213,0,0,0,0,1,0,0,1,2,3,3,3,1
LN-13214,0,0,1,0,1,0,1,0,0,0,1,0,1
LN-13215,0,1,2,3,3,3,3,3,3,3,3,3,1
LN-13216,0,0,0,1,2,3,3,3,3,3,3,3,1
LN-13217,1,2,1,0,0,0,0,0,0,0,1,2,1
LN-13218,0,0,0,0,0,0,0,1,0,0,0,0,0
LN-13219,1,0,0,0,0,0,0,0,0,0,0,0,0
LN-13220,0,0,0,0,0,0,0,0,0,0,0,0,0
LN-13221,0,0,0,0,0,0,0,1,0,0,0,0,0
LN-13222,0,0,1,0,0,0,0,0,0,0,0,0,0
LN-13223,0,0,0,0,0,1,2,1,0,0,1,0,1
LN-13224,0,0,0,0,0,0,0,0,0,0,0,0,0
LN-13225,0,0,0,0,0,0,0,0,0,0,0,0,0
LN-13226,0,0,1,2,3,3,3,3,3,3,3,3,1
LN-13227,0,0,0,0,0,0,0,0,0,0,0,0,0
LN-13228,0,0,0,0,0,0,0,0,0,0,0,0,0
LN-13229,0,0,0,0,0,0,0,0,0,0,0,0,0
LN-13230,0,0,0,0,0,0,0,0,0,0,0,0,0
LN-13231,0,0,1,0,0,0,0,0,0,0,0,0,0
LN-13232,0,0,0,0,0,0,0,0,0,0,0,0,0
LN-13233,0,0,0,0,0,0,0,0,0,0,0,0,0
LN-13234,0,0,0,0,0,0,0,0,0,0,0,0,0
LN-13235,0,0,0,0,0,0,0,0,0,0,0,0,0
LN-13236,0,0,0,0,0,0,0,0,0,0,0,0,0
LN-13237,0,0,0,0,0,0,0,1,0,0,0,0,0
LN-13238,0,0,0,0,0,0,0,0,0,0,0,0,0
LN-13239,1,2,1,2,3,3,3,3,3,3,3,3,1
LN-13240,0,0,0,0,0,0,0,0,0,0,0,0,0
LN-13241,0,0,1,0,0,0,1,0,1,2,3,3,1
LN-13242,0,0,0,1,2,3,3,3,3,3,3,3,1
LN-13243,0,0,0,1,0,0,0,0,1,2,3,3,1
LN-13244,0,0,0,0,1,0,0,0,0,1,0,1,1
LN-13245,0,0,0,0,0,0,0,0,0,0,0,0,0
LN-13246,0,0,0,0,0,1,0,0,0,0,0,0,0
LN-13247,0,0,0,0,0,0,0,0,0,0,0,0,0
LN-13248,0,0,0,0,0,0,0,0,0,0,0,0,0
LN-13249,0,0,0,0,0,0,0,0,0,0,0,0,0
LN-13250,0,0,0,0,0,0,1,0,0,0,0,0,0
LN-13251,0,0,0,0,0,0,0,0,0,0,0,0,0
LN-13252,0,1,0,1,0,0,0,0,0,1,0,0,1
LN-13253,1,2,3,3,3,3,3,3,3,3,3,3,1
LN-13254,0,0,0,0,0,0,0,0,0,0,0,0,0
LN-13255,0,1,0,0,0,0,0,0,1,0,0,1,1
LN-13256,0,0,1,2,3,3,3,3,3,3,3,3,1
LN-13257,0,1,2,3,3,3,3,3,3,3,3,3,1
LN-13258,0,0,0,0,0,0,0,0,0,0,0,0,0
LN-13259,0,0,0,1,2,3,3,3,3,3,3,3,1
LN-13260,0,0,0,0,0,0,0,0,0,0,0,1,0
LN-13261,0,0,0,0,0,0,0,0,0,0,0,0,0
LN-13262,1,0,1,2,1,0,1,0,0,1,2,1,1
LN-13263,1,2,1,2,3,3,3,3,3,3,3,3,1
LN-13264,0,0,1,0,0,1,2,3,3,3,3,3,1
LN-13265,0,0,0,0,0,0,0,0,0,0,0,0,0
LN-13266,1,2,3,3,3,3,3,3,3,3,3,3,1
LN-13267,0,0,0,0,0,0,0,1,0,0,0,0,0
LN-13268,0,0,0,0,0,0,0,0,0,0,0,0,0
LN-13269,0,0,1,0,0,1,0,0,0,0,0,0,0
LN-13270,0,1,2,1,0,0,1,0,0,0,1,0,1
LN-13271,1,0,1,2,1,2,3,3,3,3,3,3,1
LN-13272,0,0,0,0,0,0,0,0,0,1,0,0,0
LN-13273,0,0,1,0,0,1,0,1,2,3,3,3,1
LN-13274,1,0,0,0,0,1,0,0,0,0,0,1,1
LN-13275,1,0,0,1,2,1,2,1,2,3,3,3,1
LN-13276,0,0,0,0,0,0,0,1,0,0,0,0,0
LN-13277,0,0,0,0,0,0,0,0,0,0,0,0,0
LN-13278,0,0,0,0,0,0,0,1,0,0,0,0,0
LN-13279,0,0,0,0,0,0,0,1,0,0,0,0,0
LN-13280,1,0,0,0,1,0,0,1,2,3,3,3,1
LN-13281,0,0,0,0,0,0,0,0,0,0,0,0,0
LN-13282,0,0,0,0,1,0,1,0,1,0,1,0,1
LN-13283,0,1,0,0,0,1,0,0,0,0,0,0,0
LN-13284,0,1,0,0,1,0,0,0,0,0,1,0,0
LN-13285,0,0,0,0,0,0,0,0,0,0,0,0,0
LN-13286,0,1,0,0,0,0,1,0,0,0,1,0,1
LN-13287,0,0,1,2,1,2,3,3,3,3,3,3,1
LN-13288,0,0,0,0,0,0,0,0,0,0,0,0,0
LN-13289,0,1,2,3,3,3,3,3,3,3,3,3,1
LN-13290,1,0,0,0,1,2,1,0,0,0,1,2,1
LN-13291,0,1,0,0,1,0,0,0,0,0,0,1,1
LN-13292,0,0,0,0,0,0,0,0,0,0,0,0,0
LN-13293,0,1,0,0,0,0,1,0,1,0,1,2,1
LN-13294,1,0,0,0,0,0,0,0,0,0,0,0,0
LN-13295,0,1,2,3,3,3,3,3,3,3,3,3,1
LN-13296,1,0,0,0,0,1,2,3,3,3,3,3,1
LN-13297,0,0,0,0,0,0,0,1,0,0,0,0,0
LN-13298,0,1,2,1,0,0,0,1,2,1,0,1,1
LN-13299,0,0,0,0,0,0,0,0,0,0,0,0,0
LN-13300,0,0,0,0,0,0,0,0,0,0,0,0,0
LN-13301,1,0,1,0,0,0,1,0,0,0,0,1,1
LN-13302,0,0,0,0,0,0,0,0,0,0,0,0,0
LN-13303,0,0,1,0,1,2,1,2,1,0,0,0,1
LN-13304,1,2,1,0,1,0,1,0,1,0,0,1,1
LN-13305,0,1,2,3,3,3,3,3,3,3,3,3,1
LN-13306,1,2,1,2,1,0,0,1,2,3,3,3,1
LN-13307,0,0,0,0,0,0,0,0,0,0,1,0,0
LN-13308,0,0,1,0,0,0,0,0,0,0,0,0,0
LN-13309,0,0,0,0,0,0,0,0,0,0,0,0,0
LN-13310,0,0,1,0,0,0,1,2,1,2,3,3,1
LN-13311,0,0,0,0,0,0,0,0,0,0,0,0,0
LN-13312,0,0,0,0,0,0,0,0,0,0,0,0,0
LN-13313,0,0,0,0,0,0,0,0,0,0,1,0,0
LN-13314,0,0,0,0,0,1,2,3,3,3,3,3,1
LN-13315,0,0,0,0,0,0,0,0,0,0,0,0,0
LN-13316,0,0,0,0,0,0,0,0,0,0,0,0,0
LN-13317,0,0,0,1,0,1,0,0,1,0,0,0,1
LN-13318,0,0,0,0,0,0,0,0,0,0,0,0,0
LN-13319,0,1,0,0,0,0,0,1,2,1,2,1,1
LN-13320,0,0,0,0,0,0,0,0,0,0,0,0,0
LN-13321,0,1,0,0,0,0,0,0,0,0,0,0,0
LN-13322,0,0,0,0,0,0,0,0,0,0,0,0,0
LN-13323,0,0,0,0,0,0,0,0,0,0,0,0,0
LN-13324,0,0,0,0,0,0,0,0,0,0,0,0,0
LN-13325,0,0,0,0,0,0,0,0,0,0,0,0,0
LN-13326,0,0,0,1,0,0,0,1,0,0,0,0,0
LN-13327,0,0,1,0,1,2,1,2,1,0,1,2,1
LN-13328,0,0,0,1,0,0,1,2,1,2,1,2,1
LN-13329,0,0,1,0,0,0,0,0,0,0,0,0,0
LN-13330,1,2,1,0,0,0,0,0,1,0,0,1,1
LN-13331,0,0,0,0,0,0,0,0,0,0,0,0,0
LN-13332,0,0,0,0,0,0,0,0,0,0,0,0,0
LN-13333,0,0,1,0,1,2,3,3,3,3,3,3,1
LN-13334,1,0,0,0,0,0,1,2,1,0,0,1,1
LN-13335,0,0,0,0,0,0,0,0,0,0,0,0,0
LN-13336,0,0,0,0,0,0,0,0,0,0,0,1,0
LN-13337,0,0,0,0,1,0,0,0,0,1,0,0,0
LN-13338,0,0,0,0,0,0,0,1,0,0,0,0,0
LN-13339,0,0,0,0,0,0,0,0,0,0,1,0,0
LN-13340,0,0,0,1,0,0,1,2,1,0,0,1,1
LN-13341,0,1,0,0,0,1,0,1,2,3,3,3,1
LN-13342,1,2,1,2,1,2,1,0,0,1,0,0,1
LN-13343,0,0,0,0,0,0,0,0,0,0,0,0,0
LN-13344,1,0,0,0,0,0,0,0,0,0,0,0,0
LN-13345,0,0,1,0,0,0,0,0,0,0,0,0,0
LN-13346,0,0,0,0,0,0,0,0,0,0,0,0,0
LN-13347,0,1,0,0,1,2,3,3,3,3,3,3,1
LN-13348,0,0,0,0,0,0,0,0,0,0,0,0,0
LN-13349,0,0,0,0,0,0,0,0,0,0,0,0,0
LN-13350,1,2,1,2,3,3,3,3,3,3,3,3,1
LN-13351,0,0,1,0,0,0,0,1,2,1,2,1,1
LN-13352,0,0,0,0,0,0,0,0,1,0,0,0,0
LN-13353,1,0,0,0,0,0,0,0,0,0,0,0,1
LN-13354,0,0,0,0,1,0,0,0,1,0,0,1,1
LN-13355,0,0,0,0,0,0,0,0,0,0,0,0,0
LN-13356,0,0,0,0,0,0,0,0,0,0,0,0,0
LN-13357,0,0,0,0,0,0,0,0,0,0,0,0,0
LN-13358,1,2,3,3,3,3,3,3,3,3,3,3,1
LN-13359,0,0,0,0,0,0,0,0,0,0,1,0,0
LN-13360,1,0,0,0,0,0,1,0,1,0,0,0,1
LN-13361,0,0,0,0,0,0,0,0,0,0,0,0,0
LN-13362,0,0,0,0,0,0,0,0,0,0,1,0,0
LN-13363,0,0,0,0,0,0,0,1,0,0,0,1,0
LN-13364,0,0,0,0,0,0,0,0,0,0,0,0,0
LN-13365,0,0,0,0,0,0,0,0,0,0,0,0,0
LN-13366,0,0,0,0,0,0,0,0,0,0,0,0,0
LN-13367,0,0,1,0,0,0,0,0,0,0,0,0,0
LN-13368,1,0,0,0,0,1,0,0,1,0,1,2,1
LN-13369,0,0,0,0,0,0,0,0,0,0,0,0,0
LN-13370,0,0,0,0,0,0,0,0,0,0,0,1,1
LN-13371,0,0,0,0,0,0,0,0,0,0,0,0,0
LN-13372,0,0,0,0,0,1,0,0,0,0,0,0,0
LN-13373,1,0,0,0,0,1,0,0,0,1,0,1,1
LN-13374,0,0,1,2,3,3,3,3,3,3,3,3,1
LN-13375,0,1,0,1,0,0,0,0,0,0,0,0,0
LN-13376,0,0,1,0,1,2,1,0,0,0,0,0,0
LN-13377,0,1,0,1,2,3,3,3,3,3,3,3,1
LN-13378,0,0,0,0,0,0,0,0,0,0,0,0,0
LN-13379,0,0,0,0,0,0,0,0,0,0,0,0,0
LN-13380,0,0,0,0,0,0,0,0,0,0,0,0,0
LN-13381,0,0,0,0,0,0,0,0,0,0,0,0,0
LN-13382,0,0,0,0,0,0,0,0,0,0,0,0,0
LN-13383,0,0,0,0,0,0,0,0,0,0,0,1,0
LN-13384,0,0,0,0,0,0,0,0,0,0,0,0,0
LN-13385,0,0,0,0,0,1,0,0,0,0,0,0,0
LN-13386,0,0,1,2,3,3,3,3,3,3,3,3,1
LN-13387,0,0,0,0,0,0,0,0,0,0,0,0,0
LN-13388,0,0,0,0,1,0,0,1,0,0,1,2,1
LN-13389,0,0,0,1,0,1,2,3,3,3,3,3,1
LN-13390,0,0,0,0,0,0,0,1,0,0,0,0,0
LN-13391,0,1,0,0,0,1,2,3,3,3,3,3,1
LN-13392,0,0,0,0,0,0,0,0,0,0,0,0,0
LN-13393,1,0,0,0,0,1,2,3,3,3,3,3,1
LN-13394,0,0,0,0,0,1,0,1,2,1,2,1,1
LN-13395,0,0,0,0,1,2,3,3,3,3,3,3,1
LN-13396,0,0,0,0,0,0,0,0,0,1,0,0,0
LN-13397,0,0,0,0,0,1,2,1,0,1,0,1,1
LN-13398,0,0,1,0,1,2,3,3,3,3,3,3,1
LN-13399,0,0,0,0,0,0,0,0,0,0,0,0,0
LN-13400,0,1,0,0,1,0,1,0,1,2,3,3,1
LN-13401,0,0,1,2,3,3,3,3,3,3,3,3,1
LN-13402,0,0,0,0,0,0,0,0,0,0,0,0,0
LN-13403,0,0,0,0,0,1,0,0,0,0,0,0,0
LN-13404,0,0,1,0,0,0,0,0,0,0,0,0,0
LN-13405,0,0,0,0,0,0,0,0,0,0,1,0,0
LN-13406,0,0,0,0,0,1,0,1,0,0,1,0,1
LN-13407,0,0,0,0,0,0,0,0,0,0,0,0,0
LN-13408,1,0,1,2,3,3,3,3,3,3,3,3,1
LN-13409,1,0,0,0,1,2,1,0,1,2,3,3,1
LN-13410,0,0,1,0,0,0,1,2,1,0,1,0,1
LN-13411,0,0,0,0,0,0,0,0,0,0,0,0,0
LN-13412,0,0,0,0,0,0,0,1,0,0,0,0,0
LN-13413,0,0,0,0,0,0,0,0,0,0,0,0,0
LN-13414,0,0,0,0,0,0,0,0,0,0,0,0,0
LN-13415,0,0,0,0,0,0,0,0,0,0,0,0,0
LN-13416,0,0,0,1,2,1,2,1,0,0,1,2,1
LN-13417,0,0,0,0,1,0,1,2,1,2,3,3,1
LN-13418,0,0,0,0,0,0,0,0,1,2,1,0,0
LN-13419,0,0,0,0,0,0,0,0,0,0,0,0,0
LN-13420,0,0,0,0,0,0,0,0,0,0,0,0,0
LN-13421,0,0,0,0,0,0,0,0,0,0,0,0,0
LN-13422,0,0,0,0,1,0,0,0,0,0,0,0,0
LN-13423,1,0,1,0,0,0,1,2,1,2,1,0,0
LN-13424,0,0,0,0,0,0,0,0,1,0,0,0,0
LN-13425,0,0,0,0,0,0,0,0,1,0,0,0,0
LN-13426,0,0,0,0,0,0,0,0,0,0,0,0,0
LN-13427,1,0,1,2,1,0,0,0,0,1,0,0,1
LN-13428,0,1,0,0,0,0,1,2,3,3,3,3,1
LN-13429,0,0,0,1,0,1,2,3,3,3,3,3,1
LN-13430,0,0,0,0,0,0,0,0,0,0,0,0,0
LN-13431,0,1,2,3,3,3,3,3,3,3,3,3,1
LN-13432,0,1,2,3,3,3,3,3,3,3,3,3,1
LN-13433,0,0,0,0,0,0,0,0,0,0,0,0,0
LN-13434,0,0,1,0,0,0,0,1,0,0,0,0,0
LN-13435,1,0,1,0,1,2,1,2,1,2,1,2,1
LN-13436,0,1,0,1,2,1,0,0,0,0,1,0,1
LN-13437,0,1,0,0,0,1,2,3,3,3,3,3,1
LN-13438,1,0,0,0,0,0,0,0,0,0,0,0,0
LN-13439,0,0,0,0,0,0,0,0,0,0,0,0,0
LN-13440,0,0,0,0,0,0,0,0,0,0,0,0,0
LN-13441,0,0,0,1,0,0,0,0,0,0,0,0,0
LN-13442,0,0,0,0,0,1,2,3,3,3,3,3,1
LN-13443,0,0,0,0,0,0,0,0,0,0,0,0,0
LN-13444,0,0,0,0,0,0,0,0,0,0,0,0,0
LN-13445,0,0,1,2,3,3,3,3,3,3,3,3,1
LN-13446,0,0,0,1,0,0,1,0,0,0,1,2,1
LN-13447,0,0,0,1,0,1,0,0,0,1,0,1,1
LN-13448,0,0,0,0,0,0,0,0,0,0,0,0,0
LN-13449,0,0,0,0,0,0,0,0,0,0,0,0,0
LN-13450,0,0,0,0,0,0,0,0,0,0,0,0,0
LN-13451,0,0,0,0,0,0,0,0,0,0,0,0,0
LN-13452,1,2,1,0,0,0,1,2,3,3,3,3,1
LN-13453,1,2,1,0,0,0,0,1,0,1,2,1,1
LN-13454,0,0,0,0,0,0,0,0,0,0,0,0,0
LN-13455,0,1,0,1,2,1,2,1,2,3,3,3,1
LN-13456,0,0,0,0,0,0,0,0,0,0,0,0,0
LN-13457,1,2,1,0,1,2,1,2,1,2,3,3,1
LN-13458,0,0,0,0,0,0,0,0,0,0,0,0,0
LN-13459,0,0,0,0,0,0,1,0,0,0,1,0,1
LN-13460,0,1,0,0,0,1,0,0,0,1,0,0,1
LN-13461,0,0,0,0,0,0,0,0,0,0,0,0,0
LN-13462,0,1,0,1,2,3,3,3,3,3,3,3,1
LN-13463,1,0,0,1,2,1,0,0,1,0,0,0,1
LN-13464,0,0,0,1,0,1,0,0,1,2,3,3,1
LN-13465,0,0,0,0,0,0,0,0,0,0,0,0,0
LN-13466,0,0,0,0,0,0,0,0,0,0,0,1,0
LN-13467,0,0,0,0,1,0,0,0,0,0,0,0,0
LN-13468,0,0,0,0,0,0,0,0,0,0,0,0,0
LN-13469,0,1,2,1,0,1,2,3,3,3,3,3,1
LN-13470,0,0,0,0,0,0,0,0,1,0,1,0,0
LN-13471,0,0,0,0,0,0,1,0,0,0,0,0,0
LN-13472,0,0,0,1,0,0,0,0,1,0,0,0,1
LN-13473,0,1,2,1,0,0,0,1,0,1,0,0,1
LN-13474,0,0,0,0,0,0,0,0,1,0,0,0,0
LN-13475,0,0,0,0,0,0,0,0,0,0,0,0,0
LN-13476,0,0,0,0,0,0,0,0,0,0,0,0,0
LN-13477,0,0,0,0,0,0,1,0,0,0,0,0,0
LN-13478,0,1,0,0,0,0,0,0,0,1,2,1,1
LN-13479,0,0,0,1,0,0,1,0,0,1,0,0,1
LN-13480,1,0,0,0,0,0,0,0,0,1,0,1,0
LN-13481,0,0,0,0,0,0,0,0,0,0,0,0,0
LN-13482,0,0,1,0,0,0,0,1,0,0,0,0,0
LN-13483,0,1,0,0,0,1,0,1,0,0,1,0,1
LN-13484,0,0,0,0,0,0,0,0,0,0,0,0,0
LN-13485,0,0,0,0,1,0,0,0,0,0,0,1,1
LN-13486,1,0,1,0,1,0,0,0,1,0,1,0,1
LN-13487,0,0,0,0,0,0,0,0,0,1,0,1,1
LN-13488,0,0,0,0,0,0,0,0,0,0,0,0,0
LN-13489,1,0,0,1,0,0,0,0,0,1,0,1,1
LN-13490,0,0,0,1,0,0,0,0,0,0,0,0,0
LN-13491,1,2,3,3,3,3,3,3,3,3,3,3,1
LN-13492,0,0,0,0,0,0,0,0,0,0,0,0,0
LN-13493,0,0,0,0,0,0,0,0,0,1,0,0,0
LN-13494,0,0,0,0,0,0,0,0,0,0,0,0,0
LN-13495,0,1,0,0,1,2,3,3,3,3,3,3,1
LN-13496,0,0,1,0,0,0,1,2,1,2,3,3,1
LN-13497,0,0,0,0,0,0,0,0,0,0,0,0,0
LN-13498,0,0,0,0,0,0,0,0,0,0,0,0,0
LN-13499,0,0,0,0,0,0,0,0,0,0,0,0,0
LN-13500,0,0,0,0,0,0,0,0,0,0,0,0,0
LN-13501,0,1,2,3,3,3,3,3,3,3,3,3,1
LN-13502,1,0,1,0,0,1,0,1,0,1,2,1,1
LN-13503,0,0,0,0,0,0,0,0,0,0,0,0,0
LN-13504,0,0,0,0,0,0,0,0,0,0,0,0,0
LN-13505,0,0,0,0,0,0,0,0,0,0,0,0,0
LN-13506,0,0,0,0,0,0,0,0,0,0,0,0,0
LN-13507,1,0,0,1,0,1,0,0,1,0,0,0,1
LN-13508,0,0,0,0,0,0,0,0,0,0,0,0,0
LN-13509,0,0,0,0,0,0,0,0,0,0,0,0,0
LN-13510,1,0,0,0,0,0,0,0,0,0,0,0,0
LN-13511,1,0,1,0,0,0,0,1,0,1,0,1,1
LN-13512,1,0,0,1,2,3,3,3,3,3,3,3,1
LN-13513,0,0,0,0,0,0,0,0,0,0,0,0,0
LN-13514,1,0,0,0,0,0,0,0,0,0,0,0,0
LN-13515,0,1,0,0,1,2,1,2,3,3,3,3,1
LN-13516,1,0,0,0,1,0,0,0,0,1,0,1,1
LN-13517,1,0,0,1,2,3,3,3,3,3,3,3,1
LN-13518,0,0,0,0,1,0,1,0,0,0,1,0,1
LN-13519,0,0,1,0,0,0,1,2,1,2,1,2,1
LN-13520,1,0,0,0,0,0,0,0,0,0,0,0,0
LN-13521,0,0,0,0,1,0,0,0,0,0,0,0,0
LN-13522,0,1,0,0,1,0,0,0,0,0,0,0,1
LN-13523,1,0,0,0,1,2,1,0,0,1,0,1,1
LN-13524,0,0,0,0,0,0,0,0,0,0,0,0,0
LN-13525,0,0,0,0,0,0,0,0,0,0,0,0,0
LN-13526,0,0,0,0,0,0,0,0,0,0,0,0,0
LN-13527,1,0,0,1,2,3,3,3,3,3,3,3,1
LN-13528,0,0,0,0,0,0,0,0,0,0,0,0,0
LN-13529,0,0,0,0,0,0,0,0,0,0,0,0,0
LN-13530,1,0,0,0,1,0,0,0,0,0,0,1,1
LN-13531,1,0,0,1,0,0,1,2,1,2,3,3,1
LN-13532,1,0,1,2,1,0,0,1,0,0,1,0,1
LN-13533,1,2,1,0,1,0,1,0,1,2,3,3,1
LN-13534,0,0,0,0,0,0,0,0,0,0,0,0,0
LN-13535,0,0,0,0,0,0,0,0,0,0,0,0,0
LN-13536,0,0,0,0,0,0,0,0,0,0,0,0,0
LN-13537,0,0,0,1,0,0,0,1,0,1,2,1,1
LN-13538,0,0,0,0,0,0,0,0,0,0,0,0,0
LN-13539,0,0,0,0,0,0,0,0,0,0,0,0,0
LN-13540,0,0,0,0,0,0,0,0,0,0,0,0,0
LN-13541,0,0,0,0,0,0,0,0,0,0,0,0,0
LN-13542,0,0,0,0,1,0,0,0,0,0,0,0,0
LN-13543,0,1,0,0,0,0,0,0,0,0,0,0,0
LN-13544,0,1,2,3,3,3,3,3,3,3,3,3,1
LN-13545,0,0,0,0,0,0,0,0,0,0,1,0,0
LN-13546,0,0,1,2,1,0,0,0,0,1,0,0,1
LN-13547,0,0,0,0,0,0,0,0,0,0,0,0,0
LN-13548,0,0,0,0,0,0,0,0,0,0,0,0,0
LN-13549,0,1,2,1,2,1,0,1,2,1,2,1,1
LN-13550,0,1,0,1,0,1,2,1,0,1,0,1,1
LN-13551,0,0,0,0,0,0,0,0,0,0,0,0,0
LN-13552,1,2,1,2,3,3,3,3,3,3,3,3,1
LN-13553,0,0,0,0,0,0,0,0,0,0,0,0,0
LN-13554,0,0,0,0,1,0,0,1,0,1,0,1,1
LN-13555,1,0,0,1,0,1,0,1,2,3,3,3,1
LN-13556,0,0,0,0,0,0,1,0,0,0,0,0,0
LN-13557,1,2,3,3,3,3,3,3,3,3,3,3,1
LN-13558,0,0,0,0,0,0,0,0,0,0,0,0,0
LN-13559,0,0,0,0,0,0,0,0,0,0,0,0,0
LN-13560,0,0,0,0,0,0,0,0,0,0,0,0,0
LN-13561,0,0,0,0,0,0,0,0,0,0,0,0,0
LN-13562,0,0,0,0,0,0,0,1,0,0,0,0,0
LN-13563,0,0,0,0,0,0,0,0,0,0,0,0,0
LN-13564,0,0,0,0,0,0,0,0,1,0,0,0,0
LN-13565,0,0,0,1,0,1,0,1,2,3,3,3,1
LN-13566,0,0,0,0,0,0,0,0,0,1,0,0,0
LN-13567,1,2,1,0,0,1,0,0,0,1,2,1,1
LN-13568,1,2,1,0,0,0,0,0,1,2,3,3,1
LN-13569,0,0,0,0,0,0,0,0,0,0,0,0,0
LN-13570,0,0,0,0,0,0,0,0,0,0,0,0,0
LN-13571,0,1,0,0,0,0,1,0,1,0,0,1,1
LN-13572,0,0,0,0,0,0,0,0,0,0,0,0,0
LN-13573,0,0,0,0,0,0,0,0,0,0,0,0,0
LN-13574,0,1,2,1,0,1,2,1,2,1,2,1,1
LN-13575,0,1,0,0,0,0,1,2,3,3,3,3,1
LN-13576,0,0,0,0,0,0,0,0,0,0,0,0,0
LN-13577,0,0,1,0,1,2,1,2,1,0,0,1,1
LN-13578,0,0,0,1,0,1,2,1,0,0,0,0,1
LN-13579,0,1,0,1,2,3,3,3,3,3,3,3,1
LN-13580,0,0,0,0,0,0,0,0,0,0,0,0,0
LN-13581,0,0,0,1,0,0,0,1,0,0,0,0,0
LN-13582,0,0,0,0,0,0,0,0,0,0,0,0,0
LN-13583,0,1,0,0,1,2,1,2,3,3,3,3,1
LN-13584,0,0,0,0,0,0,0,0,0,0,0,0,0
LN-13585,1,0,0,1,2,1,0,1,2,3,3,3,1
LN-13586,1,0,0,0,0,0,0,0,0,0,1,0,1
LN-13587,0,0,0,0,0,0,0,0,0,0,0,0,0
LN-13588,0,0,0,1,0,0,0,0,0,0,0,0,0
LN-13589,0,0,0,0,0,0,0,0,0,0,0,0,0
LN-13590,0,0,0,0,1,0,0,0,1,2,3,3,1
LN-13591,1,0,0,0,1,0,1,2,1,0,0,0,1
LN-13592,0,0,0,0,0,0,0,0,0,0,0,0,0
LN-13593,0,0,0,0,0,0,0,0,1,0,0,0,0
LN-13594,0,0,0,0,0,0,0,0,0,0,0,0,0
LN-13595,0,0,0,0,0,0,0,0,0,0,0,0,0
LN-13596,0,0,0,0,0,0,0,0,0,0,0,0,0
LN-13597,0,0,0,0,0,0,0,0,0,0,0,0,0
LN-13598,0,0,0,0,0,0,0,1,0,0,0,0,0
LN-13599,1,0,0,0,1,2,1,0,1,0,0,0,1
LN-13600,0,0,0,0,0,0,0,0,0,0,0,0,0
LN-13601,0,0,0,0,0,0,0,0,0,0,0,0,0
LN-13602,0,1,2,1,2,3,3,3,3,3,3,3,1
LN-13603,0,0,1,2,3,3,3,3,3,3,3,3,1
LN-13604,0,0,0,0,0,0,0,0,0,0,0,0,0
LN-13605,0,0,0,0,0,1,0,0,0,0,1,2,1
LN-13606,0,0,1,0,1,2,1,2,3,3,3,3,1
LN-13607,0,0,0,0,0,0,0,0,0,0,1,0,0
LN-13608,0,0,0,0,0,0,0,0,0,0,0,0,0
LN-13609,0,0,0,1,2,3,3,3,3,3,3,3,1
LN-13610,0,0,0,0,0,0,0,0,0,1,0,0,0
LN-13611,0,0,1,0,1,0,0,1,2,3,3,3,1
LN-13612,0,0,0,0,0,0,0,0,0,0,0,0,0
LN-13613,0,0,1,2,1,0,1,0,1,2,1,2,1
LN-13614,0,1,2,1,0,1,2,3,3,3,3,3,1
LN-13615,0,0,1,2,3,3,3,3,3,3,3,3,1
LN-13616,0,0,0,1,0,0,0,0,1,2,1,2,1
LN-13617,0,0,0,0,0,0,0,0,0,0,0,0,0
LN-13618,0,0,0,0,0,0,0,0,0,1,0,0,1
LN-13619,0,0,0,0,0,0,0,0,0,0,0,0,0
LN-13620,0,0,0,0,0,0,0,0,0,0,0,0,0
LN-13621,0,0,0,0,1,0,0,1,2,1,2,1,1
LN-13622,0,0,0,0,0,0,0,0,0,0,0,0,0
LN-13623,0,0,0,0,0,0,0,0,0,0,0,0,0
LN-13624,0,0,0,0,0,0,0,0,0,0,0,0,0
LN-13625,1,0,0,0,0,1,2,1,2,3,3,3,1
LN-13626,0,0,0,0,0,0,0,0,0,0,0,0,0
LN-13627,0,0,0,0,0,0,0,1,0,0,0,0,0
LN-13628,0,0,0,0,0,0,0,0,0,0,0,0,0
LN-13629,0,0,1,2,3,3,3,3,3,3,3,3,0
LN-13630,1,0,1,2,1,2,1,0,0,1,0,0,1
LN-13631,0,0,0,0,0,0,0,0,0,0,0,0,0
LN-13632,1,2,1,0,1,0,1,2,3,3,3,3,1
LN-13633,0,0,0,0,0,0,0,0,0,0,0,0,0
LN-13634,0,0,1,0,0,0,0,0,0,0,0,0,0
LN-13635,0,0,0,0,0,0,0,0,0,0,1,2,1
LN-13636,0,0,0,0,0,0,0,0,0,0,0,0,0
LN-13637,0,0,0,0,0,0,0,0,0,0,0,0,0
LN-13638,0,0,0,0,0,0,0,0,0,0,0,0,0
LN-13639,1,2,1,0,1,2,3,3,3,3,3,3,1
LN-13640,0,0,0,0,0,0,0,0,0,0,0,0,0
LN-13641,0,0,0,0,0,0,0,0,0,0,0,0,0
LN-13642,0,0,0,0,0,0,0,0,0,0,0,0,0
LN-13643,0,0,0,0,0,0,0,0,0,0,0,0,0
LN-13644,0,0,0,0,0,0,0,0,0,0,0,0,0
LN-13645,0,0,1,2,1,2,1,0,1,0,0,1,1
LN-13646,1,2,1,0,0,0,0,1,2,3,3,3,1
LN-13647,0,0,0,0,0,0,0,0,0,1,0,0,0
LN-13648,1,0,0,1,2,3,3,3,3,3,3,3,1
LN-13649,0,0,1,0,1,0,1,0,0,0,0,0,0
LN-13650,1,0,0,0,0,1,0,1,0,1,0,1,1
LN-13651,0,0,0,0,0,0,0,0,0,0,0,0,0
LN-13652,0,0,0,0,0,0,0,0,0,1,0,0,0
LN-13653,0,0,0,1,0,1,2,1,2,1,0,0,1
LN-13654,1,0,1,2,1,0,0,1,0,0,0,0,1
LN-13655,0,0,0,0,0,0,0,0,0,0,0,0,0
LN-13656,1,0,0,0,0,0,0,0,0,0,1,0,0
LN-13657,1,0,0,0,1,2,3,3,3,3,3,3,1
LN-13658,0,0,0,1,0,1,0,0,1,0,0,1,1
LN-13659,1,0,0,0,0,0,0,0,1,2,1,2,1
LN-13660,0,0,0,0,0,0,0,0,0,0,0,0,0
LN-13661,0,1,2,3,3,3,3,3,3,3,3,3,1
LN-13662,0,1,2,1,2,3,3,3,3,3,3,3,1
LN-13663,0,0,0,1,2,1,0,0,0,1,0,0,1
LN-13664,0,0,0,0,0,0,0,0,0,0,0,1,0
LN-13665,0,0,0,0,0,0,0,1,0,0,0,0,0
LN-13666,0,0,0,0,0,0,0,0,0,0,0,0,0
LN-13667,0,0,0,0,0,1,0,0,0,0,0,0,0
LN-13668,0,0,1,2,1,0,1,0,1,2,3,3,1
LN-13669,1,0,1,0,0,0,0,0,0,1,2,3,1
LN-13670,0,0,0,0,0,0,0,0,0,0,0,0,0
LN-13671,0,0,0,0,1,0,0,1,0,0,0,0,0
LN-13672,0,0,0,0,0,0,0,1,0,0,0,0,0
LN-13673,0,0,0,0,0,0,0,0,0,0,0,0,0
LN-13674,0,0,0,0,0,0,0,1,0,0,1,0,0
LN-13675,0,0,1,0,0,0,0,0,0,0,0,0,0
LN-13676,1,2,1,2,1,2,3,3,3,3,3,3,1
LN-13677,0,0,1,0,0,1,2,3,3,3,3,3,1
LN-13678,0,0,0,0,0,0,0,0,0,0,0,0,0
LN-13679,0,0,0,0,0,0,0,0,0,0,0,0,0
LN-13680,0,0,0,0,0,0,0,0,0,0,0,0,0
LN-13681,1,2,1,2,1,0,0,0,0,1,0,1,1
LN-13682,0,0,0,0,0,0,0,0,0,0,0,0,0
LN-13683,1,2,1,2,1,0,0,1,2,3,3,3,1
LN-13684,0,0,0,0,1,0,0,0,0,0,0,0,0
LN-13685,0,0,0,0,1,0,0,1,0,1,2,1,1
LN-13686,1,2,1,2,1,2,3,3,3,3,3,3,1
LN-13687,0,0,1,2,1,2,1,0,1,0,1,2,1
LN-13688,0,0,0,1,0,0,0,0,1,0,0,0,1
LN-13689,0,0,1,0,1,2,3,3,3,3,3,3,1
LN-13690,0,0,0,0,0,0,0,0,0,0,0,0,0
LN-13691,0,0,0,0,0,0,0,0,0,0,0,0,0
LN-13692,0,0,0,0,0,0,0,0,0,0,1,0,0
LN-13693,0,0,0,0,0,0,0,0,1,2,1,0,0
LN-13694,0,0,0,0,0,0,0,0,0,0,0,0,0
LN-13695,0,0,0,0,0,0,0,0,0,0,0,0,0
LN-13696,0,0,0,1,0,0,0,0,1,2,3,3,1
LN-13697,0,0,0,0,0,0,0,0,0,1,0,0,0
LN-13698,0,0,0,0,0,0,0,0,0,0,0,0,0
LN-13699,0,1,0,0,0,1,2,3,3,3,3,3,1
LN-13700,0,0,0,0,1,0,0,0,0,0,0,0,0
LN-13701,1,0,0,1,2,3,3,3,3,3,3,3,1
LN-13702,0,0,0,0,0,0,0,0,0,0,0,0,0
LN-13703,0,0,0,0,0,0,0,0,0,0,0,0,0
LN-13704,0,0,1,0,0,0,1,2,1,2,1,2,1
LN-13705,0,0,0,0,0,0,0,0,0,0,0,0,0
LN-13706,0,1,0,1,2,3,3,3,3,3,3,3,1
LN-13707,0,0,0,0,0,0,0,0,0,0,0,0,0
LN-13708,0,1,2,3,3,3,3,3,3,3,3,3,1
LN-13709,0,0,0,0,0,0,0,0,0,0,0,0,0
LN-13710,0,0,0,0,0,0,0,0,0,0,0,0,0
LN-13711,0,1,0,0,0,0,0,0,0,0,0,0,0
LN-13712,0,1,2,1,2,3,3,3,3,3,3,3,1
LN-13713,0,0,0,0,0,0,0,0,0,0,0,0,0
LN-13714,0,0,1,2,1,0,0,1,2,3,3,3,1
LN-13715,0,0,0,0,0,0,0,0,0,0,0,0,0
LN-13716,1,0,0,0,0,0,1,0,1,2,3,3,1
LN-13717,0,0,0,0,0,0,0,0,0,0,0,0,0
LN-13718,0,0,0,0,0,0,0,0,0,0,0,0,0
LN-13719,0,0,0,0,0,0,0,0,0,0,0,0,0
LN-13720,0,1,0,0,0,1,0,1,0,0,0,0,1
LN-13721,0,0,0,0,0,0,0,0,0,1,0,0,0
LN-13722,1,2,1,2,3,3,3,3,3,3,3,3,1
LN-13723,0,0,0,0,0,0,0,0,0,0,0,0,0
LN-13724,0,0,0,0,0,0,0,0,0,0,0,0,0
LN-13725,1,0,0,1,2,3,3,3,3,3,3,3,1
LN-13726,1,0,1,0,0,0,0,0,0,0,0,0,0
LN-13727,0,1,0,0,0,1,2,1,2,3,3,3,1
LN-13728,0,0,0,1,2,3,3,3,3,3,3,3,1
LN-13729,0,0,0,0,1,0,0,0,0,0,0,0,0
LN-13730,0,0,0,0,0,0,0,0,0,0,0,0,0
LN-13731,1,0,0,0,0,1,0,1,0,1,0,0,1
LN-13732,0,1,0,0,0,1,0,0,0,1,2,3,1
LN-13733,0,0,0,0,0,0,0,0,0,0,0,0,0
LN-13734,1,0,0,1,0,0,0,0,0,1,0,0,1
LN-13735,1,2,3,3,3,3,3,3,3,3,3,3,1
LN-13736,0,0,0,0,0,0,0,0,0,0,0,0,0
LN-13737,0,0,0,0,0,0,0,0,0,0,0,0,0
LN-13738,0,1,2,1,2,1,0,0,1,2,3,3,1
LN-13739,0,0,0,0,0,0,0,0,0,0,0,0,0
LN-13740,0,0,0,0,0,0,0,0,0,0,0,0,0
LN-13741,1,0,0,1,0,1,2,3,3,3,3,3,1
LN-13742,0,0,0,0,0,0,1,2,3,3,3,3,1
LN-13743,0,0,0,1,0,0,0,0,0,0,0,0,0
LN-13744,0,0,0,0,0,0,0,0,0,0,0,0,0
LN-13745,0,0,0,0,1,0,1,0,0,0,0,0,1
LN-13746,1,2,1,2,3,3,3,3,3,3,3,3,1
LN-13747,0,0,0,0,0,0,0,0,0,0,0,0,0
LN-13748,0,0,0,0,0,0,1,0,1,2,1,2,1
LN-13749,0,0,0,0,0,0,0,0,0,0,1,0,0
LN-13750,1,2,1,0,0,0,0,1,2,3,3,3,1
LN-13751,0,1,2,3,3,3,3,3,3,3,3,3,1
LN-13752,1,0,0,0,0,0,0,0,0,0,0,0,0
LN-13753,0,0,0,0,0,0,0,0,0,0,0,0,0
LN-13754,0,0,0,0,1,0,0,0,0,0,0,0,0
LN-13755,0,0,1,0,0,0,1,0,1,0,0,0,1
LN-13756,0,0,0,0,0,0,0,0,0,0,0,0,0
LN-13757,0,0,1,2,1,0,0,0,0,1,0,0,1
LN-13758,0,0,0,0,0,0,0,0,0,0,0,0,0
LN-13759,0,0,0,0,1,0,0,1,0,0,1,0,1
LN-13760,0,0,0,0,0,0,0,0,0,0,0,0,0
LN-13761,0,0,0,0,0,0,0,0,0,0,0,0,0
LN-13762,0,0,0,0,0,0,0,0,0,0,0,0,0
LN-13763,0,0,0,0,0,0,0,0,0,0,0,0,0
LN-13764,0,0,0,0,0,0,1,2,3,3,3,3,1
LN-13765,0,0,0,0,0,0,1,2,1,2,1,0,0
LN-13766,0,0,0,0,0,0,0,0,0,0,0,0,0
LN-13767,0,0,0,0,0,0,0,0,0,0,0,0,0
LN-13768,1,2,3,3,3,3,3,3,3,3,3,3,1
LN-13769,1,0,0,0,0,1,0,0,0,1,2,3,1
LN-13770,0,0,0,0,0,0,0,0,0,0,0,0,0
LN-13771,0,1,2,3,3,3,3,3,3,3,3,3,1
LN-13772,0,0,0,0,0,0,0,1,0,0,0,1,1
LN-13773,0,0,0,0,0,0,0,0,0,0,0,0,0
LN-13774,0,0,0,1,0,0,1,2,3,3,3,3,1
LN-13775,0,0,0,0,0,0,0,0,0,0,0,0,0
LN-13776,1,0,0,0,0,0,0,0,0,0,0,0,0
LN-13777,0,0,0,0,0,0,0,0,0,0,0,0,0
LN-13778,0,0,0,0,0,0,0,0,0,0,0,0,0
LN-13779,1,0,0,0,0,1,0,1,2,1,0,0,1
LN-13780,1,0,0,0,0,1,0,1,2,1,2,3,1
LN-13781,1,2,1,2,1,0,0,0,0,0,1,2,1
LN-13782,1,0,0,0,1,0,1,0,1,2,3,3,1
LN-13783,0,1,2,1,2,1,0,1,2,3,3,3,1
LN-13784,0,0,1,0,0,1,0,0,1,0,0,1,1
LN-13785,0,0,0,0,0,0,0,0,0,0,0,0,0
LN-13786,0,0,0,0,0,0,0,0,1,0,0,0,0
LN-13787,0,0,0,0,0,0,0,0,0,0,0,0,0
LN-13788,1,0,0,1,0,0,1,2,3,3,3,3,1
LN-13789,1,0,0,0,0,0,0,0,0,0,0,0,0
LN-13790,0,0,0,0,0,0,0,1,0,0,0,1,0
LN-13791,0,1,0,1,0,0,0,0,1,2,1,2,1
LN-13792,0,0,0,0,0,0,0,0,0,0,0,0,0
LN-13793,0,0,0,0,0,0,0,0,0,0,0,0,0
LN-13794,1,0,0,0,1,0,0,0,0,0,0,0,0
LN-13795,0,0,0,0,0,0,0,0,0,0,0,0,0
LN-13796,0,0,0,0,0,1,0,0,0,0,0,0,0
LN-13797,0,1,0,0,0,0,0,0,0,0,0,0,0
LN-13798,1,0,0,1,2,1,0,1,0,1,0,1,1
LN-13799,0,0,0,0,0,0,0,0,0,0,0,0,0
LN-13800,0,0,0,0,0,0,0,1,0,1,0,1,1
LN-13801,0,0,0,0,0,0,0,0,0,0,0,0,0
LN-13802,0,1,0,1,2,1,0,0,0,1,2,3,1
LN-13803,1,2,1,2,3,3,3,3,3,3,3,3,1
LN-13804,0,0,0,0,0,0,0,0,0,1,0,0,0
LN-13805,0,0,1,2,1,0,0,0,1,2,1,0,1
LN-13806,0,0,0,0,0,0,0,0,0,0,0,0,0
LN-13807,0,0,0,0,0,0,0,0,0,0,0,0,0
LN-13808,0,0,1,0,0,0,1,0,1,2,3,3,1
LN-13809,0,0,0,0,0,0,0,0,0,0,0,0,0
LN-13810,0,0,0,0,0,0,0,0,0,0,0,0,0
LN-13811,1,0,0,0,1,0,0,0,1,0,1,2,1
LN-13812,0,1,0,0,0,1,0,0,0,1,0,0,0
LN-13813,0,0,0,1,0,1,2,1,0,0,0,1,1
LN-13814,0,0,0,0,0,0,0,0,0,0,0,0,0
LN-13815,0,0,1,2,3,3,3,3,3,3,3,3,1
LN-13816,0,0,0,0,0,0,0,0,0,0,0,0,0
LN-13817,0,0,0,0,0,0,0,0,0,0,0,0,0
LN-13818,1,0,0,0,1,0,1,2,1,0,0,0,1
LN-13819,0,0,0,0,0,0,0,0,0,0,0,0,0
LN-13820,0,0,0,0,1,0,0,0,0,1,0,1,1
LN-13821,0,0,0,1,0,0,0,0,0,1,0,0,0
LN-13822,0,0,1,0,1,2,1,0,0,1,0,1,1
LN-13823,0,0,0,0,0,1,2,1,0,1,2,1,1
LN-13824,0,0,0,0,0,1,0,1,0,1,0,1,1
LN-13825,1,0,1,0,1,0,1,0,0,1,0,1,1
LN-13826,1,0,1,2,1,0,1,0,1,0,0,1,1
LN-13827,0,0,0,0,0,0,0,0,0,0,0,0,0
LN-13828,0,0,0,0,0,0,0,0,0,0,0,0,0
LN-13829,0,0,1,0,1,0,0,1,2,1,0,1,1
LN-13830,0,0,0,0,0,1,0,1,0,0,0,0,0
LN-13831,1,0,0,0,0,0,1,2,3,3,3,3,1
LN-13832,1,0,1,2,1,0,1,0,0,0,0,0,1
LN-13833,0,0,0,1,2,1,0,1,2,1,0,1,1
LN-13834,0,0,0,0,0,0,0,0,0,0,0,0,0
LN-13835,0,0,0,0,0,1,0,0,0,0,0,0,0
LN-13836,0,0,0,0,0,0,0,0,0,1,0,0,0
LN-13837,0,0,0,0,0,0,0,0,0,0,0,0,0
LN-13838,1,0,1,2,1,2,1,0,1,2,3,3,1
LN-13839,0,1,2,1,0,0,1,0,1,0,1,0,1
LN-13840,0,0,0,0,0,0,0,0,0,0,0,0,0
LN-13841,0,0,0,0,0,0,0,0,0,0,0,0,0
LN-13842,0,0,0,0,0,0,0,0,0,0,0,1,0
LN-13843,0,0,0,0,1,2,3,3,3,3,3,3,1
LN-13844,0,1,2,3,3,3,3,3,3,3,3,3,1
LN-13845,0,0,0,0,0,0,1,0,0,1,2,1,1
LN-13846,0,0,0,0,0,1,0,0,0,0,0,0,0
LN-13847,0,0,0,0,0,0,0,0,0,0,0,0,0
LN-13848,0,1,2,1,2,1,2,1,0,1,2,3,1
LN-13849,0,0,0,0,0,0,0,0,0,0,0,0,0
LN-13850,0,0,0,0,0,0,0,0,0,0,0,0,0
LN-13851,0,0,0,0,0,0,0,0,0,0,0,0,0
LN-13852,1,0,0,0,0,1,2,3,3,3,3,3,1
LN-13853,0,0,0,1,0,0,1,2,1,2,1,2,1
LN-13854,0,0,0,0,0,0,0,0,0,0,0,0,0
LN-13855,1,2,1,2,1,0,0,0,0,0,1,2,1
LN-13856,0,0,0,0,0,0,0,0,0,0,0,1,0
LN-13857,0,0,0,0,0,0,0,0,0,0,0,0,0
LN-13858,0,0,0,0,0,0,0,0,1,2,1,2,1
LN-13859,0,0,0,0,0,0,0,0,0,0,0,0,0
LN-13860,0,1,2,3,3,3,3,3,3,3,3,3,1
LN-13861,0,0,0,0,0,0,0,0,0,0,0,0,0
LN-13862,0,0,0,0,0,0,0,0,0,0,0,0,0
LN-13863,0,0,1,0,1,0,1,2,1,2,3,3,1
LN-13864,0,0,0,0,0,0,0,0,0,0,0,0,0
LN-13865,1,0,1,2,3,3,3,3,3,3,3,3,1
LN-13866,0,0,0,0,0,0,1,0,0,0,0,0,0
LN-13867,0,0,0,0,0,0,0,0,0,0,0,0,0
LN-13868,0,0,0,0,0,0,0,0,0,0,0,0,0
LN-13869,0,0,0,0,0,0,0,0,0,0,0,0,0
LN-13870,0,1,0,0,0,0,0,0,0,0,0,0,0
LN-13871,0,0,0,0,0,1,0,0,0,0,0,1,0
LN-13872,0,0,0,0,0,0,0,0,0,0,0,0,0
LN-13873,0,0,1,0,1,0,0,0,1,2,1,0,1
LN-13874,0,0,0,0,0,0,0,0,0,0,0,0,0
LN-13875,1,0,0,1,2,3,3,3,3,3,3,3,1
LN-13876,0,0,0,0,0,0,0,0,0,0,0,0,0
LN-13877,0,0,0,0,0,0,0,0,0,0,0,0,0
LN-13878,0,0,0,0,0,1,0,1,0,0,0,0,0
LN-13879,0,0,0,0,0,0,0,0,0,0,0,0,0
LN-13880,0,0,0,0,0,0,0,0,0,0,0,0,0
LN-13881,0,0,0,0,1,2,1,0,1,2,3,3,1
LN-13882,0,0,0,0,0,0,0,0,0,0,0,0,0
LN-13883,0,0,0,0,0,0,0,0,0,0,0,0,0
LN-13884,0,0,0,0,0,0,0,0,0,0,0,0,0
LN-13885,0,0,0,0,0,0,0,0,0,0,1,0,0
LN-13886,0,0,0,0,0,0,0,0,0,0,0,0,0
LN-13887,0,0,0,0,0,0,0,0,0,0,0,0,0
LN-13888,0,0,0,1,0,1,0,0,0,0,1,0,1
LN-13889,0,0,0,1,0,0,0,1,2,1,0,1,1
LN-13890,0,0,0,0,0,0,0,0,0,0,0,0,0
LN-13891,0,0,0,0,0,0,0,0,0,0,0,1,0
LN-13892,0,0,0,0,0,0,0,0,0,0,0,1,0
LN-13893,0,0,0,0,0,0,0,0,0,0,0,0,0
LN-13894,0,0,0,0,1,0,0,0,0,0,0,0,0
LN-13895,0,0,0,0,0,0,0,0,0,0,0,0,0
LN-13896,0,0,0,0,0,0,0,0,0,0,0,0,0
LN-13897,1,0,0,0,0,0,1,2,1,2,1,2,1
LN-13898,0,1,2,3,3,3,3,3,3,3,3,3,1
LN-13899,0,0,0,0,0,0,0,0,0,0,0,0,0
LN-13900,0,0,0,0,0,1,0,0,0,0,0,0,0
LN-13901,0,0,0,0,0,0,0,0,0,0,0,0,0
LN-13902,0,0,0,1,0,0,0,0,0,1,0,0,1
LN-13903,0,0,0,0,0,0,0,0,0,0,0,0,0
LN-13904,0,0,0,0,0,0,0,0,0,0,0,0,0
LN-13905,0,0,0,0,0,0,0,0,0,0,0,0,0
LN-13906,0,1,2,3,3,3,3,3,3,3,3,3,1
LN-13907,0,0,0,0,0,0,0,0,0,0,0,0,0
LN-13908,0,0,0,0,0,0,0,0,0,0,0,0,0
LN-13909,0,0,0,0,0,0,0,0,0,0,0,0,0
LN-13910,1,2,1,0,0,0,0,0,1,2,3,3,1
LN-13911,0,1,0,1,0,1,0,0,0,0,0,0,1
LN-13912,0,0,0,0,0,0,0,0,0,0,0,0,0
LN-13913,0,1,2,3,3,3,3,3,3,3,3,3,1
LN-13914,0,0,0,0,0,0,0,0,0,0,0,0,0
LN-13915,0,0,0,0,0,0,0,1,0,0,0,0,0
LN-13916,1,0,1,0,1,0,0,0,1,0,1,2,1
LN-13917,0,0,0,1,0,0,0,0,0,0,0,0,0
LN-13918,0,0,0,1,0,0,0,0,0,0,0,0,0
LN-13919,0,0,0,0,0,0,0,0,0,0,0,0,0
LN-13920,0,0,0,0,0,0,0,1,0,0,0,0,0
LN-13921,0,0,0,0,0,0,0,0,0,0,0,0,0
LN-13922,0,0,0,0,0,0,1,2,3,3,3,3,1
LN-13923,0,0,0,0,0,0,1,0,0,0,0,0,0
LN-13924,0,0,0,0,0,0,0,0,0,0,0,0,0
LN-13925,0,0,0,0,0,0,0,0,0,0,0,0,0
LN-13926,1,0,0,1,0,1,0,0,1,0,0,0,1
LN-13927,0,0,0,0,0,0,0,0,0,0,0,0,0
LN-13928,0,0,0,1,2,3,3,3,3,3,3,3,1
LN-13929,0,0,1,0,0,0,1,2,3,3,3,3,1
LN-13930,1,0,0,0,1,2,1,0,0,0,1,2,1
LN-13931,0,0,0,0,0,0,0,1,0,0,0,1,1
LN-13932,0,0,0,0,0,0,0,0,0,0,0,0,0
LN-13933,0,1,0,0,0,1,0,1,2,3,3,3,1
LN-13934,0,0,0,0,1,2,1,0,1,2,1,0,1
LN-13935,0,1,2,1,2,1,2,1,2,1,0,1,1
LN-13936,1,0,0,0,0,0,0,0,1,0,0,0,0
LN-13937,0,0,1,0,1,0,0,1,0,0,0,1,1
LN-13938,0,0,0,0,0,0,0,0,0,0,0,0,0
LN-13939,0,0,0,0,0,0,1,0,0,0,0,0,0
LN-13940,0,0,0,0,0,1,0,0,0,0,0,0,0
LN-13941,0,0,0,0,0,0,0,1,0,1,0,0,1
LN-13942,0,0,0,0,0,0,0,0,0,0,0,0,0
LN-13943,0,0,0,1,2,1,2,1,2,1,2,3,1
LN-13944,1,0,0,0,0,0,0,0,0,0,0,0,0
LN-13945,0,0,0,0,0,0,0,0,0,0,0,0,0
LN-13946,0,0,0,0,0,0,0,0,0,0,0,0,0
LN-13947,0,0,0,0,1,2,3,3,3,3,3,3,1
LN-13948,0,0,0,0,0,0,0,0,0,0,0,0,0
LN-13949,0,0,0,0,0,0,0,0,0,0,0,0,0
LN-13950,0,1,0,0,0,0,1,0,0,0,1,2,1
LN-13951,0,0,0,0,0,0,0,0,0,0,0,0,0
LN-13952,0,1,2,3,3,3,3,3,3,3,3,3,1
LN-13953,0,0,0,0,0,0,0,0,0,0,0,0,0
LN-13954,1,0,0,0,0,0,0,0,0,0,0,0,0
LN-13955,1,2,3,3,3,3,3,3,3,3,3,3,1
LN-13956,0,0,0,0,0,1,0,0,0,0,0,0,0
LN-13957,1,0,0,1,0,1,2,3,3,3,3,3,1
LN-13958,0,1,0,1,2,1,0,0,0,1,2,3,1
LN-13959,0,0,0,0,0,0,0,0,0,0,0,0,0
LN-13960,0,0,0,0,0,0,0,0,0,0,0,0,0
LN-13961,0,0,0,0,0,0,0,0,0,0,0,0,0
LN-13962,0,1,0,1,0,1,2,1,0,1,0,1,1
LN-13963,1,0,0,0,0,0,1,2,3,3,3,3,1
LN-13964,0,0,0,1,2,3,3,3,3,3,3,3,1
LN-13965,1,0,1,0,1,0,1,0,1,0,0,1,1
LN-13966,0,1,0,0,1,0,0,1,2,3,3,3,1
LN-13967,1,2,1,0,1,0,1,0,0,0,0,1,1
LN-13968,0,0,0,0,0,0,0,1,0,0,0,1,1
LN-13969,0,0,0,1,0,0,0,1,2,1,2,3,1
LN-13970,1,0,0,0,1,2,3,3,3,3,3,3,1
LN-13971,0,0,0,0,1,0,0,0,0,0,0,0,0
LN-13972,0,0,1,2,3,3,3,3,3,3,3,3,1
LN-13973,0,0,1,0,0,1,0,0,1,2,3,3,1
LN-13974,0,0,0,0,0,0,1,0,0,1,0,0,0
LN-13975,0,0,0,0,1,0,0,0,0,0,0,0,0
LN-13976,1,2,1,2,3,3,3,3,3,3,3,3,1
LN-13977,0,0,0,0,0,0,0,0,0,0,0,0,0
LN-13978,0,1,0,0,1,0,1,0,1,2,1,2,1
LN-13979,1,2,3,3,3,3,3,3,3,3,3,3,1
LN-13980,0,0,0,0,0,0,0,0,0,0,0,0,0
LN-13981,0,0,1,0,0,1,2,1,2,3,3,3,1
LN-13982,0,0,0,0,0,0,0,0,0,0,0,0,0
LN-13983,0,0,1,0,1,0,0,0,0,1,0,0,1
LN-13984,0,0,0,0,0,0,0,0,0,0,0,0,0
LN-13985,0,0,0,0,0,0,0,0,0,0,0,0,0
LN-13986,0,0,0,0,0,0,0,0,0,0,0,1,0
LN-13987,0,0,0,0,1,2,3,3,3,3,3,3,1
LN-13988,1,0,0,0,0,0,0,0,0,0,0,0,0
LN-13989,0,0,0,0,1,0,0,0,0,0,0,0,0
LN-13990,0,1,2,3,3,3,3,3,3,3,3,3,1
LN-13991,0,0,0,0,0,1,0,0,0,0,0,0,0
LN-13992,0,1,0,1,2,1,2,1,0,0,1,2,1
LN-13993,0,0,0,0,0,0,0,0,1,0,0,0,0
LN-13994,0,0,0,1,0,0,0,0,0,0,0,0,0
LN-13995,0,0,0,0,1,0,0,1,0,0,0,0,0
LN-13996,0,0,0,0,0,0,0,0,0,0,0,1,0
LN-13997,0,0,0,1,0,1,0,0,1,0,0,0,1
LN-13998,0,0,0,0,0,0,0,0,0,0,0,0,0
LN-13999,0,0,1,2,1,0,1,0,1,0,1,2,1
LN-14000,1,2,1,2,3,3,3,3,3,3,3,3,1
LN-14001,0,0,0,1,0,1,0,1,2,1,0,0,1
LN-14002,1,2,1,2,1,2,3,3,3,3,3,3,1
LN-14003,0,0,0,0,0,0,0,0,0,0,0,0,0
LN-14004,0,0,0,0,0,0,0,0,0,0,0,0,0
LN-14005,0,1,2,1,2,3,3,3,3,3,3,3,1
LN-14006,0,0,0,0,0,0,0,0,0,0,0,0,0
LN-14007,0,0,0,0,1,0,1,2,1,2,3,3,1
LN-14008,1,2,3,3,3,3,3,3,3,3,3,3,1
LN-14009,0,0,0,0,0,0,0,0,0,0,0,0,0
LN-14010,0,0,0,0,0,0,1,0,0,0,0,0,0
LN-14011,0,0,0,0,0,0,0,0,0,0,0,0,0
LN-14012,0,0,1,2,1,2,3,3,3,3,3,3,1
LN-14013,1,0,0,0,0,0,0,1,0,0,1,2,1
LN-14014,0,0,0,1,2,3,3,3,3,3,3,3,1
LN-14015,1,2,1,0,1,0,0,1,2,1,0,1,1
LN-14016,0,0,0,0,0,0,0,0,0,0,0,0,0
LN-14017,0,0,0,0,0,0,0,0,0,0,0,0,0
LN-14018,0,0,0,0,0,0,0,0,0,0,0,0,0
LN-14019,0,0,0,0,0,0,0,1,0,0,0,0,0
LN-14020,0,0,0,0,0,0,0,0,1,0,0,0,0
LN-14021,0,0,0,0,0,0,1,0,0,1,0,0,0
LN-14022,0,0,0,0,0,0,1,2,1,0,0,0,1
LN-14023,0,0,1,2,1,2,3,3,3,3,3,3,1
LN-14024,0,0,0,0,0,0,0,0,0,0,0,0,0
LN-14025,0,0,0,0,0,0,0,0,0,0,0,0,0
LN-14026,0,0,0,0,0,0,0,0,0,0,0,0,0
LN-14027,0,0,0,0,0,1,0,0,0,0,0,0,0
LN-14028,0,1,0,0,0,1,0,1,0,0,0,1,1
LN-14029,1,0,0,0,0,0,0,0,0,0,0,0,0
LN-14030,0,1,0,1,2,1,2,3,3,3,3,3,1
LN-14031,0,0,0,1,2,1,0,1,0,0,1,0,1
LN-14032,1,0,0,1,2,3,3,3,3,3,3,3,1
LN-14033,0,0,0,0,0,0,0,0,0,0,0,1,0
LN-14034,1,0,0,1,0,1,0,0,1,2,1,2,1
LN-14035,0,0,0,0,0,0,1,0,0,0,0,0,0
LN-14036,0,0,0,0,0,0,0,0,0,0,0,0,0
LN-14037,0,0,0,0,0,0,0,0,0,0,0,0,0
LN-14038,0,0,0,0,0,0,0,0,0,0,0,0,0
LN-14039,1,0,0,0,1,2,1,0,1,0,1,0,1
LN-14040,0,0,0,0,0,0,0,0,0,0,0,0,0
LN-14041,0,0,0,0,0,0,0,0,0,0,0,0,0
LN-14042,1,0,0,0,0,0,1,0,1,2,3,3,1
LN-14043,0,0,0,0,0,0,0,1,0,0,0,0,0
LN-14044,0,0,1,0,1,2,1,0,0,0,0,0,1
LN-14045,0,0,0,0,0,0,0,0,0,0,0,0,0
LN-14046,1,0,0,0,1,2,1,0,1,0,0,0,1
LN-14047,0,0,0,0,0,0,0,0,0,0,0,0,0
LN-14048,0,0,0,0,0,0,1,0,0,0,0,0,0
LN-14049,0,0,0,0,0,0,0,0,0,0,0,0,0
LN-14050,0,0,0,0,0,0,0,0,0,0,0,0,0
LN-14051,0,1,0,0,0,0,1,2,1,2,1,2,1
LN-14052,0,0,1,0,0,0,0,0,0,0,0,0,0
LN-14053,0,0,1,2,1,2,3,3,3,3,3,3,1
LN-14054,0,0,0,0,0,0,0,0,0,0,0,0,0
LN-14055,0,1,2,3,3,3,3,3,3,3,3,3,1
LN-14056,0,0,0,0,0,0,0,0,0,0,0,0,0
LN-14057,0,0,0,0,0,0,0,0,0,0,1,0,0
LN-14058,0,1,0,0,1,2,1,2,3,3,3,3,1
LN-14059,0,0,0,1,0,1,0,0,1,2,1,0,1
LN-14060,1,2,3,3,3,3,3,3,3,3,3,3,1
LN-14061,0,0,1,0,0,0,0,0,0,0,1,0,0
LN-14062,0,1,0,1,2,1,0,0,1,0,1,0,1
LN-14063,1,0,0,0,0,0,0,0,0,0,0,0,0
LN-14064,0,0,0,0,0,0,0,0,0,0,0,0,0
LN-14065,0,0,0,1,0,0,1,0,0,0,1,0,1
LN-14066,0,0,0,1,2,3,3,3,3,3,3,3,1
LN-14067,0,1,0,1,2,3,3,3,3,3,3,3,1
LN-14068,1,0,1,0,0,0,0,0,0,1,2,1,1
LN-14069,0,0,0,0,0,0,0,0,0,0,0,0,0
LN-14070,0,0,0,1,0,0,0,0,0,0,0,0,0
LN-14071,1,0,0,1,0,0,0,1,0,1,2,3,1
LN-14072,0,0,1,0,1,0,1,2,3,3,3,3,1
LN-14073,0,0,0,0,0,1,0,1,0,0,0,0,0
LN-14074,0,0,0,0,0,0,0,0,0,0,0,0,0
LN-14075,0,0,0,0,0,0,0,0,0,0,0,0,0
LN-14076,0,0,0,0,0,1,0,0,1,2,3,3,1
LN-14077,0,0,0,0,0,0,0,0,0,0,0,0,0
LN-14078,0,0,0,1,0,0,0,1,0,1,0,0,1
LN-14079,0,1,0,0,0,0,0,0,0,0,0,0,0
LN-14080,0,0,0,0,0,0,0,0,0,1,0,0,0
LN-14081,0,0,0,0,0,0,0,0,0,0,0,0,0
LN-14082,0,0,0,0,0,0,0,0,0,0,0,0,0
LN-14083,0,0,0,0,0,0,0,0,0,0,0,0,0
LN-14084,0,0,0,0,0,0,0,0,0,0,0,0,0
LN-14085,0,0,0,0,0,0,0,0,0,0,0,0,0
LN-14086,0,0,1,0,0,0,0,0,0,0,1,0,0
LN-14087,0,0,0,0,0,0,0,0,0,0,0,1,0
LN-14088,0,0,0,0,0,0,0,1,0,0,0,0,0
LN-14089,0,0,0,0,0,0,0,0,0,0,0,0,0
LN-14090,0,0,0,0,0,0,0,0,0,0,0,0,0
LN-14091,0,0,0,0,0,0,0,0,0,0,0,0,0
LN-14092,0,0,0,0,0,1,2,1,0,0,1,0,1
LN-14093,0,0,0,0,0,1,0,0,0,0,0,0,0
LN-14094,1,0,0,0,0,0,0,1,0,0,0,0,0
LN-14095,0,0,0,0,0,0,0,0,0,0,0,0,0
LN-14096,1,0,0,1,2,1,0,0,1,0,0,0,1
LN-14097,0,0,1,0,0,1,0,1,0,0,1,0,1
LN-14098,0,0,0,0,0,0,0,0,0,0,0,0,0
LN-14099,0,0,1,0,1,0,1,2,1,2,3,3,1
LN-14100,0,0,0,0,0,0,0,0,0,0,0,0,0
LN-14101,0,0,0,0,0,0,1,0,0,0,0,0,0
LN-14102,0,0,0,1,2,1,0,1,0,1,2,3,1
LN-14103,1,2,1,0,0,1,0,1,2,1,0,1,1
LN-14104,0,0,0,1,0,1,0,0,1,2,1,2,1
LN-14105,0,1,0,0,0,1,2,3,3,3,3,3,1
LN-14106,0,0,0,0,1,0,0,0,0,0,0,0,0
LN-14107,0,0,0,0,0,0,0,0,0,0,0,0,0
LN-14108,0,0,0,0,0,0,0,0,0,0,0,0,0
LN-14109,1,2,3,3,3,3,3,3,3,3,3,3,1
LN-14110,1,0,1,2,3,3,3,3,3,3,3,3,1
LN-14111,0,1,0,0,1,0,0,1,0,1,2,1,1
LN-14112,0,0,1,0,0,0,0,0,0,0,0,0,0
LN-14113,0,0,0,1,0,1,2,3,3,3,3,3,1
LN-14114,1,0,0,0,0,1,2,3,3,3,3,3,1
LN-14115,0,1,0,0,0,0,0,0,0,0,0,0,0
LN-14116,0,0,0,1,0,0,0,0,0,0,1,0,1
LN-14117,1,0,0,0,1,2,3,3,3,3,3,3,1
LN-14118,1,2,1,2,3,3,3,3,3,3,3,3,1
LN-14119,0,0,0,0,0,0,0,0,0,0,0,0,0
LN-14120,0,0,0,0,1,2,1,2,1,2,1,2,1
LN-14121,0,1,0,1,2,3,3,3,3,3,3,3,1
LN-14122,1,0,0,0,0,0,1,0,1,0,1,2,1
LN-14123,0,1,2,1,0,1,2,1,0,0,1,2,1
LN-14124,0,1,0,1,0,0,0,1,2,1,2,3,1
LN-14125,0,0,0,0,0,0,0,0,0,0,0,0,0
LN-14126,0,0,0,0,0,0,0,0,0,0,0,0,0
LN-14127,0,0,0,0,0,0,0,0,0,0,0,0,0
LN-14128,1,2,3,3,3,3,3,3,3,3,3,3,1
LN-14129,0,0,0,0,0,0,0,0,0,0,0,0,0
LN-14130,1,2,3,3,3,3,3,3,3,3,3,3,1
LN-14131,0,0,1,0,0,0,0,0,0,0,0,0,0
LN-14132,0,0,0,0,0,0,0,0,0,0,0,0,0
LN-14133,1,0,1,2,1,0,0,1,0,0,0,0,1
LN-14134,0,0,0,0,0,0,0,0,0,0,0,0,0
LN-14135,0,0,0,0,0,0,0,0,0,0,0,0,0
LN-14136,1,2,1,2,3,3,3,3,3,3,3,3,1
LN-14137,0,0,0,0,0,0,0,0,0,0,0,0,0
LN-14138,0,0,0,0,0,0,0,0,0,0,0,0,0
LN-14139,0,1,0,0,1,2,1,0,1,0,1,0,1
LN-14140,0,0,0,0,0,0,0,0,0,0,0,0,0
LN-14141,1,2,3,3,3,3,3,3,3,3,3,3,1
LN-14142,0,1,0,0,0,1,0,0,1,0,0,1,1
LN-14143,0,0,0,1,2,3,3,3,3,3,3,3,1
LN-14144,0,0,0,0,1,0,0,0,0,1,0,1,1
LN-14145,0,0,0,0,0,0,0,1,0,0,0,1,1
LN-14146,0,0,0,0,0,0,0,0,0,0,0,0,0
LN-14147,0,0,0,0,0,0,0,0,0,0,0,0,0
LN-14148,0,0,1,2,3,3,3,3,3,3,3,3,1
LN-14149,0,0,0,0,0,0,0,1,0,0,0,0,0
LN-14150,0,0,0,0,1,0,0,0,0,0,1,2,1
LN-14151,0,0,0,0,0,0,0,0,0,0,0,0,0
LN-14152,0,0,0,0,0,0,0,1,0,0,0,0,0
LN-14153,1,0,0,0,0,0,0,0,0,0,0,0,0
LN-14154,0,1,0,0,0,1,0,1,2,1,2,1,1
LN-14155,0,0,1,2,3,3,3,3,3,3,3,3,1
LN-14156,1,0,0,0,0,0,0,0,0,0,0,0,0
LN-14157,0,1,2,3,3,3,3,3,3,3,3,3,1
LN-14158,0,1,0,0,0,0,0,0,0,0,0,0,0
LN-14159,0,0,0,0,0,0,0,0,0,0,0,0,0
LN-14160,0,0,0,0,0,0,0,0,0,0,0,0,0
LN-14161,0,0,0,0,0,0,0,0,0,0,1,0,0
LN-14162,0,0,0,0,0,0,0,0,0,0,0,0,0
LN-14163,1,0,0,1,2,1,0,1,2,1,2,1,1
LN-14164,0,0,0,0,0,0,0,0,0,0,0,0,0
LN-14165,0,1,0,0,0,0,0,0,0,0,0,0,0
LN-14166,0,0,0,0,1,0,0,0,1,2,3,3,1
LN-14167,0,0,0,0,0,0,0,0,0,0,0,0,0
LN-14168,1,0,1,0,0,1,0,1,2,3,3,3,1
LN-14169,0,0,0,0,0,0,0,0,0,0,0,0,0
LN-14170,1,0,0,0,0,0,0,0,0,0,0,0,0
LN-14171,0,1,2,1,0,0,0,1,0,1,2,3,1
LN-14172,0,0,0,0,0,0,0,0,0,0,0,0,0
LN-14173,0,0,1,0,0,1,2,1,2,3,3,3,1
LN-14174,0,0,1,0,0,0,0,0,0,0,0,0,0
LN-14175,1,0,1,2,3,3,3,3,3,3,3,3,1
LN-14176,1,0,0,0,0,0,0,1,2,3,3,3,1
LN-14177,1,2,3,3,3,3,3,3,3,3,3,3,1
LN-14178,0,0,0,0,0,0,0,0,0,0,0,0,0
LN-14179,0,0,0,0,0,0,0,0,0,0,0,0,0
LN-14180,1,2,1,0,0,0,1,0,1,0,0,0,1
LN-14181,1,2,3,3,3,3,3,3,3,3,3,3,1
LN-14182,0,0,0,0,0,0,1,0,1,2,3,3,1
LN-14183,0,0,0,0,0,0,0,0,0,0,0,0,0
LN-14184,0,0,0,0,0,0,0,0,1,0,0,0,0
LN-14185,1,0,1,2,1,2,1,0,0,1,2,1,1
LN-14186,0,0,0,0,0,0,0,0,0,0,0,0,0
LN-14187,0,0,0,0,0,0,0,0,0,0,0,0,0
LN-14188,0,0,0,0,0,0,0,0,0,0,0,0,0
LN-14189,0,0,0,0,0,0,0,0,0,0,0,0,0
LN-14190,0,0,0,1,0,0,0,1,2,3,3,3,1
LN-14191,0,0,0,0,0,0,0,0,0,0,0,0,0
LN-14192,0,0,0,0,0,1,0,0,0,0,0,0,0
LN-14193,0,1,0,0,0,0,0,0,0,0,0,0,0
LN-14194,1,2,3,3,3,3,3,3,3,3,3,3,1
LN-14195,0,0,1,2,1,0,1,2,1,0,0,1,1
LN-14196,1,2,1,2,3,3,3,3,3,3,3,3,1
LN-14197,1,2,1,0,0,1,2,1,0,0,1,0,1
LN-14198,0,0,0,0,0,0,0,0,0,0,0,0,0
LN-14199,0,0,0,0,0,0,0,0,0,0,0,0,0
LN-14200,0,0,0,0,0,0,0,0,0,0,0,0,0
LN-14201,0,1,0,0,0,0,0,0,0,0,0,0,0
LN-14202,1,0,1,2,1,2,1,2,1,2,3,3,1
LN-14203,1,0,0,0,1,2,3,3,3,3,3,3,1
LN-14204,0,1,2,3,3,3,3,3,3,3,3,3,1
LN-14205,0,0,0,0,0,0,0,0,0,0,0,0,0
LN-14206,0,0,0,1,0,0,0,0,0,0,0,0,0
LN-14207,1,0,0,0,0,0,0,0,0,0,0,0,0
LN-14208,0,1,2,3,3,3,3,3,3,3,3,3,1
LN-14209,0,0,0,0,0,0,0,0,0,0,0,0,0
LN-14210,0,1,0,1,0,1,2,1,0,1,0,1,1
LN-14211,0,0,0,1,0,0,1,0,0,0,1,2,1
LN-14212,0,0,1,0,1,0,0,0,1,2,1,2,1
LN-14213,0,0,0,0,0,0,0,0,0,0,0,0,0
LN-14214,0,0,0,0,0,0,0,0,0,0,1,0,0
LN-14215,1,2,3,3,3,3,3,3,3,3,3,3,1
LN-14216,0,0,1,2,1,2,1,0,0,0,1,0,1
LN-14217,0,1,2,1,0,0,0,0,0,0,0,0,0
LN-14218,0,0,0,0,0,0,0,0,0,0,0,0,0
LN-14219,0,0,0,0,0,0,0,0,0,0,1,0,0
LN-14220,0,0,0,0,0,0,0,1,0,0,0,0,0
LN-14221,0,0,0,0,0,0,0,1,0,0,0,0,0
LN-14222,0,0,0,0,0,0,0,0,0,0,0,0,0
LN-14223,0,0,0,0,0,0,0,0,0,0,0,0,0
LN-14224,0,1,0,1,0,0,1,0,0,1,2,3,1
LN-14225,0,0,0,0,0,0,0,1,0,0,0,0,0
LN-14226,0,1,0,1,0,0,1,0,0,1,2,3,1
LN-14227,0,0,0,0,0,0,0,0,0,0,0,0,0
LN-14228,1,0,1,0,0,1,2,1,2,3,3,3,1
LN-14229,0,0,0,0,0,0,0,0,0,0,0,0,0
LN-14230,1,0,0,1,0,1,2,3,3,3,3,3,1
LN-14231,0,0,0,0,0,0,0,0,0,0,0,0,0
LN-14232,1,0,0,0,0,0,1,0,0,1,0,0,1
LN-14233,0,0,1,2,3,3,3,3,3,3,3,3,1
LN-14234,0,0,1,0,0,0,1,0,1,0,0,1,1
LN-14235,0,0,0,0,0,0,0,0,0,0,0,0,0
LN-14236,0,0,0,0,0,0,0,0,0,0,0,0,0
LN-14237,1,0,1,0,0,0,1,0,0,1,2,3,1
LN-14238,0,0,0,0,1,2,1,0,0,1,2,3,1
LN-14239,0,1,0,0,0,0,0,0,0,1,0,0,1
LN-14240,0,1,2,1,2,1,2,1,0,1,0,0,1
LN-14241,0,0,0,1,2,3,3,3,3,3,3,3,1
LN-14242,0,0,1,0,0,0,0,0,0,1,0,1,1
LN-14243,0,1,0,0,0,0,0,0,0,0,0,0,0
LN-14244,0,0,0,0,0,0,0,0,0,0,0,0,0
LN-14245,0,0,1,0,0,0,1,2,3,3,3,3,1
LN-14246,0,0,1,0,0,0,0,0,0,0,0,0,0
LN-14247,0,0,0,1,0,0,0,0,0,0,0,0,0
LN-14248,1,0,1,0,0,1,0,0,1,2,3,3,1
LN-14249,0,0,0,0,0,0,0,0,0,0,0,0,0
LN-14250,1,2,3,3,3,3,3,3,3,3,3,3,1
LN-14251,1,2,3,3,3,3,3,3,3,3,3,3,1
LN-14252,1,2,3,3,3,3,3,3,3,3,3,3,1
LN-14253,1,0,0,0,1,0,0,1,2,1,2,1,1
LN-14254,0,1,2,3,3,3,3,3,3,3,3,3,1
LN-14255,0,0,0,0,0,0,0,0,0,0,0,0,0
LN-14256,0,0,0,0,0,0,0,0,0,0,0,0,0
LN-14257,1,0,0,0,0,0,0,0,0,0,0,0,0
LN-14258,0,0,0,0,1,2,3,3,3,3,3,3,1
LN-14259,0,0,0,1,0,0,1,0,0,1,0,1,1
LN-14260,0,0,0,0,0,0,0,0,0,0,0,0,0
LN-14261,0,0,0,0,0,0,0,0,0,0,0,0,0
LN-14262,0,0,0,0,0,0,0,0,0,0,0,0,0
LN-14263,0,0,0,0,0,0,0,0,0,0,0,0,0
LN-14264,0,0,0,0,0,0,0,0,0,0,0,0,0
LN-14265,0,0,1,2,3,3,3,3,3,3,3,3,1
LN-14266,0,0,0,0,0,0,0,0,0,0,0,0,0
LN-14267,0,0,1,2,1,2,1,2,3,3,3,3,1
LN-14268,0,0,0,0,0,0,0,0,0,0,0,0,0
LN-14269,1,0,1,0,0,0,0,1,2,3,3,3,1
LN-14270,0,0,0,0,0,0,0,0,0,0,0,0,0
LN-14271,0,1,0,0,0,0,0,1,2,3,3,3,1
LN-14272,0,1,2,3,3,3,3,3,3,3,3,3,1
LN-14273,0,0,1,2,1,2,1,2,1,0,0,1,1
LN-14274,0,0,1,0,0,0,1,2,3,3,3,3,1
LN-14275,0,0,0,0,0,0,0,0,0,0,0,0,0
LN-14276,1,2,3,3,3,3,3,3,3,3,3,3,1
LN-14277,0,0,0,0,0,0,0,0,0,0,0,0,0
LN-14278,0,0,1,0,0,0,0,0,0,0,0,0,0
LN-14279,0,0,0,0,0,0,1,0,1,0,0,0,1
LN-14280,0,0,0,0,0,0,1,0,0,0,0,0,0
LN-14281,0,0,0,0,0,0,0,0,0,0,0,0,0
LN-14282,1,2,1,2,1,0,1,0,0,0,1,2,1
LN-14283,0,0,0,0,0,0,0,0,0,0,0,0,0
LN-14284,0,0,0,0,0,0,0,0,0,0,0,0,0
LN-14285,0,0,0,0,0,0,0,0,0,0,0,0,0
LN-14286,0,1,0,1,0,1,0,1,2,1,2,3,1
LN-14287,0,0,0,0,0,0,0,0,0,0,0,0,0
LN-14288,0,0,0,0,1,2,3,3,3,3,3,3,1
LN-14289,0,0,0,0,0,0,0,1,0,0,0,0,0
LN-14290,0,0,1,2,1,0,0,0,1,0,1,2,1
LN-14291,0,0,0,0,0,0,0,0,0,0,0,0,0
LN-14292,0,0,1,0,0,1,2,1,0,1,2,1,1
LN-14293,0,1,0,0,0,0,1,0,0,0,0,0,0
LN-14294,0,0,1,0,1,0,0,0,1,2,1,2,1
LN-14295,0,0,0,0,0,0,0,0,0,0,1,0,0
LN-14296,0,0,1,0,0,0,0,1,0,0,0,0,0
LN-14297,0,0,0,0,0,0,0,0,0,0,0,0,0
LN-14298,0,0,0,0,0,0,0,0,0,0,0,0,0
LN-14299,0,0,1,0,0,0,1,0,1,2,1,2,1
LN-14300,0,1,2,1,0,0,1,0,0,1,0,1,1
LN-14301,0,0,0,0,0,0,0,1,0,0,0,0,0
LN-14302,0,0,1,2,3,3,3,3,3,3,3,3,1
LN-14303,0,0,0,0,0,0,0,0,0,0,0,0,0
LN-14304,1,0,0,1,0,0,0,0,0,0,0,1,1
LN-14305,0,0,0,0,0,0,0,0,0,0,0,0,0
LN-14306,0,0,1,2,3,3,3,3,3,3,3,3,1
LN-14307,0,1,0,0,0,1,0,1,2,3,3,3,1
LN-14308,0,1,0,0,0,1,2,1,2,3,3,3,1
LN-14309,0,0,0,0,0,0,0,0,0,0,0,0,0
LN-14310,0,0,0,0,0,1,0,1,0,1,0,1,1
LN-14311,0,0,0,0,0,0,0,0,0,0,0,1,0
LN-14312,1,0,0,0,0,0,0,0,1,2,3,3,1
LN-14313,0,0,1,0,1,2,3,3,3,3,3,3,1
LN-14314,0,0,0,0,0,1,0,0,0,0,0,0,0
LN-14315,0,0,0,0,1,2,1,0,1,2,3,3,1
LN-14316,0,0,0,0,0,0,0,0,0,0,0,0,0
LN-14317,0,1,2,3,3,3,3,3,3,3,3,3,1
LN-14318,1,0,0,0,1,0,1,2,1,2,1,2,1
LN-14319,0,1,0,0,0,0,0,1,0,0,1,2,1
LN-14320,0,0,0,0,0,0,0,0,0,0,0,0,0
LN-14321,0,0,0,0,0,0,0,0,0,0,0,0,0
LN-14322,1,0,0,0,0,0,1,2,1,0,0,0,1
LN-14323,0,1,0,0,1,0,0,0,0,0,0,0,1
LN-14324,0,0,0,0,0,0,0,1,0,0,0,0,0
LN-14325,0,0,0,0,0,0,0,0,0,0,0,0,0
LN-14326,0,0,0,0,0,0,0,0,0,0,0,0,0
LN-14327,0,1,0,0,0,0,0,0,0,0,0,0,0
LN-14328,0,0,0,0,0,0,0,0,0,0,0,0,0
LN-14329,0,0,0,0,0,0,0,0,0,1,0,0,0
LN-14330,1,2,3,3,3,3,3,3,3,3,3,3,1
LN-14331,0,0,1,0,0,0,0,0,0,0,0,0,0
LN-14332,0,0,0,0,1,0,0,0,0,0,0,0,0
LN-14333,0,0,0,0,0,0,1,0,0,0,1,2,0
LN-14334,0,0,1,0,0,1,0,1,0,1,2,3,1
LN-14335,0,0,0,0,0,0,0,0,0,0,0,0,0
LN-14336,0,1,0,0,0,0,0,0,0,0,0,0,0
LN-14337,0,1,2,3,3,3,3,3,3,3,3,3,1
LN-14338,0,1,2,1,0,0,0,1,2,1,0,0,1
LN-14339,0,0,1,0,1,2,1,2,3,3,3,3,1
LN-14340,0,0,0,0,1,0,0,0,0,0,0,1,0
LN-14341,0,0,0,0,0,0,0,0,1,0,0,0,0
LN-14342,0,0,0,0,0,0,0,0,0,0,0,0,0
LN-14343,0,0,0,0,0,0,0,0,0,0,1,0,0
LN-14344,0,0,0,0,0,0,0,0,0,0,0,0,0
LN-14345,1,2,1,0,0,0,1,0,0,1,2,1,1
LN-14346,0,0,0,1,0,0,0,0,0,1,0,0,0
LN-14347,1,0,0,0,0,1,2,3,3,3,3,3,1
LN-14348,0,0,0,0,0,0,0,0,0,0,0,0,0
LN-14349,0,0,0,0,0,0,0,0,0,0,0,0,0
LN-14350,0,0,0,0,1,0,1,2,1,0,1,2,1
LN-14351,0,0,1,2,3,3,3,3,3,3,3,3,1
LN-14352,0,0,0,1,0,1,0,0,0,0,1,2,1
LN-14353,0,0,0,0,0,0,0,0,0,0,0,0,0
LN-14354,0,0,1,2,3,3,3,3,3,3,3,3,1
LN-14355,0,1,0,0,0,1,0,1,2,3,3,3,1
LN-14356,0,0,0,0,0,0,0,0,0,0,0,0,0
LN-14357,0,0,0,0,0,0,0,0,0,0,0,0,0
LN-14358,0,0,0,0,0,0,0,0,1,2,1,0,0
LN-14359,0,0,0,0,0,0,0,0,0,0,1,0,0
LN-14360,0,0,0,0,0,0,0,0,0,0,0,0,0
LN-14361,0,0,0,1,0,1,2,1,0,0,1,0,1
LN-14362,0,0,0,0,0,0,0,0,0,0,0,0,0
LN-14363,1,0,1,0,1,0,0,1,0,0,1,0,1
LN-14364,0,0,1,0,0,0,1,2,1,2,3,3,1
LN-14365,1,2,3,3,3,3,3,3,3,3,3,3,1
LN-14366,0,0,1,0,1,2,1,0,1,2,1,2,1
LN-14367,0,0,0,0,0,0,0,0,0,0,1,0,0
LN-14368,1,0,0,1,0,1,2,1,0,0,1,0,1
LN-14369,0,0,1,0,0,0,0,0,0,0,0,0,0
LN-14370,0,0,1,2,3,3,3,3,3,3,3,3,1
LN-14371,0,0,0,1,0,0,0,0,0,0,0,0,0
LN-14372,0,0,1,0,0,1,0,0,1,0,1,2,1
LN-14373,0,0,1,0,0,0,0,0,0,0,0,0,0
LN-14374,0,0,0,0,0,0,0,0,0,0,0,0,0
LN-14375,0,0,1,0,0,1,0,1,0,0,0,1,1
LN-14376,1,2,3,3,3,3,3,3,3,3,3,3,1
LN-14377,0,0,0,1,0,0,1,0,0,0,0,1,1
LN-14378,0,0,0,0,0,0,0,0,0,0,1,0,0
LN-14379,1,0,1,2,1,2,3,3,3,3,3,3,1
LN-14380,1,0,1,0,1,0,0,1,2,3,3,3,1
LN-14381,0,0,0,1,0,1,0,0,0,0,1,0,1
LN-14382,0,0,0,0,0,0,0,0,0,0,1,0,0
LN-14383,0,0,1,2,3,3,3,3,3,3,3,3,1
LN-14384,0,0,0,0,0,0,0,1,0,0,0,0,0
LN-14385,0,0,0,0,0,1,2,3,3,3,3,3,1
LN-14386,0,0,0,0,0,0,0,0,0,0,0,0,0
LN-14387,0,0,0,0,0,0,0,0,0,0,0,0,0
LN-14388,0,0,0,0,0,0,0,0,0,0,0,0,0
LN-14389,1,0,0,0,1,0,1,2,1,2,1,0,1
LN-14390,1,0,0,1,2,3,3,3,3,3,3,3,1
LN-14391,0,0,0,0,0,1,0,0,0,0,0,0,0
LN-14392,0,0,0,0,0,0,0,0,0,0,0,0,0
LN-14393,0,1,2,3,3,3,3,3,3,3,3,3,1
LN-14394,1,0,1,2,1,2,1,0,0,0,0,1,1
LN-14395,0,0,0,0,1,0,0,1,2,1,2,1,1
LN-14396,0,0,0,0,0,0,0,0,0,0,0,0,0
LN-14397,0,1,2,3,3,3,3,3,3,3,3,3,1
LN-14398,0,0,0,0,0,0,0,0,0,0,0,0,0
LN-14399,0,0,0,0,1,0,0,0,0,0,0,1,1
LN-14400,1,0,0,0,1,0,1,2,1,2,3,3,1
LN-14401,0,0,0,0,0,0,0,0,0,0,0,0,0
LN-14402,1,0,0,1,0,0,1,2,1,0,0,0,1
LN-14403,0,0,0,1,2,3,3,3,3,3,3,3,1
LN-14404,0,0,0,0,0,0,0,0,0,0,0,0,0
LN-14405,0,0,0,0,0,1,0,0,1,0,0,0,1
LN-14406,0,1,2,1,2,3,3,3,3,3,3,3,1
LN-14407,0,0,0,0,0,0,0,0,0,0,0,0,0
LN-14408,0,1,0,1,2,3,3,3,3,3,3,3,1
LN-14409,0,1,2,3,3,3,3,3,3,3,3,3,1
LN-14410,0,0,0,0,0,0,1,0,0,0,0,0,0
LN-14411,0,0,0,0,0,0,0,1,0,0,0,0,0
LN-14412,0,0,0,0,0,0,0,0,0,0,0,0,0
LN-14413,0,1,2,1,0,0,1,2,3,3,3,3,1
LN-14414,0,0,0,0,1,2,1,0,0,0,1,2,1
LN-14415,0,0,0,0,0,0,0,0,0,0,0,0,0
LN-14416,0,0,0,0,0,0,0,0,1,0,0,0,0
LN-14417,1,0,0,1,0,1,0,1,0,0,1,2,1
LN-14418,0,1,2,3,3,3,3,3,3,3,3,3,1
LN-14419,1,0,0,0,1,2,3,3,3,3,3,3,1
LN-14420,0,0,0,0,0,0,0,0,0,0,0,0,0
LN-14421,0,0,0,0,0,1,0,1,0,0,0,1,0
LN-14422,0,0,1,2,3,3,3,3,3,3,3,3,1
LN-14423,1,0,0,0,0,0,0,0,0,0,0,1,0
LN-14424,0,0,0,0,0,0,0,0,1,0,0,1,0
LN-14425,0,0,0,0,1,0,0,0,0,0,0,0,0
LN-14426,0,0,0,0,0,0,0,0,0,0,0,0,0
LN-14427,0,0,0,0,0,0,0,0,0,0,0,0,0
LN-14428,0,0,0,0,0,1,0,0,0,0,0,0,0
LN-14429,1,0,1,2,1,0,0,1,2,3,3,3,1
LN-14430,0,0,0,0,0,0,0,0,0,0,0,0,0
LN-14431,0,0,0,0,0,0,0,0,0,0,1,0,0
LN-14432,0,0,1,0,1,0,1,0,0,1,2,1,1
LN-14433,0,1,0,1,0,1,2,3,3,3,3,3,1
LN-14434,0,1,0,0,1,0,0,0,0,1,0,0,1
LN-14435,0,0,0,0,0,0,0,0,0,0,0,0,0
LN-14436,0,0,0,0,0,0,0,0,0,0,0,0,0
LN-14437,1,2,1,0,1,2,1,2,1,2,3,3,1
LN-14438,0,0,0,0,0,0,0,0,0,0,0,0,0
LN-14439,0,0,0,0,0,0,0,1,2,3,3,3,1
LN-14440,1,0,1,0,0,1,0,0,0,0,0,0,1
LN-14441,0,1,0,0,0,0,0,0,0,0,0,0,0
LN-14442,1,0,0,1,0,0,0,0,1,0,1,0,1
LN-14443,0,0,1,0,0,0,1,2,1,2,1,2,1
LN-14444,0,0,0,0,0,0,0,0,0,0,0,0,0
LN-14445,0,0,0,0,1,0,0,0,0,0,0,0,0
LN-14446,0,1,0,0,0,0,1,0,0,0,1,2,1
LN-14447,0,0,0,0,0,0,0,0,0,0,0,0,0
LN-14448,0,0,0,0,0,0,0,0,0,0,0,0,0
LN-14449,0,0,0,0,0,0,0,0,0,0,0,0,0
LN-14450,1,2,1,2,3,3,3,3,3,3,3,3,1
LN-14451,0,0,0,0,0,0,0,0,0,0,0,0,0
LN-14452,0,0,0,0,0,0,0,0,0,0,0,0,0
LN-14453,1,0,0,0,1,0,0,0,0,0,1,2,1
LN-14454,0,1,0,0,0,0,0,1,2,3,3,3,1
LN-14455,0,0,0,0,0,0,0,0,0,0,0,0,0
LN-14456,0,0,0,0,1,2,1,0,1,0,1,2,1
LN-14457,0,1,2,3,3,3,3,3,3,3,3,3,1
LN-14458,0,0,0,0,1,0,0,0,0,0,0,0,0
LN-14459,1,0,0,0,0,1,0,0,0,0,0,0,0
LN-14460,1,0,1,0,0,0,1,0,0,0,1,0,1
LN-14461,0,0,0,0,0,0,0,0,0,0,0,0,0
LN-14462,0,0,0,1,0,0,1,0,0,0,1,0,1
LN-14463,0,0,0,0,0,0,0,0,0,0,1,0,0
LN-14464,1,2,1,0,1,0,0,1,2,1,0,1,1
LN-14465,0,0,0,0,0,0,0,0,0,0,0,0,0
LN-14466,1,0,1,2,3,3,3,3,3,3,3,3,1
LN-14467,0,0,0,0,0,0,0,0,0,0,0,0,0
LN-14468,0,0,0,0,0,0,0,0,0,0,0,0,0
LN-14469,1,2,1,0,0,0,0,0,0,0,0,0,0
LN-14470,0,0,0,0,0,0,0,0,0,0,0,0,0
LN-14471,0,0,0,0,0,0,0,0,0,0,0,0,0
LN-14472,1,0,0,1,0,0,0,1,0,1,2,3,1
LN-14473,0,0,1,2,3,3,3,3,3,3,3,3,1
LN-14474,0,0,0,0,0,0,0,0,0,0,0,0,0
LN-14475,0,0,0,0,0,0,0,0,0,0,0,0,0
LN-14476,1,0,0,0,0,0,0,0,0,0,0,0,0
LN-14477,0,0,1,2,1,2,1,0,0,0,0,0,1
LN-14478,0,0,0,0,0,0,0,0,0,0,0,0,0
LN-14479,0,0,0,0,0,0,0,0,0,0,0,0,0
LN-14480,0,1,0,0,0,0,1,2,1,2,3,3,1
LN-14481,0,0,0,0,0,0,0,0,0,1,0,0,0
LN-14482,1,0,0,1,0,0,0,1,0,1,0,0,1
LN-14483,0,0,0,0,0,0,0,0,0,0,0,0,0
LN-14484,0,0,0,0,1,0,0,1,2,1,2,3,1
LN-14485,0,0,0,0,0,0,0,0,0,0,0,0,0
LN-14486,0,0,0,0,0,1,2,3,3,3,3,3,1
LN-14487,0,0,0,0,0,0,0,0,0,0,0,0,0
LN-14488,1,0,0,0,0,0,0,0,0,1,2,3,1
LN-14489,0,0,0,0,0,0,0,0,0,0,0,0,0
LN-14490,1,0,0,0,0,1,0,0,0,0,0,1,1
LN-14491,0,0,1,0,0,0,0,0,0,0,0,0,0
LN-14492,0,0,0,0,0,0,0,0,0,0,0,0,0
LN-14493,1,0,1,0,1,0,0,0,1,0,0,1,1
LN-14494,0,0,0,0,0,0,0,0,0,0,0,0,0
LN-14495,0,0,0,0,0,0,0,1,0,0,0,0,0
LN-14496,0,0,0,0,0,0,0,0,0,0,0,0,0
LN-14497,0,0,0,1,0,1,2,1,0,0,0,1,1
LN-14498,0,0,0,0,0,0,0,0,0,0,0,0,0
LN-14499,1,2,3,3,3,3,3,3,3,3,3,3,1
LN-14500,0,0,0,0,0,0,0,0,0,0,0,0,0
LN-14501,0,1,0,0,0,0,0,0,0,0,0,0,0
LN-14502,0,0,0,0,0,0,0,0,0,0,0,0,0
LN-14503,0,0,0,0,0,0,0,0,0,0,0,0,0
LN-14504,0,0,1,2,3,3,3,3,3,3,3,3,1
LN-14505,1,0,1,2,1,2,1,2,1,2,1,2,1
LN-14506,0,0,0,0,0,0,0,0,0,0,0,0,0
LN-14507,0,0,1,0,0,0,0,1,2,3,3,3,1
LN-14508,0,0,1,2,3,3,3,3,3,3,3,3,1
LN-14509,0,0,0,0,0,0,0,0,0,0,0,0,0
LN-14510,0,0,0,0,1,0,0,1,0,1,2,1,1
LN-14511,0,0,0,0,0,0,0,0,0,0,0,0,0
LN-14512,1,0,0,1,0,0,1,0,0,1,2,3,1
LN-14513,0,0,0,0,0,1,2,1,0,1,0,1,1
LN-14514,0,0,0,0,0,0,0,0,0,0,0,0,0
LN-14515,0,1,0,1,2,3,3,3,3,3,3,3,1
LN-14516,0,0,0,0,0,0,0,0,0,0,0,0,0
LN-14517,0,1,0,0,0,1,2,3,3,3,3,3,1
LN-14518,1,0,0,0,0,0,0,0,0,0,0,0,0
LN-14519,0,0,0,0,0,0,0,0,0,0,0,0,0
LN-14520,0,0,0,0,0,0,0,1,2,1,2,1,1
LN-14521,0,0,0,0,0,0,0,0,0,0,0,0,0
LN-14522,0,0,0,0,0,1,0,1,0,0,1,2,1
LN-14523,0,0,0,0,0,0,0,0,0,0,0,0,0
LN-14524,0,0,0,1,2,3,3,3,3,3,3,3,1
LN-14525,0,0,0,0,0,0,0,0,0,0,0,0,0
LN-14526,0,0,0,0,0,0,0,0,0,0,0,0,0
LN-14527,1,2,1,0,0,0,1,2,1,2,3,3,1
LN-14528,1,0,0,1,0,1,0,0,0,1,0,0,1
LN-14529,0,0,0,0,0,0,0,0,0,0,0,0,0
LN-14530,1,0,1,2,1,0,0,0,0,0,0,0,1
LN-14531,1,2,3,3,3,3,3,3,3,3,3,3,1
LN-14532,0,1,0,0,0,0,0,0,0,0,0,1,0
LN-14533,1,2,1,0,1,0,0,1,2,3,3,3,1
LN-14534,0,0,0,0,0,0,0,0,0,0,0,0,0
LN-14535,1,2,1,2,1,0,0,1,0,1,0,0,1
LN-14536,1,0,1,0,0,1,0,1,2,3,3,3,1
LN-14537,0,0,0,0,0,0,0,0,0,0,0,0,0
LN-14538,0,1,0,1,0,0,0,1,2,3,3,3,1
LN-14539,1,0,1,0,1,2,3,3,3,3,3,3,1
LN-14540,0,1,0,0,1,2,1,2,3,3,3,3,1
LN-14541,1,0,1,0,0,0,1,2,3,3,3,3,1
LN-14542,0,1,0,0,0,0,1,2,3,3,3,3,1
LN-14543,0,0,0,0,0,0,1,0,0,0,0,0,0
LN-14544,1,0,0,1,0,1,0,1,2,3,3,3,1
LN-14545,0,1,0,0,0,0,0,0,0,1,2,1,1
LN-14546,0,0,0,0,0,0,0,0,0,0,0,0,0
LN-14547,0,0,0,0,0,0,0,0,1,0,0,0,0
LN-14548,1,2,3,3,3,3,3,3,3,3,3,3,1
LN-14549,1,2,1,0,1,0,0,0,0,0,0,0,1
LN-14550,0,0,0,0,0,0,0,0,1,0,0,0,0
LN-14551,0,0,0,0,0,0,0,0,0,0,0,0,0
LN-14552,0,1,2,1,2,1,2,1,2,3,3,3,1
LN-14553,0,0,0,0,0,0,0,0,0,0,0,0,0
LN-14554,1,2,1,0,0,0,1,0,1,2,3,3,1
LN-14555,0,1,2,1,0,0,0,1,0,1,2,3,1
LN-14556,0,0,0,0,0,0,0,0,0,0,0,0,0
LN-14557,0,0,0,0,0,0,0,0,0,0,0,0,0
LN-14558,1,2,3,3,3,3,3,3,3,3,3,3,1
LN-14559,0,1,2,1,0,1,2,1,0,1,0,1,1
LN-14560,0,0,1,2,1,2,1,2,1,0,1,2,1
LN-14561,0,0,1,2,3,3,3,3,3,3,3,3,1
LN-14562,0,0,0,0,0,1,2,3,3,3,3,3,1
LN-14563,0,0,0,0,0,0,0,0,0,0,0,0,0
LN-14564,0,0,0,0,0,0,0,0,0,0,0,0,0
LN-14565,1,0,1,2,1,2,1,0,0,0,1,2,1
LN-14566,0,1,0,1,2,1,0,0,0,1,0,1,1
LN-14567,0,0,0,0,0,0,1,0,0,1,2,1,1
LN-14568,0,0,0,0,0,0,0,0,0,1,0,0,0
LN-14569,1,0,0,0,0,0,0,0,0,0,0,0,0
LN-14570,0,0,1,0,0,1,2,1,0,0,1,2,1
LN-14571,0,0,0,0,1,0,0,0,0,0,0,0,0
LN-14572,0,0,0,0,0,0,0,0,0,0,0,0,0
LN-14573,0,0,0,0,0,0,0,0,0,0,0,0,0
LN-14574,0,1,0,0,1,0,1,2,3,3,3,3,1
LN-14575,0,0,1,2,1,0,1,2,3,3,3,3,1
LN-14576,0,0,0,0,0,0,0,0,0,0,0,0,0
LN-14577,0,0,0,0,0,0,0,0,0,0,0,0,0
LN-14578,0,0,0,1,0,0,0,0,0,0,0,0,0
LN-14579,0,0,0,0,0,0,0,0,0,0,0,0,0
LN-14580,0,0,0,0,0,0,0,0,0,0,0,0,0
LN-14581,0,0,1,2,3,3,3,3,3,3,3,3,1
LN-14582,0,0,0,0,0,0,0,0,0,0,0,0,0
LN-14583,0,0,0,0,0,0,0,0,0,0,1,0,0
LN-14584,0,0,0,0,0,0,0,0,0,0,1,0,0
LN-14585,0,1,2,3,3,3,3,3,3,3,3,3,1
LN-14586,0,0,0,0,0,0,0,0,0,0,0,0,0
LN-14587,0,0,0,0,0,0,0,0,0,0,0,0,0
LN-14588,0,1,2,1,2,3,3,3,3,3,3,3,1
LN-14589,0,0,0,0,0,0,0,0,0,0,0,0,0
LN-14590,0,0,0,0,0,0,0,0,0,0,0,0,0
LN-14591,0,0,0,0,0,0,0,0,0,0,0,0,0
LN-14592,0,0,0,0,0,0,0,0,0,0,0,0,0
LN-14593,0,0,0,0,0,0,0,0,0,0,0,0,0
LN-14594,0,1,2,1,2,3,3,3,3,3,3,3,1
LN-14595,0,0,0,1,2,1,0,0,0,0,0,0,0
LN-14596,0,0,0,0,1,0,1,2,1,0,0,1,1
LN-14597,0,0,0,1,0,0,1,2,3,3,3,3,1
LN-14598,0,0,0,0,1,0,0,0,0,0,0,0,0
LN-14599,0,0,0,0,0,0,0,0,0,0,0,0,0
LN-14600,1,0,0,0,1,2,3,3,3,3,3,3,1
LN-14601,0,0,0,0,0,0,0,1,0,0,0,0,0
LN-14602,0,0,1,0,0,0,1,0,0,0,0,0,0
LN-14603,0,0,0,0,0,0,0,1,0,0,0,0,0
LN-14604,0,1,0,1,2,3,3,3,3,3,3,3,1
LN-14605,0,1,2,3,3,3,3,3,3,3,3,3,1
LN-14606,0,0,0,0,0,0,0,0,0,0,0,0,0
LN-14607,0,0,0,0,0,0,0,0,0,0,0,0,0
LN-14608,0,0,0,0,0,0,0,0,0,0,0,0,0
LN-14609,1,2,1,0,0,0,0,1,2,1,0,0,1
LN-14610,1,0,0,0,1,0,1,0,0,0,0,0,1
LN-14611,1,0,0,0,0,1,0,0,0,0,0,0,0
LN-14612,1,2,1,0,0,1,0,0,0,0,1,2,1
LN-14613,0,0,0,0,0,0,0,0,0,0,0,0,0
LN-14614,0,0,0,0,0,0,0,0,0,0,0,0,0
LN-14615,0,0,0,1,0,0,0,1,0,1,0,1,1
LN-14616,0,0,0,0,0,0,0,0,0,0,0,0,0
LN-14617,0,0,0,0,0,0,0,0,0,0,0,0,0
LN-14618,0,0,1,0,1,0,1,2,1,2,1,2,1
LN-14619,0,0,0,1,0,0,0,0,0,1,0,0,0
LN-14620,0,0,0,0,0,0,0,0,0,0,0,0,0
LN-14621,0,0,0,0,0,0,0,0,0,0,0,0,0
LN-14622,0,0,1,2,3,3,3,3,3,3,3,3,1
LN-14623,0,0,0,0,0,0,0,0,0,0,0,0,0
LN-14624,0,0,0,0,0,0,0,0,0,0,1,0,0
LN-14625,0,0,0,0,0,0,1,2,1,0,1,0,1
LN-14626,0,1,2,3,3,3,3,3,3,3,3,3,1
LN-14627,0,0,0,0,0,0,0,0,0,0,0,0,0
LN-14628,1,2,1,2,3,3,3,3,3,3,3,3,1
LN-14629,0,0,0,0,0,0,0,0,0,0,0,0,0
LN-14630,0,0,0,0,0,0,0,0,0,0,0,0,0
LN-14631,0,0,0,0,0,0,0,0,0,0,0,0,0
LN-14632,0,1,0,0,0,0,0,1,2,1,2,3,1
LN-14633,0,0,0,0,0,0,0,0,0,0,0,0,0
LN-14634,0,0,0,0,0,0,0,0,0,0,0,0,0
LN-14635,0,0,0,0,0,0,0,0,0,0,1,2,0
LN-14636,0,0,0,0,0,0,0,0,0,0,0,1,0
LN-14637,0,0,0,0,0,0,0,0,0,0,0,0,0
LN-14638,0,0,0,0,0,0,0,0,0,0,0,0,0
LN-14639,0,0,0,1,2,1,0,1,0,1,2,1,1
LN-14640,0,0,0,0,1,0,0,1,0,0,1,2,1
LN-14641,1,2,3,3,3,3,3,3,3,3,3,3,1
LN-14642,0,1,2,1,0,0,1,0,1,2,1,0,1
LN-14643,1,0,1,2,3,3,3,3,3,3,3,3,1
LN-14644,0,0,0,0,0,0,0,0,0,0,0,0,0
LN-14645,1,0,0,0,0,0,0,0,0,0,1,0,1
LN-14646,0,0,0,0,0,0,0,0,0,0,0,0,0
LN-14647,0,0,1,0,0,1,0,0,0,1,0,1,1
LN-14648,0,1,2,3,3,3,3,3,3,3,3,3,1
LN-14649,1,2,3,3,3,3,3,3,3,3,3,3,1
LN-14650,1,0,0,1,2,3,3,3,3,3,3,3,1
LN-14651,1,0,0,0,1,0,1,0,1,2,3,3,1
LN-14652,0,1,2,1,0,1,0,0,1,0,1,0,1
LN-14653,1,2,3,3,3,3,3,3,3,3,3,3,1
LN-14654,0,0,0,0,0,0,0,0,0,0,0,0,0
LN-14655,0,0,0,0,0,0,0,0,0,0,0,0,0
LN-14656,0,0,0,0,0,0,0,0,0,0,0,0,0
LN-14657,0,0,1,0,0,0,0,0,0,0,0,0,0
LN-14658,0,0,0,0,0,0,1,0,0,0,0,0,0
LN-14659,0,0,0,0,0,0,0,0,0,0,0,0,0
LN-14660,0,0,0,0,0,0,0,0,0,0,0,0,0
LN-14661,0,0,0,0,0,0,1,0,0,0,0,0,0
LN-14662,0,0,0,0,0,0,0,0,0,0,0,0,0
LN-14663,0,0,1,0,0,0,0,1,0,0,0,0,0
LN-14664,0,0,0,0,0,0,0,0,0,0,0,0,0
LN-14665,0,0,0,0,0,0,0,0,0,0,0,0,0
LN-14666,0,0,0,0,0,0,0,0,0,0,0,0,0
LN-14667,1,2,1,0,1,0,1,2,3,3,3,3,1
LN-14668,0,0,0,0,0,0,0,0,0,0,0,0,0
LN-14669,0,1,2,3,3,3,3,3,3,3,3,3,1
LN-14670,1,0,1,2,3,3,3,3,3,3,3,3,1
LN-14671,0,0,0,0,0,0,0,0,0,0,0,0,0
LN-14672,0,1,2,1,0,0,1,0,1,2,3,3,1
LN-14673,0,0,0,0,0,0,0,0,0,0,0,0,0
LN-14674,0,1,0,1,2,1,2,3,3,3,3,3,1
LN-14675,0,0,0,0,0,0,0,0,0,0,0,0,0
LN-14676,0,1,0,0,0,0,0,0,1,2,1,2,1
LN-14677,0,1,0,0,1,0,1,0,0,0,1,0,1
LN-14678,0,0,0,0,0,0,0,0,0,0,0,0,0
LN-14679,0,0,0,0,0,0,0,0,0,0,0,0,0
LN-14680,0,0,0,0,0,0,0,0,0,0,0,0,0
LN-14681,0,0,0,0,0,1,2,1,0,0,0,1,0
LN-14682,0,0,0,0,1,0,0,0,0,1,2,3,1
LN-14683,0,0,0,0,0,0,0,0,0,0,0,0,0
LN-14684,0,0,0,0,1,0,0,0,0,0,0,0,0
LN-14685,0,1,0,0,1,0,1,2,3,3,3,3,1
LN-14686,0,1,2,1,0,0,1,0,0,1,2,1,1
LN-14687,0,0,0,0,0,0,0,1,0,1,0,0,0
LN-14688,0,0,0,1,2,3,3,3,3,3,3,3,1
LN-14689,0,0,0,0,0,0,0,0,0,0,0,0,0
LN-14690,0,0,0,0,0,0,1,2,3,3,3,3,1
LN-14691,0,0,0,0,0,0,0,0,0,0,0,0,0
LN-14692,0,0,1,0,0,0,0,0,0,1,0,1,1
LN-14693,0,0,0,0,0,0,0,0,0,0,0,0,0
LN-14694,0,0,0,0,0,0,0,0,0,0,0,0,0
LN-14695,0,1,2,3,3,3,3,3,3,3,3,3,1
LN-14696,0,0,0,1,0,1,2,3,3,3,3,3,1
LN-14697,0,0,0,0,0,0,0,0,0,0,0,0,0
LN-14698,0,1,0,0,1,0,0,1,2,3,3,3,1
LN-14699,1,2,1,2,1,0,1,2,3,3,3,3,1
LN-14700,0,1,0,1,2,1,2,3,3,3,3,3,1
LN-14701,0,0,0,0,0,0,0,0,0,0,0,0,0
LN-14702,0,0,0,0,0,0,0,0,0,0,0,0,0
LN-14703,0,0,0,0,0,0,1,0,0,0,1,0,1
LN-14704,0,0,0,0,0,0,0,0,0,0,0,0,0
LN-14705,0,0,0,0,1,0,0,0,0,0,0,0,0
LN-14706,0,0,0,0,0,0,0,0,0,0,0,1,0
LN-14707,0,1,2,1,0,1,0,1,2,3,3,3,1
LN-14708,0,0,0,0,0,0,0,0,0,0,0,1,0
LN-14709,0,0,0,0,0,0,0,0,0,0,0,0,0
LN-14710,0,0,0,0,0,1,0,1,2,1,0,0,1
LN-14711,0,0,0,0,0,0,0,0,0,0,0,0,0
LN-14712,0,0,0,0,0,0,0,0,0,0,0,0,0
LN-14713,1,0,1,0,0,0,1,0,1,2,3,3,1
LN-14714,0,0,0,0,0,0,0,0,0,0,0,0,0
LN-14715,0,0,0,0,0,0,0,0,0,0,0,0,0
LN-14716,1,2,1,0,0,1,2,1,2,1,2,3,1
LN-14717,0,0,0,0,0,0,0,0,0,0,0,0,0
LN-14718,1,2,1,0,0,1,0,0,1,0,0,1,1
LN-14719,1,0,1,2,1,0,0,1,0,0,1,2,1
LN-14720,0,0,0,0,0,0,0,0,0,0,0,0,0
LN-14721,1,2,3,3,3,3,3,3,3,3,3,3,1
LN-14722,0,0,1,2,3,3,3,3,3,3,3,3,1
LN-14723,0,0,1,0,0,0,0,1,0,1,0,0,1
LN-14724,0,0,0,0,0,0,0,0,0,0,0,0,0
LN-14725,1,0,0,0,0,1,0,1,0,1,0,0,1
LN-14726,0,0,0,0,0,0,0,0,0,1,0,0,0
LN-14727,0,0,0,0,0,0,0,0,0,0,0,0,0
LN-14728,1,0,1,2,1,2,1,0,0,0,1,0,1
LN-14729,0,0,0,0,0,0,0,0,1,0,0,0,0
LN-14730,0,0,0,0,0,0,0,0,0,0,0,0,0
LN-14731,0,0,0,0,0,0,0,0,0,0,0,0,0
LN-14732,0,0,0,0,0,0,0,0,0,0,0,0,0
LN-14733,0,0,0,0,0,0,0,0,0,1,0,0,0
LN-14734,0,0,0,1,0,0,0,1,0,0,1,2,1
LN-14735,0,0,0,0,0,0,0,1,0,0,1,0,1
LN-14736,0,0,0,0,0,0,0,0,0,0,0,0,0
LN-14737,1,2,3,3,3,3,3,3,3,3,3,3,1
LN-14738,0,1,0,0,1,2,1,2,1,2,3,3,1
LN-14739,0,1,0,0,1,0,0,1,2,3,3,3,1
LN-14740,0,0,0,0,0,0,0,0,0,0,0,0,0
LN-14741,0,0,0,0,0,0,0,0,0,0,0,0,0
LN-14742,1,0,1,2,1,2,3,3,3,3,3,3,1
LN-14743,0,0,0,0,0,0,0,0,0,0,0,0,0
LN-14744,1,0,0,0,0,0,0,0,0,0,0,0,0
LN-14745,0,1,2,3,3,3,3,3,3,3,3,3,1
LN-14746,0,0,0,0,0,0,0,0,0,1,0,0,0
LN-14747,0,0,0,0,0,0,0,0,0,1,0,0,0
LN-14748,0,0,0,0,0,0,0,0,0,0,0,0,0
LN-14749,0,0,0,0,0,0,0,0,0,0,0,0,0
LN-14750,0,0,1,0,0,0,1,0,1,0,1,0,0
LN-14751,0,0,1,0,0,0,0,0,0,0,0,0,0
LN-14752,0,1,2,1,0,0,1,0,0,1,2,1,1
LN-14753,0,0,0,0,0,0,0,0,0,1,0,0,0
LN-14754,0,0,0,0,0,0,0,0,0,0,0,0,0
LN-14755,0,0,0,0,0,0,0,0,0,0,0,0,0
LN-14756,0,0,0,0,0,0,0,0,0,0,0,0,0
LN-14757,1,0,0,1,0,0,0,1,2,3,3,3,1
LN-14758,0,0,0,0,0,0,0,0,0,0,1,0,0
LN-14759,1,0,0,1,2,3,3,3,3,3,3,3,1
LN-14760,0,0,1,0,0,0,0,1,0,0,0,0,0
LN-14761,0,0,0,0,0,0,0,0,1,0,1,2,1
LN-14762,0,0,0,0,0,0,0,0,1,0,0,0,0
LN-14763,0,0,0,0,0,0,0,0,0,0,0,0,0
LN-14764,0,0,0,0,0,0,0,1,0,0,0,0,0
LN-14765,0,1,0,0,0,0,0,0,0,0,1,0,0
LN-14766,1,2,3,3,3,3,3,3,3,3,3,3,1
LN-14767,0,0,1,0,0,0,0,0,0,1,0,1,1
LN-14768,0,0,0,0,0,0,0,0,0,0,0,0,0
LN-14769,0,0,1,2,1,0,1,0,0,0,1,2,1
LN-14770,0,0,0,0,0,0,0,0,0,0,0,0,0
LN-14771,0,0,0,0,0,0,0,0,0,0,0,0,0
LN-14772,0,0,0,0,0,0,0,0,0,0,0,0,0
LN-14773,0,0,0,0,0,0,0,0,0,0,0,0,0
LN-14774,0,0,1,0,1,2,1,0,1,2,1,2,1
LN-14775,0,0,0,0,0,0,0,0,0,0,0,0,0
LN-14776,0,0,1,0,0,0,0,0,0,0,0,0,0
LN-14777,0,0,0,0,0,0,0,0,0,0,0,0,0
LN-14778,0,0,1,2,1,0,1,0,0,0,0,1,1
LN-14779,1,0,0,1,2,1,0,0,1,2,3,3,1
LN-14780,1,0,0,0,0,1,2,1,2,1,2,1,1
LN-14781,1,2,1,0,0,1,0,1,0,0,1,0,1
LN-14782,0,0,1,2,1,0,1,0,1,2,3,3,1
LN-14783,0,0,0,1,0,0,0,0,0,0,1,2,1
LN-14784,0,0,0,0,0,0,0,0,0,0,0,0,0
LN-14785,0,0,1,0,0,0,0,1,2,1,2,1,1
LN-14786,0,0,0,0,1,2,1,2,3,3,3,3,1
LN-14787,0,0,1,0,1,2,3,3,3,3,3,3,1
LN-14788,0,0,0,0,0,0,0,0,0,0,0,0,0
LN-14789,0,0,1,2,3,3,3,3,3,3,3,3,1
LN-14790,0,0,0,0,0,0,0,0,0,0,0,0,0
LN-14791,0,0,0,0,1,0,0,0,0,0,0,0,0
LN-14792,0,0,0,0,1,0,0,1,0,0,0,0,1
LN-14793,0,0,1,2,1,0,1,2,1,2,1,2,1
LN-14794,0,0,0,0,0,0,0,0,0,0,0,0,0
LN-14795,0,0,0,0,0,0,0,0,0,0,0,0,0
LN-14796,0,0,1,0,1,0,1,2,1,0,0,1,1
LN-14797,0,0,0,0,0,0,0,0,0,0,0,0,0
LN-14798,0,0,0,0,0,1,0,0,0,0,0,0,0
LN-14799,0,0,1,0,0,0,1,0,0,0,0,0,1
LN-14800,0,0,0,0,0,0,0,0,0,0,0,0,0
LN-14801,0,0,0,0,0,0,0,0,0,0,0,0,0
LN-14802,0,0,0,0,0,0,0,0,0,0,0,0,0
LN-14803,0,0,0,0,0,0,1,0,0,0,0,0,0
LN-14804,0,0,0,0,0,0,0,0,0,0,0,0,0
LN-14805,0,0,0,0,0,0,0,0,0,0,0,0,0
LN-14806,1,0,1,0,0,0,0,0,0,0,0,0,1
LN-14807,0,0,0,0,0,0,0,0,0,0,0,0,0
LN-14808,0,0,0,0,0,0,0,0,0,0,0,0,0
LN-14809,0,0,1,0,0,0,1,0,0,1,0,0,1
LN-14810,0,0,0,0,0,0,0,0,0,0,0,0,0
LN-14811,0,1,2,1,2,1,0,0,1,0,0,0,1
LN-14812,0,0,1,0,0,0,0,0,0,0,0,0,0
LN-14813,0,0,0,0,1,0,0,0,0,0,0,0,0
LN-14814,0,1,0,0,1,0,1,0,0,0,1,2,1
LN-14815,0,0,0,0,0,0,0,0,0,0,0,0,0
LN-14816,0,1,2,1,0,0,1,2,3,3,3,3,1
LN-14817,1,2,1,0,0,1,2,1,2,3,3,3,1
LN-14818,1,0,1,0,0,1,2,3,3,3,3,3,1
LN-14819,0,0,0,0,0,0,0,0,0,0,1,0,0
LN-14820,0,0,0,0,0,0,0,0,0,0,0,0,0
LN-14821,0,0,0,0,0,0,0,0,0,0,0,0,0
LN-14822,0,0,1,2,1,0,1,2,3,3,3,3,1
LN-14823,0,1,0,1,0,1,0,1,0,1,0,1,1
LN-14824,0,0,0,0,0,0,0,0,0,0,0,0,0
LN-14825,0,0,0,0,0,0,0,0,0,0,0,0,0
LN-14826,1,2,1,0,0,0,1,2,1,0,0,1,1
LN-14827,0,0,0,0,0,0,0,0,0,0,0,0,0
LN-14828,0,1,0,0,1,0,0,0,1,0,0,0,1
LN-14829,1,0,0,0,0,0,1,0,0,0,0,1,1
LN-14830,0,0,0,0,0,0,0,0,0,0,0,0,0
LN-14831,0,0,0,0,0,0,0,0,1,0,0,0,0
LN-14832,0,0,0,0,0,0,1,0,0,0,0,0,0
LN-14833,0,0,0,0,0,0,0,0,0,0,0,0,0
LN-14834,0,0,0,0,1,0,0,0,0,0,0,0,0
LN-14835,0,0,0,0,0,1,0,1,0,1,0,1,1
LN-14836,0,0,1,2,1,0,0,0,1,0,1,0,1
LN-14837,0,0,0,0,0,0,0,0,0,0,0,0,0
LN-14838,0,1,2,1,0,1,2,1,0,0,0,1,1
LN-14839,0,0,0,1,2,1,2,1,0,0,1,2,1
LN-14840,0,0,0,0,0,0,0,0,0,0,0,0,0
LN-14841,0,0,0,0,0,0,0,0,0,0,0,0,0
LN-14842,0,0,0,0,0,0,0,0,0,0,0,0,0
LN-14843,0,0,0,0,0,0,0,0,0,0,0,0,0
LN-14844,1,2,3,3,3,3,3,3,3,3,3,3,1
LN-14845,0,0,1,0,0,0,0,1,2,1,2,1,1
LN-14846,0,0,0,0,0,0,0,0,0,0,0,0,0
LN-14847,0,0,0,0,0,0,1,0,0,1,2,1,0
LN-14848,0,0,0,0,0,0,0,0,0,0,0,0,0
LN-14849,0,1,0,1,0,0,0,1,2,3,3,3,1
LN-14850,1,2,3,3,3,3,3,3,3,3,3,3,1
LN-14851,0,0,0,0,0,0,0,0,0,0,0,1,0
LN-14852,0,0,0,1,0,0,0,0,0,0,0,0,0
LN-14853,0,0,0,0,0,0,0,0,0,0,0,0,0
LN-14854,0,0,0,1,2,1,0,1,0,1,0,0,1
LN-14855,0,0,0,0,0,1,2,3,3,3,3,3,1
LN-14856,0,1,0,0,0,0,0,0,0,0,0,0,0
LN-14857,0,0,0,0,0,0,0,0,0,0,0,0,0
LN-14858,1,0,1,2,1,2,1,2,3,3,3,3,1
LN-14859,0,0,0,0,0,0,0,0,0,0,0,0,0
LN-14860,0,0,0,0,0,0,0,0,0,0,0,0,0
LN-14861,0,0,0,0,0,0,0,0,0,0,0,0,0
LN-14862,0,1,0,1,0,0,1,2,1,2,3,3,1
LN-14863,0,0,0,0,0,0,0,0,0,1,0,0,0
LN-14864,0,1,2,1,0,0,1,0,0,1,2,3,1
LN-14865,0,0,0,0,0,0,0,0,0,0,0,0,0
LN-14866,0,0,0,0,0,0,0,0,1,0,0,0,0
LN-14867,0,0,0,0,0,0,0,0,0,0,0,0,0
LN-14868,0,1,2,1,0,1,0,1,2,1,2,3,1
LN-14869,0,0,0,0,0,0,0,0,0,0,0,0,0
LN-14870,0,0,0,0,0,0,0,0,0,0,0,0,0
LN-14871,0,0,0,1,0,0,0,1,2,3,3,3,1
LN-14872,0,0,0,0,1,0,0,1,2,1,0,1,1
LN-14873,0,0,0,0,0,0,0,0,0,0,0,0,0
LN-14874,0,1,0,0,0,1,0,1,2,3,3,3,1
LN-14875,0,0,0,0,0,0,0,0,0,0,0,0,0
LN-14876,0,0,0,0,0,0,0,0,0,0,0,0,0
LN-14877,1,0,1,0,0,0,1,2,1,2,3,3,1
LN-14878,1,0,0,1,2,1,2,1,0,1,0,1,1
LN-14879,0,0,0,0,0,0,0,0,0,0,0,0,0
LN-14880,0,0,0,0,0,0,0,0,0,0,0,0,0
LN-14881,0,1,0,1,2,3,3,3,3,3,3,3,1
LN-14882,0,0,0,0,0,0,0,0,0,0,0,0,0
LN-14883,0,0,0,0,0,0,0,0,0,0,0,0,0
LN-14884,0,1,0,0,0,0,0,0,0,0,0,0,0
LN-14885,0,0,0,0,0,0,0,0,0,0,0,0,0
LN-14886,1,0,0,0,0,0,0,0,0,0,1,0,0
LN-14887,0,0,0,0,0,0,0,0,0,0,0,0,0
LN-14888,0,0,1,0,0,0,0,0,0,0,0,0,0
LN-14889,0,0,0,0,0,0,0,0,0,0,0,0,0
LN-14890,0,0,0,0,0,1,0,0,0,0,0,0,0
LN-14891,0,0,0,0,0,0,0,0,0,0,0,0,0
LN-14892,0,0,0,0,0,1,0,0,0,0,0,0,0
LN-14893,0,0,0,0,0,0,0,0,0,1,0,0,0
LN-14894,0,0,0,0,1,0,0,0,1,2,1,0,1
LN-14895,0,0,0,0,1,0,0,1,2,3,3,3,1
LN-14896,0,1,0,0,0,0,0,0,1,2,3,3,1
LN-14897,0,0,0,0,0,0,1,2,1,2,1,0,1
LN-14898,0,0,0,0,0,0,0,0,0,0,0,0,0
LN-14899,0,0,0,0,0,0,0,0,0,0,0,0,0
LN-14900,0,0,0,0,0,0,1,2,1,2,3,3,1
LN-14901,0,1,0,0,0,0,0,0,0,0,0,0,0
LN-14902,0,0,1,0,0,0,0,0,0,0,0,0,0
LN-14903,0,0,0,0,0,0,0,1,0,0,0,0,0
LN-14904,0,0,0,0,0,0,0,0,0,0,0,0,0
LN-14905,0,0,1,2,3,3,3,3,3,3,3,3,1
LN-14906,0,0,0,1,0,1,2,3,3,3,3,3,1
LN-14907,0,0,0,0,0,0,0,0,0,0,0,0,0
LN-14908,0,0,0,0,0,0,0,0,0,0,0,0,0
LN-14909,0,0,1,2,1,2,3,3,3,3,3,3,1
LN-14910,1,2,1,0,0,1,2,3,3,3,3,3,1
LN-14911,0,0,0,0,0,0,0,1,2,1,0,1,1
LN-14912,0,0,0,0,0,0,0,0,0,0,0,0,0
LN-14913,1,0,0,0,0,0,0,0,0,0,0,0,0
LN-14914,0,0,0,0,1,0,0,1,2,3,3,3,1
LN-14915,0,0,0,0,0,0,0,0,0,0,0,0,0
LN-14916,0,0,0,0,0,0,0,0,0,0,0,0,0
LN-14917,0,0,0,1,0,0,0,0,1,0,0,0,0
LN-14918,0,0,0,0,1,0,0,0,0,0,0,0,0
LN-14919,0,0,1,0,0,1,2,1,0,0,0,0,1
LN-14920,1,0,1,0,1,2,3,3,3,3,3,3,1
LN-14921,0,0,0,0,0,0,0,0,0,0,1,0,0
LN-14922,1,2,3,3,3,3,3,3,3,3,3,3,1
LN-14923,0,0,0,1,0,0,0,0,0,0,0,0,0
LN-14924,0,0,0,0,0,0,0,0,0,0,0,0,0
LN-14925,0,0,0,0,0,0,0,0,0,0,0,0,0
LN-14926,0,0,1,0,0,0,0,0,1,2,3,3,0
LN-14927,1,2,1,0,1,0,0,0,1,0,0,1,1
LN-14928,0,0,0,0,0,0,0,0,0,0,0,0,0
LN-14929,0,0,0,0,0,0,0,0,0,0,0,0,0
LN-14930,0,1,0,0,0,0,0,0,1,0,0,1,0
LN-14931,0,0,0,0,1,0,0,0,0,0,0,1,1
LN-14932,0,0,0,0,0,0,0,0,0,0,0,0,0
LN-14933,1,0,0,1,2,3,3,3,3,3,3,3,1
LN-14934,0,1,0,1,0,0,1,2,3,3,3,3,1
LN-14935,0,0,0,0,0,0,0,0,0,0,0,0,0
LN-14936,0,0,0,0,0,0,0,0,0,0,0,0,0
LN-14937,0,0,0,0,0,0,0,0,0,0,0,1,0
LN-14938,0,1,0,0,1,0,0,1,2,1,0,1,1
LN-14939,0,0,0,0,0,0,0,0,0,0,0,0,0
LN-14940,0,0,0,0,0,0,0,0,0,0,0,0,0
LN-14941,0,0,1,0,0,0,0,0,1,0,1,0,0
LN-14942,0,0,0,0,0,0,0,0,0,0,0,0,0
LN-14943,0,0,1,0,0,0,0,1,2,3,3,3,1
LN-14944,0,0,0,0,0,0,0,0,0,0,0,0,0
LN-14945,0,0,0,0,0,0,0,0,0,0,0,0,0
LN-14946,0,0,0,0,0,0,0,0,0,1,2,1,1
LN-14947,1,0,1,0,1,2,1,0,1,2,3,3,1
LN-14948,0,0,0,0,1,0,0,1,0,0,1,2,1
LN-14949,0,0,0,0,1,0,0,0,0,0,0,0,0
LN-14950,0,0,0,0,0,0,0,0,0,0,0,0,0
LN-14951,0,0,0,1,0,1,0,1,0,0,1,2,1
LN-14952,1,0,1,2,1,2,1,2,1,0,1,0,1
LN-14953,0,0,0,0,1,0,0,0,0,0,0,0,0
LN-14954,0,0,1,0,1,0,1,2,1,0,0,1,1
LN-14955,1,0,0,0,1,0,1,2,3,3,3,3,1
LN-14956,0,0,0,0,0,0,0,0,0,0,0,0,0
LN-14957,0,1,0,0,1,2,1,0,1,2,3,3,1
LN-14958,1,2,3,3,3,3,3,3,3,3,3,3,1
LN-14959,0,0,1,0,1,0,0,0,0,0,0,0,0
LN-14960,0,0,0,0,0,0,0,0,0,0,0,0,0
LN-14961,0,0,0,0,0,0,0,0,0,0,0,0,0
LN-14962,0,1,0,0,0,1,0,1,0,0,1,2,1
LN-14963,0,0,0,0,0,0,0,0,0,0,0,0,0
LN-14964,0,1,2,1,0,0,1,0,0,1,0,1,1
LN-14965,0,0,0,0,0,0,0,0,0,0,0,0,0
LN-14966,0,0,0,0,0,0,0,0,0,0,0,0,0
LN-14967,0,0,0,0,0,0,0,0,0,0,0,1,0
LN-14968,1,0,0,1,2,1,2,3,3,3,3,3,1
LN-14969,0,0,0,0,0,0,0,0,0,0,0,1,0
LN-14970,0,0,1,2,3,3,3,3,3,3,3,3,1
LN-14971,0,0,1,0,0,1,0,1,2,3,3,3,1
LN-14972,0,0,1,2,1,0,0,0,0,0,0,0,0
LN-14973,1,0,0,1,2,1,0,0,1,0,1,0,1
LN-14974,0,1,2,1,0,1,2,1,0,0,1,2,1
LN-14975,0,0,0,1,2,3,3,3,3,3,3,3,1
LN-14976,0,0,0,0,0,0,0,0,0,0,0,0,0
LN-14977,0,0,0,0,1,0,0,0,0,0,0,0,0
LN-14978,0,0,0,0,0,0,0,0,0,0,0,0,0
LN-14979,0,0,0,0,0,0,0,0,0,0,0,1,0
LN-14980,0,0,0,0,0,0,0,0,0,0,0,0,0
LN-14981,1,0,0,0,0,0,0,0,0,1,0,0,0
LN-14982,0,0,0,0,0,0,0,0,1,0,0,0,0
LN-14983,0,0,0,0,0,0,0,0,0,0,1,0,0
LN-14984,0,1,0,1,0,1,2,1,0,0,0,0,1
LN-14985,0,0,0,0,0,0,0,0,0,0,0,0,0
LN-14986,0,1,2,3,3,3,3,3,3,3,3,3,1
LN-14987,0,0,0,0,0,0,0,0,0,0,0,1,0
LN-14988,0,0,1,2,3,3,3,3,3,3,3,3,1
LN-14989,1,0,0,1,0,1,0,0,0,0,1,2,1
LN-14990,0,0,1,0,0,1,0,1,2,1,2,3,1
LN-14991,0,0,0,1,2,1,2,1,0,0,1,0,1
LN-14992,0,0,0,0,0,0,0,0,0,0,0,0,0
LN-14993,1,0,1,2,3,3,3,3,3,3,3,3,1
LN-14994,0,0,0,0,0,0,0,0,0,0,0,0,0
LN-14995,1,0,1,0,1,0,0,1,0,0,0,0,1
LN-14996,1,0,1,2,3,3,3,3,3,3,3,3,1
LN-14997,0,0,0,1,0,0,0,0,0,0,1,0,0
LN-14998,0,1,2,3,3,3,3,3,3,3,3,3,1
LN-14999,0,0,0,0,0,0,0,0,0,0,1,0,0
